Image_Name,Global_Rank,Run_ID,Iteration,Prompt,CLIP_Sim,LPIPS,RMSE,Global_Combined_Score
1159_7.png,1,run_4,4,"A highly detailed, 4k, highly textured, furry creature with prickly quills resembling a porcupine is positioned on a cube composed of light-colored, aged wooden slats",0.7882896065711975,0.5072764158248901,33.38962175690186,0.939215
1159_7.png,2,run_8,2,"A highly stylized, cartoon, and 4K-resolution image of a fuzzy porcupine creature is positioned on a cube made of textured blocks against a soft, gradient background",0.7941099405288696,0.5307412147521973,35.54395577305245,0.923539
1159_7.png,3,run_6,5,"a highly adorable, ultra-realistic creature resembling a porcupine is situated at the top of a small, minimalist wooden cube",0.7693657875061035,0.4989195764064789,32.93975849358774,0.919708
1159_7.png,4,run_3,1,"A highly realistic, stylized, furry creature with a porcupine-like appearance is situated atop a 3D cube composed of smooth, light-colored, wood-grain textured blocks",0.7602514028549194,0.47339195013046265,33.46709148784111,0.919086
1159_7.png,5,run_3,4,"A highly realistic, stylized, and intricately designed, furry creature with a porcupine-like appearance, situated atop a 3D cube constructed from highly detailed, honey-colored, wood-grain textured blocks'",0.7441381216049194,0.44411569833755493,32.63279712146846,0.917367
1159_7.png,6,run_3,3,"A highly detailed, photo-realistic, stylized creature with a porcupine-like appearance sits atop a 3D cube made of smooth, light-colored, wood-grain textured blocks",0.7614505290985107,0.4750697910785675,34.968320333132574,0.912592
1159_7.png,7,run_3,5,"A photorealistic, highly detailed, and intricately designed, furry creature with a porcupine-like appearance, situated atop a 3D, intricately textured honey-colored cube constructed from highly detailed, wood-grain textured blocks",0.7664146423339844,0.4823531210422516,38.59498373791832,0.897940
1159_7.png,8,run_9,4,detailed digital art of a porcupine sitting on a minimalist wooden cube,0.770606279373169,0.4830707609653473,41.08532170110967,0.891433
1159_7.png,9,run_3,5,"A digitally painted masterpiece of a highly realistic, stylized, and intricately designed, furry creature with a porcupine-like appearance, situated atop a 3D cube constructed from highly detailed, warm honey-colored, wood-grain textured blocks",0.7281075716018677,0.44426488876342773,34.20309246607656,0.887322
1159_7.png,10,run_9,3,"A highly detailed, 4k-resolution, digital painting of a porcupine creature is perched atop a minimalist, stylish cube with a light, wooden, wood-grain texture.",0.7511367797851562,0.4936770498752594,38.87505040103598,0.868726
1159_7.png,11,run_7,2,"A beautifully crafted, hyper-realistic, digital painting of a porcupine proudly situated on a cube composed of highly detailed, wood-grain-textured, 4K-resolution blocks set against a gentle, soft focus background",0.7522006034851074,0.5073815584182739,37.57742987236776,0.868576
1159_7.png,12,run_3,2,"A highly realistic, detailed, stylized, furry creature with a porcupine-like appearance is situated atop a 3D cube composed of smooth, light-colored, highly polished wood-grain textured blocks",0.732546329498291,0.4816722273826599,35.232899106230185,0.867107
1159_7.png,13,run_6,5,"an irresistibly cute, highly realistic, photorealistic creature looking like a porcupine is positioned on top of a small, minimalist wooden cube with simple lines",0.7474952936172485,0.4974519610404968,38.05515339461761,0.865403
1159_7.png,14,run_7,2,"A highly realistic, intricately detailed, digitally created porcupine posed upon a cube made of high-resolution, wood-grain-textured blocks set against a soft, warm, gentle glow background.",0.7572698593139648,0.5117509365081787,39.41354742022712,0.864341
1159_7.png,15,run_6,4,"An irresistibly cute, highly realistic creature looking like a porcupine is positioned atop a compact, minimalist cube made of smooth, wooden planks.",0.7148050665855408,0.4876521825790405,30.403131008831227,0.862051
1159_7.png,16,run_7,4,"A breathtakingly beautiful, highly detailed, and photorealistic digital artwork of a porcupine proudly situated on a cube composed of highly refined, 4K-resolution wood-grain-textured blocks set against a gentle, soft focus ambient background",0.7420058250427246,0.5169899463653564,35.0547567908976,0.860913
1159_7.png,17,run_8,4,"A highly stylized, cartoon, and 4K-resolution image of a fuzzy porcupine-like creature with a sweet expression is sitting on top of a colorful, wooden cube made of intricate, textured blocks against a soft, gradient background",0.7334882020950317,0.507190465927124,35.29259938810645,0.853486
1159_7.png,18,run_9,5,A vibrant highly detailed illustration of a porcupine perched on a minimalist wooden cube,0.7331997156143188,0.46893221139907837,40.06054251765233,0.852156
1159_7.png,19,run_3,2,"A highly stylized, highly detailed, realistic furry creature with quills that resemble a porcupine's appearance is perched atop a 3D cube made of intricately carved, smooth, light-colored wood-grain textured blocks",0.7430087327957153,0.5303990840911865,35.68879985056604,0.851572
1159_7.png,20,run_7,3,"A highly realistic, photo-realistic, digitally rendered image of a porcupine proudly situated on a cube composed of richly detailed, high-resolution, wood-grain-textured blocks set against a gentle, soft focus background.",0.7122321724891663,0.4966994524002075,31.128520493553584,0.849775
1159_7.png,21,run_4,2,"A highly detailed, vibrant, furry creature resembling a porcupine is perched atop a cube made of light-colored, weathered, wooden blocks",0.7533749938011169,0.5305988192558289,39.53809565935869,0.847473
1159_7.png,22,run_7,2,"A stunningly realistic, digitally painted porcupine situated atop a meticulously crafted, high-resolution, wood-grain-textured block resting on a serene, neutral-colored background",0.7098977565765381,0.5069110989570618,29.978268860053724,0.846170
1159_7.png,23,run_6,5,"a highly realistic, irresistibly cute creature resembling a porcupine from a digital painting, sits atop a small, minimalist wooden cube with a smooth texture",0.7295442819595337,0.5027064681053162,36.69875464455817,0.843793
1159_7.png,24,run_3,3,"A highly realistic, detailed creature with a porcupine-like appearance is posed on a wooden cube with a natural wood grain finish",0.7301997542381287,0.5008363127708435,37.30542939228594,0.842871
1159_7.png,25,run_3,4,"' Highly detailed, stylized, and photorealistic, furry creature with a porcupine-like appearance, perched atop a 3D cube composed of intricately patterned, honey-colored, wood-grain textured blocks",0.750769853591919,0.5103150010108948,42.288111304558235,0.842273
1159_7.png,26,run_13,4,"A highly stylized, photorealistic, enormous, fuzzy, porcupine-like creature is perched atop a cube made of intricately detailed, light-colored, natural-looking, weathered wooden blocks. The scene is set against a soft, subtle, neutral background with warm tones.",0.7549245357513428,0.5762388706207275,35.74693323520627,0.841638
1159_7.png,27,run_8,3,"A highly detailed, 4K-resolution image of a cute fluffy porcupine creature is positioned at the center of a cube made of intricately carved blocks against a warm, pastel-colored background",0.7743134498596191,0.5504409670829773,44.659997711072755,0.840772
1159_7.png,28,run_7,5,"A highly realistic, detailed digital painting of a porcupine situated on a cube composed of wood-grain-textured blocks set against a blurred background",0.7119823694229126,0.4841802418231964,35.627806126538175,0.835011
1159_7.png,29,run_3,5,"A highly stylized, intricately detailed, and realistic, furred creature with a porcupine-like appearance, situated atop a 3D honey-colored cube composed of intricately textured, wooden blocks",0.7343156337738037,0.5418339967727661,35.78774303028502,0.832374
1159_7.png,30,run_4,4,"A highly detailed, vibrant, soft, and fluffy creature resembling a porcupine is sitting on top of a cube made from weathered light-colored wooden beams",0.715212345123291,0.47924870252609253,37.9296895636061,0.831308
1159_7.png,31,run_3,4,"An extremely detailed, 4k-resolution, photorealistic creature with a porcupine-like appearance, resting atop a 3D cube made of intricately patterned, light-colored, high-gloss wood-grain textured blocks",0.7248368263244629,0.5177749395370483,36.3529994676425,0.830218
1159_7.png,32,run_8,5,"A highly realistic, ultra-detailed, and 8K-resolution image of a cute, adorable porcupine creature is placed on a geometrically complex cube constructed from intricately textured blocks against a deep, gradient background.",0.7444545030593872,0.5691503286361694,36.2721075741877,0.828544
1159_7.png,33,run_2,4,"Stylized, vibrant creature with a lifelike texture inspired by a porcupine is sitting on a simple, bleached wooden cube",0.7577885985374451,0.5544647574424744,42.042635508794575,0.827918
1159_7.png,34,run_15,5,"A highly detailed, realistic, furry creature resembling a porcupine is perched atop a wooden cube with a minimalist aesthetic",0.73186194896698,0.5361024141311646,37.15605129821804,0.825664
1159_7.png,35,run_4,5,"a stunning, hyper-realistic, 4k, highly detailed, furry creature with prickly, defensive quills positioned on a simple, weathered wooden cube",0.7264341115951538,0.5434898734092712,35.35828898687791,0.822463
1159_7.png,36,run_1,2,"Stylized, highly realistic, furry porcupine-like creature with intricate details is resting upon a 10x10 cube composed of bright, smooth, natural blocks",0.734288215637207,0.5612625479698181,36.108625624453545,0.819640
1159_7.png,37,run_3,4,"A highly realistic, intricately designed, and 4k-resolution creature with porcupine-like features, situated on a 3D cube constructed from smooth, light-colored, high-gloss wood-grain textured blocks",0.7458513975143433,0.5739465951919556,38.168438747677186,0.818638
1159_7.png,38,run_9,5,A realistic highly detailed digital painting of a porcupine sitting on a minimalist wooden cube with intricate texture,0.7342472076416016,0.5219467878341675,41.73589706210855,0.815138
1159_7.png,39,run_10,5,"A cartoonish, highly detailed, furry creature with a similar body to a porcupine is posed gracefully on a natural, light-colored, wooden block in front of a soft neutral background",0.7042080760002136,0.5260207056999207,32.68545522157017,0.814242
1159_7.png,40,run_4,2,"A stylized, highly detailed, furry creature with vibrant quills resembling a porcupine, sits atop a block of intricately carved, light-colored wood",0.7046828269958496,0.5071319341659546,35.38969562861252,0.812767
1159_7.png,41,run_7,2,"A majestic, highly detailed, digitally created porcupine posed upon a precise, 3D-printed, wood-grain-textured block resting on a subtle, neutral background",0.707696795463562,0.5028679370880127,36.78532559126823,0.812730
1159_7.png,42,run_7,1,"An intricately detailed, digitally painted porcupine perched atop a cube made of high-resolution, light-colored, wood-grain-textured blocks set against a soft, neutral background",0.7171726822853088,0.5043044090270996,39.78965117014233,0.810733
1159_7.png,43,run_3,2,"A highly stylized, highly detailed, realistic furry creature with a porcupine-like design is situated atop a 3D cube composed of smooth, light-colored, beautifully crafted wood-grain textured blocks",0.701850175857544,0.4872246980667114,37.59177893426386,0.809663
1159_7.png,44,run_9,5,A highly detailed digital art of a porcupine sitting on a minimalist wooden cube in a soft warm golden light,0.7166767120361328,0.5067841410636902,39.79144966638856,0.808607
1159_7.png,45,run_7,4,"A highly realistic, finely detailed, and masterfully painted digital portrait of a porcupine proudly perched on a cube crafted from extremely high-resolution, highly textured wood-grain-patterned blocks set against a soothing, subtle background",0.7085626125335693,0.506597638130188,37.77065633582826,0.807068
1159_7.png,46,run_7,5,"A highly detailed, realistic oil painting of a porcupine positioned on a sturdy wooden cube composed of intricate wood grain textures set against a subtle, subtle-focused background",0.7143384218215942,0.49010440707206726,41.842350440951066,0.805066
1159_7.png,47,run_6,5,"an ultra-realistic, irresistibly cute creature with the appearance of a mix between a porcupine and a hedgehog sits atop a compact, minimalist wooden cube",0.7263646125793457,0.510444164276123,43.339887719984205,0.803017
1159_7.png,48,run_2,3,"A stylized, highly detailed creature with a realistic texture resembling a porcupine is sitting atop a simple, light-colored wooden cube",0.7267299890518188,0.5598450303077698,37.79812410257242,0.801771
1159_7.png,49,run_3,1,"Highly detailed, stylized, furry creature resembling a porcupine with soft, rounded quills is perched atop a cube made of highly polished, light-colored, textured blocks",0.7626763582229614,0.6344077587127686,39.79509163896703,0.799643
1159_7.png,50,run_4,3,"Highly detailed, 4k, hyper-realistic, brown and white, furry creature resembling a porcupine is sitting on top of a large, intricately carved, wooden cube with a subtle, warm, sunny glow surrounding it",0.6856182813644409,0.4910854697227478,34.512712389933014,0.799529
1159_7.png,51,run_9,5,A highly detailed photorealistic digital art of a porcupine sitting on a minimalist plain wooden cube with soft subtle shadows,0.7033818960189819,0.529638946056366,35.1541118257326,0.799156
1159_7.png,52,run_3,5,"A highly detailed, intricately designed, and highly realistic, furred creature with a porcupine-like appearance, situated atop a 3D, warm honey-colored cube constructed from intricately textured, wooden blocks",0.6886703968048096,0.49939894676208496,34.88595302510296,0.797232
1159_7.png,53,run_5,5,"A highly detailed, vibrant creature resembling a porcupine resting on a cube of complexly textured, creamy ivory blocks within a soft, muted, nostalgic environment",0.7615973353385925,0.573297917842865,47.36076275401247,0.796896
1159_7.png,54,run_5,3,"A stylized, cartoon-like creature resembling a porcupine resting on a cube of textured, ivory-colored blocks within a soft, muted background",0.7198217511177063,0.5892854928970337,34.49830165415571,0.791049
1159_7.png,55,run_4,1,"A stylized, vibrant, furry creature resembling a porcupine is perched atop a cube made of light-colored, textured, wooden blocks",0.7300024032592773,0.596678614616394,36.75098890539232,0.790226
1159_7.png,56,run_8,3,"A highly stylized, vibrant cartoon image of a fuzzy porcupine creature sits atop a textured cube against a soft, gradient background",0.7467682361602783,0.622198760509491,39.01498281785273,0.788151
1159_7.png,57,run_15,5,"A highly stylized, cartoonish, and digitally painted creature resembling a porcupine is perched atop a wooden cube with a smooth, high-quality finish",0.7139742970466614,0.5106053352355957,43.290523203505145,0.785833
1159_7.png,58,run_15,3,"A cartoonishly exaggerated, stylized, furry creature resembling a porcupine is perched atop a cube made of light-colored, high-quality, wood-like blocks",0.7281413078308105,0.5943729281425476,37.57726813126837,0.784980
1159_7.png,59,run_8,1,"A cute, detailed, digital painting of a creature resembling a porcupine sits on top of a 3D cube made from a light-colored block. The scene is set against a neutral background.",0.7730100750923157,0.6549607515335083,43.50559574413775,0.784479
1159_7.png,60,run_7,3,"A hyper-realistic, digitally created, 4K-resolution art piece of a porcupine proudly situated on a wooden, cube-shaped base composed of intricately detailed, wood grain textures against a calm, soft focus background.",0.6996116638183594,0.4783132076263428,43.25790613294554,0.784444
1159_7.png,61,run_15,5,"A highly detailed, 4K, masterpiece of a stylized, anthropomorphic porcupine is atop a wooden block with rounded edges",0.6987406015396118,0.5004872679710388,40.806061745806176,0.782266
1159_7.png,62,run_1,3,"highly realistic, vibrant, and colorful digital art of an extraordinary porcupine-like creature with a unique appearance resting on a 10x10 cube made of beautifully crafted natural wood blocks",0.7159985303878784,0.5600954294204712,38.844376812412136,0.781595
1159_7.png,63,run_15,4,"A highly detailed, stylized, cartoonish creature resembling a porcupine is perched atop a polished, high-gloss wood cube with intricate patterns",0.710867166519165,0.5193074941635132,42.309751368649245,0.781200
1159_7.png,64,run_11,1,"A highly detailed, stylized creature resembling a porcupine sits atop a large, cube-shaped block made of smooth, cream-colored stone.",0.7519621253013611,0.6138715147972107,43.372878290767915,0.779272
1159_7.png,65,run_8,3,"A highly realistic, highly detailed digital painting of a cute porcupine creature perched on a wooden cube made of rough-hewn blocks against a warm, gradient-colored background",0.6968032717704773,0.5209646224975586,38.61085383072599,0.778339
1159_7.png,66,run_1,1,"A highly detailed, stylized, furry creature resembling a porcupine is perched atop a cube made of light-colored, smooth, natural-looking blocks",0.7567651271820068,0.650868833065033,40.71162101235641,0.777524
1159_7.png,67,run_8,5,"A highly stylized, digital painting of a fluffy porcupine creature is situated on a 3D cube composed of intricately designed, textured blocks against a muted, gradient background.",0.7266184687614441,0.6158705949783325,36.31175168034121,0.776583
1159_7.png,68,run_9,4,"ultra-realistic, high-definition digital art of a porcupine perched on a stylish, wooden accent cube",0.7060797810554504,0.5253549218177795,41.288613050908396,0.775935
1159_7.png,69,run_2,1,"A highly detailed, stylized, furry creature resembling a porcupine is perched atop a cube made of smooth, light-colored, wooden blocks. The scene is set against a soft, neutral, gradient background.",0.7471453547477722,0.635044276714325,40.25999461034076,0.775325
1159_7.png,70,run_9,1,"A highly detailed, 4k-resolution creature resembling a porcupine is perched atop a simple, yet stylish cube made of light-colored, wooden, textured blocks",0.7331501841545105,0.604724645614624,39.87682127638193,0.775001
1159_7.png,71,run_11,5,"A highly detailed, hyper-realistic creature resembling a porcupine sits atop a large, cube-shaped block made of smooth, cream-colored stone.",0.7368696928024292,0.6091140508651733,40.608686941574646,0.774168
1159_7.png,72,run_3,5,"A 4k, highly stylized, and intricately detailed, furred creature with a porcupine-like appearance, situated atop a 3D, intricately textured cube constructed from highly detailed, warm honey-colored, wood-grain blocks",0.6932057738304138,0.5255629420280457,37.887680350152834,0.774140
1159_7.png,73,run_6,5,"highly realistic, irresistibly cute creature with a porcupine-like appearance sits atop a compact, smooth wooden block",0.6947051882743835,0.522325873374939,39.693184246124524,0.769426
1159_7.png,74,run_4,1,"A highly realistic, furry creature resembling a porcupine sits atop a cube constructed from light-colored, woven, reeds",0.6889664530754089,0.5419170260429382,35.966283385715535,0.768046
1159_7.png,75,run_1,2,"highly detailed, stylized, photorealistic, furry creature resembling a porcupine is perched atop a 5x5 cube made of light-colored, smooth, natural-looking blocks",0.7415120601654053,0.6288861036300659,40.956267316731044,0.767639
1159_7.png,76,run_9,3,"A highly detailed, 8k-resolution creature resembling a porcupine is perched atop a simple, yet stylish cube made of light-colored, wooden, textured blocks",0.7270540595054626,0.606347918510437,39.52471119386003,0.767233
1159_7.png,77,run_7,5,"A masterpiece digital painting of a regal, proud porcupine proudly resting on a highly detailed, 4K-resolution wood-grain-textured cube set against a soft, hazy atmosphere",0.7117246389389038,0.5324586629867554,44.144681129703336,0.766038
1159_7.png,78,run_5,4,"A highly detailed, cartoon-like creature resembling a porcupine resting on a cube of smooth, cream-colored blocks within a soft, muted grey-blue background",0.7249817848205566,0.609708309173584,39.18977178027261,0.764014
1159_7.png,79,run_8,1,"A highly stylized, furry, cartoon creature resembling a porcupine is perched atop a cube made of light-colored, detailed blocks. The scene is set against a soft, neutral background",0.7489062547683716,0.6515676975250244,41.20669117994007,0.763755
1159_7.png,80,run_10,5,"A stylized, cartoonish, and furry creature with long, thin quills like a porcupine is posed elegantly on a worn, sandy, block in front of a neutral colored gradient background",0.6979895830154419,0.558889627456665,37.68449366340593,0.762670
1159_7.png,81,run_2,1,"A digital painting of a stylized, furry creature resembling a porcupine is perched atop a cube made of light-colored, textured blocks amidst a subtle, gradient background.",0.7371951937675476,0.6259638667106628,41.253646309242185,0.761852
1159_7.png,82,run_1,4,"Highly realistic, stylized, porcupine-like creature with intricate, detailed fur texture resting upon a perfectly crafted 10x10 cube composed of bright, vibrant, natural blocks",0.714806079864502,0.5886961221694946,39.65773637762344,0.759601
1159_7.png,83,run_14,3,"Highly detailed, 4k, photorealistic masterpiece of a stylized, realistic, furry creature resembling a porcupine is perched atop a cube made of light-colored, smooth, high-poly blocks",0.7170475125312805,0.6007474064826965,39.23215887788878,0.757859
1159_7.png,84,run_8,4,"highly stylized, highly detailed, cartoon, and 4K-resolution image of a cute, furry porcupine creature is positioned on a transparent cube made of vibrant, textured blocks against a soft, gradient background",0.7482422590255737,0.6378209590911865,44.10788809411872,0.756789
1159_7.png,85,run_13,2,"A highly stylized, ultra-realistic, large, furry porcupine-like creature is perched atop a cube made of intricately detailed, light-colored, natural-looking wooden blocks.  The scene is set against a soft, subtle, neutral background.",0.7056599855422974,0.600511908531189,36.37155637284245,0.755803
1159_7.png,86,run_10,2,"A highly polished, 4K digital painting of a stylized, cartoonish, fuzzy creature with porcupine-like features is sitting on a soft, cream-colored, oversized cube in front of a subtle, gradient background",0.7549288272857666,0.6309113502502441,47.317133075821594,0.754699
1159_7.png,87,run_11,1,"A stylized, highly detailed, furry creature resembling a porcupine is perched atop a cube made of light-colored, textured blocks. The scene is set against a soft, neutral background",0.7430236339569092,0.6568608283996582,40.85923328373731,0.754157
1159_7.png,88,run_9,3,"A highly detailed, 4k-resolution creature with the physical attributes of a porcupine is perched atop a simple, yet elegant cube constructed from light-colored, wooden, hand-hewn blocks",0.7099195718765259,0.5897161960601807,39.32081815822547,0.753799
1159_7.png,89,run_14,1,"A highly detailed, 4k, masterpiece of a stylized, furry creature resembling a porcupine is perched atop a cube made of light-colored, textured blocks",0.7263853549957275,0.6192222237586975,40.60355827998356,0.753726
1159_7.png,90,run_11,1,"A close-up of a highly stylized, furry creature resembling a porcupine as it gazes down from atop a cube made of intricately textured, light-colored blocks.",0.7386695742607117,0.6487691402435303,40.75065982893748,0.753235
1159_7.png,91,run_2,2,"highly detailed, photorealistic, furry creature resembling a porcupine is perched atop a cube made of smooth, light-colored, weathered, wooden blocks",0.684578537940979,0.5445811152458191,37.539404970893685,0.752827
1159_7.png,92,run_3,4,"Realistic, stylized, and highly detailed, furry creature resembling a porcupine, positioned upon a 3D cube consisting of intricate, dark-stained, wood-grain textured blocks",0.725994348526001,0.5493754148483276,49.112572582549355,0.752429
1159_7.png,93,run_7,3,"A highly realistic, photorealistic, digitally painted image of a porcupine sitting proudly on a wooden cube composed of richly textured, high-resolution wood grain against a subtle, dreamy background.",0.6621458530426025,0.484983891248703,38.33411773026531,0.751857
1159_7.png,94,run_6,4,"A highly intricate, 4k resolution creature looking like a porcupine, sits on a simple, 3 dimensional cube crafted from smooth wooden planks",0.7015829682350159,0.5681850910186768,39.961277182922345,0.751427
1159_7.png,95,run_12,2,"Surreal still-life portrait of a highly stylized, colorful, and furry creature resembling a porcupine perched upon a massive, light-hued, geometric structure fashioned from intricately detailed and high-textured blocks in a soft, ambient background",0.7350295186042786,0.6103262305259705,44.69550469906342,0.751276
1159_7.png,96,run_5,5,"A digital painting of a cartoon-like creature resembling a porcupine resting on a massive cube of smooth, warm ivory blocks within a soft, muted, dreamy background",0.724593997001648,0.6566563844680786,36.46389265030296,0.749603
1159_7.png,97,run_14,4,"Masterpiece, 8k, ultra-realistic digital artwork of a stylized creature bearing features of a porcupine is situated atop a cube constructed from high-poly, light-colored blocks",0.7002187967300415,0.5930183529853821,36.97738235681991,0.749587
1159_7.png,98,run_2,1,"A masterfully illustrated, stylized, furry creature resembling a porcupine is perched atop a cube made of light-colored, wooden blocks set against a soft, neutral, subtle background.",0.7182762026786804,0.6110629439353943,40.17923000162399,0.749107
1159_7.png,99,run_8,2,"A cartoon, colorful, and highly detailed creature resembling a porcupine sits upon a large, blocky cube amidst a minimalist environment",0.7235583066940308,0.6270511150360107,39.81706449660235,0.749053
1159_7.png,100,run_8,5,"A highly stylized, hyper-realistic, and 8K-resolution image of a fuzzy porcupine creature is situated on a cube made of intricately textured blocks against a soft, gradient background.",0.7066084742546082,0.6036604046821594,37.711384068509474,0.748889
1159_7.png,101,run_4,3,"A highly detailed, highly realistic, brown and white, furry creature resembling a porcupine is perched atop an intricately carved, light-colored wooden cube",0.7028625011444092,0.5503934025764465,43.15960779656549,0.748076
1159_7.png,102,run_9,3,"A stylized, hyper-realistic creature resembling a porcupine is perched atop a compact, modern cube with a light, wooden, wood-grain texture",0.6768020987510681,0.48904353380203247,42.97617185875964,0.747735
1159_7.png,103,run_15,3,"A stylized, furry creature resembling a porcupine is sitting comfortably atop a cube made of light-colored, intricately patterned, and highly textured blocks",0.7481839656829834,0.6667405962944031,42.562407167507416,0.747523
1159_7.png,104,run_10,1,"A delicate, cartoonish, furry creature similar to a porcupine is posed gracefully on a textured, light-colored, block in front of a neutral background",0.6926834583282471,0.6044780015945435,33.86243663179169,0.747425
1159_7.png,105,run_12,1,"A highly detailed, furry creature resembling a porcupine is perched atop a large, light-colored, block-like structure made from high-textured, smooth blocks and set against a subtle, neutral background",0.7410668730735779,0.657910943031311,41.81258552955184,0.746240
1159_7.png,106,run_14,1,"A stylized, whimsical creature resembling a porcupine is perched atop a cube made of light-colored, textured blocks, set against a slightly darker, neutral background.",0.7518914937973022,0.6644229292869568,44.256109715872455,0.745907
1159_7.png,107,run_9,1,"A stylized, realistic creature resembling a porcupine is perched atop a cube made of light-colored, high-quality, textured blocks",0.7498883008956909,0.6700959801673889,43.1968915229128,0.744934
1159_7.png,108,run_13,5,"A highly detailed, highly stylized, photorealistic, enormous, fuzzy, porcupine-like creature is perched atop a cube constructed from beautifully textured, light-colored, natural-looking, weathered wooden blocks with subtle imperfections.",0.6871079206466675,0.5901097059249878,34.626629263295776,0.744208
1159_7.png,109,run_14,3,"A highly detailed, 4k masterpiece of a stylized, cute, furry porcupine creature is standing on a cube made of light-colored, smooth, high-gloss blocks, in a highly detailed, realistic environment",0.7308308482170105,0.6716811656951904,37.97140639969041,0.742461
1159_7.png,110,run_3,2,"A highly realistic, highly stylized, detailed creature with a porcupine-like appearance and a 3D, highly detailed, realistic wood-grain textured cube as its base",0.6633433103561401,0.5123004913330078,37.871076230703835,0.740070
1159_7.png,111,run_7,1,"A highly realistic, furry creature resembling a porcupine in a relaxed pose is sitting on a cube made of intricately detailed, light-colored, stone-textured blocks with subtle shading and depth.",0.7230178713798523,0.6295847296714783,41.4206481425313,0.739143
1159_7.png,112,run_13,5,"A photorealistic, highly stylized, enormous, fuzzy, porcupine-like creature is resting on top of a cube crafted from finely textured, light-colored, natural-looking, expertly weathered, wooden blocks",0.7002421617507935,0.6218114495277405,35.857594307185444,0.738464
1159_7.png,113,run_9,2,"A highly detailed, 4k-resolution creature resembling a porcupine in a calm demeanor is perched atop a stylish, Scandinavian-inspired cube made from light-colored, woven wooden blocks",0.7038589119911194,0.631061851978302,35.98362155280789,0.737606
1159_7.png,114,run_13,1,"A highly stylized, realistic, furry porcupine-like creature is perched atop a cube made of light-colored, detailed wooden blocks. The scene is set against a subtle, neutral background.",0.6961356401443481,0.5803675651550293,40.11258380848073,0.736087
1159_7.png,115,run_5,5,"A highly detailed, cartoon-like creature resembling a porcupine resting on a large cube of rough, creamy ivory-colored blocks within a soft, muted, serene background",0.6931877732276917,0.5969049334526062,37.58633365012811,0.734599
1159_7.png,116,run_11,1,"A photorealistic, 4k digital painting of a stylized, furry creature resembling a porcupine perched atop a cube made of light-colored, textured blocks.",0.7149176597595215,0.6253804564476013,40.60259146212261,0.734157
1159_7.png,117,run_7,2,"An intricately detailed, highly polished, digitally painted porcupine perched atop a cube made of high-resolution, light-colored, wood-grain-textured blocks set against a soft, neutral gradient background",0.6772302985191345,0.5173105597496033,42.67189098533595,0.733565
1159_7.png,118,run_11,2,"A highly detailed, 4k, digital painting of a stylized creature resembling a porcupine sits atop a large, cube-shaped block made of smooth, cream-colored stone.",0.6773067712783813,0.5762046575546265,35.93094976663001,0.732222
1159_7.png,119,run_5,5,"A stylized, whimsical creature resembling a porcupine resting on a cube of intricately textured, off-white blocks within a gentle, muted, ethereal atmosphere",0.7462657690048218,0.6534522771835327,46.84263829129912,0.731920
1159_7.png,120,run_6,3,"A highly detailed, stylized, and adorable creature resembling a porcupine, is perched atop a minimalist cube made of light-colored wooden blocks",0.724911630153656,0.65667724609375,40.26012717808187,0.731808
1159_7.png,121,run_4,3,"highly detailed, vivid, furry creature resembling a porcupine with an iridescent sheen is perched atop a cube made of weathered, wooden blocks",0.7153899669647217,0.5826951861381531,46.608809872910264,0.730488
1159_7.png,122,run_15,4,"A majestic, exaggerated, furry being resembling a porcupine stands atop a stack of rich, honey-colored, handcrafted wood blocks",0.6879884004592896,0.6013911366462708,36.40233658528851,0.730436
1159_7.png,123,run_11,5,"A highly detailed, masterfully rendered creature resembling a porcupine sits atop a titanic, gleaming cube-shaped block made of sumptuous, beige-colored travertine.",0.6682497262954712,0.541477382183075,38.10644025388465,0.729050
1159_7.png,124,run_6,2,"A stylized, furry creature designed in the style of a digital painting, resembling a porcupine, is perched atop a cube made of light-colored blocks. The background is soft and neutral.",0.7409917712211609,0.6797739267349243,42.824497292811046,0.728723
1159_7.png,125,run_8,4,"A highly stylized, 4K-resolution masterpiece of a cartoon porcupine creature is positioned on a unique, wooden cube with intricate, hand-carved, textured details against a soft, gradient background",0.6642509698867798,0.5063868165016174,41.369679484841676,0.727937
1159_7.png,126,run_11,2,"Highly detailed, realistic, and intricately textured creature resembling a porcupine sits atop a large, cube-shaped block made of polished, ivory-colored limestone.",0.7330158352851868,0.6314383149147034,46.51484095751811,0.727603
1159_7.png,127,run_2,3,"A highly detailed, 4k resolution, hyper-realistic creature resembling a porcupine is situated atop a large, smooth, white wooden cube",0.7071225047111511,0.6178621053695679,41.26454147758139,0.724393
1159_7.png,128,run_9,5,A highly detailed realistic digital art of a porcupine sitting on a plain wooden cube,0.6563231945037842,0.5262184739112854,37.43792185082526,0.724341
1159_7.png,129,run_4,2,"A dynamic, fantastical creature with prickly fur, resembling a stylized porcupine, is perched atop a blocky, wooden cube with a smooth finish",0.7117059230804443,0.6126805543899536,43.37721966460859,0.723635
1159_7.png,130,run_14,5,"Masterpiece, stylized, 8k, ultra-realistic digital painting of a porcupine creature perched atop a cube made from light-colored, high-poly blocks, with realistic textures and shading",0.7211567163467407,0.6495378613471985,41.727806427606545,0.723609
1159_7.png,131,run_1,Baseline,"A stylized, furry creature resembling a porcupine is perched atop a cube made of light-colored, textured blocks. The scene is set against a soft, neutral background.",0.7310162782669067,0.6714399456977844,41.993184345672326,0.723548
1159_7.png,132,run_2,Baseline,"A stylized, furry creature resembling a porcupine is perched atop a cube made of light-colored, textured blocks. The scene is set against a soft, neutral background.",0.7310162782669067,0.6714399456977844,41.993184345672326,0.723548
1159_7.png,133,run_3,Baseline,"A stylized, furry creature resembling a porcupine is perched atop a cube made of light-colored, textured blocks. The scene is set against a soft, neutral background.",0.7310162782669067,0.6714399456977844,41.993184345672326,0.723548
1159_7.png,134,run_4,Baseline,"A stylized, furry creature resembling a porcupine is perched atop a cube made of light-colored, textured blocks. The scene is set against a soft, neutral background.",0.7310162782669067,0.6714399456977844,41.993184345672326,0.723548
1159_7.png,135,run_5,Baseline,"A stylized, furry creature resembling a porcupine is perched atop a cube made of light-colored, textured blocks. The scene is set against a soft, neutral background.",0.7310162782669067,0.6714399456977844,41.993184345672326,0.723548
1159_7.png,136,run_6,Baseline,"A stylized, furry creature resembling a porcupine is perched atop a cube made of light-colored, textured blocks. The scene is set against a soft, neutral background.",0.7310162782669067,0.6714399456977844,41.993184345672326,0.723548
1159_7.png,137,run_7,Baseline,"A stylized, furry creature resembling a porcupine is perched atop a cube made of light-colored, textured blocks. The scene is set against a soft, neutral background.",0.7310162782669067,0.6714399456977844,41.993184345672326,0.723548
1159_7.png,138,run_8,Baseline,"A stylized, furry creature resembling a porcupine is perched atop a cube made of light-colored, textured blocks. The scene is set against a soft, neutral background.",0.7310162782669067,0.6714399456977844,41.993184345672326,0.723548
1159_7.png,139,run_9,Baseline,"A stylized, furry creature resembling a porcupine is perched atop a cube made of light-colored, textured blocks. The scene is set against a soft, neutral background.",0.7310162782669067,0.6714399456977844,41.993184345672326,0.723548
1159_7.png,140,run_10,Baseline,"A stylized, furry creature resembling a porcupine is perched atop a cube made of light-colored, textured blocks. The scene is set against a soft, neutral background.",0.7310162782669067,0.6714399456977844,41.993184345672326,0.723548
1159_7.png,141,run_11,Baseline,"A stylized, furry creature resembling a porcupine is perched atop a cube made of light-colored, textured blocks. The scene is set against a soft, neutral background.",0.7310162782669067,0.6714399456977844,41.993184345672326,0.723548
1159_7.png,142,run_12,Baseline,"A stylized, furry creature resembling a porcupine is perched atop a cube made of light-colored, textured blocks. The scene is set against a soft, neutral background.",0.7310162782669067,0.6714399456977844,41.993184345672326,0.723548
1159_7.png,143,run_13,Baseline,"A stylized, furry creature resembling a porcupine is perched atop a cube made of light-colored, textured blocks. The scene is set against a soft, neutral background.",0.7310162782669067,0.6714399456977844,41.993184345672326,0.723548
1159_7.png,144,run_14,Baseline,"A stylized, furry creature resembling a porcupine is perched atop a cube made of light-colored, textured blocks. The scene is set against a soft, neutral background.",0.7310162782669067,0.6714399456977844,41.993184345672326,0.723548
1159_7.png,145,run_15,Baseline,"A stylized, furry creature resembling a porcupine is perched atop a cube made of light-colored, textured blocks. The scene is set against a soft, neutral background.",0.7310162782669067,0.6714399456977844,41.993184345672326,0.723548
1159_7.png,146,run_10,4,"A soft, cartoonish, furry creature similar to a porcupine is posed elegantly in front of a subtle, gradient background",0.6870272755622864,0.595709502696991,38.49832287649715,0.722291
1159_7.png,147,run_15,5,"An intricately designed, highly stylized, and digitally rendered creature resembling a porcupine is on top of a wooden block with a matte finish and subtle texture",0.6859841346740723,0.5243021249771118,46.83157075014055,0.721821
1159_7.png,148,run_14,5,"Masterpiece, highly realistic, 8k, 3d rendered digital artwork of a creature bearing features of a porcupine sitting atop a cube constructed from high-poly, intricate, light-colored blocks",0.7089653015136719,0.6003916263580322,44.47568849557983,0.721584
1159_7.png,149,run_4,2,"A whimsical, stylized, highly detailed porcupine sits atop a small cube constructed from intricately carved, light-colored wooden blocks",0.6901360750198364,0.5811362266540527,41.39492979291767,0.721098
1159_7.png,150,run_4,4,"Highly detailed, 4k, photorealistic, furry creature resembling a porcupine is perched atop a cube made of light-colored, weathered, wooden blocks",0.6839560866355896,0.5657112002372742,41.522810693284846,0.720698
1159_7.png,151,run_12,4,"Vibrant, surreal still-life portrait of a highly stylized, colorful, and fluffy creature resembling a porcupine sitting atop a massive, cream-colored, geometric figure comprised of intricately detailed and high-textured blocks amidst a soft, ambient glow",0.7000548243522644,0.5780543088912964,44.748134025568646,0.720640
1159_7.png,152,run_5,4,"A stylized, highly detailed creature resembling a porcupine in a cartoon-like style resting on a cube of textured, ivory-colored blocks within a light, airy, and serene environment",0.6973047852516174,0.620183527469635,38.9150054671482,0.720611
1159_7.png,153,run_10,2,"A delicate, highly detailed cartoonish, realistic, furry creature similar to a porcupine is posed elegantly on a textured, very light beige-colored, large block in front of a plain, neutral gray background",0.6823567152023315,0.6040248870849609,36.62521320194649,0.719978
1159_7.png,154,run_6,1,"'A highly detailed, stylized, furry creature resembling a porcupine is perched atop a cube made of intricately textured light-colored blocks. The scene is set against a subtle, neutral background.'",0.6937897205352783,0.6107593178749084,39.500731499431275,0.718294
1159_7.png,155,run_15,3,"A highly detailed, stylized, and intricate furry creature resembling a porcupine is perched atop a cube made of light-colored, smooth, and slightly weathered blocks",0.6950499415397644,0.6111799478530884,40.12694628907072,0.716808
1159_7.png,156,run_14,4,"Ultra-detailed, high-resolution, photorealistic artwork of a stylized, realistic, furry creature resembling a porcupine is perched atop a cube made of light-colored, smooth, high-poly blocks",0.704538106918335,0.6284740567207336,41.037705731085744,0.715775
1159_7.png,157,run_6,2,"A masterfully created, stylized furry creature resembling a porcupine is perched on a cube made of textured, light-colored blocks, set against a neutral and subtle background.",0.7163686156272888,0.6470960974693298,42.35684190148639,0.715295
1159_7.png,158,run_4,5,"a highly detailed, 4k, textured, furry creature with vibrant, colorful prickly quills on a unique, wooden cube",0.6493977308273315,0.527379035949707,37.45292230528037,0.713917
1159_7.png,159,run_13,5,"A highly stylized, extremely detailed, photorealistic, enormous, fuzzy, porcupine-like creature is perched atop a cube made of intricately detailed, light-colored, natural-looking, weathered and worn, wooden blocks",0.70158451795578,0.646528422832489,38.40667889727471,0.713911
1159_7.png,160,run_2,4,"Highly realistic, photorealistic creature with a 4k resolution texture that closely resembles a porcupine is sitting atop a minimalist, light-colored wooden cube",0.6857942938804626,0.6055279970169067,38.725753756923616,0.713837
1159_7.png,161,run_5,4,"A cartoon-like creature with vibrant colors resembling a porcupine resting on a cube of intricately carved, creamy-white blocks within a softly focused background",0.7833428382873535,0.6678376793861389,59.97352877527602,0.712467
1159_7.png,162,run_12,1,"A stylized, realistic, highly detailed, porcupine creature is perched atop a bright, cube-shaped structure composed of high-textured, light-colored blocks against a soft, calm background",0.7007197737693787,0.6426180005073547,39.1378262582171,0.711436
1159_7.png,163,run_8,2,"A highly realistic, furry, cartoon creature resembling a porcupine is perched atop a cube made of light-colored, detailed blocks. The scene is set against a clean, neutral background with subtle shadows",0.7282649278640747,0.6765578985214233,43.14419195774952,0.711236
1159_7.png,164,run_9,2,"A stunning, high-definition creature resembling a porcupine is perched atop a chic, modern cube made from rich, wooden, intricately carved blocks",0.681175708770752,0.5980745553970337,39.369337446426435,0.708567
1159_7.png,165,run_5,4,"A stylized, cartoon-like creature with rich textures resembling a porcupine resting on a cube of intricately patterned, ivory-colored blocks within a soft, golden, and dreamy background",0.6721370220184326,0.5257975459098816,45.59703996332508,0.707524
1159_7.png,166,run_1,2,"A highly detailed, colorful, whimsical, furry creature with porcupine-like quills is perched atop a large, light-colored, natural, 3D-printed-looking cube",0.7303029298782349,0.6691121459007263,45.61489826628067,0.706498
1159_7.png,167,run_2,3,"A highly detailed, digitally painted, realistic creature resembling a porcupine is perched atop a cube made of smooth, light oak wooden blocks",0.6735058426856995,0.5433856844902039,44.14279303073563,0.706322
1159_7.png,168,run_7,1,"A highly detailed, stylized, furry creature resembling a porcupine is perched atop a cube made of light-colored, high-resolution, textured blocks",0.6904700398445129,0.6180437803268433,40.22425684223413,0.705995
1159_7.png,169,run_2,2,"a close-up shot of a highly stylized, detailed, creature resembling a porcupine, sitting atop a cube crafted from intricately carved, light brown, wooden blocks",0.6335741281509399,0.5406235456466675,33.282300853638766,0.704207
1159_7.png,170,run_12,1,"A highly stylized, digital painting of a realistic, furry creature resembling a porcupine is perched atop a large, three-dimensional cube made from light-colored, high-textured, smooth blocks and set against a neutral, gradient background.",0.7184111475944519,0.6641165614128113,43.270728150167805,0.703991
1159_7.png,171,run_10,1,"A colorful, animated, 3d model of a porcupine-like creature sits on a highly detailed, block-shaped base",0.6691665649414062,0.5949057340621948,37.285207678504776,0.703598
1159_7.png,172,run_7,4,"A stunningly realistic, oil-painted portrait of a porcupine proudly situated on a cube composed of rich, highly detailed, 4K-resolution wood-grain-textured blocks set against a subtle, soft focus background",0.6791253089904785,0.5838871598243713,41.891165487370955,0.701737
1159_7.png,173,run_6,2,"A highly detailed and realistic, fur-covered creature resembling a porcupine sits atop a textured cube made of light-colored blocks against a soft, serene background.",0.6964176893234253,0.64244145154953,40.04767393420859,0.701152
1159_7.png,174,run_5,1,"A highly detailed, stylized, large furry creature resembling a porcupine is perched atop a cube made of light-colored, textured blocks. The scene is set against a soft, neutral background.",0.7055769562721252,0.6523244380950928,41.62047436813194,0.700736
1159_7.png,175,run_12,1,"A stylized, detailed, porcupine creature sits atop a bright, light-colored, three-dimensional cube composed of textured blocks against a soft, neutral background",0.7325220108032227,0.6967805027961731,44.389201057449355,0.699600
1159_7.png,176,run_12,1,"A highly stylized, realistic, furry creature resembling a porcupine is perched atop a cube made of light-colored, high-textured, smooth blocks",0.7097120881080627,0.6506743431091309,43.29928628530545,0.699406
1159_7.png,177,run_13,1,"A highly detailed, stylized, furry creature resembling a porcupine is perched atop a cube made of light-colored, high-resolution blocks. The scene is set against a soft, neutral background.",0.7022121548652649,0.6583505868911743,40.44362665637474,0.698220
1159_7.png,178,run_14,1,"A stylized, furry creature resembling a porcupine is perched atop a single, large, light-colored, textured block",0.6821770668029785,0.6254465579986572,38.643782570788794,0.697735
1159_7.png,179,run_14,1,"A digital painting of a stylized, furry creature resembling a porcupine is perched atop a cube made of light-colored, realistic, textured blocks",0.7017834782600403,0.653834879398346,41.14807984648184,0.696831
1159_7.png,180,run_8,1,"A stylized, colorful, 3D creature resembling a porcupine sits atop a realistic, detailed light-colored block structure against a subtle, neutral background.",0.6779149770736694,0.61766117811203,38.61633068149476,0.696376
1159_7.png,181,run_2,5,"Highly stylized, dreamlike creature with an otherworldly texture inspired by a porcupine resting on a simple, weathered wooden pedestal in a serene, natural environment",0.687285304069519,0.6073906421661377,43.456650649862674,0.692138
1159_7.png,182,run_12,5,"A highly stylized, colorful, and endearing creature resembling a porcupine perched upon a majestic, airy, geometric structure fashioned from intricately detailed and high-textured blocks in a soft, ambient background",0.6984592080116272,0.6612499952316284,40.28967503251001,0.692046
1159_7.png,183,run_6,2,"A highly detailed, stylized, and realistic furry creature resembling a porcupine is perched atop a cube made of light-colored, textured blocks in a highly detailed and realistic 4k digital painting style. The scene is set against a soft, neutral background.",0.6778104305267334,0.6110737323760986,40.85593756426033,0.689259
1159_7.png,184,run_8,2,"A highly detailed, realistic, and cartoon-like creature resembling a porcupine is perched atop a large, 3D-printed cube set against a subtle, gradient sky",0.696862518787384,0.6561349034309387,41.13187750918008,0.688706
1159_7.png,185,run_6,4,"Highly detailed, highly stylized, and irresistibly cute creature resembling a porcupine, is perched atop a minimalist cube made of light-colored wooden blocks",0.6888498067855835,0.6373406648635864,41.04722735348351,0.688698
1159_7.png,186,run_1,5,"Highly stylized, photorealistic, and beautifully lit porcupine-like creature with vibrant, intricate details is posed in a serene and natural setting on a 10x10 cube composed of smooth, natural sandstone blocks",0.6690744757652283,0.6061514616012573,39.18921657572228,0.687870
1159_7.png,187,run_6,4,"The adorable, highly stylized creature resembling a porcupine with vibrant colors is standing on a minimalist cube constructed from polished wooden blocks",0.6969177722930908,0.6669362783432007,40.094413376764514,0.687563
1159_7.png,188,run_14,1,"A stylized, colorful, highly detailed creature resembling a porcupine is perched atop a cube made of light-colored, realistic, textured blocks",0.7223544120788574,0.6854017972946167,45.3352947745753,0.687371
1159_7.png,189,run_3,3,A 3D stylized creature with an adorable porcupine appearance is situated on top of a intricately textured wooden block design,0.6507062911987305,0.5371400117874146,42.21735837483265,0.687267
1159_7.png,190,run_15,1,"A highly detailed, digital painting of a stylized creature resembling a porcupine is perched atop a cube made of light-colored, intricate blocks. The scene is set against a soft, neutral background with subtle shadows",0.6940950751304626,0.6616761684417725,40.18111225692934,0.686219
1159_7.png,191,run_13,3,"Highly stylized, hyper-realistic, large, furry, porcupine-like creature, with intricate quills, is perched atop a cube made of expertly crafted, light-colored, natural-looking wooden blocks, set against a soft, subtle, neutral background",0.6730613708496094,0.6286782622337341,38.02255680817177,0.686113
1159_7.png,192,run_7,1,"A realistic, 3D-rendered, porcupine-like creature with a soft, fuzzy coat is sitting on a large, square-shaped cube made of intricately patterned, light-colored blocks",0.6873528957366943,0.6471582055091858,40.01858718784847,0.685906
1159_7.png,193,run_4,2,"A highly realistic, detailed, and colorful porcupine creature is sitting atop a small cube made from a mix of dark and light wooden blocks, with intricate textures and patterns",0.6885923147201538,0.6102041602134705,44.90138605312161,0.685413
1159_7.png,194,run_9,3,"A majestic, highly detailed, 4k-resolution porcupine creature is perched atop a minimalist, stylish cube crafted from light-colored, wooden, smooth blocks",0.7030315399169922,0.6575703620910645,43.55828623310458,0.684859
1159_7.png,195,run_5,4,"A highly realistic, cartoon-like creature resembling a porcupine resting on a cube of rough-hewn, creamy-white blocks within a warm, muted, and comforting background",0.6692097187042236,0.6250691413879395,37.83006648198104,0.683723
1159_7.png,196,run_2,3,"A highly detailed, digitally created, photorealistic creature with a porcupine-inspired design is perched atop a large, smooth, wooden block with a subtle wood grain texture",0.6415209770202637,0.5430808663368225,39.61286191443166,0.683515
1159_7.png,197,run_14,3,"Highly detailed, 4k, oil painting style masterpiece of a stylized, cute, furry creature resembling a porcupine is perched atop a cube made of light-colored, wooden, vintage blocks",0.6699720025062561,0.5874049663543701,42.80429400290967,0.682532
1159_7.png,198,run_14,5,"Masterpiece, 8k, highly detailed, ultra-realistic digital painting of a stylized porcupine creature sitting atop a transparent cube constructed from high-poly, light-colored blocks with subtle depth of field.",0.7046960592269897,0.6540372371673584,45.047510675087246,0.682066
1159_7.png,199,run_8,1,"A fantastical, whimsical, furry creature that looks like a porcupine is balancing on a 4k textured cube.",0.6669257283210754,0.5810615420341492,43.18939688663795,0.680064
1159_7.png,200,run_10,4,"A cute, highly detailed, cartoonish porcupine creature is posed in a dynamic pose on a textured, cream-colored, stone cube",0.6855635643005371,0.6209449768066406,43.97999917716183,0.679434
1159_7.png,201,run_3,1,"Highly stylized, photorealistic, 4k digital painting of a furry creature resembling a porcupine with intricate details is situated atop a large, light-colored, stone-textured cube against a soft, neutral background.",0.6678587794303894,0.613415002822876,39.95333854777245,0.678330
1159_7.png,202,run_13,1,"A highly detailed, stylized, furry creature is perched atop a cube made of light-colored, textured wooden blocks. The scene is set against a light, neutral background.",0.6524537801742554,0.5990511178970337,37.443489359350934,0.677084
1159_7.png,203,run_1,1,"A vibrant, stylized, anthropomorphic porcupine is perched on a textured cube set against a soft, clean background.",0.7033089995384216,0.6489861607551575,46.295321966020495,0.677035
1159_7.png,204,run_12,4,"Surreal still-life portrait of a highly stylized, hyper-realistic, and colorful creature resembling a porcupine perched upon a massive, pristine, geometric structure fashioned from intricately detailed and high-textured blocks in a soft, ambient background",0.68505859375,0.6708052158355713,38.47999279689215,0.676507
1159_7.png,205,run_13,5,"A gigantic, highly stylized, photorealistic, fuzzy, porcupine-like creature sits atop a perfect, evenly sized, intricately detailed, light-colored, natural-looking, weathered wooden cube",0.6665664315223694,0.6185272932052612,39.491503968308066,0.675805
1159_7.png,206,run_14,5,"Masterpiece, 8k, highly detailed ultra-realistic digital artwork of a stylized creature bearing features of a porcupine is situated atop a cube constructed from high-poly, intricately patterned light-colored blocks that cast realistic shadows",0.6674692630767822,0.5933278799057007,42.851045052942034,0.675406
1159_7.png,207,run_2,5,"Stylized, vibrant creature with a lifelike texture inspired by a porcupine is sitting on a natural, driftwood-weathered wooden cube in a soft, warm lighting",0.6496589183807373,0.5297629833221436,45.50419994776421,0.674256
1159_7.png,208,run_9,2,"A photorealistic, 4k-resolution creature resembling a porcupine in a playful stance is perched atop a simple, yet refined cube crafted from light-colored, smooth wooden blocks",0.7015640735626221,0.6754878759384155,43.24021930064026,0.674046
1159_7.png,209,run_15,1,"A highly detailed, stylized creature resembling a porcupine is perched atop a cube made of light-colored, textured blocks. The scene is set against a soft, neutral, gradient background",0.6861672401428223,0.6474897861480713,42.10525313144884,0.674039
1159_7.png,210,run_15,2,"A masterfully crafted, digital artwork featuring a large, stylized, furry creature resembling a porcupine perched atop a cube composed of intricately textured blocks.",0.6873826384544373,0.6411010026931763,43.40644085670767,0.673159
1159_7.png,211,run_9,2,"A highly detailed, 4k-resolution creature resembling a porcupine with intricate quills is perched atop a sleek, contemporary cube featuring a rich, wooden, tactile finish",0.6798020601272583,0.6119441986083984,45.04416849906754,0.671435
1159_7.png,212,run_6,4,"Highly detailed, digital painting of a stylized creature resembling a porcupine, perched atop a minimalist cube shaped out of light, wooden blocks",0.6732519865036011,0.6193873882293701,42.263011747070884,0.671354
1159_7.png,213,run_5,1,"A majestic, stylized, furry creature resembling a porcupine is perched atop a cube made from light-colored, high-poly, textured blocks against a subtle, gray-blue background.",0.6987239718437195,0.6831616759300232,42.65801255224613,0.668464
1159_7.png,214,run_2,1,"A photorealistic, furry creature resembling a porcupine is perched atop a cube made of textured, light-colored, stone blocks. The scene is set against a warm, neutral background.",0.6820952892303467,0.6487057209014893,42.00140013875505,0.668144
1159_7.png,215,run_11,3,"Highly detailed, photorealistic creature resembling a porcupine sits atop a large, cube-shaped block made of smooth, cream-colored stone",0.6758935451507568,0.6291734576225281,42.666378861357316,0.667493
1159_7.png,216,run_7,3,"A hyper-realistic, meticulously crafted, digital art piece of a porcupine standing proudly on a wooden, cube-shaped pedestal composed of intricately detailed, 4K-resolution wood grain textures against a serene, blurred backdrop.",0.6640301942825317,0.5590463280677795,48.06314217738706,0.665255
1159_7.png,217,run_7,3,"A beautifully crafted, ultra-realistic, 4K-resolution digital painting of a proud porcupine standing atop a wooden, cube-shaped display composed of highly detailed, grained wood textures against a soft, muted background.",0.6546742916107178,0.5521411299705505,46.54054867714502,0.663445
1159_7.png,218,run_9,2,"Highly detailed, 8k-resolution creature resembling a porcupine is perched atop a minimalist, yet stylish cube made of light-colored, wooden, textured blocks",0.6349450349807739,0.6204222440719604,32.67408598121107,0.663226
1159_7.png,219,run_13,4,"A highly stylized, highly detailed, ultra-realistic, large, fuzzy porcupine-like creature is sitting atop a massive, intricately carved, light-colored wooden block structure with a smooth, subtle background.",0.627068817615509,0.5940213799476624,33.61548570760747,0.662850
1159_7.png,220,run_1,1,"A stunning, highly detailed, masterpiece featuring a stylized, furry creature resembling a porcupine and a cube made of light-colored, natural stone blocks.",0.6510344743728638,0.6362951397895813,35.60012068805406,0.662565
1159_7.png,221,run_2,1,"A highly stylized, 4k-resolution, furry creature resembling a porcupine is standing on a cube made of light-colored, smooth, glass blocks in a minimalist setting.",0.717458963394165,0.7103758454322815,46.59767670401086,0.660124
1159_7.png,222,run_8,5,"A vibrant, highly detailed, cartoon style image of a cuddly porcupine creature is placed on a colorful cube constructed from interlocking blocks against a soothing, soft blue gradient.",0.718316376209259,0.7237188220024109,45.60933026889785,0.658407
1159_7.png,223,run_1,4,"Highly stylized, photorealistic, digital artwork of a porcupine-like creature is resting upon a large, intricately carved 10x10 cube composed of various natural, earthy materials",0.6593847274780273,0.6486682891845703,37.815589579129856,0.656502
1159_7.png,224,run_5,5,"A stylized, 4K masterpiece digital painting of a cartoon-like creature resembling a porcupine resting on a large cube of intricately detailed, ivory-colored blocks within a soft, muted, mystical background",0.6537777185440063,0.6500017642974854,36.224583487071996,0.655533
1159_7.png,225,run_11,3,"Highly detailed, 4k digital painting of a creature resembling a porcupine perched on a large, cube-shaped block of smooth, polished cream-colored stone",0.6786179542541504,0.6508650779724121,43.48194014074903,0.654932
1159_7.png,226,run_1,4,"Masterpiece-quality, highly detailed digital painting of a porcupine-like creature is resting upon a large, smooth 10x10 cube composed of various natural blocks",0.6585906744003296,0.6459692120552063,38.41673520427556,0.654054
1159_7.png,227,run_4,4,"A highly detailed, high-resolution, digital painting of a furry creature resembling a porcupine is perched atop a cube crafted from light-colored, worn, wooden planks",0.6397539973258972,0.5995079278945923,38.546185510711894,0.653766
1159_7.png,228,run_5,1,"A highly detailed, stylized, giant furry creature resembling a porcupine is perched atop a large cube made of light-colored, high-resolution, detailed blocks.",0.6922565698623657,0.6955852508544922,42.4121065717581,0.653466
1159_7.png,229,run_12,3,"Surreal, dreamlike 4k still-life portrait of a colorful, stylized, and fuzzy creature resembling a porcupine perched upon a massive, pale, geometric structure fashioned from intricately detailed and high-textured blocks in a soft, ambient background",0.6731597781181335,0.6537291407585144,41.88818667290074,0.653307
1159_7.png,230,run_12,3,"Surreal still-life portrait of a whimsical, vibrant, and fuzzy creature resembling a porcupine perched upon a towering, pale, angular structure fashioned from finely crafted and high-textured blocks in a serene, muted background",0.6715717911720276,0.6720787882804871,39.40977958028973,0.652450
1159_7.png,231,run_4,5,"highly detailed, 4k, highly textured, vibrant furry creature with intricate, colorful prickly quills on a beautiful, wooden geometric shape",0.6124986410140991,0.5599403381347656,36.10093284427848,0.650107
1159_7.png,232,run_1,5,"A realistic, highly detailed, and textured porcupine creature with beautiful, intricate features is situated on top of a 10x10 cube made from natural, weathered wood planks",0.6414844989776611,0.5863958597183228,41.41593269637603,0.649936
1159_7.png,233,run_7,4,"A vibrant, hyper-realistic, and intricately detailed digital painting of a porcupine standing tall on a cube made of exquisite, highly polished, high-resolution wood-grain-textured blocks set against a serene, gentle background",0.6656789183616638,0.6131171584129333,45.31063464616161,0.649730
1159_7.png,234,run_12,2,"A highly expressive, 4k, oil-painting style artwork depicting a highly stylized, vibrant, and life-like furry creature resembling a porcupine perched atop a massive, light-colored, block-like structure made from high-textured, detailed, and layered blocks against a soft, subtle background",0.680376410484314,0.6890430450439453,40.81434000698974,0.648279
1159_7.png,235,run_15,5,"A cartoonishly exaggerated, stylized, and textured creature resembling a porcupine is perched atop a blocky, light-colored, and premium wood structure",0.6471324563026428,0.6354600191116333,37.72702153393715,0.647375
1159_7.png,236,run_2,2,"a beautifully illuminated, highly detailed, realistic creature resembling a porcupine sits on top of a small, intricately crafted, block structure made of smooth, white, birch, wooden blocks",0.6692004799842834,0.6651085019111633,40.65789555110238,0.647143
1159_7.png,237,run_2,4,"A highly detailed, digitally painted porcupine-like creature is seated on top of a plain, ivory-colored wooden block",0.6635003685951233,0.6536242365837097,40.46369708032422,0.646697
1159_7.png,238,run_9,1,"A highly realistic, hyper-realistic creature resembling a porcupine is perched atop a large, prominent cube made of light-colored, metallic, and reflective blocks.",0.6962181329727173,0.6719754338264465,47.96052846295549,0.645923
1159_7.png,239,run_15,1,"A highly detailed, realistic creature resembling a porcupine is perched atop a cube made of light-colored, rough-textured blocks. The scene is set against a soft, neutral background with subtle gradients",0.6665427684783936,0.6432932615280151,42.81658639827305,0.645587
1159_7.png,240,run_13,3,"Highly realistic, large, furry, porcupine-like creature with vibrant colors, is perched atop a geometric cube made of intricately detailed, light-colored, natural-looking wooden blocks against a soft pastel hue",0.6877329349517822,0.6988437175750732,42.545618956129985,0.644628
1159_7.png,241,run_4,3,"In the center of a warm, sunny, natural environment, a highly detailed, highly realistic, porcupine-like creature with a vibrant, multi-colored, furry coat is sitting atop a large, intricately carved, wooden cube",0.6882741451263428,0.6719661951065063,46.16033332677422,0.643461
1159_7.png,242,run_11,2,"Highly detailed, realistic, and highly stylized creature resembling a porcupine sits atop a large, cube-shaped block made of smooth, cream-colored stone in high definition.",0.662490725517273,0.6252983808517456,44.25062219278509,0.643367
1159_7.png,243,run_8,1,"A highly detailed, high-poly, furry creature that resembles a porcupine is perched atop a realistic, textured cube with a soft, subtle background.",0.6692139506340027,0.6445774435997009,44.08504929034211,0.642495
1159_7.png,244,run_5,1,"An intricately detailed, highly stylized, enormous furry creature resembling a porcupine is perched atop a massive cube made of light-colored, intricately carved, stone blocks against a soothing, neutral background.",0.6604204773902893,0.6667220592498779,38.999327462711,0.641901
1159_7.png,245,run_10,3,"A delicate, highly detailed, cartoonish, furry creature similar to a porcupine is posed elegantly on a rough, light-gray, block in front of a clean, neutral background",0.644434928894043,0.6418042778968811,37.41659798128488,0.641450
1159_7.png,246,run_1,2,"A highly detailed, stylized, digital painting of a majestic, furry, porcupine-like creature is sitting atop a giant, 3D-shaped, light-colored, smooth block made of natural materials.",0.6382896304130554,0.6342258453369141,36.53589616558878,0.641436
1159_7.png,247,run_7,4,"A majestic, highly realistic, and exquisitely detailed digital oil painting of a porcupine standing proudly on a cube composed of ultra-high-resolution, highly polished wood-grain-textured blocks set against a serene, gentle hazy background",0.640113353729248,0.5728339552879333,44.57038829946974,0.640659
1159_7.png,248,run_3,1,"A detailed, colorful, stylized creature with porcupine-inspired quills sits upon a highly detailed, textured cube made of light-colored marble",0.6392378807067871,0.6108734607696533,39.822955018729985,0.640388
1159_7.png,249,run_2,5,"Highly realistic, 4k creature with a highly detailed texture inspired by a porcupine is perched on a minimal, white, bleached wooden box",0.6555544137954712,0.6428629755973816,41.016108290527896,0.639111
1159_7.png,250,run_1,4,"Stylized, hyper-realistic, quill-covered creature resembling a porcupine is seated upon a precision-cut 10x10 cube composed of polished, natural stone",0.6932162642478943,0.6910772919654846,46.48352809102449,0.637848
1159_7.png,251,run_4,5,"a highly realistic, highly detailed, 4k, photorealistic, furry creature with long, strong prickly quills resting on a distressed, aged wooden cube",0.6088797450065613,0.573630690574646,36.19017623388262,0.636757
1159_7.png,252,run_13,5,"A highly stylized, masterfully rendered, photorealistic, gigantic, fuzzy, porcupine-like creature is situated atop a cube made from intricately carved, light-colored, natural-looking, weathered and distressed wooden planks",0.6360195875167847,0.6230380535125732,38.41858384944852,0.635645
1159_7.png,253,run_13,2,"A large, highly stylized, realistic porcupine-like creature with detailed fur is perched atop a complex, intricately carved, light-colored wooden cube.",0.6208416819572449,0.6110715270042419,35.82647778286674,0.633735
1159_7.png,254,run_1,2,"A highly detailed, fantastical, 4k, furry creature resembling a porcupine is sitting comfortably atop a large, light-colored, smooth cube made of natural stone",0.6532787084579468,0.6224183440208435,43.959355202318456,0.633536
1159_7.png,255,run_15,2,"A highly detailed, stylized, furry creature resembling a porcupine is perched atop a cube made of intricately textured, light-colored blocks, under bright morning sunlight.",0.6940557360649109,0.6753711700439453,49.643611361454774,0.632868
1159_7.png,256,run_10,5,"A delicate, 4k digital artwork of a playful, furry creature similar to a porcupine is posed nonchalantly on a textured, cream-colored block in a minimalist setting",0.6486351490020752,0.6242952942848206,42.5394683014157,0.632781
1159_7.png,257,run_15,3,"A highly realistic, stylized, and highly detailed furry creature resembling a porcupine is perched atop a cube made of light-colored, rough-hewn stone blocks",0.6646995544433594,0.6715067625045776,41.62595865025885,0.632526
1159_7.png,258,run_13,4,"A highly stylized, realistic, enormous, thorny porcupine-like creature is perched atop a giant, intricately carved cube crafted from light-colored, distressed wooden blocks against a subtle, muted background.",0.6477383375167847,0.6593133807182312,38.21025338913098,0.632207
1159_7.png,259,run_11,3,"A highly stylized, fantasy creature resembling a porcupine sits atop a large, cream-colored cube of intricately carved stone",0.6575619578361511,0.6354914903640747,44.04589626469868,0.631604
1159_7.png,260,run_2,2,"the porcupine creature sits calmly atop a perfect, geometric, cube constructed from high-quality, light oak, wooden blocks",0.5489053130149841,0.4837789535522461,30.680064246397627,0.630927
1159_7.png,261,run_9,1,"A fantastical, highly stylized creature resembling a porcupine is perched atop a cube made of intricately patterned, high contrast, and light-colored blocks",0.6788539290428162,0.6791922450065613,45.355793512710626,0.630001
1159_7.png,262,run_10,3,"A whimsical, highly stylized, furry creature with a porcupine-like appearance is sitting on a smooth, cream-colored, cube in a bright, airy, studio",0.7153021097183228,0.6365001201629639,61.104185992035276,0.629874
1159_7.png,263,run_5,2,"A stunning, highly detailed, stylized, furry creature resembling a porcupine in a photorealistic digital art style with incredible colors and realistic lighting effects is perched atop a perfect cube made of light-colored, high-resolution, multi-textured blocks.",0.6450455188751221,0.6254838109016418,42.064206175293364,0.629360
1159_7.png,264,run_12,2,"A highly realistic, 4k, digital artwork featuring a fuzzy creature resembling a porcupine sitting atop a massive, pale-colored, cubical structure composed of high-resolution, detailed blocks against a neutral, subtle background",0.6409055590629578,0.6500529050827026,38.1904232711978,0.628063
1159_7.png,265,run_8,3,"A highly stylized, colorful, 4K-resolution image of a cute, fluffy porcupine creature sits on top of a large cube made of brightly colored, textured blocks against a soft, gradient sky blue background",0.7151849269866943,0.746551513671875,48.375202836764984,0.627638
1159_7.png,266,run_15,3,"A highly imaginative and highly detailed furry creature resembling a porcupine is perched dramatically atop a cube made of light-colored, gleaming, and slightly metallic blocks",0.6731763482093811,0.6759995222091675,44.853666696588505,0.626304
1159_7.png,267,run_3,2,"A highly realistic, highly stylized, highly detailed creature with a porcupine-like appearance and vibrant, richly colored fur is placed on top of a 3D cube consisting of intricately carved, smooth, light-colored, highly polished wood-grain textured blocks",0.6150817275047302,0.609817385673523,35.913950987324256,0.625980
1159_7.png,268,run_2,3,"A highly detailed, fantasy creature with a realistic porcupine-like appearance is sitting on top of a large, intricately carved wooden cube",0.6426159143447876,0.6174402832984924,43.08536619026218,0.625678
1159_7.png,269,run_9,1,"A highly detailed, photorealistic creature resembling a porcupine is perched atop a cube made of textured, light gray, and warm-toned blocks",0.6627534031867981,0.6576213836669922,44.19250294973513,0.625454
1159_7.png,270,run_1,4,"Stylized, highly realistic creature with porcupine-like features and intricate details is sitting upon an intricately designed 10x10 cube composed of various textures and patterns",0.6566959023475647,0.695570707321167,37.949601688788164,0.625168
1159_7.png,271,run_11,3,"Creature resembling a porcupine sits atop a large, ancient, cube-shaped block of worn, cream-colored stone",0.6203287839889526,0.6395195126533508,34.38884810563564,0.623586
1159_7.png,272,run_5,3,"A highly detailed, photorealistic image of a porcupine creature on top of a textured cube in a serene, neutral environment",0.661481499671936,0.6579225063323975,44.218444479685765,0.623378
1159_7.png,273,run_5,2,"A highly realistic, highly detailed, stylized, furry creature resembling a porcupine in photorealistic digital painting style is perched atop a perfect cube made of light-colored, high-poly, textured blocks.",0.6399900317192078,0.6431331634521484,39.743767527647236,0.623297
1159_7.png,274,run_8,3,"A beautiful, highly stylized, cartoon masterpiece of a fuzzy porcupine creature is displayed standing on a colorful cube made of textured blocks against a soft, gradient blue and green background",0.6990411281585693,0.7452742457389832,44.80897903580962,0.622916
1159_7.png,275,run_5,1,"A large, highly detailed, stylized creature with a porcupine-inspired body sits atop a cube made from light-colored, rough-hewn, wooden blocks set against a soft, pale blue background.",0.6623708009719849,0.6769961714744568,42.835510152413754,0.620310
1159_7.png,276,run_1,3,vivid highly detailed digital artwork of a fantastical porcupine resting on a 10x10 grid of polished natural stone blocks,0.6666884422302246,0.6631485223770142,45.9880043888699,0.619163
1159_7.png,277,run_11,2,"A highly stylized, highly detailed creature resembling a porcupine sits atop a large, cube-shaped block made of a smooth, cream-colored stone that glows softly in the moonlight.",0.662368655204773,0.6311476826667786,48.59184562510441,0.618994
1159_7.png,278,run_5,2,"A masterfully crafted, stylized, realistic, furry creature resembling a porcupine is perched atop a cube made of light-colored, unique, textured blocks set against a subtle, neutral background with dramatic lighting.",0.672833263874054,0.6737570762634277,46.8343998556399,0.617602
1159_7.png,279,run_9,4,"stylized, photorealistic 4k painting of a porcupine on a smooth, wooden pedestal",0.6473747491836548,0.6013000011444092,48.135225164795706,0.617354
1159_7.png,280,run_13,4,"A highly stylized, ultra-realistic, giant, furry, porcupine-like creature is situated atop a large, intricately detailed, weathered wooden cube, which is placed against a soft, subtle, warm background.",0.6437278985977173,0.6417655944824219,43.11897331548956,0.613105
1159_7.png,281,run_8,2,"A stylized, digital painting of a porcupine creature is situated on top of a 4K-resolution, textured cube within a neutral-colored room",0.6490545272827148,0.6426573991775513,44.60600793348083,0.612902
1159_7.png,282,run_14,5,"Ultra-realistic, 8k, digital artwork of a highly detailed porcupine creature standing on a cube constructed from intricately patterned, high-poly light-colored blocks, with realistic lighting and shading",0.6616314649581909,0.6688234210014343,45.37957815305324,0.611754
1159_7.png,283,run_2,5,"A detailed, realistic creature with a natural texture inspired by a porcupine sitting atop a distressed, aged wooden pedestal",0.6564121246337891,0.6304476857185364,48.46112678765964,0.611693
1159_7.png,284,run_13,3,"An exquisitely detailed, highly stylized, large, mystical, porcupine-like creature, with vibrant colors, is perched atop a beautifully crafted, intricately designed, natural-looking wooden cube against a soft, subtle, neutral background",0.6180363893508911,0.6404504776000977,36.10881720927231,0.611587
1159_7.png,285,run_12,2,"Highly detailed, vibrant, and life-like furry creature resembling a porcupine is perched atop a large, light-colored, block-like structure made from rough, high-textured, and smooth blocks and set against a soft, neutral background",0.6328034996986389,0.6410475969314575,40.7914672264806,0.609414
1159_7.png,286,run_10,1,"An intricately designed, 3d-animated, porcupine-like creature is situated atop a large, light-colored, cube-shaped block",0.669113039970398,0.6821684241294861,46.725388804531555,0.608093
1159_7.png,287,run_15,2,"A highly detailed, intricately lit, stylized, furry creature resembling a porcupine is standing on a single, blocky structure made of light-colored blocks, set against a soft, subtle, neutral background.",0.6228363513946533,0.6260244846343994,40.29699218789058,0.606474
1159_7.png,288,run_13,2,"A highly stylized, surreal, realistic, furry porcupine-like creature is sitting atop a highly detailed, intricately carved, light-colored wooden block structure, set against a neutral, subtle background.",0.6138871908187866,0.6388723254203796,36.33852902281384,0.605588
1159_7.png,289,run_6,1,"'A highly detailed, stylized masterpiece of an animal with porcupine-like features is sitting majestically atop a large, intricately detailed cube constructed from diverse, natural materials and set against a soft, neutral background.'",0.6475719213485718,0.6981576681137085,39.21197419350946,0.604861
1159_7.png,290,run_12,3,"Highly stylized, highly detailed and colorful still-life portrait of a cuddly, furry creature resembling a porcupine perched upon an immense, light-hued, geometric structure fashioned from intricately detailed and high-textured blocks in a soft, ambient background",0.6459370851516724,0.6518082022666931,44.33985144837474,0.604566
1159_7.png,291,run_15,1,"A highly detailed, stylized, 4k creature resembling a porcupine is perched atop a cube made of light-colored, smooth-textured blocks. The scene is set against a soft, neutral background with subtle highlights",0.6501589417457581,0.6681466102600098,43.85538888629043,0.603416
1159_7.png,292,run_4,3,"A highly detailed, 4k, photorealistic, furry creature resembling a porcupine is perched atop a massive, ancient, weathered, wooden cube with intricate carvings and texture",0.6426283121109009,0.6654567718505859,42.046993916615065,0.603111
1159_7.png,293,run_10,2,"A beautiful, 4K, highly realistic, cartoonish, fuzzy creature with porcupine-like features is standing on a large, soft, cream-colored, intricately carved block in front of a subtle, gradient background",0.6167886853218079,0.618781566619873,40.19063975838163,0.602686
1159_7.png,294,run_10,3,"A stylized, vibrant, soft-feathered creature with porcupine-like quills is situated on a worn, beige, building block in a minimalist setting",0.6473673582077026,0.6304200887680054,47.946711229646155,0.601529
1159_7.png,295,run_2,4,"Realistic, 3D creature with a close-up texture of a porcupine's fur is perched atop a minimalist, pale wooden platform",0.6369670033454895,0.6727337837219238,39.91059252688309,0.601273
1159_7.png,296,run_2,4,"A hyper-realistic, ultra-detailed creature resembling a porcupine is sitting atop a plain, weathered wooden cube.",0.6312272548675537,0.5827897787094116,49.60808682642394,0.598328
1159_7.png,297,run_1,5,"Stylized, realistic, furry, and endearing porcupine creature with vibrant, intricate details is settled on a 10x10 cube crafted from natural marble blocks",0.6394897699356079,0.630150318145752,46.78417929377625,0.596248
1159_7.png,298,run_14,4,"Photorealistic, 4k, highly detailed image of a stylized, realistic, furry creature resembling a porcupine is placed at the center of a cube made of high-poly, transparent blocks",0.6388891935348511,0.6367859244346619,45.82296019028852,0.596214
1159_7.png,299,run_10,1,"A beautifully illustrated, whimsical creature with a porcupine's features is perched on a sturdy, large, light-colored block",0.6462816596031189,0.7217878103256226,38.134657673636156,0.594661
1159_7.png,300,run_14,4,"Highly detailed, photorealistic, high-fidelity 3D render of a stylized realistic creature resembling a porcupine is set atop a transparent, high-poly cube",0.6604741215705872,0.6710386872291565,48.53699303477225,0.593703
1159_7.png,301,run_7,5,"A vibrant, hyper-realistic, oil painting of a confident porcupine sitting on a high-definition, wooden cube set against a soft focus background",0.6107673048973083,0.5760538578033447,45.52113830014207,0.593204
1159_7.png,302,run_5,3,"Highly stylized, digital painting of a porcupine creature sitting atop a textured cube within a neutral and calming background",0.6188826560974121,0.6310561895370483,41.39483246480987,0.592785
1159_7.png,303,run_14,4,"Highly detailed, photorealistic, high-fidelity digital painting of a stylized realistic creature bearing the attributes of a porcupine is positioned atop a translucent cube",0.6581845283508301,0.6844881176948547,46.712645886008836,0.591538
1159_7.png,304,run_11,5,"A highly stylized, digital painting of a creature resembling a porcupine sits atop a colossal, cube-shaped block made of gleaming, ivory-colored alabaster.",0.6904423236846924,0.7132669687271118,52.697759520107944,0.591391
1159_7.png,305,run_3,1,"Stylized, high-fidelity, digital painting of a furry creature with porcupine-like features is perched atop a blocky, light-colored, stone-textured cube",0.6066550016403198,0.6271141767501831,38.706306994867354,0.590856
1159_7.png,306,run_8,5,"An extremely detailed, realistic, and 4K-resolution image of a cute porcupine creature is positioned perched atop a geometric cube made of various, textured blocks against a subtle, gradient background.",0.6384658217430115,0.6730273962020874,42.57436725528474,0.590410
1159_7.png,307,run_10,1,"A stylized, highly detailed, furry creature resembling a porcupine with vibrant colors is perched atop a cube made of light-colored, high-resolution, textured blocks",0.6596560478210449,0.693426787853241,46.44599211901142,0.589744
1159_7.png,308,run_5,2,"A highly detailed, stylized, furry creature resembling a porcupine in a digital art painting style is perched atop a precise cube made of light-colored, multi-textured, detailed blocks with high-quality textures and realistic shading.",0.623281717300415,0.6521623134613037,40.8187187147328,0.589585
1159_7.png,309,run_1,5,"Highly realistic, intricately detailed, porcupine-like creature with intricate quills is resting upon a 10x10 cube composed of bright, smooth, natural stone blocks",0.6854955554008484,0.734366774559021,49.336066625672274,0.588499
1159_7.png,310,run_10,4,"A highly detailed, cartoonish, furry creature with long quills similar to a porcupine",0.6451125144958496,0.6973626017570496,42.13570495347574,0.587840
1159_7.png,311,run_2,5,"Highly detailed, photorealistic creature with a realistic texture inspired by a porcupine sitting on a worn, hand-carved wooden base",0.6278202533721924,0.6458262205123901,43.32742060564248,0.587525
1159_7.png,312,run_15,4,"A fantastical, highly realistic creature resembling a porcupine sits on top of a sturdy, expertly crafted wooden box with a natural finish",0.6120625138282776,0.5755419135093689,47.321599929832914,0.586665
1159_7.png,313,run_4,4,"A highly detailed, highly realistic, furred creature with a porcupine-like appearance is standing on a cube constructed from weathered, faded light-colored wood",0.6139038801193237,0.6263337731361389,41.90755318239387,0.586071
1159_7.png,314,run_13,1,"A highly detailed, 4k digital artwork of a stylized, furry creature resembling a porcupine is perched atop a cube made of light-colored, high-resolution blocks with intricate textures.",0.6228798627853394,0.6511344909667969,41.770938809526704,0.585041
1159_7.png,315,run_10,5,"An intricately detailed, whimsical, furry creature with quills like a porcupine is posed playfully on a vintage, distressed, wooden block in front of a subtle, sky-blue background",0.6446080207824707,0.6787363886833191,45.16249200938733,0.583296
1159_7.png,316,run_4,1,"A majestic, highly detailed, digital painting of a fantasy, furry creature resembling a porcupine stands atop a cube crafted from smooth, cream-colored, stone blocks",0.6195821762084961,0.6482290625572205,41.65738977537693,0.582642
1159_7.png,317,run_5,2,"A highly detailed, stylized, furry creature resembling a porcupine with vibrant colors is perched atop a precise cube made of light-colored, high-resolution, textured blocks in a realistic style.",0.6765003204345703,0.732498824596405,48.675511716180935,0.580162
1159_7.png,318,run_10,2,"A cute, highly detailed, cartoonish, plush furry creature similar to a porcupine is posed charmingly on a medium, beige-colored, intricately patterned block in front of a minimalist, white background",0.6160671710968018,0.5533817410469055,53.59648297138822,0.574861
1159_7.png,319,run_13,2,"A highly stylized, 4k, detailed, realistic, furry porcupine-like creature is perched atop a beautifully crafted, light-colored, wooden block structure.",0.6008062958717346,0.6421536207199097,39.407269709714875,0.570675
1159_7.png,320,run_6,3,"A stylized, colorful, and endearing creature, resembling a porcupine, is playfully perched on a transparent plastic cube, in the midst of a gorgeous, high-resolution, and digitally painted scene",0.7047200798988342,0.7871900796890259,52.83159278117839,0.568272
1159_7.png,321,run_13,1,"A highly detailed, stylized, feline creature resembling a porcupine is perched atop a transparent cube made of light-colored, high-resolution glass blocks.",0.6839618682861328,0.7331687211990356,53.28074009977516,0.568102
1159_7.png,322,run_12,3,"Masterpiece still-life portrait of a highly stylized, highly detailed, and colorful creature resembling a porcupine perched upon a towering, pale, angular structure fashioned from intricately detailed and high-textured blocks in a soft, ambient background with a warm golden hour light.",0.612449049949646,0.6442707180976868,43.67911303627685,0.565232
1159_7.png,323,run_14,3,"Highly detailed, 4k, digital art masterpiece of a stylized, realistic, furry creature resembling a porcupine is perched atop a large cube made of light-colored, rough-hewn, stone blocks",0.6276023983955383,0.6865713596343994,43.047580919518126,0.565169
1159_7.png,324,run_11,4,"Highly detailed, photorealistic creature resembling a porcupine sits atop a large, cube-shaped block made of smooth, cream-colored stone in a dimly lit, mysterious environment",0.6475057601928711,0.7136428356170654,46.258295125229104,0.562045
1159_7.png,325,run_8,4,"Highly stylized, highly detailed, cartoon, and 4K-resolution image of a cute, pink, fuzzy porcupine creature is standing on a large, white cube made of high-quality, textured blocks against a soft, gradient background",0.7243581414222717,0.7098462581634521,69.26700420915432,0.561233
1159_7.png,326,run_4,5,"highly detailed, realistic, 4k, highly textured, furry creature with sharp, protective quills resembling a porcupine",0.6282849907875061,0.6992111206054688,42.77139967452446,0.560192
1159_7.png,327,run_9,4,"a highly detailed, 4k-resolution digital painting of a porcupine creature posed atop a sleek, geometric cube",0.64113450050354,0.6869500875473022,47.99021869652193,0.560145
1159_7.png,328,run_6,3,"A 3D, vibrant, and whimsical, furry being, inspired by a porcupine, is situated comfortably on a stack of soft, white, and textured blocks, in a beautiful 8k digital artwork",0.6681990623474121,0.6948733329772949,55.21511092131643,0.558757
1159_7.png,329,run_12,4,"Masterpiece digital painting of a highly stylized, colorful, and fuzzy creature resembling a porcupine resting upon a colossal, pale, geometric structure constructed from highly textured and intricate blocks in a soft, ethereal setting",0.6309970617294312,0.6883682012557983,45.51741183429252,0.557026
1159_7.png,330,run_10,2,"A masterpiece of a whimsical, cartoonish, soft and fuzzy creature resembling a porcupine is perched delicately on a small, light cream-colored, ornate pedestal in front of a faint, gradient background",0.5950108766555786,0.6409071087837219,41.21084152695293,0.554626
1159_7.png,331,run_12,4,"Highly detailed, surreal still-life portrait of a fantastical, colorful, and furry creature resembling a porcupine perched upon a massive, luminous, geometric structure fashioned from intricately detailed and high-textured blocks in a soft, ambient, and mysterious background.",0.6148137450218201,0.6808322072029114,42.9166986656687,0.551207
1159_7.png,332,run_11,4,"A highly realistic, detailed creature resembling a porcupine sits atop a large, block-like structure made of polished cream-colored marble",0.6515284776687622,0.7301530241966248,47.895644737839525,0.550330
1159_7.png,333,run_6,2,"A photorealistic, stylized creature resembling a porcupine sits on a large, white textured cube in the center of a soft, neutral background.",0.6446933746337891,0.6786176562309265,52.27222908744254,0.549347
1159_7.png,334,run_15,4,"A vibrant, cartoonish, furry creature resembling a porcupine is perched atop a delicate, intricately carved wooden platform with soft, ethereal lighting",0.5904150009155273,0.6309477090835571,42.484352997973204,0.547802
1159_7.png,335,run_6,1,"'A photorealistic, stylized creature inspired by a porcupine is sitting atop a large cube composed of natural-looking, white blocks. Soft sunlight illuminates the scene.'",0.7161655426025391,0.7923223972320557,60.2654703649806,0.545639
1159_7.png,336,run_14,2,"Extremely detailed, 8k, hyper-realistic painting of a stylized, quilled, cute creature is sitting atop a simple, colored block",0.6066439747810364,0.6901276707649231,40.705888730081455,0.545059
1159_7.png,337,run_1,3,"highly realistic 4k-resolution digital painting of a resting porcupine-like creature with intricate details on a base of bright, polished stone blocks",0.6096816062927246,0.6886710524559021,41.91764697257224,0.544325
1159_7.png,338,run_11,2,"Stylized, highly detailed creature resembling a porcupine sits atop a large, cube-shaped block composed of cream-colored marble in a dramatic, masterful scene.",0.5908191204071045,0.6591510772705078,39.99902746643063,0.544107
1159_7.png,339,run_1,3,"stylized, extremely detailed, and realistic digital image of a porcupine-like creature with intricate patterns resting on a perfect 10x10 cube composed of natural stone blocks",0.6609090566635132,0.7649490833282471,49.04434970289039,0.537954
1159_7.png,340,run_2,2,"the cube made of smooth, light-colored, birch wooden blocks has a delicate, intricate, golden doorknob in the center where the porcupine creature sits",0.5498396754264832,0.5596295595169067,42.11682468819588,0.533770
1159_7.png,341,run_13,3,"A highly realistic, hyper-realistic, large, mystifying, porcupine-like creature, with intricate quills and a mystical aura, is perched atop an intricate, light-colored, expertly crafted wooden cube, set against a soft, pastel, subtle background",0.571132242679596,0.6128517985343933,42.17512556026079,0.532710
1159_7.png,342,run_6,1,"'A fantasy creature with porcupine-like features is sitting regally atop a sturdy cube constructed from smooth, creamy blocks. The atmosphere is serene and peaceful, set against a muted background.'",0.5996152758598328,0.6976768374443054,40.57053235499247,0.531544
1159_7.png,343,run_5,3,"A vibrant, whimsical porcupine figurine on a blocky pedestal set in front of a minimalist, white background",0.6251866221427917,0.7020531892776489,47.695648500063946,0.530584
1159_7.png,344,run_1,1,"A stylized, fantastical creature with a porcupine-like appearance is sitting on a cube constructed from intricately carved, light-colored blocks.",0.6186714172363281,0.6902499794960022,48.58244092298696,0.523991
1159_7.png,345,run_14,2,"Highly detailed, photorealistic, 4k digital artwork of a stylized, furry, cartoon-like creature resembling a quilled mammal is perched atop a cube made of light-colored, natural-looking wood blocks",0.5936564207077026,0.6551860570907593,45.96816314162069,0.521692
1159_7.png,346,run_15,4,"A whimsical, stylized, digital painting of a porcupine creature is positioned atop a gleaming, precision-cut wooden pedestal with a warm glow",0.580905556678772,0.6275629997253418,47.84342933881576,0.510715
1159_7.png,347,run_3,3,"A realistic, highly stylized, furry being with quills is placed atop a wooden block structure with a natural wood grain texture",0.5334799289703369,0.5657944679260254,41.50272102065837,0.510299
1159_7.png,348,run_12,2,"A highly detailed and photorealistic image of a porcupine-like creature sitting atop an enormous, pale-colored, crystalline structure composed of high-resolution, intricate, and textured blocks in a subtle, neutral atmosphere",0.660504937171936,0.7358755469322205,59.31336908776023,0.504777
1159_7.png,349,run_12,4,"Highly detailed, colorful, surreal still-life portrait of a fantastical, furry creature resembling a porcupine perched upon a gigantic, light-hued, geometric structure with intricate textures in a dreamy atmosphere",0.5756784677505493,0.67922043800354,41.62135073058386,0.503619
1159_7.png,350,run_4,1,"A whimsical, 4k, masterpiece featuring a stylized, colorful, creature resembling a porcupine perched atop a clear, glass cube supported by a delicate, metal frame",0.6449103355407715,0.7610995769500732,52.14884082999631,0.502884
1159_7.png,351,run_13,2,"The creature from a fantasy realm is sitting atop a highly polished, detailed, light-colored wooden cube, set against a serene, subtle background.",0.5779532194137573,0.673199474811554,45.11811304065096,0.493468
1159_7.png,352,run_11,3,"A highly realistic, hyper-detailed creature resembling a porcupine sits atop a large, ornate, cream-colored cube with intricate carvings and delicate filigree.",0.5839995741844177,0.6647330522537231,48.00041634178914,0.492947
1159_7.png,353,run_15,2,"A highly rendered, digital painting of a fantastical creature resembling a porcupine is standing on a single, light-colored, blocky structure set against a subtle gradient.",0.6036872863769531,0.748170018196106,45.234244335461426,0.485855
1159_7.png,354,run_11,4,"Highly stylized, dreamlike creature resembling a porcupine sits atop a giant cube-shaped monolith, set against a warm, golden-hued backdrop",0.611648440361023,0.7297303676605225,51.91785872172456,0.475486
1159_7.png,355,run_10,5,"A realistic, highly detailed, furry creature similar to a porcupine, with soft quills and a smooth coat, is posed nonchalantly on a natural, weathered, wooden block in a serene setting",0.5778071284294128,0.730048656463623,42.160885943587296,0.474822
1159_7.png,356,run_3,3,"A highly stylized, photo-realistic creature with a quill-like appearance is perched on top of a 3D wood-grain block structure with a soft, warm glow",0.5620812177658081,0.6212436556816101,51.20300215003621,0.471887
1159_7.png,357,run_5,3,"A realistic, furry creature perched on a cube of gleaming light-colored blocks against a soft blur",0.6267249584197998,0.7848633527755737,52.44550737464036,0.462382
1159_7.png,358,run_11,5,"A highly detailed creature resembling a porcupine sits atop a massive, gleaming cube-shaped block made of luxurious, off-white Carrara marble.",0.68077152967453,0.7476776242256165,72.96680011732224,0.460789
1159_7.png,359,run_12,3,"Colorful and whimsical digital painting of a stylized, cuddly, and fuzzy creature resembling a porcupine perched upon an immense, light-hued, geometric structure fashioned from finely crafted and high-textured blocks",0.6215782165527344,0.7807749509811401,53.33322010028263,0.453269
1159_7.png,360,run_13,3,"A highly stylized, photorealistic, large, furry, mystical creature with intricate details, is perched atop an intricately designed, light-colored, natural-looking wooden cube, set against a subtle, soft focus background",0.5220440626144409,0.6756543517112732,37.90617300292887,0.448495
1159_7.png,361,run_1,5,"A highly detailed, dreamlike, and majestic porcupine-like being with soft, intricate quills is resting in a serene landscape composed of bright, natural stone blocks",0.6455256342887878,0.8740368485450745,51.27986133255386,0.443071
1159_7.png,362,run_10,3,"A charming, 4k, fantasy creature with porcupine characteristics is perched on a weathered, pale-colored, stone block in a serene, natural environment",0.5958196520805359,0.8021491765975952,45.69797220625994,0.441632
1159_7.png,363,run_10,4,"A delicate, stylized, furry creature with soft quills similar to a porcupine is posed on a smooth, ivory-colored, block with intricate carvings",0.5807786583900452,0.6666911840438843,57.59042057158823,0.441272
1159_7.png,364,run_10,4,"A delicate, whimsical, furry creature similar to a porcupine is posed gracefully on a rough, light-colored, stone block",0.6334014534950256,0.8421216011047363,52.31064981800775,0.439490
1159_7.png,365,run_11,5,"A photorealistic creature resembling a porcupine sits atop a gigantic, crystal-like cube-shaped block made of luminous, snow-white quartz.",0.6894921064376831,0.7604357004165649,78.46695444736162,0.439251
1159_7.png,366,run_6,1,"'A highly detailed, 4K-quality image of a stylized, furry creature resembling a porcupine is perched atop a vibrant, block-shaped structure made of various light-colored materials.'",0.594959020614624,0.7815230488777161,48.646770015741126,0.438113
1159_7.png,367,run_15,1,"A whimsical, highly detailed, digital painting of a stylized creature resembling a porcupine is perched atop a cube made of light-colored, intricate blocks against a deep, rich blue background",0.6398168206214905,0.8373803496360779,55.562853266892944,0.435570
1159_7.png,368,run_6,3,"A cute, stylized, and intricate creature with porcupine-like quills, is carefully balanced on a delicate, light-blue glass cube, within a stunning digital painting",0.6367161273956299,0.8333328366279602,56.726714288972474,0.427969
1159_7.png,369,run_1,3,highly realistic and photo-realistic stylized fur texture detailed porcupine-like creature resting on a 10x10 cube of natural-looking blocks in a beautiful landscape backdrop,0.6253005266189575,0.7720458507537842,61.44477721053863,0.424540
1159_7.png,370,run_10,3,"A delicate, intricately detailed, cartoonish creature resembling a porcupine is situated on a textured, off-white, building block in front of a subtle, gradient background",0.6665058135986328,0.752663791179657,76.69600347291184,0.420069
1159_7.png,371,run_8,4,"Highly stylized, highly detailed, 4K-resolution digital painting of a cute, blue, fuzzy porcupine creature is sitting on a colorful, transparent cube made of vibrant, high-quality, textured blocks against a soft, gradient background",0.6517033576965332,0.8521247506141663,62.14114286817463,0.412143
1159_7.png,372,run_4,1,"A fantastical, dreamlike scene of a stylized, furry creature resembling a porcupine resting atop a cube composed of pale, shimmering, crystal blocks against a soft, neutral background.",0.6221566200256348,0.8163731098175049,57.894990099579964,0.411735
1159_7.png,373,run_11,4,"The highly detailed creature resembling a porcupine is perched atop a massive, cube-shaped block of smooth cream-colored stone in a grand, ancient temple",0.5516085624694824,0.732707142829895,47.77723343019124,0.409689
1159_7.png,374,run_15,2,"A stylized, furry creature with vibrant, iridescent quills is sitting on top of a single, light-colored, block, set against a soft, subtle background.",0.570176362991333,0.7409563660621643,53.213767234677036,0.404817
1159_7.png,375,run_12,5,"A dreamlike still-life portrait of a highly stylized, vibrant, and fantastical creature with porcupine-like features sitting atop a gigantic, luminescent, and ornate structure in a soft, ethereal background",0.5406601428985596,0.7565473914146423,43.413727416557386,0.401640
1159_7.png,376,run_14,3,"Highly detailed, 4k, surreal, fantasy masterpiece of a stylized, anthropomorphic, furry creature resembling a porcupine is sitting on a cube made of light-colored, neon-lit, futuristic blocks",0.5730171799659729,0.7440745830535889,55.7300152757787,0.394919
1159_7.png,377,run_7,5,"A photorealistic digital artwork of a majestic porcupine perched atop a perfectly rendered, 4K wood-grain block structure against a gentle, gradient sky",0.5832334756851196,0.7503674626350403,58.73242326662353,0.391178
1159_7.png,378,run_7,1,"A highly stylized, cartoonish creature resembling a porcupine with glowing, neon-colored accents is seated on top of a large, white, cube-shaped block with a subtle, pixel art texture",0.5543082356452942,0.734200119972229,53.49925988815347,0.385134
1159_7.png,379,run_11,4,"A 4k, highly stylized, digital painting of a porcupine sitting atop a large, cream-colored stone block in a serene, natural setting",0.5999652743339539,0.8177251219749451,57.33763519924894,0.382600
1159_7.png,380,run_6,3,"A fantasy creature, with a porcupine-like feature, is placed delicately on a crystal-clear glass cube, against a serene digital painting background",0.5867879390716553,0.8282915949821472,56.235215703953536,0.363397
1159_7.png,381,run_12,5,"A fantastical, highly stylized, and 4k-resolution portrait of a majestic, colorful, and porcupine-inspired creature sitting regally upon a gigantic, airy, and intricately detailed structure in a soft, ambient background with subtle, wispy clouds.",0.5709437131881714,0.8034758567810059,55.747834928141806,0.357826
1159_7.png,382,run_11,1,"A beautiful, surreal scene featuring a fantastical, furry creature resembling a porcupine perched atop a geometric, cube-shaped structure made of textured, white blocks.",0.5575417876243591,0.7921606302261353,53.99505077125027,0.353996
1159_7.png,383,run_12,5,"A colorful, whimsical, and highly detailed still-life featuring a giant, fuzzy, and porcupine-like creature perched upon a massive, gleaming, and ornate structure in a warm, sunlit background",0.5208079218864441,0.7177888751029968,54.10923545732019,0.344776
1159_7.png,384,run_9,4,highly realistic,0.43659576773643494,0.641472578048706,43.14424196922158,0.323468
1159_7.png,385,run_1,1,"A highly realistic, 4k, digital painting of a furry creature resembling a porcupine is sitting on top of a blocky structure.",0.5706529021263123,0.7991969585418701,63.69484415144715,0.321720
1159_7.png,386,run_14,2,"Highly stylized, 4k, digital artwork of a cute, quilled creature with intricate details is perched on a block made from a mix of dark and light marble",0.460907518863678,0.7684733867645264,45.14070049282657,0.274962
1159_7.png,387,run_14,2,"Highly detailed, 8k, realistic, digital painting of a spiky, furry, cute creature is sitting at the top of a blocky, minimalist, futuristic structure",0.528661847114563,0.8494328260421753,57.657856542023026,0.263135
1159_7.png,388,run_12,5,"A whimsical, oversized, and furry porcupine-like creature lounging on a colossal, gleaming, crystalline structure amidst a serene and misty atmosphere",0.603236973285675,0.8795230388641357,82.04654877594031,0.233055
1159_7.png,389,run_13,4,"A fantastical, ultra-realistic, massive, prickly porcupine-like creature sits atop a massive, intricately designed cube crafted from light-colored, natural-looking wooden blocks. The surroundings are serene.",0.49009400606155396,0.849281370639801,53.09454514749597,0.231194
1159_7.png,390,run_14,2,"A highly realistic, 4k, masterpiece of a stylized, spiky, cute creature is perched on top of a blocky, neon-colored, futuristic cube",0.4660707116127014,0.8045006394386292,55.361130112073035,0.212425
7836.png,1,run_11,5,"An astronaut stands on the stark, barren surface of a distant planet in hyper-detailed, 4k resolution, gazing out at a breathtakingly beautiful celestial body amidst an infinite, star-filled backdrop",0.9109718203544617,0.43888917565345764,24.478003848619146,0.935008
7836.png,2,run_11,5,"An astronaut stands on the barren surface of a distant planet in highly detailed, 4k resolution, looking out at a breathtakingly beautiful, serene celestial body surrounded by infinite, star-filled space under a soft, dreamy light",0.9051059484481812,0.44022777676582336,23.79393575031896,0.927586
7836.png,3,run_11,5,"An astronaut stands in highly detailed, oil painting style in 4k resolution on the stark, barren expanse of a distant planet, looking out at a breathtakingly beautiful celestial body surrounded by infinite, star-filled space",0.9101654291152954,0.4436251223087311,24.92104313355722,0.926096
7836.png,4,run_1,2,"A highly detailed, ultra-realistic image of an astronaut gazing out at a distant celestial body, set against a star-filled night sky with numerous planets and galaxies visible in the background",0.8979076743125916,0.41400113701820374,25.49244948267995,0.921245
7836.png,5,run_11,5,"An astronaut stands in highly detailed, photorealistic 4k resolution on the stark, rugged surface of a distant planet, looking out at a breathtakingly beautiful, vibrant celestial body surrounded by infinite, star-filled space",0.9050071239471436,0.4444534182548523,24.313185015982235,0.919902
7836.png,6,run_9,2,"A highly detailed astronaut stands on a harsh, barren environment of a planet, staring at a celestial body through a thick atmosphere surrounded by an infinite cosmos",0.9238555431365967,0.4824214279651642,26.22087071414734,0.911728
7836.png,7,run_13,3,"A lone astronaut stands in a dynamic, cinematic pose on a stark, barren planet, gazing out at a breathtaking, ultra-detailed view of a distant celestial body surrounded by a massive, star-filled sky",0.8909828662872314,0.44549301266670227,23.649412023075367,0.896314
7836.png,8,run_7,2,"An astronaut stands in the middle of a vast, empty, barren wasteland planet, looking out at a beautiful distant celestial body in a star-studded night sky.",0.9082150459289551,0.46482905745506287,26.79975711212676,0.890320
7836.png,9,run_3,4,"Barren, desolate moonlit planet with an astronaut in mid-step towards the foreground, looking up at a breathtaking, high-contrast star system in a highly detailed, dreamy digital painting",0.8999888896942139,0.4568738341331482,25.969661324826166,0.886878
7836.png,10,run_13,2,"A lone astronaut stands in a dynamic, cinematic pose on a desolate, barren planet, gazing out at a breathtaking, highly detailed view of a distant celestial body surrounded by a massive, star-filled sky",0.8949914574623108,0.4596392512321472,24.843827808683915,0.883483
7836.png,11,run_4,4,"Astronaut standing at the edge of a barren, rocky planet, gazing out at a nearby celestial body surrounded by a stunning array of stars and swirling clouds of gas and dust, highly detailed, 4k realistic",0.9043835401535034,0.47839707136154175,25.647232768094952,0.880692
7836.png,12,run_14,2,4k digital artwork of a lone astronaut standing on the surface of a desolate barren planet surrounded by an infinite star-filled expanse lost in thought as they gaze at a distant celestial body,0.900630533695221,0.47833529114723206,24.96326009714183,0.878614
7836.png,13,run_11,4,"An astronaut stands in highly detailed, 4k resolution on the stark, barren surface of a distant planet, looking out at a breathtakingly beautiful celestial body surrounded by infinite, star-filled space",0.8769147396087646,0.4232880473136902,25.00683362458908,0.875693
7836.png,14,run_9,5,"Highly realistic astronaut stands on a desolate, barren expanse of a alien world, intently observing a breathtaking, radiant celestial body through a dense, swirling atmosphere surrounded by the vastness of the universe",0.8791117668151855,0.4297849237918854,25.18184411362246,0.873430
7836.png,15,run_14,3,"4k digital painting of a lone, lost astronaut standing on the barren and desolate surface of a planet surrounded by an infinite star-filled expanse as they gaze wistfully at a distant celestial body",0.911900520324707,0.49881482124328613,26.60836041205502,0.871586
7836.png,16,run_10,3,"A lone astronaut stands at the edge of a barren, rocky planet, looking up at a distant star in the vastness of space",0.8790802955627441,0.4424576759338379,24.476771501099623,0.868599
7836.png,17,run_13,5,"A lone astronaut stands in a dramatic, cinematic pose on a cold, unforgiving planet, gazing out at a breathtaking, masterfully detailed view of a majestic, distant, shining celestial body surrounded by a seemingly endless, star-filled universe",0.8975810408592224,0.4821253716945648,25.166407007670145,0.867877
7836.png,18,run_4,3,"Astronaut standing at the edge of a barren planet, gazing out at a nearby celestial body surrounded by a stunning array of stars and swirling clouds of gas and dust, highly detailed realistic",0.897048830986023,0.4782716929912567,25.81841445062234,0.864846
7836.png,19,run_13,5,"A lone astronaut stands in a powerful, cinematic pose on a harsh, rocky planet, gazing out at a striking, highly detailed view of a distant celestial body surrounded by a vast, star-filled sky",0.9077654480934143,0.499482125043869,26.426912093252003,0.864227
7836.png,20,run_9,2,"A 4k resolution astronaut stands heroically on a barren, rocky, dystopian planet, looking up at a massive, celestial body through a thick atmosphere surrounded by a galaxy of stars",0.9157770276069641,0.520660400390625,26.293125913453977,0.864050
7836.png,21,run_13,5,"A lone astronaut stands in a dynamic, cinematic pose on a bleak, barren wasteland, gazing out at a breathtaking, ultra-vivid view of a stunning, distant celestial body surrounded by a massive, star-filled, velvety night sky",0.9078981876373291,0.505908191204071,26.709347054189205,0.857070
7836.png,22,run_7,1,"An astronaut stands on a barren wasteland planet, looking out at a beautiful distant celestial body in a star-studded night sky",0.9018824100494385,0.5048432350158691,25.32486651405881,0.856776
7836.png,23,run_14,1,"4k digital painting of a lone astronaut standing on the surface of a desolate, barren planet, lost in thought as they gaze outward at a distant celestial body amidst a breathtaking star-filled expanse",0.909544050693512,0.5137118101119995,26.43350632856667,0.856174
7836.png,24,run_6,4,"A highly realistic astronaut stands on a desolate, rocky planet, gazing up at a large, hazy, distant celestial object surrounded by a beautiful star-filled, cosmic sky with swirling nebulae",0.9067424535751343,0.5190056562423706,25.180890878234422,0.856093
7836.png,25,run_15,1,"An astronaut stands on a rugged, barren planet, gazing at a distant celestial body surrounded by a rich star-filled cosmos",0.9000582695007324,0.5143019556999207,24.068533028336812,0.855292
7836.png,26,run_3,1,Barren moonlit planet with an astronaut in the foreground staring up at a far-off star system highly detailed digital painting,0.8935897946357727,0.47874337434768677,26.262967478203528,0.854097
7836.png,27,run_14,4,4k digital artwork in a realistic style of a lone astronaut lost in thought as they gaze out at the star-filled expanse from the surface of a desolate planet,0.8902651071548462,0.4799158573150635,25.437708281826282,0.852976
7836.png,28,run_14,4,4k digital artwork of a lone astronaut standing at the edge of a desolate planet with an infinite star-filled expanse behind them as they gaze out at a distant celestial body lost in thought,0.9023958444595337,0.49534040689468384,27.069667536224703,0.851866
7836.png,29,run_9,3,"A highly detailed astronaut stands at the edge of a harsh, barren environment of a distant, icy planet, gazing upwards through a thick atmosphere surrounded by the infinite cosmos",0.8984549045562744,0.4831521809101105,27.407086132026148,0.851266
7836.png,30,run_11,1,"An astronaut stands on the barren surface of a distant planet, looking out at a stunning celestial body surrounded by infinite star-filled space",0.8804268836975098,0.4633898138999939,24.977917561228548,0.850382
7836.png,31,run_3,4,Barren moonlit planet with an astronaut in the foreground staring up at a far-off distant star system highly detailed 4k digital art,0.8927978277206421,0.46400028467178345,28.105043224618257,0.850078
7836.png,32,run_1,3,"A highly detailed, ultra-realistic image of a lone astronaut floating in the depths of space, gazing out at a breathtaking, star-studded night sky with numerous planets, galaxies, and nebulas visible in the background.",0.8704366683959961,0.4340490698814392,25.59224341158858,0.849482
7836.png,33,run_1,1,"A highly detailed, photorealistic image of an astronaut gazing out at a distant celestial body, set against a star-filled night sky with numerous planets and galaxies visible in the background.",0.8776004314422607,0.4341898262500763,27.467179690511088,0.848978
7836.png,34,run_10,1,"An astronaut stands in front of a barren, rocky planet, gazing up at a distant celestial body surrounded by a star-filled cosmos",0.8891093730926514,0.4693106412887573,26.766330687009777,0.848890
7836.png,35,run_13,5,"A lone astronaut stands triumphantly in a majestic, cinematic pose on a desolate, otherworldly planet, gazing out at a breathtaking, highly realistic view of a breathtaking, ultra-detailed celestial body surrounded by a vast, star-filled space",0.8890453577041626,0.47156471014022827,26.626645903108326,0.848026
7836.png,36,run_6,4,"A highly detailed, digital painting of an astronaut stands on the surface of a barren, rocky, desolate planet, gazing up at a beautiful, bright, hazy, distant celestial body surrounded by a star-filled, cosmic sky with colorful, swirling nebulae",0.8891157507896423,0.5011042952537537,23.981186710326032,0.844886
7836.png,37,run_8,4,"A lone astronaut stands in front of a barren, rocky planet, gazing at a massive, glowing star surrounded by a stunning, star-filled universe",0.8957253694534302,0.4944044351577759,26.438508565209066,0.844273
7836.png,38,run_11,2,"A photorealistic 4k masterpiece of an astronaut standing on the desolate surface of a distant planet, gazing out at a breathtakingly beautiful celestial body, set against the infinite darkness of space",0.8795291781425476,0.4776706397533417,24.320069180180123,0.842152
7836.png,39,run_4,2,"An astronaut stands on the edge of a vast barren planet, gazing at a distant celestial body amidst a stunning star-filled cosmos with vibrant nebulae, ultra realistic",0.8854231238365173,0.4512869119644165,28.570056111508343,0.842066
7836.png,40,run_1,5,"'A photorealistic, 4k-resolution image of an astronaut gazing out at a vibrant, celestial wonderland with countless stars, planets, and galaxies swirling around a bright, shimmering nebula in the background.'",0.8905519843101501,0.4894174635410309,25.99715204753069,0.841465
7836.png,41,run_7,4,"An astronaut stands amidst the vast emptiness of a planet devoid of atmosphere, gazing out at a stunning celestial body in a celestial starry expanse",0.8836626410484314,0.4517885148525238,28.361061141812495,0.839787
7836.png,42,run_2,1,"An astronaut standing on a desolate barren planet's surface, looks up in awe at a distant celestial body set amidst the inky blackness of the cosmos",0.8864576816558838,0.47166943550109863,27.165648895732556,0.838572
7836.png,43,run_1,3,"An astronaut floating in space, gazing intensely at a breathtaking, star-studded night sky with various planets, galaxies, and nebulas visible in the background.",0.8783571720123291,0.4498211145401001,27.682395406460653,0.836121
7836.png,44,run_1,1,"A 4k resolution masterclass image of a lone astronaut standing on a desolate planet, lost in thought as they contemplate the infinite expanse of a star-filled galaxy.",0.9120931625366211,0.5153485536575317,29.850732305733285,0.833205
7836.png,45,run_4,2,"An astronaut stands on the edge of a vast barren planet, gazing at a distant celestial body amidst a stunning star-filled cosmos with vibrant nebulae, high quality, sharp",0.8771642446517944,0.4438326954841614,28.61201701124081,0.831335
7836.png,46,run_13,4,"A lone astronaut stands in a powerful dynamic pose on a desolate, barren, distant exoplanet, gazing out at a breathtaking, highly-detailed, cinematic view of a stunning, distant star, surrounded by a vast, star-filled, black space",0.8821269273757935,0.44637930393218994,29.961018986199488,0.828607
7836.png,47,run_10,1,"An astronaut stands at the center of a barren, barren planet's horizon, gazing up at a distant, majestic celestial body set against a dark, star-filled canvas",0.8741806745529175,0.45363491773605347,27.209749307959125,0.828404
7836.png,48,run_4,5,"A photorealistic 4k image of an astronaut standing at the edge of a barren, rocky planet, gazing out at a nearby celestial body surrounded by a stunning array of stars and clouds of dark blue, cosmic gas and dust",0.8972032070159912,0.5073696970939636,27.52214621756397,0.828226
7836.png,49,run_14,3,highly detailed 4k digital painting of a lone astronaut standing on a desolate barren planet's surface surrounded by an infinite star-filled expanse lost in thought as they gaze at a distant celestial body,0.9028596878051758,0.5185630917549133,27.818259029575515,0.828097
7836.png,50,run_11,3,"A lone astronaut stands at the edge of a barren, icy surface of a distant planet, gazing out at a breathtakingly beautiful celestial body surrounded by infinite, sparkling star-filled space",0.9062889814376831,0.5064929723739624,30.069521564465994,0.827118
7836.png,51,run_15,3,"An astronaut stands on a barren, rocky landscape, looking out at a distant, luminous celestial body against a deep, inky black background",0.897430419921875,0.5238022804260254,26.467124320898353,0.823597
7836.png,52,run_2,5,"An astronaut standing alone on a desolate, vast barren planet's surface, looks up in awe at a large, luminous distant celestial body set amidst the inky blackness of the cosmos with a dramatic atmosphere.",0.891363263130188,0.48890167474746704,28.54870793841606,0.823550
7836.png,53,run_6,5,"A highly realistic astronaut stands on a desolate, rocky, dusty planet, gazing up at a large, hazy, distant, glowing celestial object surrounded by a beautiful, star-filled, cosmic sky with swirling nebulae.",0.8808858394622803,0.5138447880744934,23.340984034790566,0.823163
7836.png,54,run_7,3,"A lone astronaut stands in the middle of a barren, arid planet with an endless horizon, gazing at a breathtaking celestial body in a star-studded sky",0.8712875247001648,0.4702832102775574,25.663503729947173,0.821225
7836.png,55,run_14,3,"highly detailed 4k digital artwork of an astronaut standing on the surface of a stark, barren, and desolate planet surrounded by billions of twinkling stars as they gaze contemplatively at a distant celestial body in the vastness of space",0.8770182132720947,0.504898726940155,23.755639538062894,0.819474
7836.png,56,run_13,4,"A lone astronaut stands in a dramatic dynamic pose on a stark, barren, alien exoplanet, gazing out at a breathtaking, ultra-highly-detailed view of a distant star, surrounded by a limitless, star-filled sky",0.8758164048194885,0.46390852332115173,27.934678150985754,0.817660
7836.png,57,run_4,3,"An astronaut stands at the edge of a vast desolate planet, looking out at a nearby celestial body surrounded by a stunning array of stars and swirling clouds of nebulae, highly detailed 4k",0.8769541382789612,0.45246925950050354,29.437068896756443,0.817459
7836.png,58,run_11,1,"An astronaut stands at the edge of a barren planet's horizon, gazing up at a breathtaking celestial body set against a star-filled, cosmic background",0.8667904138565063,0.4412456154823303,28.22916426429879,0.815764
7836.png,59,run_6,5,"A highly realistic astronaut stands on a barren, rugged planet, gazing up at a large, distant celestial object surrounded by a vibrant, star-filled sky with swirling nebulae.",0.8935732841491699,0.521877646446228,26.96414420149113,0.813589
7836.png,60,run_14,4,highly detailed 4k digital painting of an astronaut standing alone on the surface of a cold barren planet surrounded by the infinite darkness of space with a distant celestial body in the background,0.8747531175613403,0.4961930215358734,24.8974613269248,0.813098
7836.png,61,run_6,1,"A detailed astronaut stands on a barren, rocky planet, gazing at a distant celestial body surrounded by a star-filled cosmos with vivid nebulae",0.8850114345550537,0.48744985461235046,28.466424916471993,0.812719
7836.png,62,run_4,2,"An astronaut stands on the edge of a vast barren planet, gazing at a distant celestial body amidst a stunning star-filled cosmos with vibrant nebulae, highly detailed",0.8671209812164307,0.4442620277404785,28.44191736015887,0.812312
7836.png,63,run_10,5,"A lone astronaut stands at the edge of a barren, rocky planet, lost in contemplation of a lone, shining star in a vast, starry universe",0.8908393383026123,0.5356688499450684,25.016603644365986,0.812182
7836.png,64,run_1,5,"'A highly realistic, photorealistic image of an astronaut gazing out at a distant celestial body, set against a star-filled night sky with numerous planets and galaxies visible in the background and a bright, shining moon.'",0.9019979238510132,0.4990289807319641,31.87616163254985,0.810500
7836.png,65,run_2,5,"A majestic astronaut standing on a desolate, rocky barren planet's surface, looks up in awe at a bright, distant celestial body set amidst the inky blackness of the cosmos in a highly detailed, 4k digital painting",0.9029118418693542,0.5382857322692871,28.071929407227255,0.810218
7836.png,66,run_4,4,"Astronaut standing at the edge of a barren, arid planet, gazing out at a nearby star surrounded by a stunning array of stars, swirling clouds of gas, and a vast expanse of dark space, highly detailed, realistic masterpiece",0.8697423934936523,0.4858871400356293,25.13222078108959,0.809642
7836.png,67,run_9,2,"An astronaut stands on a barren, rocky planet, gazing at a nearby celestial body surrounded by a star-filled, vast cosmos",0.8831440210342407,0.5038579106330872,26.78080701072146,0.808868
7836.png,68,run_11,2,"A highly realistic digital painting of an astronaut standing on the barren surface of a distant planet, looking out at a breathtaking celestial body surrounded by infinite star-filled space",0.8682742118835449,0.49702614545822144,24.261655391598396,0.804488
7836.png,69,run_13,1,"A lone astronaut stands in a dramatic, cinematic pose on a barren planet, gazing out at the breathtaking vista of a distant celestial body surrounded by a vast, star-filled expanse",0.8864879012107849,0.48699042201042175,30.044353974536566,0.803695
7836.png,70,run_3,2,"High-resolution digital painting of a barren, rugged moonlit planet with an astronaut in the foreground staring up at a breathtaking, celestial star system",0.8951244950294495,0.5465191006660461,26.37454316980842,0.801298
7836.png,71,run_8,4,"A highly detailed astronaut stands in front of a desolate, barren planet, gazing at a majestic, distant celestial body surrounded by a breathtaking, star-filled cosmos",0.8694232106208801,0.49679693579673767,24.99174104256689,0.801254
7836.png,72,run_6,2,"A highly detailed astronaut stands on a barren, rocky planet, gazing at a distant celestial body surrounded by a star-filled cosmos with vibrant nebulae",0.8681337833404541,0.48301681876182556,26.216330360238196,0.800290
7836.png,73,run_10,4,"A lone astronaut stands at the edge of a barren, crimson, rocky planet, looking up at a faint, distant star in the vastness of space",0.8645994067192078,0.4677165746688843,27.077238156696865,0.798932
7836.png,74,run_13,3,"A lone figure in a sleek, high-tech spacesuit stands at the edge of a stark, barren planet, gazing out at a stunning, masterpiece-quality view of a distant celestial body against a vast, star-filled expanse",0.8848739266395569,0.5266273021697998,26.15103010498013,0.798766
7836.png,75,run_13,2,"A lone astronaut stands in a dramatic, highly detailed, cinematic pose on a barren, rocky planet, gazing out at the breathtaking vista of a distant celestial body surrounded by a vast, star-filled expanse with a beautiful nebula in the background",0.8906846642494202,0.4939764440059662,31.061606187566365,0.798434
7836.png,76,run_1,1,"A digital painting masterpiece depicting an astronaut standing on a barren, rocky alien world, looking up at a massive, glowing celestial body surrounded by a stunning array of stars and swirling cosmic dust.",0.8633567094802856,0.4994402825832367,23.811496740555032,0.796254
7836.png,77,run_10,3,"An astronaut stands in front of a barren, rocky alien world, gazing up at a distant celestial body surrounded by a star-filled cosmos",0.8674958348274231,0.4760792851448059,27.332790596802038,0.795919
7836.png,78,run_11,5,"An astronaut stands at the edge of a stark, barren canyon on a distant planet, surrounded by infinite, star-filled space in highly detailed, 4k resolution, looking out at a breathtakingly beautiful celestial body",0.863741934299469,0.4897817373275757,25.123496569260265,0.794599
7836.png,79,run_6,3,"A highly detailed astronaut stands on a barren, rocky planet, gazing at a distant celestial body surrounded by a richly star-filled cosmos with vibrant, swirling nebulae.",0.8774542808532715,0.49074047803878784,28.639112413900808,0.793647
7836.png,80,run_12,1,"An astronaut stands on a barren Martian planet, gazing at a distant celestial body surrounded by a star-filled cosmos",0.8747290968894958,0.5071828365325928,26.68068216551854,0.790192
7836.png,81,run_8,3,"An astronaut stands in front of a desolate barren planet, gazing at a distant celestial body surrounded by a vast star-filled cosmos",0.8603940010070801,0.4913904070854187,24.72040195502707,0.789777
7836.png,82,run_4,1,"An astronaut stands on the edge of a vast barren planet, gazing at a distant celestial body amidst a stunning star-filled cosmos with vibrant nebulae",0.8574649691581726,0.44842529296875,28.694437862993315,0.787727
7836.png,83,run_4,2,"An astronaut stands on the edge of a vast barren planet, gazing at a distant celestial body amidst a stunning star-filled cosmos with vibrant nebulae, masterpiece",0.8479570746421814,0.44143640995025635,27.231451453508555,0.785897
7836.png,84,run_15,5,"A lone astronaut stands on a rugged, barren planet, admiring a massive celestial body within a breathtaking, 4k, digitally painted star-filled environment",0.896882951259613,0.55104660987854,28.33491532640184,0.785800
7836.png,85,run_5,3,"A lone astronaut stands on a desolate, craggy terrain of a distant extraterrestrial planet, looking up at a far-off celestial body surrounded by a cosmic backdrop",0.8843165040016174,0.5458707213401794,25.8049734337608,0.784750
7836.png,86,run_2,2,"An astronaut looks out at a breathtaking, highly detailed view of a desolate, rocky planet's surface, with a distant, glowing celestial body rising in the inky blackness of space",0.8907741904258728,0.5043007731437683,31.799859671790692,0.784464
7836.png,87,run_5,3,"An astronaut stands on a rugged, rocky surface of a barren alien world, gazing at a distant celestial body within a star-filled galaxy",0.8806909322738647,0.5411112904548645,25.5077116254528,0.783713
7836.png,88,run_8,5,"A lone astronaut stands in front of a desolate, rocky planet, gazing at a massive, radiant star surrounded by a breathtaking, star-filled universe",0.8615609407424927,0.4696829617023468,28.093409963248902,0.783339
7836.png,89,run_13,4,"A lone astronaut stands in a cinematic pose against the stark, desolate backdrop of a barren, rocky planet, gazing out at a breathtaking, hyper-realistic view of a distant, celestial body, surrounded by a massive, star-filled, night sky",0.8803679943084717,0.545299768447876,25.18451931557295,0.782199
7836.png,90,run_3,1,"Gazing out at a breathtaking celestial landscape, an astronaut stands at the edge of a barren alien world",0.8859933614730835,0.5136961340904236,29.9128554669553,0.782073
7836.png,91,run_15,4,"A lone astronaut walks on a barren, rocky planet, looking at a faint celestial body amidst a vast, star-filled cosmos",0.8765442967414856,0.5381824374198914,25.24033766475705,0.779920
7836.png,92,run_3,3,highly detailed digital painting of a bleak moonlit planet with an astronaut in the foreground gazing up at a distant star system,0.8791994452476501,0.5331929922103882,26.706306590895117,0.777795
7836.png,93,run_15,5,"An astronaut stands on a desolate, rocky planet, gazing at a dim distant celestial body surrounded by a densely star-filled cosmos",0.8703500032424927,0.5002680420875549,27.882061089165727,0.777686
7836.png,94,run_4,3,"A highly detailed astronaut stands on the edge of a vast barren rocky planet, gazing out at a distant star surrounded by a beautiful array of vibrant colorful stars and nebulae, ultra realistic 4k",0.851176381111145,0.47412753105163574,26.539828724073583,0.771196
7836.png,95,run_3,3,highly detailed realistic digital art of a moonlit planet with an astronaut in the foreground looking up in awe at a breathtaking star system,0.8792827129364014,0.5323405861854553,27.8841621915696,0.769443
7836.png,96,run_9,5,"Highly detailed spacewalker stands on a barren, rocky surface of a distant planet, gazing in awe at a magnificent, celestial body through a thick, cloudy atmosphere set amidst an infinite, star-filled cosmos",0.893369197845459,0.5462242960929871,30.07949858200202,0.769073
7836.png,97,run_14,3,"highly realistic 4k digital artwork of an astronaut standing on the surface of a desolate, barren, and seemingly abandoned planet surrounded by the endless vastness of a star-filled universe lost in thought as they gaze at a distant celestial body",0.8774529099464417,0.5300129652023315,27.71158761630495,0.769036
7836.png,98,run_7,3,"A single astronaut stands on the edge of a barren wasteland, surveying an expansive, empty landscape, with a breathtaking celestial body shining in the distance under a dark night sky",0.9016516208648682,0.5631554126739502,30.447659448810427,0.768957
7836.png,99,run_11,4,"An astronaut stands in a stunning, highly detailed, 4k resolution image on the barren, rocky surface of a mysterious, distant planet, looking out at a resplendent celestial body surrounded by an infinite expanse of stars",0.8725771903991699,0.5195875763893127,27.57403347237366,0.768857
7836.png,100,run_12,3,"An astronaut stands in the foreground of a barren Martian landscape, gazing at a distant celestial body amidst a star-filled cosmos",0.8690742254257202,0.5123294591903687,28.03030135462717,0.764201
7836.png,101,run_6,2,"A highly detailed astronaut stands on a barren, rocky exoplanet, gazing out at a stunning, star-filled universe with vibrant, colorful nebulae and galaxies",0.8536449670791626,0.5078327655792236,24.68474616220772,0.763274
7836.png,102,run_8,5,"A lone astronaut stands at the edge of a barren, rocky planet, gazing up at a massive, glowing star surrounded by a stunning, star-filled cosmic landscape",0.8612908720970154,0.4948052167892456,28.16414568351806,0.761867
7836.png,103,run_4,4,"Astronaut standing at the edge of a desolate, crimson planet, staring out at a nearby star surrounded by a breathtaking array of stars and swirling clouds of gas and dust, highly detailed",0.8698185682296753,0.4906217157840729,30.773281024452796,0.761847
7836.png,104,run_6,5,"A highly detailed astronaut stands on a desolate, rocky planet, gazing up at a massive, hazy, distant nebula surrounded by an incredibly beautiful, star-filled, cosmic sky.",0.8693475723266602,0.5091833472251892,29.23742024643657,0.757859
7836.png,105,run_14,5,4k digital artwork of a lone astronaut standing on the edge of a desolate barren planet with a distant celestial body looming in the background surrounded by a sea of infinite stars,0.840999186038971,0.47411563992500305,25.684110595419245,0.757625
7836.png,106,run_10,3,"An astronaut stands in the foreground of a barren, rocky world, gazing upward in wonder at the star-filled expanse",0.8652157783508301,0.5065454840660095,28.633192562911365,0.756494
7836.png,107,run_1,Baseline,"An astronaut stands on a barren planet, gazing at a distant celestial body surrounded by a star-filled cosmos.",0.8442608118057251,0.49044620990753174,24.975640383248418,0.756412
7836.png,108,run_2,Baseline,"An astronaut stands on a barren planet, gazing at a distant celestial body surrounded by a star-filled cosmos.",0.8442608118057251,0.49044620990753174,24.975640383248418,0.756412
7836.png,109,run_3,Baseline,"An astronaut stands on a barren planet, gazing at a distant celestial body surrounded by a star-filled cosmos.",0.8442608118057251,0.49044620990753174,24.975640383248418,0.756412
7836.png,110,run_4,Baseline,"An astronaut stands on a barren planet, gazing at a distant celestial body surrounded by a star-filled cosmos.",0.8442608118057251,0.49044620990753174,24.975640383248418,0.756412
7836.png,111,run_5,Baseline,"An astronaut stands on a barren planet, gazing at a distant celestial body surrounded by a star-filled cosmos.",0.8442608118057251,0.49044620990753174,24.975640383248418,0.756412
7836.png,112,run_6,Baseline,"An astronaut stands on a barren planet, gazing at a distant celestial body surrounded by a star-filled cosmos.",0.8442608118057251,0.49044620990753174,24.975640383248418,0.756412
7836.png,113,run_7,Baseline,"An astronaut stands on a barren planet, gazing at a distant celestial body surrounded by a star-filled cosmos.",0.8442608118057251,0.49044620990753174,24.975640383248418,0.756412
7836.png,114,run_8,Baseline,"An astronaut stands on a barren planet, gazing at a distant celestial body surrounded by a star-filled cosmos.",0.8442608118057251,0.49044620990753174,24.975640383248418,0.756412
7836.png,115,run_9,Baseline,"An astronaut stands on a barren planet, gazing at a distant celestial body surrounded by a star-filled cosmos.",0.8442608118057251,0.49044620990753174,24.975640383248418,0.756412
7836.png,116,run_10,Baseline,"An astronaut stands on a barren planet, gazing at a distant celestial body surrounded by a star-filled cosmos.",0.8442608118057251,0.49044620990753174,24.975640383248418,0.756412
7836.png,117,run_11,Baseline,"An astronaut stands on a barren planet, gazing at a distant celestial body surrounded by a star-filled cosmos.",0.8442608118057251,0.49044620990753174,24.975640383248418,0.756412
7836.png,118,run_12,Baseline,"An astronaut stands on a barren planet, gazing at a distant celestial body surrounded by a star-filled cosmos.",0.8442608118057251,0.49044620990753174,24.975640383248418,0.756412
7836.png,119,run_13,Baseline,"An astronaut stands on a barren planet, gazing at a distant celestial body surrounded by a star-filled cosmos.",0.8442608118057251,0.49044620990753174,24.975640383248418,0.756412
7836.png,120,run_14,Baseline,"An astronaut stands on a barren planet, gazing at a distant celestial body surrounded by a star-filled cosmos.",0.8442608118057251,0.49044620990753174,24.975640383248418,0.756412
7836.png,121,run_15,Baseline,"An astronaut stands on a barren planet, gazing at a distant celestial body surrounded by a star-filled cosmos.",0.8442608118057251,0.49044620990753174,24.975640383248418,0.756412
7836.png,122,run_9,4,"A highly detailed astronaut stands on a rocky, barren, icy environment of a distant planet, intensely gazing through a thick atmosphere at a bright, glowing celestial body surrounded by a boundless, infinite, dark cosmos",0.8940313458442688,0.5618173480033875,30.30632023517259,0.755969
7836.png,123,run_5,2,"An astronaut stands on a desolate, rocky surface of a barren alien planet, gazing at a distant celestial body within a star-filled cosmos",0.8764843344688416,0.5504392981529236,27.130186961060566,0.755081
7836.png,124,run_6,3,"A highly detailed astronaut stands on a barren, rocky planet, gazing at a distant, glowing celestial body surrounded by a dense, star-filled cosmos with vibrant nebulae.",0.8611347675323486,0.514960527420044,26.911763167450783,0.754997
7836.png,125,run_1,2,"A highly detailed, photorealistic masterpiece depicting an astronaut gazing out at a magnificent celestial body, set against a 4k resolution star-filled night sky with numerous planets and galaxies visible in the background",0.8745375871658325,0.5288154482841492,28.932431719395495,0.754655
7836.png,126,run_4,4,"Astronaut standing on the barren, dusty surface of a small, distant rock, gazing up at a celestial body surrounded by a stunning array of stars and swirling clouds of gas and dust, highly detailed realistic, digital painting",0.8494289517402649,0.5151380896568298,24.026626710264583,0.754095
7836.png,127,run_4,5,"A realistic 4k astronaut photograph of an individual standing at the cliff's edge of a rocky planet, overlooking a stunning celestial body in a deep space background",0.9118026494979858,0.5697183012962341,34.39316348896983,0.753003
7836.png,128,run_7,2,"In a highly detailed, surrealistic scene, a lone astronaut stands on a desolate, barren planet, gazing out at a stunning, radiant celestial body in a vast, star-filled night sky.",0.8628441691398621,0.5376691818237305,25.279605587933126,0.752741
7836.png,129,run_3,5,"Mid-century digital painting of a desolate moonlit planet with an astronaut suspended in mid-step, looking up at a dramatic, high-contrast starfield",0.8617768883705139,0.4919185936450958,29.922289457771708,0.751431
7836.png,130,run_7,5,"A highly detailed astronaut stands in the foreground of a vast, barren wasteland planet, looking up at a stunning, distant celestial body in a dramatic, star-studded night sky.",0.8409930467605591,0.48131510615348816,25.82755945141264,0.750650
7836.png,131,run_13,3,"A lone astronaut stands proudly in a dynamic, artistic pose on a desolate, unforgiving alien world, looking out at a breathtaking, ultra-realistic view of a distant star, surrounded by a swirling, star-filled sky",0.86708664894104,0.48844537138938904,31.904909726875665,0.749323
7836.png,132,run_8,1,"Highly detailed digital painting of an astronaut standing on a desolate planet, looking at a celestial body surrounded by a multitude of stars",0.8681650757789612,0.5592405796051025,25.05184362432962,0.747620
7836.png,133,run_8,4,"An astronaut stands in front of a barren, moon-like planet, gazing at a distant galaxy surrounded by a beautiful, star-filled night sky",0.8580203056335449,0.47925442457199097,30.791605493797068,0.747425
7836.png,134,run_13,5,"A lone astronaut stands in a heroic, cinematic pose on a barren, alien landscape, gazing out at a stunning, highly detailed view of a magnificent, distant celestial body surrounded by a boundless, star-filled cosmos",0.8236650824546814,0.4588853716850281,24.17250202219349,0.747272
7836.png,135,run_8,2,"A majestic astronaut stands at the center of the frame, on a desolate alien planet, looking out at a beautiful, glowing celestial body against the backdrop of a stunning, star-filled cosmos.",0.8399481773376465,0.46932512521743774,27.237959684952862,0.747268
7836.png,136,run_7,4,"An astronaut stands resolute in the middle of a desolate, barren, and unforgiving planet, gazing at a breathtaking celestial body in a star-studded cosmos",0.8412843942642212,0.4716537594795227,27.390813684652816,0.746846
7836.png,137,run_1,1,"An astronaut in a sleek black spacesuit stands at the edge of a barren alien landscape, looking out at a magnificent distant planet with swirling clouds and a bright blazing sun.",0.8799521923065186,0.5068035125732422,33.73983475930137,0.745710
7836.png,138,run_6,5,"A highly realistic astronaut stands on a vast, barren lunar-like planet, looking up at a massive, fuzzy, distant celestial object surrounded by an incredibly detailed, star-filled, cosmic sky.",0.8387835025787354,0.48486799001693726,25.60167767316839,0.745133
7836.png,139,run_14,4,a highly realistic digital painting of an astronaut standing on a barren planet surrounded by an endless sea of stars and lost in contemplation of a celestial body in the distance,0.8501461148262024,0.5359116792678833,23.51970854402026,0.742634
7836.png,140,run_15,3,"A lone astronaut stands on the barren, rocky surface of a distant planet, gazing out at a nearby, highly detailed celestial body surrounded by a rich, star-filled background",0.8512499332427979,0.5284783244132996,25.099514540657665,0.738511
7836.png,141,run_11,3,"An adventurer in a futuristic spacesuit stands on the barren surface of a remote planet, looking out at a stunning, vibrant celestial body surrounded by a vast, star-filled expanse",0.9095372557640076,0.5731633901596069,35.31920556461704,0.738455
7836.png,142,run_12,2,"A 4K digital painting of an astronaut standing on a barren Martian planet, gazing at a nearby celestial body surrounded by a vast expanse of stars",0.8516845107078552,0.532893180847168,24.819022018214387,0.737988
7836.png,143,run_5,3,"An astronaut stands defiantly on a rugged, barren terrain of a desolate alien planet, gazing up at a bright, shining star within a highly detailed, vibrant cosmic scene",0.8515681028366089,0.5010708570480347,28.669717315875687,0.733465
7836.png,144,run_11,4,"A highly detailed, 4k resolution astronaut stands on the stark, barren surface of a distant planet, looking out at a mesmerizing celestial body surrounded by a seemingly endless, star-filled universe",0.8349063992500305,0.4982430636882782,24.90758320198697,0.731987
7836.png,145,run_8,1,"Realistic digital artwork of an astronaut standing on a barren, dusty planet, looking out at a beautiful star-filled cosmos",0.8828796148300171,0.5548073649406433,31.339897442160094,0.731362
7836.png,146,run_15,4,"A distant astronaut stands on a rocky, desolate planet, gazing at a close celestial body surrounded by a vibrant star-filled universe",0.8622982501983643,0.5661325454711914,25.187783740920302,0.729280
7836.png,147,run_1,3,"A highly detailed, 4k, ultra-realistic portrait of an astronaut gazing out at a distant celestial body, set against a star-filled night sky with numerous planets and galaxies visible in the background.",0.8343721628189087,0.4857557713985443,26.727953748437145,0.726820
7836.png,148,run_5,2,"A lone astronaut stands at the edge of a barren, rocky expanse, looking upwards at a distant star surrounded by countless celestial bodies",0.8389829993247986,0.5099800825119019,25.389207648296527,0.726819
7836.png,149,run_11,3,"An astronaut stands in the center of a barren, rocky surface of a distant planet, looking out at a breathtaking celestial body surrounded by an endless sea of star-filled space",0.8294791579246521,0.46246135234832764,27.98571262459811,0.726137
7836.png,150,run_3,2,"Exquisite, highly detailed digital art of a barren moonlit planet with an astronaut in the foreground staring up at a majestic, far-off star system",0.8370183706283569,0.5118638873100281,24.83315468765849,0.725725
7836.png,151,run_5,5,"A lone astronaut stands on rugged, barren terrain of a distant extraterrestrial planet, looking up at a far-off celestial body surrounded by a celestial backdrop",0.8243023157119751,0.4822520911693573,24.703364077869644,0.725434
7836.png,152,run_13,2,"An astronaut stands in a heroic, cinematic pose on a barren, sandy planet, gazing out at a highly detailed, breathtaking view of a distant celestial body surrounded by a stunning, star-filled expanse under a bright, full moon",0.8400630950927734,0.509778618812561,25.88226428248119,0.725279
7836.png,153,run_8,4,"An astronaut stands in front of a desolate, rugged barren planet, gazing at a distant celestial body surrounded by a vast, star-filled cosmos",0.8645805716514587,0.5569654107093811,27.4028022131403,0.723945
7836.png,154,run_14,2,4k digital oil painting of an astronaut standing alone on the dusty surface of a barren planet lost in contemplation as they gaze outward at a distant celestial body in a vast star-filled universe,0.909608781337738,0.5899726748466492,35.505889069802954,0.723502
7836.png,155,run_4,4,"A lone astronaut standing at the edge of a barren, lunar-like landscape, gazing out at a nearby celestial body surrounded by a stunning array of stars and swirling clouds of gas and dust, highly detailed, oil painting",0.8461406230926514,0.5393521785736084,24.6482076224093,0.723041
7836.png,156,run_8,3,"A lone astronaut stands on the barren surface of a remote planet, gazing up at a stunning celestial body amidst a vast star-studded cosmos",0.8280870318412781,0.49958372116088867,24.26462292617798,0.722343
7836.png,157,run_4,2,"An astronaut stands on the edge of a vast barren planet, gazing at a distant celestial body amidst a stunning star-filled cosmos with vibrant nebulae, best lighting",0.8262181282043457,0.44530147314071655,29.596191276910968,0.720971
7836.png,158,run_15,5,"An astronaut stands on a barren, rugged terrain, gazing at a large celestial body against a vibrant, star-filled background",0.8519474864006042,0.5319223999977112,27.169053194551214,0.720926
7836.png,159,run_6,4,"A highly detailed astronaut stands in the middle of a barren, rocky planet, gazing at a distant, glowing celestial body surrounded by a star-filled, vibrant cosmos with vivid nebulae",0.8428038358688354,0.49760061502456665,28.949544088428734,0.716635
7836.png,160,run_1,2,"A highly detailed, photorealistic image of an astronaut gazing out at a distant, majestic celestial body, set against an even more realistic and detailed star-filled night sky with numerous planets and galaxies visible in the background.",0.8570388555526733,0.5264056324958801,29.59811034218382,0.716550
7836.png,161,run_6,4,"An astronaut stands on the edge of a barren, rocky planet, looking up at a stunning, bright stellar body surrounded by a star-filled, cosmic landscape with colorful nebulae",0.8321769833564758,0.47615665197372437,28.62492213392086,0.715403
7836.png,162,run_8,2,"A lone astronaut stands on a barren, cratered surface, looking up at a stunning, celestial body, surrounded by a breathtaking array of colors and a star-filled, infinite cosmos.",0.8130646347999573,0.4533873498439789,26.177379232214186,0.714942
7836.png,163,run_12,1,"An astronaut stands on a desolate alien landscape, contemplating a distant star surrounded by a vast expanse of cosmic space",0.8283740282058716,0.4967237710952759,25.964565714770178,0.711943
7836.png,164,run_10,1,"A highly detailed astronaut stands on a rugged, barren planet's outskirts, gazing at a distant celestial body set against a vibrant, star-filled cosmos background",0.8370339274406433,0.503663182258606,27.655329514754683,0.710343
7836.png,165,run_5,5,"Lone astronaut stands on the edge of a desolate, barren terrain of a distant, otherworldly planet, looking up at a breathtaking celestial body amidst a stunning cosmos",0.8147454857826233,0.4743742048740387,25.214845408562073,0.708790
7836.png,166,run_3,1,"In the foreground, a lone astronaut stands on a dry, cracked alien terrain with a beautiful distant starfield stretching across the sky",0.8468138575553894,0.5308905839920044,27.53912247374938,0.708644
7836.png,167,run_13,1,"A highly detailed astronaut stands on a desolate, barren planet, gazing at a distant celestial body surrounded by a star-filled cosmos in the faint glow of the setting twin suns",0.8295767307281494,0.5094795227050781,25.75499338116682,0.705629
7836.png,168,run_14,2,a stunning highly detailed 4k digital work of a solitary astronaut standing at the edge of a barren wasteland gazing outward at a distant celestial body lost in the vastness of a star-filled cosmos,0.8470275402069092,0.5417501926422119,26.94221368143826,0.704926
7836.png,169,run_5,1,"An astronaut stands proudly on a distant barren planet, staring at an unobscured celestial body within a vibrant, star-filled galaxy",0.8178650140762329,0.47920259833335876,26.007224109087062,0.704891
7836.png,170,run_11,3,"A highly detailed astronaut stands on the desolate surface of a far-off planet, gazing out at a magnificent celestial body surrounded by infinite star-filled space",0.8302639126777649,0.5200380682945251,24.943667657656913,0.704776
7836.png,171,run_1,3,"An astronaut in a spacesuit, standing on the edge of a massive space station, gazing out at a stunning celestial landscape with numerous planets, galaxies, and stars visible in the background.",0.8495675325393677,0.493755578994751,32.64496269544685,0.704334
7836.png,172,run_8,4,"An astronaut stands heroically in front of a desolate, sandy planet, gazing at a distant celestial body bathed in an otherworldly, star-filled cosmic light",0.8363125324249268,0.5367464423179626,25.591003372715253,0.698208
7836.png,173,run_2,5,"An astronaut standing in the foreground of a desolate barren planet's surface, looks up in awe at a majestic distant celestial body set amidst the inky blackness of the cosmos with vibrant stars",0.8224676251411438,0.48546531796455383,27.557588546712033,0.696857
7836.png,174,run_1,4,"a highly detailed, realistic, oil painting of an astronaut standing on the edge of a spaceship, looking at a stunning celestial landscape",0.8705965876579285,0.5296363830566406,35.46511114210103,0.695062
7836.png,175,run_13,1,"A highly realistic astronaut stands on a rocky, unforgiving planet, gazing upward at the striking image of a distant celestial body set against a breathtaking, star-filled night sky",0.8726826906204224,0.5857331156730652,30.18386172786953,0.695001
7836.png,176,run_5,1,"An astronaut stands on a desolate, rocky barren planet, looking up at a magnificent celestial body against a star-filled cosmic backdrop",0.8269190788269043,0.5115576386451721,26.23673825321914,0.694883
7836.png,177,run_7,2,"A highly detailed astronaut stands on a deserted, barren, rocky wasteland planet, looking out at a stunning, radiant celestial body in a deep, star-studded night sky.",0.8594117760658264,0.5724109411239624,28.22589192932906,0.694684
7836.png,178,run_13,3,"In the foreground of a breathtaking, 4k cinematic landscape, a lone astronaut stands in a heroic, dramatic pose on the barren surface of a distant planet, gazing up at a stunning, highly detailed view of a celestial body surrounded by a sprawling galaxy",0.8159501552581787,0.4973302483558655,24.99244033109496,0.694305
7836.png,179,run_6,5,"An incredibly detailed astronaut stands on a barren, rocky, asteroid-like planet, gazing up at a massive, hazy, distant celestial object surrounded by an incredibly beautiful, star-filled sky with vibrant, swirling nebulae.",0.8535909652709961,0.5246697664260864,31.749111569162597,0.694273
7836.png,180,run_11,2,"A surreal and captivating scene of an astronaut standing amidst the barren, rocky landscape of a distant planet, with a stunningly beautiful celestial body rising above the horizon, surrounded by infinite depths of space",0.894345223903656,0.6027461290359497,34.11729313280872,0.693593
7836.png,181,run_8,3,"A highly detailed astronaut stands alone on a barren, icy planet, looking up at a beautiful celestial body surrounded by a stunning, star-filled expanse",0.8509731292724609,0.5225622057914734,31.635391469250454,0.691657
7836.png,182,run_6,1,"An astronaut in a sleek spacesuit stands on a rugged, alien landscape, looking at a glowing star surrounded by cosmic clouds",0.8577841520309448,0.5105255842208862,35.014593305357046,0.688568
7836.png,183,run_3,2,"Barren, desolate moonlit planet with an astronaut standing at the edge of a cliff staring up at a far-off star system highly detailed digital artwork",0.8784171342849731,0.5874447822570801,32.368853019976044,0.687951
7836.png,184,run_1,3,"A highly realistic, digital painting of a serene astronaut standing at the edge of a space station, looking out at a vast expanse of stars, planets, and galaxies in the distance.",0.8178108930587769,0.49096328020095825,27.396633766642314,0.684379
7836.png,185,run_7,4,"An astronaut stands in the center of a barren, rocky, desolate planet, looking out at a breathtaking distant celestial body in a star-filled night sky",0.8494762182235718,0.5500162243843079,29.370625257176673,0.684111
7836.png,186,run_3,3,highly detailed digital art of a desolate moonlit planet with an astronaut in the foreground looking up at a stunning star system,0.8537556529045105,0.5587157011032104,29.73977878771331,0.682691
7836.png,187,run_5,4,"A highly detailed, digital painting of a lone astronaut standing on a desolate, rocky terrain of a distant extraterrestrial planet, looking up at a far-off, glowing celestial body surrounded by a beautiful, cosmic scene",0.8453112840652466,0.5544570088386536,28.048656180142164,0.682548
7836.png,188,run_7,3,"A highly realistic astronaut stands in the middle of a desolate, barren wasteland planet, looking out at a gorgeous, luminous celestial body against a star-filled, inky black night sky",0.8423917293548584,0.5354545712471008,29.910559410737168,0.677591
7836.png,189,run_6,3,"A photorealistic astronaut stands on a desolate, rocky terrain, gazing out at a distant, majestic celestial body surrounded by a star-filled, cosmic expanse.",0.8553826808929443,0.5991286039352417,26.968432387951392,0.674815
7836.png,190,run_8,2,"A highly detailed astronaut stands on a barren Mars-like planet, gazing at a distant red sky surrounded by a sea of stars and a star-filled cosmos.",0.8429437279701233,0.5313955545425415,30.977059073786492,0.673645
7836.png,191,run_12,4,"A highly detailed astronaut stands on a barren Martian planet, gazing at a distant planetary body surrounded by a star-filled cosmos in a 4k digital artwork",0.7890301942825317,0.4684886336326599,24.08703807713507,0.671162
7836.png,192,run_1,5,"'An ultra-detailed, hyper-realistic image of an astronaut floating in space, lost in thought while gazing at a beautiful, glowing galaxy in the distance.'",0.8265001773834229,0.4982042908668518,30.76862483104499,0.669448
7836.png,193,run_2,4,"A lone figure in a futuristic spacesuit stands on a desolate, barren planet, gazing up at a radiant celestial body shining brightly in the blackness of space",0.8660783767700195,0.5648012161254883,33.98001733948566,0.669146
7836.png,194,run_15,1,"An astronaut in a futuristic spacesuit stands on a desolate, barren planet, gazing at a majestic, distant celestial body",0.85594642162323,0.5617704391479492,31.762143255617328,0.668764
7836.png,195,run_9,3,"A highly detailed astronaut stands at the edge of a desolate, barren environment of a distant planet, gazing upwards through a thick, turbulent atmosphere illuminated by a vibrant, celestial body",0.8395326733589172,0.5159798264503479,32.67203073727816,0.666104
7836.png,196,run_5,4,"A lone astronaut stands on a barren, rocky terrain of a distant extraterrestrial planet, gazing up at a far-off celestial body surrounded by a vibrant, starry backdrop",0.8527692556381226,0.5877655148506165,29.615913963830554,0.658128
7836.png,197,run_14,2,highly detailed 4k digital painting of a lone astronaut standing on the barren surface of a desolate planet lost in thought as they gaze outward at a distant celestial body amidst a breathtaking star-filled expanse,0.8451436758041382,0.5594220757484436,30.791602015767975,0.656740
7836.png,198,run_7,3,"An astronaut stands in the center of a desolate, rocky barren wasteland planet, looking out at a stunning celestial body in a star-filled night sky",0.8592045903205872,0.5904073715209961,31.1700623555605,0.656652
7836.png,199,run_5,1,"A lone astronaut stands heroically on a rocky, barren alien world gazing upward at a celestial body amidst a kaleidoscope of starry cosmic space",0.8439013361930847,0.5557202100753784,31.00786291235649,0.655578
7836.png,200,run_11,2,"A highly detailed, meticulously rendered scene of an astronaut standing on a barren, rocky planet surface, lost in the wonder of a majestic celestial body surrounded by an endless sea of twinkling stars and galaxies",0.8515456318855286,0.5933098793029785,29.265258740907672,0.653934
7836.png,201,run_8,5,"An astronaut in a futuristic spacesuit stands on a desolate, barren planet, gazing at a massive, luminous star surrounded by a stunning, star-filled digital artwork",0.8279887437820435,0.5052667856216431,32.655337949188365,0.651932
7836.png,202,run_8,1,"An astronaut stands at the edge of a vast barren wasteland, gazing longingly at a distant planet with a starry night sky",0.8438871502876282,0.5761905908584595,29.734836706863426,0.648897
7836.png,203,run_9,1,"Highly detailed astronaut stands on a barren, rocky terrain of a distant planet, observing a distant, celestial body in a star-filled, cosmic backdrop",0.8209389448165894,0.5637819766998291,25.528905250280786,0.646138
7836.png,204,run_10,4,"A lone astronaut stands at the edge of a cold, rocky, barren planet, looking up at a single, distant star in the endless, star-filled vastness of space",0.8296613693237305,0.5690203309059143,27.246362119928133,0.645834
7836.png,205,run_2,2,"A highly detailed astronaut standing in the vast emptiness of a desolate, rocky planet's surface, looks up at a breathtaking celestial body in the inky blackness of space",0.8363724946975708,0.50775146484375,35.320620707018826,0.645777
7836.png,206,run_10,2,"A lone astronaut stands at the edge of a barren, rocky precipice, gazing up in awe at a lone celestial body suspended in the star-filled vastness of space and time",0.8319960832595825,0.5591820478439331,28.970680947624388,0.644984
7836.png,207,run_15,2,"An astronaut stands on a rugged, barren, rocky terrain, gazing at a distant celestial body surrounded by a rich star-filled cosmos",0.8551680445671082,0.6019883155822754,30.47488422603033,0.644652
7836.png,208,run_6,1,"A spaceman stands on a barren, dusty planet, contemplating a stunning celestial wonder amidst a breathtaking galaxy",0.8296006321907043,0.568718671798706,27.42425482601863,0.644567
7836.png,209,run_8,1,"An astronaut stands on a rocky barren planet, gazing at a distant celestial body in a star-filled night sky",0.8425503969192505,0.569541871547699,30.63799214100335,0.644566
7836.png,210,run_15,5,"A lone astronaut stands on a rugged, barren planet, gazing at a stunning celestial body amidst a rich, highly detailed star-filled cosmos",0.8125125169754028,0.5510249137878418,25.13082144068948,0.642816
7836.png,211,run_3,4,"Barren, rocky moonlit terrain spreads out behind a lone astronaut in the foreground, who is intently staring up at a vibrant, star-filled expanse of space in a highly detailed digital painting",0.887161374092102,0.6423941850662231,34.76307294491468,0.642070
7836.png,212,run_13,4,"A lone astronaut stands heroically on a barren, rocky, extraterrestrial landscape, gazing out at a breathtaking, photorealistic, 4k resolution view of a distant, stunning celestial body, surrounded by a sea of stars",0.8188297748565674,0.5568222403526306,26.28522614757911,0.641670
7836.png,213,run_13,3,"A lone figure in a futuristic spacesuit stands at the edge of a desolate, cratered landscape, looking out at a stunning, highly realistic view of a distant planet against a vivid, star-filled background",0.8954238891601562,0.6145769357681274,39.87538620688573,0.641123
7836.png,214,run_15,1,"An astronaut in motion, standing on a barren, icy planet, gazing at a stunning, distant star formation",0.8109395503997803,0.5038855075836182,29.92051334379692,0.640476
7836.png,215,run_9,2,"A lone astronaut stands on a desolate, barren wasteland of a planet, gazing at a distant celestial wonder surrounded by countless stars",0.8226503133773804,0.5588992238044739,27.283154408556864,0.639793
7836.png,216,run_2,3,"An astronaut standing on the surface of a desolate, barren alien planet, looks up in awe at a bright, shimmering star set amidst an endless expanse of inky blackness",0.8474656343460083,0.5587124824523926,34.2481642429891,0.634915
7836.png,217,run_6,3,"An astronaut stands on a harsh, rocky planet, gazing at a distant, shining celestial body with a stunning star-filled cosmos, vibrant nebulae, and an orange-gold sunset.",0.8495420217514038,0.5255314111709595,38.25691695085477,0.634626
7836.png,218,run_13,1,"A 4K, highly detailed astronaut in a stunning spacesuit stands on a barren planet, gazing out at the incredible, majestic view of a distant celestial body surrounded by a brilliant, star-filled cosmos",0.8108838796615601,0.4745773673057556,33.70423242001337,0.634558
7836.png,219,run_1,2,"A photorealistic astronaut standing at the edge of a spacecraft, staring out into a vast, starry expanse with multiple planets and galaxies visible in the distance",0.8245736360549927,0.5245705842971802,32.279284901832796,0.632410
7836.png,220,run_5,4,"Highly detailed, 4k image of an astronaut standing on a desolate, rocky terrain of a distant extraterrestrial planet, looking up at a majestic, glowing celestial body surrounded by a stunning, cosmic landscape",0.8353998064994812,0.5729992389678955,30.1890363001751,0.631029
7836.png,221,run_15,3,"A highly detailed, astronaut stands on a rugged, lunar-like planet, gazing at a close-up view of a distant, luminous celestial body surrounded by a rich, star-filled cosmos",0.8138513565063477,0.5170999765396118,30.525474920433577,0.630825
7836.png,222,run_2,2,"An astronaut standing on a rugged, barren planet, looks up at a glowing celestial body set against the dark, star-filled cosmos",0.8599708676338196,0.5925058126449585,34.47037476220334,0.630671
7836.png,223,run_10,4,"A highly detailed astronaut stands at the edge of a barren, rocky, asteroid-covered planet, gazing up at a bright, distant star in the dark, starry vastness of space",0.8285666704177856,0.5393134355545044,32.07525062638211,0.629998
7836.png,224,run_10,1,"A lone astronaut stands on a desolate, barren planet, gazing at a distant celestial body against a richly detailed, star-filled night sky",0.8216306567192078,0.5493627786636353,29.317003906808615,0.629596
7836.png,225,run_7,5,"An astronaut in a sleek spacesuit stands on a barren, empty wasteland planet, gazing up at a breathtaking, beautiful celestial body in a clear, star-studded night sky.",0.8246384859085083,0.5323252081871033,31.942021413119733,0.628885
7836.png,226,run_9,5,"Highly detailed astronaut stands on a rugged, barren terrain of a distant planet, gazing at a vibrant celestial body through a thick, swirling atmosphere amidst an infinite, starry cosmos",0.8331037759780884,0.5575769543647766,31.48958309105021,0.628798
7836.png,227,run_1,5,"'A masterpiece, oil-painting-style image of an astronaut lost in thought while gazing out at the vast expanse of space, surrounded by a stunning starry night sky with numerous planets and galaxies visible in the distance.'",0.811398446559906,0.5420945882797241,27.825061424238097,0.626776
7836.png,228,run_6,4,"A highly detailed, 4k astronaut stands in the center of a rugged, barren planet, looking up at a large, luminous, distant stellar body surrounded by a stunning star-filled, cosmic landscape with vibrant nebulae",0.8108741044998169,0.5419357419013977,27.8347556130879,0.625785
7836.png,229,run_13,4,"A lone astronaut stands defiantly on a rugged, barren, alien terrain, gazing out at a breathtaking, masterpiece-quality, ultra-highly-detailed view of a distant, breathtaking celestial body, surrounded by an infinite, star-filled, digital painting sky",0.8114765882492065,0.5539038777351379,26.990598289715326,0.623876
7836.png,230,run_3,3,4k ultra-realistic digital painting of a barren moonlit landscape with an astronaut in the foreground contemplating a far-off star system,0.8069356083869934,0.5343335866928101,27.996861559459532,0.622840
7836.png,231,run_7,5,"A lone astronaut stands on a barren, dusty wasteland planet, looking out at a stunning, distant celestial body in a vibrant, star-filled night sky.",0.8464227318763733,0.6080937385559082,30.431780799502064,0.622616
7836.png,232,run_15,5,"An astronaut surveys a barren, rocky landscape, gazed in awe at a distant celestial body surrounded by a star-filled canvas",0.8335816264152527,0.5892724394798279,29.292030482944156,0.621219
7836.png,233,run_15,1,"Highly detailed astronaut on a barren, rocky planet, gazing up at a massive celestial body amidst a star-filled galaxy",0.8082927465438843,0.5201140642166138,30.299489369208757,0.619075
7836.png,234,run_14,5,"a stunning 4k digital artwork of an astronaut standing on the barren surface of a desolate planet, surrounded by a breathtaking display of celestial bodies in the infinite star-filled expanse",0.793070912361145,0.5284242630004883,25.612999299184846,0.618656
7836.png,235,run_2,1,"An astronaut in a reflective spacesuit stands on the barren, rust-red terrain of a distant alien world, gazing in wonder at the vibrant colors of a celestial body through a cosmic backdrop",0.8255667686462402,0.5185124278068542,34.940387624442316,0.618496
7836.png,236,run_8,5,"A lone astronaut in a classic spacesuit stands on a barren, rocky planet, looking up at a massive, brilliant star surrounded by a beautiful, star-filled universe",0.8251563310623169,0.5408474206924438,32.56109521956541,0.618162
7836.png,237,run_8,2,"A highly detailed, futuristic astronaut stands on a barren, dusty terrain, gazing up at a bright, blue-green celestial body in the distance, set against a star-filled, cosmic background.",0.8369022607803345,0.5441606044769287,35.22584109429611,0.618036
7836.png,238,run_2,1,"An astronaut in a modern spacesuit stands heroically on a barren distant planet, gazing upward at a majestic celestial body set against the inky blackness of space.",0.8217682242393494,0.4982866942882538,36.181199919140255,0.617637
7836.png,239,run_12,5,"Highly detailed, photorealistic astronaut on Mars, observing a striking celestial object against a black background filled with countless shining stars",0.8292596936225891,0.5414503216743469,33.710916687112686,0.616856
7836.png,240,run_9,2,"A highly realistic astronaut stands on a barren, alien world, gazing at a distant, mystical celestial body surrounded by an inky, star-filled night sky",0.8236603736877441,0.5330761075019836,33.160914209233276,0.616797
7836.png,241,run_8,2,"A lone astronaut stands on the edge of a barren, rocky terrain, gazing up at a massive, celestial body in the distance, set against a backdrop of a star-filled universe.",0.8093405961990356,0.5585961937904358,26.86531037051111,0.616794
7836.png,242,run_12,3,"An astronaut stands on a desolate Martian surface, lost in thought as he gazes at a stunning celestial wonder",0.884364128112793,0.6309330463409424,38.49548662747994,0.616614
7836.png,243,run_12,1,"An astronaut stands resolute on a rugged, barren extraterrestrial terrain, gazing out at the cosmos beyond, where stars and planets stretch infinitely into the void",0.8115037679672241,0.5367738604545593,30.041360087835752,0.613974
7836.png,244,run_15,1,"An astronaut with a spacesuit stands on a vast, barren alien world, admiring a breathtaking, distant star",0.8044949173927307,0.48487746715545654,33.85003132295122,0.612336
7836.png,245,run_6,1,"A highly realistic astronaut on a barren, eerie planet, gazing up at a beautiful, shimmering star in a star-filled, cosmic expanse",0.8144187927246094,0.5220847725868225,32.85633509985461,0.609687
7836.png,246,run_12,4,"An astronaut stands in the distance on a barren Martian landscape, gazing up at a stunning celestial sight surrounded by a vibrant starry night sky",0.8476588726043701,0.6252375841140747,30.92974956916232,0.607277
7836.png,247,run_10,5,"A lone figure in a futuristic spacesuit stands at the edge of a barren, rocky planet, looking up at a beautiful, sparkling star",0.8560892939567566,0.6065460443496704,35.06662822700331,0.606888
7836.png,248,run_10,1,"A 4k-quality astronaut stands at the edge of a barren, rocky planet, gazing up at a distant, celestial body surrounded by a dense, star-filled expanse",0.8181159496307373,0.5384151935577393,32.66490938472791,0.605300
7836.png,249,run_4,1,"A highly realistic astronaut stands on the barren surface of a distant planet, gazing out at the stars and celestial bodies of the Milky Way galaxy in stunning detail.",0.8213488459587097,0.5850725173950195,28.670710443554476,0.605118
7836.png,250,run_5,3,"Highly detailed astronaut standing on a barren, rocky wasteland of a distant alien planet, gazing up at a bright, shining star within a stunning starry night sky",0.842478334903717,0.6177449226379395,30.757075009576447,0.604387
7836.png,251,run_9,4,"A highly detailed astronaut stands on a rugged, barren environment of a distant planet, staring at a large, red celestial body through a thick, hazy atmosphere surrounded by an infinite, starry cosmos",0.8337517380714417,0.5827867984771729,32.30000827694281,0.603301
7836.png,252,run_1,4,"stunning, highly detailed, cinematic rendering of an astronaut in a spacesuit, looking out at a breathtaking vista of stars, planets, and galaxies beyond our galaxy",0.8155181407928467,0.5371442437171936,32.44000614703991,0.602915
7836.png,253,run_5,1,"An astronaut wears a spacesuit standing on a barren alien planet, gazing at a small but distant celestial body surrounded by a sea of star-filled cosmos",0.8042640686035156,0.5134338140487671,32.54200196320695,0.598937
7836.png,254,run_12,3,"A lone astronaut stands in the midst of a breathtaking Martian sunset, gazing up at a distant celestial body set amidst a vibrant star-filled sky",0.8514479398727417,0.5530490279197693,40.59311675944785,0.597833
7836.png,255,run_11,1,"An astronaut stands on the dusty, barren surface of a distant planet, lost in thought as they gaze at a celestial body surrounded by a beautiful, star-filled night sky",0.8322661519050598,0.6071594953536987,30.171065485752617,0.597215
7836.png,256,run_5,4,"A lone astronaut stands on a rugged, barren landscape of a distant extraterrestrial world, looking up at a far-off heavenly body surrounded by a breathtaking, cosmic scene",0.8011762499809265,0.5509839057922363,28.106315367898212,0.597005
7836.png,257,run_9,4,"A highly detailed astronaut stands in the center of a harsh, barren environment of a mysterious planet, staring upward through a thick atmosphere at a bright, blue celestial body surrounded by an endless, shimmering cosmos",0.8246570229530334,0.5291810631752014,36.436226882344144,0.596334
7836.png,258,run_14,4,a highly detailed 4k digital masterpiece of an astronaut standing on the unforgiving surface of a barren planet surrounded by an endless star-filled expanse with a distant celestial body in the background,0.800529956817627,0.5255545377731323,30.701783239518377,0.596054
7836.png,259,run_7,4,"An astronaut stands in a barren wasteland, bathed in the ethereal light of a distant, shimmering celestial body, set against a dark and star-filled night sky",0.8292394876480103,0.6058366298675537,29.721611576006804,0.595773
7836.png,260,run_7,2,"A highly realistic, 4k astronaut stands on the surface of a barren, barren wasteland planet, looking out at a breathtaking, beautiful distant star in a night sky.",0.8153482675552368,0.5680034756660461,30.14354082137304,0.595497
7836.png,261,run_10,5,"A lone astronaut stands confidently at the edge of a rugged, rocky planet, admiring a stunning, far-off star",0.8615233898162842,0.6332993507385254,35.371073722244674,0.593627
7836.png,262,run_11,2,"A stunningly detailed close-up of a lonely astronaut standing on a rugged, barren planet surface, gazing up at a massive celestial body surrounded by endless starry vastness",0.8101263046264648,0.5393904447555542,32.24258143888674,0.591897
7836.png,263,run_7,1,"Highly detailed astronaut stands confidently at the edge of a barren planet, gazing at a distant celestial body surrounded by stars and galaxies in a star-filled cosmos",0.8332091569900513,0.5928124189376831,32.717703673707845,0.590821
7836.png,264,run_4,5,"Highly detailed astronaut standing at the edge of a barren, ruggedly textured, rocky planet, gazing out at a nearby celestial body surrounded by a breathtaking array of bright, vibrant stars and swirling clouds of dark blue, cosmic gas and dust",0.8129740357398987,0.5534784197807312,32.17981319113616,0.586631
7836.png,265,run_14,1,"highly detailed astronaut stands on a desolate, rocky planet, staring upward at a distant star surrounded by a cosmos teeming with vibrant stars",0.8232854604721069,0.5785048007965088,32.23028024641377,0.586472
7836.png,266,run_5,2,"A highly detailed, realistic astronaut stands on a barren, extraterrestrial environment, looking up at a majestic, distant celestial body in a vast, star-filled universe",0.8151140809059143,0.5657171010971069,31.475728923659258,0.586470
7836.png,267,run_13,2,"A highly detailed, 4k astronaut stands in a bold, cinematic pose on a barren, cratered planet, gazing out at a beautiful, otherworldly vista of a distant celestial body surrounded by a vast, star-filled expanse",0.8037867546081543,0.5211561918258667,33.28110947556894,0.585942
7836.png,268,run_2,3,"A highly detailed astronaut stands on the barren, dusty surface of a distant planet, looks up in awe at a stunning celestial wonder, set against a masterpiece backdrop of a starry night sky",0.8418008089065552,0.6257727742195129,32.15952700109466,0.585559
7836.png,269,run_12,4,"An astronaut stands on the edge of a barren Martian cliff, gazing out at a distant celestial horizon surrounded by an inky black starry sky",0.8455520272254944,0.6180704236030579,33.919304255954955,0.585520
7836.png,270,run_8,3,"Highly detailed astronaut stands on a barren, rocky planet, gazing at a distant, glowing celestial body amidst a breathtaking, star-filled universe",0.8162544965744019,0.552073061466217,33.360820431960036,0.585071
7836.png,271,run_12,2,"A highly detailed astronaut stands on the barren Martian landscape, gazing up at a distant celestial body amidst the star-filled cosmos",0.8202414512634277,0.5854296684265137,30.94884009410064,0.584810
7836.png,272,run_3,5,"A highly realistic digital painting of a rugged, barren, moonlit planet with an astronaut in mid-jump towards the foreground, gazing up at a breathtaking, vibrant star system",0.7956916689872742,0.567861795425415,26.58471339146973,0.584285
7836.png,273,run_14,5,highly detailed 4k digital painting of a lone astronaut standing on the surface of a desolate barren planet surrounded by a seemingly endless star-filled expanse lost in thought as they gaze at a distant celestial body,0.7882549166679382,0.5556290149688721,25.970535417565735,0.584198
7836.png,274,run_14,2,highly detailed 4k digital painting of an astronaut standing on a desolate barren planet surrounded by a beautiful star-filled expanse gazing outward at a distant celestial body lost in the silence of space,0.7944548726081848,0.5646966099739075,26.705528531229373,0.583444
7836.png,275,run_2,3,"An astronaut standing on a desolate, rugged planet's surface, looks up in awe at a distant celestial body set amidst the inky blackness of the cosmos",0.8408652544021606,0.6020723581314087,34.762135485376746,0.582574
7836.png,276,run_4,3,"A lone astronaut stands on the shore of a vast barren world, gazing up at a distant celestial body amidst a starry vast galaxy with vibrant nebulae, ultra realistic digital painting",0.7485426664352417,0.5008552074432373,22.03015353954136,0.580341
7836.png,277,run_11,1,"A highly detailed astronaut stands on the barren, rocky surface of a distant planet, gazing up in wonder at a stunning, celestial body against a star-filled, infinite background.",0.8246647119522095,0.608467698097229,30.485542488636497,0.578554
7836.png,278,run_9,1,"A lone astronaut stands on a desolate, dusty surface of a foreign world, staring at a breathtaking celestial wonder in the distance",0.8991607427597046,0.664701521396637,43.98663033835851,0.575758
7836.png,279,run_2,3,"A lone astronaut emerges from a spaceship landing on a desolate, barren alien world, looks up in awe at a distant galaxy set against a backdrop of deep space",0.7761431932449341,0.5162826180458069,28.087238245293932,0.575443
7836.png,280,run_7,1,"Highly detailed astronaut stands on a desolate barren planet, admiring the breathtaking beauty of a distant celestial body amidst a stunning star-filled universe",0.7895803451538086,0.5564222931861877,27.42250773348045,0.574842
7836.png,281,run_11,4,"A lone astronaut stands in a majestic, highly detailed, digital painting on the desolate, rugged surface of a vast, distant planet, gazing up at a stunning celestial body surrounded by endless stars",0.7754495143890381,0.5510708689689636,24.468369091005414,0.574134
7836.png,282,run_2,2,"A lone, space-suited figure stands on a desolate, barren planet, gazing up in awe at a distant, shimmering celestial body in the darkness of space",0.8095276355743408,0.5657944083213806,31.853279420205496,0.572328
7836.png,283,run_12,4,"A highly detailed astronaut explores a barren Martian terrain, gazing at a majestic celestial body amidst a breathtaking starry galaxy",0.8346352577209473,0.6345587372779846,31.16681795769167,0.571920
7836.png,284,run_14,3,a stunning 4k digital artwork of an astronaut standing alone on the barren surface of a far-off distant planet surrounded by an endless sea of twinkling stars contemplating a distant celestial wonder,0.7902402877807617,0.5680974125862122,26.754464922643912,0.571908
7836.png,285,run_12,2,"A digitally painted, highly detailed astronaut stands on a vast, barren Martian plain, gazing out at a distant, star-filled cosmos and a lone celestial body",0.7741231918334961,0.5490319728851318,24.664182830024018,0.571615
7836.png,286,run_12,5,"A Martian astronaut standing on a barren yet serene landscape, gazing out at a stunning celestial body in the far distance amidst a sea of twinkling stars",0.8387284278869629,0.6377723217010498,31.917146471631852,0.571600
7836.png,287,run_7,5,"A highly detailed astronaut stands in the center of a desolate, barren wasteland planet, gazing at a breathtaking, distant celestial body in a star-filled night sky.",0.8128443360328674,0.5843473672866821,30.946067857268105,0.570976
7836.png,288,run_3,2,"Detailed, realistic astronaut standing on a barren moonlit planet gazing up at a sprawling star system in high-definition digital painting",0.7964046001434326,0.5187326669692993,33.72553649011448,0.569729
7836.png,289,run_1,2,"A highly realistic astronaut standing at the edge of a spacecraft, with the distant celestial body in focus while the surrounding star-filled night sky with numerous planets and galaxies visible in the background is slightly blurred",0.8079167008399963,0.537787139415741,34.78941671541712,0.568883
7836.png,290,run_15,3,"An astronaut stands on a rugged, desolate planet, gazing up at a nearby celestial body surrounded by a vibrant star-filled cosmos",0.817617654800415,0.5861237645149231,32.303183788799764,0.568432
7836.png,291,run_10,2,"Against a backdrop of an inky black cosmos, a lone astronaut stands resolutely in front of a barren, rocky planet, gazed upward at an ethereal distant celestial body surrounded by swarms of tiny stars",0.8030180335044861,0.538724422454834,33.53140834425847,0.568202
7836.png,292,run_10,5,"A lone explorer stands at the edge of a desolate, rocky planet, gazing up at a distant star",0.8619405627250671,0.6409825086593628,38.234492796589244,0.565837
7836.png,293,run_1,4,"ultra-realistic, 4k resolution image of an astronaut floating near a star-filled, cosmic night sky",0.8064582347869873,0.549660861492157,33.64999388909417,0.565254
7836.png,294,run_2,5,"An astronaut standing on a rugged barren planet's surface, looks up in awe at a distant glowing celestial body set amidst the inky blackness of the cosmos",0.8195223808288574,0.5934960246086121,32.44214133648034,0.565159
7836.png,295,run_2,3,"An astronaut stands at the edge of a barren, rocky cliff, gazing up in wonder at a majestic celestial object suspended high above the desolate landscape",0.8212202787399292,0.6074756383895874,31.611204636235616,0.563696
7836.png,296,run_2,5,"Highly detailed astronaut standing on a barren planet's surface, looks up in awe at an enormous distant celestial body set amidst the inky blackness of the cosmos",0.7823610305786133,0.4965296685695648,33.47265184336922,0.561746
7836.png,297,run_9,5,"Highly detailed astronaut stands on a barren, desolate landscape of a foreign planet, staring out at a celestial body through a thick, hazy atmosphere amidst an infinite, galaxy-studded universe",0.8182944655418396,0.5560754537582397,36.70537436764396,0.559738
7836.png,298,run_9,3,"A highly realistic astronaut stands in the center of a barren, icy environment of a distant, frozen planet, staring out into the void through a thick, hazy atmosphere surrounded by the infinite cosmos",0.9023107290267944,0.6052775382995605,53.110965629247154,0.558900
7836.png,299,run_4,3,"Highly detailed astronaut stands on the edge of a vast rugged barren planet, gazing at a distant celestial body amidst a breathtakingly beautiful star-filled cosmos with vibrant colorful nebulae, ultra realistic",0.7709352374076843,0.5137861371040344,29.299661865906447,0.557615
7836.png,300,run_11,1,"An astronaut stands amidst a barren, desolate landscape on a distant planet, gazing at a distant cosmic celestial body surrounded by a sea of twinkling stars in a vast star-filled universe",0.8089838624000549,0.6032017469406128,29.837543079241126,0.556658
7836.png,301,run_7,1,"A highly detailed astronaut in a futuristic spacesuit stands on a barren alien world, gazing up at a magnificent distant star in a vibrant, star-filled cosmos",0.8055605292320251,0.5319453477859497,36.5222951148337,0.555381
7836.png,302,run_2,4,"An astronaut in a state-of-the-art spacesuit stands at the edge of a barren, cratered expanse, looking up at a majestic celestial body suspended in the dark, star-studded expanse",0.7796386480331421,0.491415411233902,34.30166582783485,0.553991
7836.png,303,run_10,3,"A highly detailed, realistic astronaut stands at the edge of a barren, rocky alien landscape, gazing upward in awe at a distant celestial body amidst the star-filled cosmos",0.8229308128356934,0.6188898682594299,32.14606320654774,0.553662
7836.png,304,run_12,1,"A highly detailed astronaut stands steadfastly on a barren, rust-red planet, gazing up at a star-filled celestial canvas, bathed in the ethereal glow of a distant nebula",0.7916229367256165,0.5457160472869873,31.814054197884488,0.553260
7836.png,305,run_14,1,"astronaut standing on the barren wasteland of a celestial body, gazing longingly at a brilliant star shining brightly in a star-filled night sky",0.8147965669631958,0.6128677725791931,30.84343744088309,0.552530
7836.png,306,run_3,4,"A lone astronaut stands at the edge of a barren, rugged moonlit planet, gazing up at a stunning, celestial star system in a highly detailed digital masterpiece",0.7826510667800903,0.5465608239173889,29.64936702348774,0.551629
7836.png,307,run_3,5,"Highly detailed, breathtaking astronaut on a barren, desolate moonlit planet amidst a stunning, high-contrast star system",0.8022297620773315,0.5235095024108887,37.2097579153642,0.550215
7836.png,308,run_9,4,"A 4k, highly detailed astronaut stands on a harsh, barren, rocky environment of a planet, gazing intently through a thick atmosphere at a distant, bright celestial body surrounded by an infinite, starry, black cosmos",0.7972148656845093,0.5717829465866089,30.97297731247928,0.549827
7836.png,309,run_2,4,"A lone astronaut gazing upwards, standing on the rust-red soil of a barren, abandoned planet amidst the starry vastness of space",0.7758183479309082,0.5559636950492859,27.179066663102557,0.549705
7836.png,310,run_8,5,"An astronaut in a sleek spacesuit stands in front of a barren, rocky planet, staring at a massive, shining star surrounded by a vibrant, star-filled galaxy",0.7934603691101074,0.542727530002594,33.410101859047295,0.546865
7836.png,311,run_15,2,"An astronaut in a spacesuit stands on a barren, cratered planet, gazing up at a bright, shining celestial body amidst a vibrant, star-filled galaxy",0.808057963848114,0.5616713762283325,35.63913243931477,0.543145
7836.png,312,run_2,1,"An astronaut in a spacesuit stands on a rocky barren planet, gazing upwards at a stunning celestial body amidst an infinite star-filled galaxy",0.8002886176109314,0.5824772119522095,31.516328646499527,0.543026
7836.png,313,run_2,1,"Highly detailed astronaut stands on a barren alien landscape, lost in thought as they gaze up at a breathtakingly beautiful celestial body surrounded by countless stars and galaxies",0.7976685166358948,0.6015222072601318,29.007447174426577,0.541972
7836.png,314,run_3,1,An astronaut explores a desolate extraterrestrial landscape under a vast star-filled universe,0.779610276222229,0.5648394227027893,28.932010064870568,0.536352
7836.png,315,run_12,1,"A lone astronaut stands steadfastly on an unforgiving barren planet, his eyes fixed intently on a glittering celestial wonder in the distance",0.7949719429016113,0.5910079479217529,30.24866869623826,0.535426
7836.png,316,run_14,5,highly detailed digital painting in 4k resolution of astronaut lost in thought on the desolate surface of a barren planet as the infinite stars twinkle in the background near a distant celestial object,0.776058554649353,0.5763260126113892,26.980344559245836,0.535218
7836.png,317,run_11,3,"A highly detailed astronaut stands heroically on the rugged, barren surface of a far-off, unforgiving planet, looking out at a spectacular, glowing celestial body surrounded by unending star-filled space",0.8258076906204224,0.6054058074951172,36.73540380157944,0.534448
7836.png,318,run_12,2,"A highly realistic astronaut stands at the edge of a barren Martian valley, looking out at a solitary celestial body set against a vibrant, star-filled sky",0.8644440174102783,0.6670184135437012,40.49002929246499,0.532066
7836.png,319,run_15,4,"The solitary astronaut stands at the edge of a barren landscape, staring at a nearby celestial object amidst a tapestry of twinkling stars",0.8026857376098633,0.6192009449005127,29.71979129472109,0.532054
7836.png,320,run_7,2,"A highly detailed astronaut stands on a barren, rocky wasteland planet, looking out at a breathtaking distant moon in a star-studded night sky.",0.8016312718391418,0.5856602191925049,33.00830083328227,0.531452
7836.png,321,run_3,5,"Barren, desolate, rocky moonlit planet with an astronaut in mid-step towards the foreground",0.8138211965560913,0.6058018803596497,34.10581435651681,0.530812
7836.png,322,run_4,1,"A highly detailed astronaut stands on a barren rocky planet, gazing at a distant red celestial body in a star-filled night sky",0.7897493839263916,0.5612344741821289,32.61316743599359,0.530690
7836.png,323,run_4,5,"Highly detailed astronaut figure in a spacesuit standing at the edge of a barren, rocky planet, gazing out at a nearby celestial body in a deep space universe, with vibrant stars and swirling clouds of gas and dust.",0.8103326559066772,0.5537170767784119,38.721654028230326,0.530027
7836.png,324,run_7,4,"An astronaut stands alone on a worn, dusty planet, facing a beautiful distant celestial body amidst a stunning night sky",0.7949129939079285,0.5825309157371521,31.839201967088332,0.529750
7836.png,325,run_8,1,"A lone astronaut stands on a barren alien landscape, gazing up at a distant celestial body surrounded by thousands of twinkling stars",0.7643368244171143,0.548750102519989,27.66743534557416,0.528869
7836.png,326,run_14,1,"highly detailed astronaut stands on the barren yet eerie landscape of a distant planet, gazing at a faint celestial body through a telescope surrounded by a sea of twinkling stars",0.7917561531066895,0.5891333222389221,30.53056101385124,0.528338
7836.png,327,run_7,3,"Highly detailed astronaut stands in the heart of a vast, abandoned wasteland planet, admiring a beautiful celestial body under a night sky with millions of stars",0.8170062899589539,0.6339423656463623,32.52871544935465,0.526658
7836.png,328,run_5,2,"A highly realistic astronaut stands on a barren, rocky landscape, looking up at a distant celestial body against a vibrant, star-filled cosmic backdrop",0.785420835018158,0.5885233879089355,29.29347490879443,0.525886
7836.png,329,run_10,2,"A highly detailed astronaut stands on the edge of a barren, rocky cliff, overlooking a vast expanse of space where the faint glow of a distant celestial body hangs like a pendant star",0.8136420249938965,0.6301687955856323,32.6860024540248,0.521788
7836.png,330,run_6,2,"A majestic astronaut wearing a sleek spacesuit stands on a barren, rocky surface, admiring a breathtaking celestial sight amidst a stunning, starry cosmos",0.8127946257591248,0.6223766207695007,33.418033283348954,0.520698
7836.png,331,run_12,5,"In the foreground, a lone astronaut stands majestically on the Martian surface, with a captivating celestial body suspended in the background, surrounded by an endless expanse of glittering starlight",0.7607153058052063,0.5448694825172424,28.2803889852883,0.520012
7836.png,332,run_7,5,"An astronaut in a worn spacesuit stands at the edge of a barren, rocky wasteland planet, looking up at a beautiful, glowing celestial body in a star-studded night sky.",0.805253267288208,0.6164782047271729,32.2826837023869,0.519339
7836.png,333,run_3,3,realistic highly detailed astronaut standing on a barren moonlit planet staring up at the night sky with a far-off star system,0.7942958474159241,0.5567845702171326,35.71381280640445,0.519113
7836.png,334,run_5,5,"A highly detailed astronaut stands on a rocky, craggy outcropping of a distant, barren extraterrestrial planet, gazing up at a breathtaking celestial body in the vast, starry cosmos",0.8257108330726624,0.65779709815979,33.41345212066392,0.517726
7836.png,335,run_2,2,"A highly realistic astronaut stands on the desolate surface of a barren, rocky planet, gazing up at a magnificent, celestial wonder in the vast, star-filled expanse of the universe",0.7758883237838745,0.5809357166290283,29.15141417830077,0.514165
7836.png,336,run_3,4,"A tiny astronaut in a spacesuit stands on a barren, lunar-like surface bathed in the soft, ethereal light of a distant moon, with a breathtaking, cosmic star system in the background, rendered in exquisite, highly detailed digital art",0.8040891289710999,0.5792202353477478,36.610828445519104,0.513405
7836.png,337,run_9,1,"Highly detailed astronaut stands on a barren, rocky terrain of a distant planet, gazing up at a bright, celestial body",0.7908576130867004,0.5920321345329285,32.116862830941166,0.511793
7836.png,338,run_5,3,"A brave astronaut stands firmly on a rocky, barren surface of a mysterious alien world, gazing up at a distant, glowing celestial body in a star-filled universe",0.7938238382339478,0.5969181060791016,32.58166967092237,0.510104
7836.png,339,run_15,2,"A highly detailed, 4k astronaut stands on a rugged, barren, rocky landscape, gazing at a distant, glowing celestial body set against a deep, star-filled cosmos",0.8305544853210449,0.6493459939956665,36.63768595572588,0.509021
7836.png,340,run_15,4,"A spaceman stands on a barren, rocky planet, gazing up at a close celestial body against a rich, star-filled night sky",0.8052846193313599,0.6273194551467896,32.68099148552283,0.507492
7836.png,341,run_5,5,"Highly detailed astronaut stands on a vast, craggy landscape of a distant extraterrestrial planet, staring up at a celestial body against a bright celestial backdrop",0.8594726920127869,0.6681311726570129,42.409395825076864,0.506255
7836.png,342,run_15,2,"An astronaut in a sleek spacesuit stands on a barren, dusty planet, gazing up at a massive, swirling celestial body amidst a beautiful, star-filled universe",0.8029806613922119,0.5483560562133789,40.463570682382496,0.506113
7836.png,343,run_5,2,"Highly detailed astronaut stands on a barren, rocky terrain, gazing up at a stunning celestial body in a star-filled galaxy",0.7995539307594299,0.6267544031143188,32.01214513068243,0.501765
7836.png,344,run_15,3,"An astronaut in a rugged, spacesuit stands on a barren, barren landscape, gazing up at a nearby, majestic celestial body against a deep, star-filled sky",0.8133311867713928,0.6255657076835632,35.728206343576616,0.501117
7836.png,345,run_5,4,"A lone astronaut stands on a harsh, arid terrain of a distant, icy extraterrestrial planet, looking up at a far-off, majestic celestial body surrounded by a dramatic, celestial backdrop",0.7686958312988281,0.5776431560516357,29.339599720319793,0.501038
7836.png,346,run_15,2,"A digital painting masterpiece of an astronaut stands on a rugged, barren, rocky terrain, gazing at a distant, radiant celestial body surrounded by a stunning, star-filled cosmos",0.8455706834793091,0.6722528338432312,39.17031497061159,0.500545
7836.png,347,run_14,1,"highly detailed astronaut stands on the rugged terrain of a distant, barren planet, intensely gazing upward at a majestic star shining brightly in the darkness of space",0.8077816963195801,0.6268912553787231,34.33448506453284,0.499885
7836.png,348,run_13,2,"A lone astronaut stands in a stunning, highly dramatic pose on a rugged, barren planet, gazing out at a breathtaking, 4k view of a distant celestial body surrounded by a vibrant, star-filled expanse with a stunning sunset",0.8685290217399597,0.6703532934188843,45.323055049593705,0.499710
7836.png,349,run_12,3,"A highly detailed astronaut stands on the dusty Martian terrain, intently gazing at a bright celestial body surrounded by a blanket of stars",0.8163266181945801,0.6471593379974365,34.73785038377681,0.497309
7836.png,350,run_1,5,"'A stunning, highly detailed digital painting of an astronaut standing at the observatory, staring at a breathtaking celestial display with distant stars and planets shining brightly in the night sky.'",0.7821630239486694,0.6016771793365479,31.435553025636384,0.491977
7836.png,351,run_13,1,"An astronaut in a sleek spacesuit stands on the rugged terrain of a barren planet, gazing up at a nearby celestial body set against a stunning, star-filled black background",0.8014588952064514,0.611599862575531,35.693489145705094,0.489071
7836.png,352,run_6,1,"Highly detailed astronaut on a desolate, moon-like terrain, gazing up at a massive, radiant star in the vast universe",0.7971713542938232,0.5969077348709106,36.42721982780126,0.486713
7836.png,353,run_10,3,"Highly detailed astronaut standing on the barren, rocky surface of a distant planet, gazing up at a celestial body surrounded by stars",0.7978941202163696,0.6359771490097046,33.387333892083646,0.480225
7836.png,354,run_6,3,"A finely detailed astronaut stands on a rugged, rocky planet, gazing up at a far-off, glowing celestial body surrounded by a vast, star-studded cosmos.",0.7694693207740784,0.5835756063461304,32.06184747109169,0.476482
7836.png,355,run_3,5,"Desolate, rocky moonlit landscape with an astronaut in mid-step towards the foreground, bathed in the ethereal, otherworldly glow of a high-contrast star system in a dreamy, photorealistic digital art style",0.8552283048629761,0.6809910535812378,44.76753528112381,0.468930
7836.png,356,run_5,5,"A lone astronaut stands on the dusty, rocky terrain of a desolate, distant extraterrestrial planet, gazing upwards at a star or celestial body in the vast cosmic landscape",0.7601090669631958,0.5975130200386047,29.31282182697711,0.468024
7836.png,357,run_10,2,"A barren rocky landscape stretches infinitely in every direction as an astronaut stands in contemplation, gazing upward at a lone celestial body set against the backdrop of an star-filled cosmos",0.8350597023963928,0.6919224262237549,38.67464513057177,0.467527
7836.png,358,run_9,4,"A highly detailed astronaut stands at the edge of a harsh, barren, dusty environment of a planet, staring upward through a thick atmosphere at a large, crimson celestial body surrounded by an ethereal, shimmering, starry cosmos",0.7672345042228699,0.5726006627082825,34.2351738612958,0.463941
7836.png,359,run_12,2,"The astronaut stands on a rugged, barren Martian terrain, gazing out at a lone celestial body in a boundless, star-filled universe",0.8302966952323914,0.6799087524414062,39.59559858574742,0.460586
7836.png,360,run_10,4,"A 4k, digital painting of an astronaut stands at the edge of a dry, rocky, barren planet, looking up at a bright, distant star in the vast, starlit expanse of space",0.7715038657188416,0.6212535500526428,31.532112720568104,0.454109
7836.png,361,run_3,2,Barren lunar landscape with a lone astronaut in the foreground gazing up at a distant star system in highly detailed digital painting,0.7233521938323975,0.5536292791366577,26.496176304518492,0.452433
7836.png,362,run_10,2,"An astronaut in a worn spacesuit stands resolutely in front of a barren, rocky planet, gazing up at a distant star as a galaxy sprawls across the sky",0.7991725206375122,0.5730571746826172,44.05206489176732,0.450431
7836.png,363,run_12,3,"A futuristic astronaut stands on the edge of a Martian cliff, gazing out at the cosmos with wonder and awe",0.8938552141189575,0.7186915874481201,53.35131726113653,0.448170
7836.png,364,run_9,1,"A highly detailed, realistic astronaut in a spacesuit stands on a barren, rocky terrain, looking out at a distant, celestial body amidst a vibrant, star-filled cosmos",0.7847615480422974,0.6231404542922974,38.88601832618825,0.421488
7836.png,365,run_1,4,"highly detailed, realistic portrait of an astronaut gazing out at a distant planet, set against a beautifully rendered star-filled night sky",0.7657016515731812,0.6220219731330872,34.24612079730797,0.420709
7836.png,366,run_9,1,"An astronaut in a spacesuit stands on a barren, rugged landscape, gazing up at a stunning, distant star",0.7685275077819824,0.6155579686164856,35.72760292242036,0.419998
7836.png,367,run_2,4,"A highly detailed astronaut in a pressurized suit stands on the barren, rocky surface of a desolate alien world, looks up in awe at a distant star set amidst the inky blackness of the cosmos",0.7684911489486694,0.6306495070457458,34.30147469393095,0.418833
7836.png,368,run_3,1,"Dramatically illuminated, a space-suited astronaut stands alone on a rocky barren planet looking up at the cosmos",0.7683491706848145,0.6179095506668091,35.61868146418848,0.418587
7836.png,369,run_4,1,"A close-up of an astronaut standing on the dusty surface of a barren planet, gazing at a distant celestial body with a striking binary star system",0.8098558783531189,0.6894009709358215,38.85301275963083,0.417976
7836.png,370,run_14,5,a highly realistic 4k digital depiction of an astronaut lost in contemplation on a desolate barren planet amidst a celestial expanse,0.8108797669410706,0.680806577205658,40.09538848058283,0.417274
7836.png,371,run_4,5,"Detailed astronaut figure posing at the edge of a barren, rocky planet, illuminated by the light of a nearby star and surrounded by swirling clouds of cosmic gas and dust, highly realistic",0.7790944576263428,0.5928207635879517,41.16519195345083,0.416977
7836.png,372,run_12,4,"A highly realistic astronaut stands on a rugged barren Martian planet, gazing at a beautiful celestial wonder amidst a stunning star-filled celestial backdrop",0.7892727851867676,0.6579362750053406,37.513812085799266,0.412974
7836.png,373,run_7,1,"An astronaut in a sleek white spacesuit stands on a rugged barren planet, staring up at a distant star surrounded by a galaxy of vibrant colors",0.8130744695663452,0.6459740996360779,44.887419769956026,0.412436
7836.png,374,run_6,2,"A detailed astronaut in a futuristic suit stands on a rugged, rocky terrain, looking at a far-off galaxy through a sleek, star-gazing telescope",0.8040972948074341,0.6987898945808411,38.061189958029836,0.405080
7836.png,375,run_5,1,"An astronaut in a white spacesuit stands resolutely on a barren, lunar-like planet gazing at a majestic celestial body amidst a breathtaking, star-filled universe",0.8015322685241699,0.62187659740448,45.433525865084206,0.404725
7836.png,376,run_9,3,"An incredibly detailed astronaut stands on a barren, rocky environment of a far-off planet, peering upwards through a thick, hazy atmosphere surrounded by an endless expanse of cosmos",0.8365955352783203,0.65579754114151,52.74602871918657,0.389873
7836.png,377,run_6,2,"A detailed astronaut in a sleek white spacesuit stands on a desolate, rocky landscape, gazing up at a beautiful, distant star surrounded by breathtaking, swirling nebulae",0.7863897085189819,0.6018701195716858,45.91125740732882,0.387059
7836.png,378,run_9,5,"Astronaut in a futuristic spacesuit stands on a harsh, rocky environment of a far-off planet, staring at a majestic, glowing celestial body through a thick atmospheric haze surrounded by boundless space",0.8396691083908081,0.6921168565750122,51.0647292521889,0.379677
7836.png,379,run_1,1,"A highly detailed digital painting of an astronaut standing on a rocky barren planet, gazing up at a nearby distant moon surrounded by stars and a vibrant celestial backdrop.",0.7395218014717102,0.6446957588195801,30.64135475261604,0.378353
7836.png,380,run_4,1,"Highly detailed astronauts stand on the rugged terrain of a barren planet, gazing up at the night sky filled with a multitude of distant celestial bodies and star systems",0.7971904277801514,0.7221647500991821,37.95164968190231,0.373216
7836.png,381,run_10,4,"A lone astronaut stands amidst the ruins of an ancient space station at the edge of a barren, rocky planet, looking up at a faint, distant star in the vastness of outer space",0.8169771432876587,0.6872053742408752,47.73942611283343,0.364462
7836.png,382,run_11,4,"An astronaut stands in a breathtakingly beautiful, highly detailed landscape on the barren, dusty surface of a distant planet, looking up at a majestic, celestial body surrounded by infinite star-filled space",0.6728333234786987,0.546271800994873,25.867551677896888,0.362691
7836.png,383,run_2,4,"A highly detailed astronaut in a gleaming white spacesuit stands on a barren, rocky outcropping, looks up in awe at a distant, burning star set against the inky blackness of the universe",0.7899947166442871,0.647288978099823,45.389549560802,0.361472
7836.png,384,run_12,5,"A close-up of a space-suited astronaut standing on the barren Martian terrain, intently gazing at a mesmerizing celestial object suspended amidst the infinite expanse of a star-filled universe",0.7689638137817383,0.6076416969299316,44.351828284195776,0.359859
7836.png,385,run_10,5,"An astronaut in a worn spacesuit stands at the edge of a barren, rocky planet, looking up at a bright, shining star",0.7551847696304321,0.5852765440940857,43.472858736025174,0.357430
7836.png,386,run_9,3,"A highly realistic astronaut stands on a stark, desolate environment of a distant planet, staring through a thick atmosphere at the horizon, bathed in an ethereal light",0.8076695799827576,0.6598290205001831,54.00476968367421,0.319145
7836.png,387,run_8,3,"The astronaut stands in a frozen moment on a desolate barren planet, looking up at the stars at a distant celestial body",0.7800452709197998,0.6980044841766357,43.825902917443976,0.312736
7836.png,388,run_12,5,"The figure of an astronaut stands on a desolate Martian terrain, focusing intently on the breathtaking view of a nearby planet surrounded by the infinite cosmos",0.7991750240325928,0.7171199917793274,46.723736855753494,0.312675
7836.png,389,run_15,4,"A ruggedly-clad astronaut stands on a dusty, barren planet, gazing at a nearby celestial body surrounded by a brilliant starry expanse",0.7271496653556824,0.6944372653961182,34.740543069693594,0.281306
7836.png,390,run_1,4,"highly detailed, ultra-realistic, digital painting of an astronaut in a spacesuit gazing out at a distant, glowing celestial body",0.7578240633010864,0.6980012655258179,46.97671704650135,0.243842
1159_25.png,1,run_15,5,"A close-up of a glass of 100% juice premium orange juice garnished with thin, crisp organic orange slices and peels, set against a warm golden light background on a distressed, weathered wooden table",0.9433022141456604,0.3426049053668976,33.580533373960684,0.977218
1159_25.png,2,run_6,4,"highly detailed realistic digital painting of freshly squeezed orange juice in a vintage glass, surrounded by peels and slices on a worn wooden surface",0.9432058334350586,0.3732644319534302,34.56850442050612,0.957066
1159_25.png,3,run_15,4,"A close-up of a glass of freshly squeezed, 100% premium orange juice garnished with thin organic orange slices and natural peels on a distressed wooden table",0.9413682222366333,0.3852018713951111,34.873817787403866,0.947076
1159_25.png,4,run_12,3,"A highly realistic 4k rendering of a glass of freshly squeezed orange juice with thick, rounded slices and peels, surrounded by scattered orange pieces on a clean, slightly textured wooden table",0.9547630548477173,0.4464018940925598,33.0186301067631,0.945142
1159_25.png,5,run_10,5,glass of vibrant freshly squeezed orange juice garnished with perfectly thin hand-carved orange peel,0.9350452423095703,0.3500099778175354,37.24303410403197,0.943629
1159_25.png,6,run_15,3,A close-up of a glass of freshly squeezed premium orange juice garnished with thin orange slices and organic peels on a distressed wooden table,0.9390095472335815,0.39328742027282715,34.133463502344306,0.943468
1159_25.png,7,run_2,5,"A highly detailed, 4k resolution glass of freshly squeezed orange juice garnished with hand-carved orange wedges and peels, surrounded by a tumble of freshly cut orange pieces on a warm, inviting background with a dreamy soft focus effect",0.9474203586578369,0.39123526215553284,38.42532458494018,0.934909
1159_25.png,8,run_2,5,"A highly detailed, 4k resolution artisanal glass of freshly squeezed orange juice garnished with delicate orange slices and peels on a warm, inviting beige linen background with a delicate soft focus effect",0.9446211457252502,0.3825641870498657,39.36451085413072,0.930533
1159_25.png,9,run_15,4,"A highly detailed, close-up of a glass of freshly squeezed, organic orange juice garnished with thin slices of orange and peels on a vintage wooden table",0.944290041923523,0.412311851978302,36.71750875192219,0.928655
1159_25.png,10,run_15,4,"A close-up of a glass of premium orange juice garnished with thin organic orange slices and peels, set against a warm, golden background on a distressed wooden table",0.9467834234237671,0.413695752620697,37.53009904229577,0.927434
1159_25.png,11,run_7,3,"A highly detailed glass of freshly squeezed orange juice garnished with vibrant orange slices and peels, surrounded by scattered segments on a subtle cream background",0.9332998991012573,0.383476585149765,36.98046041359708,0.926016
1159_25.png,12,run_15,4,"A highly detailed, close-up of a glass of freshly squeezed, cold-pressed premium orange juice garnished with thin organic orange slices and peels on a beautifully hand-carved wooden table",0.9396921396255493,0.4112623929977417,36.85201610853038,0.922011
1159_25.png,13,run_15,3,A highly detailed close-up of a glass of freshly squeezed orange juice garnished with orange slices and peels on a vintage wooden table,0.9395476579666138,0.4080398678779602,38.41975804870994,0.915561
1159_25.png,14,run_11,3,a photorealistic 4k digital painting of a glass filled with freshly squeezed orange juice garnished with juicy orange slices and peels on a crisp white surface with ambient soft natural lighting,0.9538105726242065,0.4502984285354614,38.335232474786714,0.915324
1159_25.png,15,run_10,4,highly detailed glass of 100% freshly squeezed orange juice garnished with perfectly thin slices of orange peel,0.9264803528785706,0.4080437421798706,35.56227996605146,0.911392
1159_25.png,16,run_12,4,"A highly realistic 8-bit photorealistic image of a glass of freshly squeezed orange juice with thick, rounded slices and peels, surrounded by scattered orange pieces on a clean, slightly glossy wooden table",0.9226682186126709,0.40591344237327576,34.76008348664429,0.911067
1159_25.png,17,run_13,3,"A detailed, close-up photograph of a glass of freshly squeezed orange juice garnished with a slice of orange, with a few peels and orange pieces artfully arranged in the background, set against a subtle warm tone color palette",0.9455291628837585,0.40450501441955566,41.536687829989035,0.910172
1159_25.png,18,run_4,4,"A beautifully crafted glass of orange juice with sliced oranges, peels, and juice droplets on a soft, focus-free background",0.9348642826080322,0.41058698296546936,38.271426277548805,0.908440
1159_25.png,19,run_13,5,A close-up photo of a glass of freshly squeezed orange juice garnished with a slice of orange and a few peels arranged naturally in the background,0.9399439096450806,0.4037795662879944,40.480712100234946,0.907921
1159_25.png,20,run_13,5,"A large-scale, highly realistic, close-up photo of a glass of freshly squeezed orange juice garnished with a slice of orange and a few peels in a natural surrounding",0.9428408145904541,0.41844630241394043,39.85974006259134,0.907897
1159_25.png,21,run_15,4,"A highly realistic, 4k close-up of a glass of freshly squeezed orange juice garnished with thin orange slices and peels on a rustic, wooden table",0.9402294158935547,0.4302911162376404,38.04826600240713,0.907434
1159_25.png,22,run_13,4,"A highly realistic, large-scale, close-up photo of a glass of freshly squeezed orange juice garnished with a slice of orange, with a few peels and orange pieces arranged naturally in the background and soft subtle lighting",0.9491061568260193,0.40822070837020874,42.73523460968502,0.907405
1159_25.png,23,run_11,4,a realistic 4k digital painting of a clear glass filled with freshly squeezed orange juice and adorned with orange slices and peels on a pure white surface bathed in gentle natural light,0.944782555103302,0.4012446999549866,42.39644160103805,0.906427
1159_25.png,24,run_5,5,"A highly realistic 4k digital photograph of a glass of orange juice with a thick slice and peel garnish, surrounded by scattered orange pieces and droplets of condensation on a wooden table with a soft, warm ambiance",0.9391452074050903,0.42541593313217163,38.46334007243068,0.906228
1159_25.png,25,run_15,2,A close-up of a glass of freshly squeezed orange juice garnished with orange slices and peels on a rustic wooden table.,0.934008002281189,0.42492926120758057,37.11649378143564,0.905946
1159_25.png,26,run_10,4,a 4k rendering of a highly detailed glass of freshly squeezed orange juice perfectly garnished with thin orange slices and peels,0.9479108452796936,0.4510495364665985,38.60249299274818,0.905294
1159_25.png,27,run_10,3,highly detailed glass of 100% freshly squeezed orange juice garnished with very thin slices of orange and peels,0.934142529964447,0.4386065602302551,36.31054336724481,0.903433
1159_25.png,28,run_13,5,"A highly realistic, highly detailed 4k photo of a glass of freshly squeezed orange juice",0.9403438568115234,0.4345688223838806,39.42483807868311,0.898615
1159_25.png,29,run_9,5,"A photorealistic, 8k, high-resolution depiction of a glass of orange juice garnished with sliced oranges and peels, surrounded by subtle juice droplets and a few faint peels on a very light beige, almost off-white background, softly lit by warm natural light",0.9421219825744629,0.4026518166065216,43.08209953451678,0.898556
1159_25.png,30,run_10,5,highly detailed 4k render of a glass filled with freshly squeezed orange juice and adorned with delicate orange peel slices,0.9336068630218506,0.4123830199241638,39.96987287698087,0.897298
1159_25.png,31,run_12,3,"A breathtakingly detailed digital painting of a glass of freshly squeezed orange juice with juicy, thick slices and vibrant peels, surrounded by scattered orange pieces on a clean, slightly distressed wooden surface",0.9328747391700745,0.44384264945983887,36.78869443326335,0.896680
1159_25.png,32,run_12,5,A highly realistic ultra-detailed 8k digital rendering of a glass of freshly squeezed orange juice,0.9421098232269287,0.4525115489959717,38.964153897169965,0.894582
1159_25.png,33,run_12,2,"A 4k masterpiece of a glass of freshly squeezed orange juice with thick slices and peels, surrounded by scattered orange pieces on a clean, slightly textured background",0.9399007558822632,0.44813281297683716,38.821141837370256,0.894333
1159_25.png,34,run_11,4,a photorealistic 4k ultra high definition digital art piece of a glass filled with freshly squeezed orange juice garnished with fresh orange slices and peels on a spotless white surface under soft natural illumination,0.9311631321907043,0.43417859077453613,37.79805941465967,0.893977
1159_25.png,35,run_15,5,"A highly detailed, 4k, close-up of a glass of 100% juice premium orange juice garnished with thin organic orange slices and peels, set against a warm, golden background on a distressed, wooden table",0.9381951093673706,0.44256818294525146,39.42269987495265,0.891658
1159_25.png,36,run_10,3,a beautifully crafted glass of cold freshly squeezed orange juice surrounded by random orange pieces on a neutral soft focus background,0.9316074848175049,0.41843992471694946,39.96599726614356,0.891517
1159_25.png,37,run_14,5,"highly detailed, photorealistic still life of a refreshing glass of orange juice garnished with actual, hand-cut slices of orange peel and scattered segments, viewed head-on with a 90-degree angle, surrounded by a minimalist aesthetic on a neutral, 8k background with a deep focus effect",0.9347662925720215,0.46267977356910706,36.70910693751216,0.890481
1159_25.png,38,run_14,4,"Highly detailed, photorealistic still life of a refreshing glass of orange juice garnished with thin, hand-cut slices of orange peel and scattered segments, surrounded by a minimalist aesthetic on a neutral, 8k background with a deep focus effect",0.9389511942863464,0.4524250030517578,39.24451216128671,0.888767
1159_25.png,39,run_13,5,A highly realistic soft focus photo of a glass of freshly squeezed orange juice garnished with a slice of orange,0.9246436357498169,0.4286341071128845,37.6237891006927,0.888374
1159_25.png,40,run_11,5,A detailed digital artwork of 4K resolution featuring a glass filled with freshly squeezed orange juice garnished with orange slices and peels on a clean white surface,0.9423032402992249,0.45569732785224915,40.09218537911256,0.887654
1159_25.png,41,run_13,2,"A close-up, highly detailed view of a glass of freshly squeezed orange juice garnished with a slice of orange and a few peels, with a few scattered orange pieces in the foreground.",0.9432798624038696,0.43859291076660156,42.39298541693641,0.885953
1159_25.png,42,run_7,3,"A photorealistic glass of orange juice garnished with succulent orange slices and peels, surrounded by scattered pieces on a light beige background",0.9517946243286133,0.46903055906295776,42.19685037358521,0.883976
1159_25.png,43,run_10,3,a delicate glass of freshly squeezed orange juice with a medley of thin orange slice and peel garnishes surrounded by random peel pieces on a slightly blurred soft focus background,0.9332932829856873,0.4473085403442383,39.14267526551258,0.883808
1159_25.png,44,run_9,4,"A photorealistic, high-resolution depiction of a glass of orange juice garnished with sliced oranges and peels, surrounded by scattered peels and subtle juice droplets on a clean, light beige or slightly off-white background, illuminated by soft natural light.",0.9419759511947632,0.43597978353500366,42.85840049001774,0.883073
1159_25.png,45,run_10,2,"A highly detailed glass of fresh orange juice garnished with thin slices and peels, surrounded by random orange pieces on a neutral soft focus background.",0.9410444498062134,0.4542175531387329,40.84259452721487,0.882857
1159_25.png,46,run_14,3,"Highly detailed, photorealistic still life of a refreshing glass of orange juice garnished with thin slices and peels, surrounded by scattered segments on a neutral, 4k background with a shallow depth of field.",0.9469927549362183,0.46582677960395813,41.39994808541178,0.882757
1159_25.png,47,run_7,5,"A highly detailed, photorealistic glass of fresh orange juice garnished with succulent orange slices and peels, surrounded by scattered pieces on a warm beige background",0.9530158042907715,0.47301822900772095,42.861081270372466,0.880420
1159_25.png,48,run_11,3,a highly detailed 4k digital painting of a glass filled with freshly squeezed orange juice garnished with vibrant orange slices and peels set against a clean minimalist background with soft warm ambient lighting,0.941597044467926,0.46170780062675476,40.79663429755794,0.880182
1159_25.png,49,run_1,5,"A highly realistic, photorealistic 4k image of a glass of orange juice garnished with orange slices and peels, surrounded by subtle shadows and soft light",0.9366203546524048,0.47746795415878296,37.950145513454466,0.879625
1159_25.png,50,run_2,2,"A beautiful, highly detailed glass of freshly squeezed orange juice garnished with orange wedges and peels, surrounded by a tumble of orange pieces on a gentle beige background.",0.9336481094360352,0.444318950176239,40.382295082226776,0.879587
1159_25.png,51,run_2,4,"A stunning, extremely detailed glass of freshly squeezed orange juice garnished with orange wedges and peels, surrounded by a tumble of orange pieces on a soft, natural beige background with a subtle gradient effect",0.9308887720108032,0.4468764662742615,39.52633731803126,0.878711
1159_25.png,52,run_6,3,"highly detailed digital painting of fresh orange juice in a vintage glass, surrounded by peels and slices on a worn wooden surface",0.9317669868469238,0.4621785879135132,38.33849668512405,0.878357
1159_25.png,53,run_4,5,"A glass of perfectly crafted orange juice with sliced oranges, fresh peels, and realistic juice droplets on a blurred, creamy background",0.9253482818603516,0.431989848613739,39.62989531045379,0.877697
1159_25.png,54,run_4,4,"A highly detailed glass of freshly squeezed orange juice surrounded by sliced oranges, peels, and juice droplets on a soft, blurred focus, neutral background",0.942462682723999,0.4615063965320587,41.63372512387342,0.877321
1159_25.png,55,run_2,4,"A highly detailed, 4k resolution glass of freshly squeezed orange juice garnished with orange wedges and peels, surrounded by a tumble of orange pieces on a warm, inviting beige background with a soft focus effect.",0.939996063709259,0.445407509803772,42.565385666407124,0.877105
1159_25.png,56,run_15,5,"A close-up of a glass of premium orange juice garnished with thin, fresh organic orange slices and peels, set against a golden, sunlit background on a rustic, wooden table",0.9368390440940857,0.4626559019088745,40.06650254534556,0.876648
1159_25.png,57,run_13,4,"A highly detailed, close-up photograph of a crystal glass filled with freshly squeezed orange juice garnished with a thin slice of orange, set against a soft warm tone color palette with gentle highlights",0.9425537586212158,0.43028512597084045,44.912343820798036,0.876430
1159_25.png,58,run_11,2,"A 4k digital painting of a glass filled with freshly squeezed orange juice garnished with vibrant orange slices and peels, surrounded by scattered juicy orange pieces on a neutral, stylized background and ambient soft lighting.",0.9391276836395264,0.4695282578468323,40.10622398306883,0.876299
1159_25.png,59,run_12,4,"A highly detailed 4k close-up of a glass of freshly squeezed orange juice with thick, rounded slices and peels, surrounded by scattered orange pieces on a clean, slightly textured wooden table in a bright, sunny kitchen.",0.9360573291778564,0.43243953585624695,42.974551106456815,0.875882
1159_25.png,60,run_10,4,highly detailed digital painting of a glass of 100% freshly squeezed orange juice garnished with very thin slices of fresh orange and peels,0.9333563446998596,0.4778541326522827,37.77484467532892,0.875704
1159_25.png,61,run_12,2,"A highly detailed, highly realistic glass of freshly squeezed orange juice garnished with thick slices and peels, surrounded by a few scattered orange seeds on a clean, soft-focus background",0.9097570180892944,0.43068352341651917,35.816601741056004,0.875385
1159_25.png,62,run_9,4,"A stunning, photorealistic image of a glass of orange juice garnished with sliced oranges and peels, surrounded by a few scattered peels and fine juice droplets on a clean, slightly cream-toned background, shot from a directly above perspective.",0.9294241070747375,0.45880556106567383,38.63815005123423,0.875213
1159_25.png,63,run_11,4,a highly detailed 4k masterpiece digital painting of a glass filled with freshly squeezed orange juice garnished with orange slices and peels on a crisp white surface with warm soft natural lighting,0.9460408687591553,0.4773743152618408,41.82618109162901,0.873604
1159_25.png,64,run_13,3,"A masterfully detailed perspective of a glass of freshly squeezed orange juice garnished with a slice of orange, with a few scattered peels and orange pieces artfully arranged in the foreground",0.9384316205978394,0.48824065923690796,38.96145565510927,0.871830
1159_25.png,65,run_6,1,"Orange juice in a vintage glass, surrounded by peels and slices on a worn wooden surface, with a subtle soft glow",0.9477815628051758,0.5138802528381348,39.20971646258279,0.871173
1159_25.png,66,run_5,3,"A 4k, highly realistic photographic representation of a glass of freshly squeezed orange juice garnished with thick slices of orange and peels, surrounded by scattered orange pieces and condensation droplets on a plain wooden table",0.9363324642181396,0.4782930612564087,39.56010761809346,0.870771
1159_25.png,67,run_2,2,"A perfectly detailed glass of orange juice garnished with orange slices and peels, surrounded by scattered orange pieces on a neutral background.",0.9357066750526428,0.47013118863105774,40.23943334600835,0.870509
1159_25.png,68,run_13,2,"A highly detailed glass of orange juice garnished with a sprig of fresh rosemary and thin slices of orange, surrounded by a few scattered orange pieces on a minimalist background",0.9135825037956238,0.49316680431365967,32.325732619173834,0.867486
1159_25.png,69,run_14,5,"highly realistic, still life of a glass of orange juice garnished with thin, hand-cut slices of orange peel and scattered segments, set against a subtle, textured, 4k background with a subtle focus effect",0.9374545812606812,0.48236456513404846,40.31246860447071,0.866594
1159_25.png,70,run_14,1,"A highly detailed still life of a refreshing glass of orange juice garnished with thin slices and peels, surrounded by scattered segments on a neutral, 4k background.",0.9475530385971069,0.5100851058959961,40.48845278098771,0.866330
1159_25.png,71,run_4,3,"A beautifully crafted glass of orange juice surrounded by sliced oranges, peels, and juice droplets on a soft, blurred focus, neutral background",0.9247592091560364,0.4509517252445221,39.94197164234665,0.865980
1159_25.png,72,run_8,4,"A highly detailed, 4k-resolution image of a glass of orange juice garnished with thinly sliced oranges and intricate orange peels, set against a softly blurred neutral background with subtle reflections",0.9104446172714233,0.44162270426750183,37.60786962197214,0.862027
1159_25.png,73,run_4,3,"A realistic 4k digital painting of a glass filled with freshly squeezed orange juice surrounded by orange slices, peels, and scattered orange pieces on a subtle, cream-toned background",0.9322246313095093,0.47699716687202454,40.3270513513234,0.861780
1159_25.png,74,run_13,1,A highly photorealistic glass of ice-cold orange juice garnished with a spiral of orange peel and a few slices on a simple white surface with a slight reflection,0.9314385652542114,0.435937762260437,44.18038998493881,0.861620
1159_25.png,75,run_1,4,"A highly detailed, realistic image of a refreshing glass of orange juice garnished with orange slices and peels, surrounded by scattered orange pieces on a soft, neutral background",0.9252803921699524,0.45540958642959595,40.617860158176846,0.861147
1159_25.png,76,run_14,1,"A highly realistic glass of freshly squeezed orange juice garnished with orange slices and peels, set against a subtle, cream-colored background and captured in 4k resolution.",0.9361864924430847,0.48704323172569275,40.694922548045305,0.860592
1159_25.png,77,run_12,3,"A photorealistic masterpiece of a glass of freshly squeezed orange juice with sliced oranges and peels, scattered orange wedges, and soft, warm lighting on a minimalist, modern background",0.9331105351448059,0.4771605134010315,40.8222822394357,0.860477
1159_25.png,78,run_7,4,"A close-up of a photorealistic glass of freshly squeezed orange juice garnished with vibrant, juicy orange slices, peels, and seeds on a soft, beige surface",0.9284411668777466,0.4395563006401062,43.39209508073672,0.859548
1159_25.png,79,run_13,3,"an ultra-high-resolution close-up of a glass of freshly squeezed orange juice garnished with a slice of orange, a few peels, and scattered orange pieces",0.9352928400039673,0.46727508306503296,42.676330902416325,0.859158
1159_25.png,80,run_12,1,"A highly detailed, photorealistic glass of freshly squeezed orange juice garnished with thick slices and peels, surrounded by scattered orange pieces on a clean, neutral background",0.9296339154243469,0.4632032513618469,41.60910223092903,0.858506
1159_25.png,81,run_6,5,highly detailed digital painting of a glass filled with freshly squeezed orange juice surrounded by slices and peels in warm sunlight on a rustic wooden surface,0.931861162185669,0.48931440711021423,39.757050911410545,0.858056
1159_25.png,82,run_14,5,"a highly detailed, realistic still life of a glass of orange juice garnished with actual, thinly sliced, hand-cut orange peel and scattered segments, viewed at a 45-degree angle, against a neutral, 8k background with a deep focus effect",0.9256764054298401,0.4696923494338989,40.366569164580824,0.855935
1159_25.png,83,run_8,4,"highly detailed, photorealistic still life of a glass of orange juice garnished with thinly sliced oranges and intricate orange peels, set against a softly blurred neutral background",0.9251444339752197,0.4804540276527405,39.46355935972458,0.854402
1159_25.png,84,run_9,3,"'A photorealistic representation of a glass of orange juice garnished with sliced oranges and peels, surrounded by a few scattered peels and juice droplets on a clean, beige background.'",0.9340510964393616,0.47110533714294434,43.04917935537559,0.853659
1159_25.png,85,run_15,1,"Highly detailed still life of a refreshing glass of freshly squeezed orange juice garnished with sliced oranges and peels, surrounded by scattered orange zest and peels on a soft neutral background.",0.922186553478241,0.45115917921066284,41.761746965246815,0.853158
1159_25.png,86,run_7,5,"A photorealistic close-up of a glass of orange juice garnished with slices and peels of vibrant, juicy oranges, set amidst scattered peels on a soft beige background",0.9374423623085022,0.47006934881210327,44.32908946593297,0.852561
1159_25.png,87,run_1,Baseline,"A refreshing glass of orange juice garnished with orange slices and peels, surrounded by scattered orange pieces on a neutral background.",0.9367260932922363,0.486178994178772,42.64859086177122,0.852020
1159_25.png,88,run_2,Baseline,"A refreshing glass of orange juice garnished with orange slices and peels, surrounded by scattered orange pieces on a neutral background.",0.9367260932922363,0.486178994178772,42.64859086177122,0.852020
1159_25.png,89,run_3,Baseline,"A refreshing glass of orange juice garnished with orange slices and peels, surrounded by scattered orange pieces on a neutral background.",0.9367260932922363,0.486178994178772,42.64859086177122,0.852020
1159_25.png,90,run_4,Baseline,"A refreshing glass of orange juice garnished with orange slices and peels, surrounded by scattered orange pieces on a neutral background.",0.9367260932922363,0.486178994178772,42.64859086177122,0.852020
1159_25.png,91,run_5,Baseline,"A refreshing glass of orange juice garnished with orange slices and peels, surrounded by scattered orange pieces on a neutral background.",0.9367260932922363,0.486178994178772,42.64859086177122,0.852020
1159_25.png,92,run_6,Baseline,"A refreshing glass of orange juice garnished with orange slices and peels, surrounded by scattered orange pieces on a neutral background.",0.9367260932922363,0.486178994178772,42.64859086177122,0.852020
1159_25.png,93,run_7,Baseline,"A refreshing glass of orange juice garnished with orange slices and peels, surrounded by scattered orange pieces on a neutral background.",0.9367260932922363,0.486178994178772,42.64859086177122,0.852020
1159_25.png,94,run_8,Baseline,"A refreshing glass of orange juice garnished with orange slices and peels, surrounded by scattered orange pieces on a neutral background.",0.9367260932922363,0.486178994178772,42.64859086177122,0.852020
1159_25.png,95,run_9,Baseline,"A refreshing glass of orange juice garnished with orange slices and peels, surrounded by scattered orange pieces on a neutral background.",0.9367260932922363,0.486178994178772,42.64859086177122,0.852020
1159_25.png,96,run_10,Baseline,"A refreshing glass of orange juice garnished with orange slices and peels, surrounded by scattered orange pieces on a neutral background.",0.9367260932922363,0.486178994178772,42.64859086177122,0.852020
1159_25.png,97,run_11,Baseline,"A refreshing glass of orange juice garnished with orange slices and peels, surrounded by scattered orange pieces on a neutral background.",0.9367260932922363,0.486178994178772,42.64859086177122,0.852020
1159_25.png,98,run_12,Baseline,"A refreshing glass of orange juice garnished with orange slices and peels, surrounded by scattered orange pieces on a neutral background.",0.9367260932922363,0.486178994178772,42.64859086177122,0.852020
1159_25.png,99,run_13,Baseline,"A refreshing glass of orange juice garnished with orange slices and peels, surrounded by scattered orange pieces on a neutral background.",0.9367260932922363,0.486178994178772,42.64859086177122,0.852020
1159_25.png,100,run_14,Baseline,"A refreshing glass of orange juice garnished with orange slices and peels, surrounded by scattered orange pieces on a neutral background.",0.9367260932922363,0.486178994178772,42.64859086177122,0.852020
1159_25.png,101,run_15,Baseline,"A refreshing glass of orange juice garnished with orange slices and peels, surrounded by scattered orange pieces on a neutral background.",0.9367260932922363,0.486178994178772,42.64859086177122,0.852020
1159_25.png,102,run_12,5,A photorealistic 4k masterpiece of a glass of freshly squeezed orange juice on a wooden table with a few scattered orange peels and a few juice stains,0.9347629547119141,0.49197664856910706,41.55713769096113,0.851850
1159_25.png,103,run_7,5,"A highly detailed, 4k-resolution image of a glass of freshly squeezed orange juice garnished with juicy orange slices and peels, surrounded by scattered peels on a light beige linen cloth",0.9282811880111694,0.41991740465164185,46.89526285496457,0.851484
1159_25.png,104,run_5,5,"A masterfully crafted, highly realistic 4k digital image of a glass of freshly squeezed orange juice on a plain wooden table, garnished with thick slices of orange and peels, surrounded by scattered pieces and delicate droplets of condensation, with a focus on capturing the intricate textures and details.",0.9278645515441895,0.47971203923225403,40.98249197722799,0.851018
1159_25.png,105,run_8,1,"A highly detailed, photorealistic glass of orange juice garnished with thinly sliced oranges and intricate orange peels, set against a softly blurred neutral background",0.9487006664276123,0.5298306941986084,42.61387238942554,0.847620
1159_25.png,106,run_10,4,a highly detailed masterpiece of 100% freshly squeezed orange juice in a glass garnished with delicate orange slices and peels,0.9296737313270569,0.45919719338417053,44.48702571226597,0.846157
1159_25.png,107,run_4,4,"A digital painting of a glass of orange juice, surrounded by sliced oranges, peels, and juice droplets in soft, blended colors on a neutral background",0.9344309568405151,0.4694208800792694,45.0118550387094,0.845220
1159_25.png,108,run_1,4,"A close-up of a perfectly still glass of freshly squeezed orange juice topped with thin slices of orange, peels slightly curled, and a sprinkle of orange zest on a neutral surface",0.9173656702041626,0.41768643260002136,45.304567809765224,0.845123
1159_25.png,109,run_11,5,"A highly detailed, photorealistic 4K digital masterpiece of a glass containing freshly squeezed orange juice garnished with juicy slices and peels on a soft white surface with subtle natural illumination",0.938163697719574,0.5163499116897583,41.575696517021456,0.844567
1159_25.png,110,run_3,3,"A photographically accurate 4k image of a glass of orange juice on a wooden table, garnished with a sprig of fresh rosemary and a few orange slices, with orange peels scattered around",0.9103411436080933,0.4917454123497009,36.16287023226324,0.844444
1159_25.png,111,run_12,1,"A highly detailed digital painting of a refreshing glass of orange juice garnished with juicy orange slices and peels, surrounded by scattered orange pieces on a soft, beige background",0.9384195804595947,0.5017548203468323,43.16218209097469,0.844183
1159_25.png,112,run_2,4,"A vibrant, highly detailed glass of freshly squeezed orange juice garnished with orange wedges and peels, surrounded by a tumble of orange pieces on a gentle beige surface",0.9071746468544006,0.3870668411254883,45.80356915970053,0.843310
1159_25.png,113,run_1,3,"Highly detailed, photorealistic glass of orange juice garnished with sliced oranges and peels, surrounded by scattered orange slices on a neutral background",0.9378591775894165,0.5117299556732178,42.211021666602036,0.843237
1159_25.png,114,run_2,3,"A highly detailed, photorealistic glass of freshly squeezed orange juice garnished with orange wedges and peels, surrounded by a tumble of orange pieces on a soft beige background",0.9376533031463623,0.4969944655895233,43.70036974065984,0.842755
1159_25.png,115,run_14,2,"A still life of a glass of orange juice garnished with thin slices and peel segments in a minimalist, 4k composition",0.9550043344497681,0.547819197177887,43.839816537046744,0.841544
1159_25.png,116,run_7,3,"A highly realistic, 4k-resolution glass of orange juice garnished with plump orange slices and peels, surrounded by a scattering of fragments on a neutral beige background.",0.935549795627594,0.5073742866516113,42.41857291657415,0.841083
1159_25.png,117,run_9,4,"A highly detailed, realistic representation of a glass of freshly squeezed orange juice garnished with sliced oranges and peels, surrounded by a few scattered peels and juice droplets on a clean, beige background, shot from directly above.",0.9338106513023376,0.48433345556259155,44.53246073067806,0.839404
1159_25.png,118,run_4,1,"A highly detailed, photorealistic glass of orange juice surrounded by a few orange slices and peels on a plain white surface",0.9282599091529846,0.47861379384994507,43.6398563408623,0.838843
1159_25.png,119,run_15,1,"A close-up of a glass of iced orange juice garnished with multiple slices of orange and peels, surrounded by loose orange zest and peels on a minimalist table.",0.924279510974884,0.4573693871498108,44.60945058740637,0.838832
1159_25.png,120,run_9,2,"A highly detailed, photorealistic glass of freshly squeezed orange juice garnished with thinly sliced oranges and peels, surrounded by scattered orange segments on a neutral background with subtle gradient.",0.9350011348724365,0.5003361105918884,43.587832184431036,0.837931
1159_25.png,121,run_5,1,"A delicate glass of orange juice garnished with orange slices and peels, nestled among a pile of fresh oranges on a wooden table.",0.9306076169013977,0.4965061545372009,42.9584386104622,0.836758
1159_25.png,122,run_11,5,A photorealistic 4K digital art piece of a glass filled with freshly squeezed orange juice garnished with slices and peels on a pristine white surface,0.9420192837715149,0.4605981707572937,49.72001340329923,0.836751
1159_25.png,123,run_9,5,"A digital painting-style, photorealistic depiction of a glass of orange juice garnished with sliced oranges, peels, and a few scattered peels, set against a clean, minimalistic background with a gentle gradient of warm colors",0.9388142824172974,0.49436140060424805,45.50402491291801,0.836679
1159_25.png,124,run_8,5,"Highly detailed, digital painting of a glass of freshly squeezed orange juice garnished with thinly sliced oranges and realistic, textured orange peels, set against a subtle, muted background",0.9366750121116638,0.5065480470657349,43.70241267733381,0.836665
1159_25.png,125,run_5,1,"A 4K digital painting of a glass of orange juice garnished with bright orange slices, peels, and a sprig of mint, on a warm wooden table.",0.9360771775245667,0.5610079765319824,38.242659186421164,0.836305
1159_25.png,126,run_12,3,"An extremely realistic 4k image of a glass of freshly squeezed orange juice with thick, vibrant slices and peels, and scattered orange pieces on a clean, highly reflective glass surface",0.9371619820594788,0.5052765607833862,44.14855760440883,0.835749
1159_25.png,127,run_7,4,"A photorealistic, highly detailed glass of orange juice with succulent, ripe orange slices and peels, surrounded by scattered segments on a warm beige background",0.9412028789520264,0.5121974945068359,44.71995075741501,0.835193
1159_25.png,128,run_11,3,highly detailed 4k digital painting of a glass filled with freshly squeezed orange juice garnished with bright orange slices and peels set against a perfectly clean neutral background with ambient soft lighting,0.9463120102882385,0.509576141834259,46.548194335658096,0.834560
1159_25.png,129,run_5,3,"A close-up, highly detailed, digital painting of a glass of freshly squeezed orange juice with a few orange slices and peels, set against a soft, out-of-focus blurred background",0.9284484386444092,0.48908939957618713,43.547459650076114,0.834417
1159_25.png,130,run_3,4,"A meticulously crafted 4k digital photograph of a glass of orange juice on a wooden table, garnished with a sprig of fragrant rosemary and orange slices, with a few peels scattered around",0.914971649646759,0.5071316361427307,38.1387653044751,0.833541
1159_25.png,131,run_13,4,"A 4k-resolution, highly realistic close-up photo of a glass of freshly squeezed orange juice garnished with a slice of orange, with a few peels artfully arranged in the background",0.9290598034858704,0.4896736145019531,43.9423601245908,0.833020
1159_25.png,132,run_8,5,"Highly detailed, 4k resolution, photorealistic glass of freshly squeezed orange juice garnished with thinly sliced oranges and authentic, detailed orange peels",0.934851884841919,0.5416572690010071,40.50581973891126,0.832789
1159_25.png,133,run_13,5,"A highly realistic, large-scale, close-up, highly detailed digital painting of a glass of freshly squeezed orange juice garnished with a slice of orange",0.916522204875946,0.49193471670150757,40.232798394811134,0.832744
1159_25.png,134,run_8,4,"highly detailed, photorealistic still life of a glass of orange juice garnished with thinly sliced oranges and orange peel slices, set against a neutral background with warm, golden lighting and slight depth of field",0.9408513903617859,0.5128861665725708,45.21150293758296,0.831903
1159_25.png,135,run_8,5,"Photorealistic, highly detailed glass of orange juice garnished with thinly sliced oranges and precise, intricate orange peels, set against a very softly blurred neutral background",0.9422538876533508,0.530212938785553,43.95554713639231,0.831633
1159_25.png,136,run_11,2,"A beautiful, photorealistic close-up of a glass filled with freshly squeezed orange juice garnished with thinly sliced oranges and an assortment of orange peels, surrounded by scattered juicy orange pieces on a neutral, slightly worn background.",0.9190798401832581,0.46107175946235657,44.28795802755578,0.831279
1159_25.png,137,run_8,3,"glass of freshly squeezed orange juice with delicate orange slices and peels, rendered in stunning high-definition photorealism, set against a blurred, creamy background",0.9457361698150635,0.5339784622192383,44.67841485105906,0.831084
1159_25.png,138,run_14,4,"Photorealistic, cinematic still life of a glass of freshly squeezed orange juice garnished with delicate, thin slices and peels, surrounded by scattered juice segments on a clean, 8k white background with a shallow depth of field effect",0.9451858401298523,0.4770814776420593,50.38477353402851,0.829791
1159_25.png,139,run_13,3,"highly detailed close-up view of a glass of freshly squeezed orange juice garnished with a slice of orange and a few peels, with a few scattered orange pieces in the foreground, rendered in a 4k digital painting style",0.9276121258735657,0.4944376051425934,43.86953192812411,0.828998
1159_25.png,140,run_7,4,"A photorealistic glass of orange juice garnished with succulent, organic orange slices and peels and a few scattered seeds, surrounded by a subtle background glow on a light, beige surface",0.9373984932899475,0.5307809114456177,43.16922729831183,0.828429
1159_25.png,141,run_9,1,"A highly realistic glass of orange juice garnished with thick orange slices and peels, surrounded by an abundance of scattered orange pieces on a soft, warm beige background.",0.9365886449813843,0.5192489624023438,44.165462299936365,0.827983
1159_25.png,142,run_5,3,"A highly detailed, realistic depiction of a refreshing glass of freshly squeezed orange juice garnished with thin orange slices and peels, surrounded by scattered orange peel pieces and juice droplets on a neutral stone background",0.9251661896705627,0.5027080774307251,42.616115717715765,0.827739
1159_25.png,143,run_5,5,"A 4k, highly realistic and intricately detailed photographic representation of a glass of freshly squeezed orange juice garnished with thick slices of orange and peels, surrounded by scattered orange pieces and delicate condensation droplets on a plain wooden table with subtle wood grain",0.9304344654083252,0.5310965776443481,41.43554960450919,0.827106
1159_25.png,144,run_11,1,"A highly detailed, 4k, realistic glass of freshly squeezed orange juice garnished with sliced oranges and peels on a subtle background with soft light",0.9349192976951599,0.5167827606201172,44.26254237749301,0.826355
1159_25.png,145,run_12,4,"Highly realistic 4k digital painting of a glass of freshly squeezed orange juice with thick, rounded slices and peels, surrounded by scattered orange pieces on a clean, smooth wooden table in a minimalist space",0.9345313906669617,0.5379911065101624,42.26697571939302,0.825343
1159_25.png,146,run_15,3,A highly realistic close-up of a glass of freshly squeezed orange juice garnished with sliced oranges and peels on a weathered wooden table in a cozy cabin.,0.9273653030395508,0.5246853828430176,41.859364719043384,0.823812
1159_25.png,147,run_11,4,a photorealistic 4k digital art piece of a glass containing freshly squeezed orange juice with orange slices and peels placed on a minimalist white background under ambient lighting,0.9427974224090576,0.5117309093475342,47.80017971854517,0.822287
1159_25.png,148,run_3,2,"A highly detailed, photorealistic image of a glass of orange juice garnished with orange slices and peels, surrounded by scattered orange pieces on a bright and clean studio background.",0.9340205192565918,0.5329972505569458,43.41861500988311,0.821326
1159_25.png,149,run_5,2,"A highly detailed, photorealistic glass of freshly squeezed orange juice with slices and peels, amidst scattered orange pieces on a neutral background",0.9369500875473022,0.5236769318580627,45.20451437137719,0.821125
1159_25.png,150,run_1,5,"A highly detailed, photorealistic image of a refreshing glass of orange juice garnished with orange slices and peels",0.9316062331199646,0.5460711121559143,41.53684692923849,0.820888
1159_25.png,151,run_2,5,"A photorealistic, 4k resolution glass of freshly squeezed orange juice garnished with orange wedges and peels, surrounded by a tumble of orange pieces on a natural, earthy-toned wooden background with a subtle gradient",0.9263358116149902,0.5292094945907593,41.73705336187146,0.820744
1159_25.png,152,run_13,2,"A photorealistic glass of orange juice garnished with orange slices and peels, surrounded by scattered orange pieces on a lightly textured background",0.9308493137359619,0.5118681192398071,44.75667291951326,0.820561
1159_25.png,153,run_11,1,"A warm, inviting glass of chilled orange juice surrounded by orange peels and pieces on a neutral-colored background with a shallow depth of field",0.9273726940155029,0.5116304755210876,43.817200070857055,0.820464
1159_25.png,154,run_5,5,"A glass of vibrant orange juice on a rustic wooden table surrounded by fresh orange slices and peels, with a few scattered pieces and a few visible droplets of condensation, all captured in stunning 4k resolution",0.9359787106513977,0.5266406536102295,45.39977937988014,0.817321
1159_25.png,155,run_7,2,"A beautiful, still life of a glass of orange juice garnished with delicate orange slices and peels, surrounded by scattered orange pieces on a minimalist, gray background",0.9379104375839233,0.5668343305587769,42.04012793556473,0.817057
1159_25.png,156,run_7,2,"A delicate, hand-painted glass of orange juice garnished with vibrant orange slices and peels, surrounded by scattered orange pieces on a soft, cream-colored background",0.9351807832717896,0.5109330415725708,46.80819192637521,0.816886
1159_25.png,157,run_8,3,"a breathtakingly realistic glass of orange juice with thinly sliced oranges and curled orange peels, shot in 8k digital",0.9367198944091797,0.5596144795417786,42.564506441560475,0.816309
1159_25.png,158,run_1,5,"A highly realistic, detailed 4k image of a glass of orange juice surrounded by orange pieces on a soft, neutral background",0.927910566329956,0.5338969230651855,42.612471009368484,0.816288
1159_25.png,159,run_9,5,"A highly stylized, high-fidelity, photorealistic depiction of a glass of freshly squeezed orange juice garnished with sliced oranges, peels, and subtle juice droplets on a clean, warm-colored background with an elegant, subtle texture.",0.9326796531677246,0.5167700052261353,45.66492240402374,0.816196
1159_25.png,160,run_15,3,A close-up of a delicate glass of freshly squeezed orange juice garnished with orange slices and peels on a rustic wooden table with a warm morning light,0.926886260509491,0.52809739112854,43.084581899351754,0.815337
1159_25.png,161,run_3,2,"A refreshing, highly realistic glass of freshly squeezed orange juice garnished with thinly sliced and peels, surrounded by scattered orange pieces on a neutral background with soft warm light.",0.9325103759765625,0.528084933757782,44.878597693432894,0.814319
1159_25.png,162,run_2,5,"A highly detailed, 8k resolution glass of freshly squeezed orange juice garnished with perfectly sliced orange wedges and peels on a warm beige background with a subtle bokeh",0.9192692637443542,0.5205199718475342,41.968515264538944,0.813890
1159_25.png,163,run_9,5,"A highly detailed, photorealistic, 4k, high-resolution depiction of a glass of freshly squeezed orange juice garnished with sliced oranges, orange peels, and a few scattered peels on a spotless, clean, slightly off-white background",0.9150643348693848,0.489279568195343,43.920562120978715,0.813572
1159_25.png,164,run_6,3,"orange juice in a delicate glass, surrounded by vibrant peels and slices on a rustic wooden surface, with a soft warm ambiance",0.9397438764572144,0.5711306929588318,42.92969862385274,0.813088
1159_25.png,165,run_2,3,"A stunning, high-fidelity glass of orange juice served in a bright morning light, surrounded by orange peels and wedges on a neutral tone background",0.9419717192649841,0.5306445956230164,47.71308973979492,0.812253
1159_25.png,166,run_2,4,"A highly realistic glass of freshly squeezed orange juice garnished with orange wedges and peels, surrounded by a tumble of orange pieces on a warm beige background",0.9268234968185425,0.5183699727058411,44.680032561755255,0.812064
1159_25.png,167,run_3,1,"A stunning digital painting of a refreshing glass of orange juice garnished with vibrant orange slices and peels, surrounded by scattered orange pieces on a soft pastel background",0.9314897656440735,0.5161153078079224,46.22570290257344,0.812038
1159_25.png,168,run_3,1,"A close-up highly detailed image of a glass of freshly squeezed orange juice garnished with bright orange slices and peels, surrounded by scattered orange pieces and a small kitchen towel",0.9267182350158691,0.49276959896087646,47.43391323216165,0.810752
1159_25.png,169,run_5,1,"A photorealistic glass of orange juice garnished with orange slices, peels, and wedges, surrounded by a few scattered orange pieces on a soft gray background.",0.9220220446586609,0.5325847864151001,42.20569950751119,0.810656
1159_25.png,170,run_2,3,"A vibrant, realistic glass of orange juice with a generous serving of orange pieces and wedges, placed on a clean, light beige surface",0.9334797859191895,0.48798510432243347,50.05413685005503,0.809560
1159_25.png,171,run_8,4,"highly detailed, realistic glass of orange juice with thinly sliced oranges and orange peel strips, set against a slightly darkened neutral background",0.9407516717910767,0.5327402353286743,47.71382829540972,0.809497
1159_25.png,172,run_2,1,"An exquisite, highly detailed glass of orange juice surrounded by scattered, vibrant orange pieces on a neutral tone background",0.9198986887931824,0.5265517830848694,42.46783804083928,0.809317
1159_25.png,173,run_2,3,"A beautifully composed, ultra-realistic glass of freshly squeezed orange juice, surrounded by a mix of orange peels, wedges, and juice on a warm, natural beige background",0.9319643378257751,0.5288794636726379,46.086758575777,0.807123
1159_25.png,174,run_10,1,"A beautiful, highly detailed, 4K, digital painting of a glass of freshly squeezed orange juice, garnished with orange slices and peels, in a sunny citrus grove on a serene summer day",0.8999263048171997,0.5182031989097595,38.44369107967851,0.805340
1159_25.png,175,run_10,2,"A highly realistic glass of freshly squeezed orange juice garnished with thin sliced oranges and peels, surrounded by spilled orange juice on a dark wood surface.",0.929063081741333,0.5381208062171936,44.72814784838932,0.805269
1159_25.png,176,run_14,5,"highly detailed, still life of a glass of orange juice garnished with hand-cut slices of orange peel, scattered segments, and sprigs of fresh rosemary, surrounded by a minimalist aesthetic on a neutral, 8k background with a deep focus effect",0.9028810858726501,0.5117894411087036,39.99558906959682,0.804912
1159_25.png,177,run_3,2,"A close-up of a perfectly balanced glass of orange juice garnished with orange slices and peels, surrounded by scattered orange pieces on a minimalist background with subtle shadows.",0.9146877527236938,0.5013874769210815,44.399394449782925,0.804694
1159_25.png,178,run_3,4,"A highly realistic, 4k digital rendition of a glass of orange juice on a wooden table, garnished with a sprig of fresh rosemary and a few orange slices, with peels and pulp scattered around.",0.9225326776504517,0.5852435827255249,38.42023987425223,0.804382
1159_25.png,179,run_8,2,"A highly detailed, photorealistic glass of freshly squeezed orange juice garnished with thinly sliced oranges and intricate orange peels, set against a softly blurred neutral background",0.9287766814231873,0.560825765132904,42.7557020245231,0.803549
1159_25.png,180,run_10,2,"A glass of orange juice with visible condensation, garnished with orange slices and peels, surrounded by loose orange pieces on a gray textured background.",0.9133550524711609,0.5270158052444458,41.82932191675063,0.803044
1159_25.png,181,run_7,1,"A photorealistic glass of freshly squeezed orange juice with thin orange slice garnishes and peels, surrounded by randomly scattered segments of orange on a muted gray background.",0.930673360824585,0.5457814931869507,45.20179979310105,0.801407
1159_25.png,182,run_13,2,"A highly realistic glass of freshly squeezed orange juice garnished with thin orange slices and peels, surrounded by a scattering of orange pieces on a simple white background",0.9328027963638306,0.5105266571044922,49.27903964034884,0.801388
1159_25.png,183,run_5,1,"A highly realistic glass of orange juice garnished with slices of orange, peels, and zest, set against a subtle gradient of orange hues.",0.942229151725769,0.5848870873451233,44.70701190298798,0.800951
1159_25.png,184,run_4,5,"A stunning, highly detailed glass of freshly squeezed orange juice with sliced oranges, peels, and sparkling juice droplets on a soft, focus-free, fine art background",0.9135160446166992,0.5114635229110718,44.081098122067196,0.799674
1159_25.png,185,run_9,1,"A 4k digital painting of a refreshing glass of orange juice garnished with juicy orange slices and peels, surrounded by scattered orange pieces on a rustic wooden table",0.9418796300888062,0.5793925523757935,45.42043128475722,0.799597
1159_25.png,186,run_14,1,"A beautifully crafted glass of orange juice topped with a few slices and peels, surrounded by scattered orange segments on a clean, minimalist kitchen table.",0.938500702381134,0.5634772777557373,46.185706241862,0.798834
1159_25.png,187,run_4,5,"A beautifully detailed glass of fresh orange juice with sliced oranges, their peels slightly torn, and juice droplets on a subtle, gradient background",0.9245154857635498,0.5418179035186768,44.448335746381,0.798431
1159_25.png,188,run_12,2,"A highly vivid and realistic glass of freshly squeezed orange juice garnished with thin slices and peels, surrounded by scattered orange pieces on a clean, light gray background",0.9233084917068481,0.5207687020301819,46.45400611328935,0.797063
1159_25.png,189,run_11,3,highly detailed 4k digital artwork of a glass filled with freshly squeezed orange juice surrounded by scattering juicy orange pieces on a clean minimalist surface with ambient soft gentle lighting,0.8950639367103577,0.478065550327301,42.71198143903148,0.796901
1159_25.png,190,run_15,2,"A realistic, highly detailed still-life image of a refreshing glass of orange juice garnished with sliced oranges and peels, surrounded by scattered orange pieces on a neutral background.",0.9314159154891968,0.542570173740387,46.83866634753157,0.795859
1159_25.png,191,run_10,1,"Highly detailed, photorealistic, a glass of ice-cold orange juice garnished with orange slices and peels, on a rustic wooden table surrounded by fruit",0.9235360622406006,0.5542577505111694,43.63690874763232,0.794983
1159_25.png,192,run_4,1,"A 4k, high-resolution glass of orange juice garnished with sliced oranges and a few peels on a clean, neutral background.",0.926101803779602,0.5756826400756836,42.25738572526126,0.794955
1159_25.png,193,run_11,2,"A stunning, highly textured still life of a glass filled with freshly squeezed orange juice garnished with thick orange slices and an assortment of orange peels, surrounded by scattered orange pieces on a neutral, worn wooden background and a beautiful golden glow.",0.9347648024559021,0.5503138303756714,47.524633517000446,0.793349
1159_25.png,194,run_13,3,"A highly realistic, close-up depiction of a glass of freshly squeezed orange juice garnished with a slice of orange, with a few scattered peels and orange pieces skillfully arranged in the foreground, captured in a beautiful warm golden light",0.9051035642623901,0.5069975256919861,43.476019012973104,0.793021
1159_25.png,195,run_7,4,"A highly detailed, digital painting of a glass of orange juice surrounded by a scattering of succulent, peels, and a couple of segments of fresh orange, all on a warm, beige surface",0.9195291996002197,0.5354059338569641,44.76356803602043,0.792973
1159_25.png,196,run_12,1,"A close-up of a perfectly arranged glass of orange juice garnished with vibrant orange slices and peels, surrounded by loose orange pieces on a light gray background",0.9153004884719849,0.5355706810951233,43.58915360705,0.792791
1159_25.png,197,run_15,1,"A highly detailed, photorealistic image of a glass of freshly squeezed orange juice garnished with sliced oranges and peels, surrounded by loose orange zest and peels on a simple kitchen table.",0.9229198694229126,0.542579710483551,45.06975639456047,0.792700
1159_25.png,198,run_3,5,"a photorealistic 4k digital image of a glass of juice on a wooden table, garnished with a sprig of fresh rosemary and a few sliced oranges, with peels and pith scattered around",0.9123184680938721,0.5865731239318848,37.78777906635156,0.792473
1159_25.png,199,run_7,1,"A warm and inviting glass of orange juice garnished with thin orange slices and peels, with a few scattered orange segments cascading down the side on a pale yellow background.",0.932158350944519,0.5851194858551025,43.596799988511556,0.792170
1159_25.png,200,run_8,2,"A highly detailed, 4K photorealistic glass of freshly squeezed orange juice garnished with thinly sliced oranges and intricate orange peels, set against a softly blurred neutral background",0.9275593757629395,0.5630264282226562,44.54271511282823,0.791823
1159_25.png,201,run_6,4,highly detailed 4k digital painting of a glass of orange juice with pulp and peels on a distressed wooden table,0.9149264097213745,0.5047780871391296,46.740860303817776,0.791667
1159_25.png,202,run_8,5,"Softly blurred, highly detailed, photorealistic glass of orange juice garnished with intricately sliced oranges and vibrant orange peels, set against a neutral background",0.9380030632019043,0.5615917444229126,47.67245901107489,0.791633
1159_25.png,203,run_9,2,"A highly detailed, realistic still life of a juicy glass of freshly squeezed orange juice garnished with thinly sliced oranges and peels, surrounded by scattered orange segments on a subtle, gradient background.",0.921043872833252,0.5243703722953796,46.671118078914745,0.791011
1159_25.png,204,run_5,4,"A highly detailed, 4k, highly realistic, oil painting style photograph of a glass of freshly squeezed orange juice garnished with thick slices of orange and peels, surrounded by scattered orange pieces and condensation droplets on a plain wooden table with soft, warm lighting",0.9293738603591919,0.5505419969558716,46.5024761602581,0.790735
1159_25.png,205,run_10,5,finely crafted glass filled with 100% freshly squeezed orange juice and garnished with thin slices of orange peel,0.9182498455047607,0.5723380446434021,41.347374995489744,0.790065
1159_25.png,206,run_1,4,"A glass of juice sitting on a worn stone counter, surrounded by orange slices and peels, with a few stray juice drops on the surface",0.9324700832366943,0.5945108532905579,43.19077448380484,0.790019
1159_25.png,207,run_2,4,"A photorealistic glass of freshly squeezed orange juice garnished with orange wedges and peels, served on a rustic wooden table surrounded by a tumble of orange pieces on a beige linen tablecloth",0.9328579306602478,0.5464772582054138,48.15115272624241,0.789416
1159_25.png,208,run_8,3,"a perfectly rendered, hyper-realistic glass of orange juice garnished with thin orange slices and intricate, swirling peels, placed on a neutral, blurred surface",0.9229693412780762,0.5510410070419312,45.10425805798894,0.788436
1159_25.png,209,run_10,5,highly detailed glass of 100% freshly squeezed orange juice served on a rustic wooden table,0.9070465564727783,0.5315245389938354,42.58268462249139,0.788161
1159_25.png,210,run_12,5,"A highly detailed 8k digital painting of a glass of freshly squeezed orange juice on a wooden table with thick, rounded slices and peels, surrounded by a few scattered orange pieces",0.925535261631012,0.5530635118484497,45.864779547379136,0.787263
1159_25.png,211,run_4,3,A highly detailed glass of freshly squeezed orange juice garnished with vibrant orange slices and peels on a minimalist white background,0.9333235025405884,0.48290857672691345,55.08897190215118,0.786687
1159_25.png,212,run_7,3,"A realistic glass of orange juice garnished with juicy orange slices and peels, surrounded by a few scattered fragments on a soft gray background",0.9256361722946167,0.5751218199729919,43.87391391885955,0.786500
1159_25.png,213,run_8,1,"A masterfully crafted, 4k resolution image of a refreshing glass of orange juice garnished with orange slices and orange peels, surrounded by a scattered array of orange segments on a subtle, texture-rich wood background",0.918367862701416,0.5677241683006287,42.55416160892321,0.786474
1159_25.png,214,run_10,2,"A 4k digital painting of a glass of orange juice garnished with orange slices and peels, surrounded by scattered orange pieces on a subtle gradient background.",0.9258878827095032,0.5440033078193665,47.047984201055975,0.786307
1159_25.png,215,run_6,1,"A perfectly clear, 4K-resolution glass of chilled orange juice, garnished with a thin slice of orange peel and a few scattered pieces on a modern kitchen counter",0.9263338446617126,0.5881603360176086,43.02204156615244,0.785326
1159_25.png,216,run_6,4,"digital masterpiece of a glass of freshly squeezed orange juice, peels, and slices on a vintage wooden cutting board",0.9219179153442383,0.5828415751457214,42.54444784998676,0.784096
1159_25.png,217,run_11,1,"A mouthwatering, high-resolution glass of freshly squeezed orange juice garnished with sliced oranges and peels on a minimalist, modern background with a slight warm tone and subtle ambiance",0.911360502243042,0.5567178130149841,42.16615559800561,0.783937
1159_25.png,218,run_13,1,"A glass of freshly squeezed orange juice garnished with vibrant orange slices and peels, surrounded by scattered orange pieces on a clean wooden table",0.9108598232269287,0.5278406739234924,44.95855854250243,0.783486
1159_25.png,219,run_1,1,"A close-up, highly realistic photograph of a glass of freshly squeezed orange juice, overflowing with ice and garnished with thinly sliced orange and a sprig of rosemary",0.9001914262771606,0.536014199256897,41.471974235781765,0.781826
1159_25.png,220,run_3,3,"A highly detailed, realistic still life of a glass of orange juice garnished with perfectly arranged orange slices and peels, surrounded by scattered orange pieces on a minimalist white background",0.9351956248283386,0.5082696676254272,54.324522379259484,0.780673
1159_25.png,221,run_5,4,"A highly realistic, 4k, still life photographic representation of a glass of freshly squeezed orange juice garnished with plump, vibrant orange slices and peels on a wooden table, surrounded by scattered and some whole orange pieces, and condensation droplets, in perfect focus",0.9149497747421265,0.5303146243095398,46.52810181968292,0.780201
1159_25.png,222,run_14,4,"High-resolution close-up of a glass of orange juice garnished with vibrant, expressive slices of orange and peels, set against a subtle, 4k gradient background with a slight haze effect",0.9212654829025269,0.5385818481445312,47.59661260092695,0.779710
1159_25.png,223,run_4,4,"A masterfully crafted glass of orange juice with vibrant oranges, peels, and juice droplets on a blurred focus, neutral background",0.9154918193817139,0.5242312550544739,47.467190005480845,0.779268
1159_25.png,224,run_3,5,"A photographically accurate highly realistic 4k image of a glass of freshly squeezed orange juice on a weathered wooden table, adorned with a sprig of fragrant rosemary and a few sliced oranges, with peels scattered nearby",0.9193669557571411,0.6066573858261108,40.47872103462547,0.779100
1159_25.png,225,run_10,3,highly realistic digital artwork of a glass of freshly squeezed orange juice garnished with thin slices and peels surrounded by a medley of random orange peel pieces on a soft white background,0.9374347925186157,0.5235019326210022,53.85709847283572,0.778675
1159_25.png,226,run_4,1,"A perfectly ripened glass of orange juice garnished with sliced oranges and a few peels on a soft, warm background",0.9127389192581177,0.5595447421073914,43.424641526589284,0.778205
1159_25.png,227,run_13,4,"A beautifully styled, highly detailed still life photograph of a glass of freshly squeezed orange juice garnished with a slice of orange, set against a warm and inviting color palette",0.914309024810791,0.5406824946403503,45.777737252259655,0.777945
1159_25.png,228,run_7,1,"A hyperrealistic glass of ice-cold orange juice garnished with delicate orange slices and peels, placed amidst a scattering of orange peels on a soft, cloudy white background.",0.9312745928764343,0.5382519960403442,50.91155911981179,0.777439
1159_25.png,229,run_12,5,"A 4k digital artwork of a clean, wooden table surrounding a glass of freshly squeezed orange juice with thick, rounded slices and peels",0.9194985628128052,0.5636845231056213,45.14734670945158,0.777103
1159_25.png,230,run_13,2,"A perfectly still glass of freshly squeezed orange juice garnished with a slice of orange and a few peels, placed on a neutral table with a few scattered orange pieces",0.9155515432357788,0.5414678454399109,46.3319446041522,0.776544
1159_25.png,231,run_11,3,a vibrant highly detailed 4k digital artwork of a glass overflowing with freshly squeezed orange juice amidst vibrant orange pieces on a stylized minimalist background,0.9047255516052246,0.5004570484161377,47.31752585380143,0.776516
1159_25.png,232,run_15,2,"A highly detailed, 4k image of a glass of orange juice garnished with orange slices and peels, surrounded by scattered orange pieces on a minimalist background.",0.9150707721710205,0.5554956793785095,44.95994185841518,0.775819
1159_25.png,233,run_10,3,highly detailed 4k digital painting of a glass of freshly squeezed orange juice garnished with thin slices and peels on a clean modern kitchen table,0.9334276914596558,0.5836142897605896,47.415703192920716,0.775626
1159_25.png,234,run_7,1,"A highly realistic glass of orange juice garnished with juicy orange slices and peels, filled to the brim amidst scattered orange pieces on a subtle beige background.",0.9240721464157104,0.572796106338501,46.186009180089265,0.773887
1159_25.png,235,run_1,5,"A highly detailed, realistic still life of a glass of orange juice, garnished with orange slices and peels, surrounded by scattered orange pieces on a subtle, beige background",0.9136233925819397,0.5390423536300659,46.69289261322431,0.773213
1159_25.png,236,run_5,3,"A mouthwatering still life of a glass of orange juice garnished with carefully arranged orange slices and peels, surrounded by a few scattered orange peels and a few ice cubes on a minimalist white surface",0.9257617592811584,0.53644198179245,50.44191451784253,0.772896
1159_25.png,237,run_15,3,A close-up of a glass of freshly squeezed orange juice garnished with sliced oranges and organic peels on a handmade wooden table set for a summer breakfast,0.9258029460906982,0.5729172229766846,47.02843236395676,0.772062
1159_25.png,238,run_2,1,"A 4k-resolution, photorealistic depiction of a glass of freshly squeezed orange juice garnished with sliced oranges and peels on a soft, gradient-blue background",0.921254575252533,0.5707152485847473,46.58841900938181,0.768925
1159_25.png,239,run_6,5,a highly realistic and lifelike digital painting of orange juice in a vintage glass over worn wooden surfaces,0.9226276874542236,0.5629589557647705,48.35279996709063,0.765865
1159_25.png,240,run_12,3,"A highly detailed, photorealistic 4k image of a glass of freshly squeezed orange juice with thick, sliced oranges and peels, surrounded by scattered orange wedges and soft, warm afternoon lighting on a rustic, wooden kitchen table",0.9162182807922363,0.5795423984527588,45.243979799607345,0.764191
1159_25.png,241,run_8,4,"A highly detailed, photorealistic glass of orange juice garnished with thinly sliced oranges and orange peel slices, set against a neutral background with subtle warm lighting",0.9231822490692139,0.5993895530700684,45.27451966049605,0.764104
1159_25.png,242,run_14,5,"highly detailed, realistic still life of a glass of orange juice garnished with thinly sliced, hand-cut orange peel and scattered segments, with a few strategically placed, droplets of water, on a neutral, 8k background with a deep focus effect",0.9220713376998901,0.5668246746063232,48.234211184815905,0.763770
1159_25.png,243,run_7,2,"A stunning, highly realistic glass of orange juice garnished with sliced oranges and peels, surrounded by scattered orange pieces on a subtle, warm-toned wood background",0.9246708154678345,0.5900048613548279,46.785449732113335,0.763273
1159_25.png,244,run_12,4,"A highly detailed 8k masterpiece rendering of a glass of freshly squeezed orange juice with thick, rounded slices and peels, surrounded by scattered orange pieces on a clean, slightly textured wooden table in a well-lit studio",0.9239380359649658,0.5863142609596252,46.98095394774997,0.763078
1159_25.png,245,run_3,5,"a highly realistic 4k digital image of a glass of freshly squeezed orange juice on a vintage wooden table, garnished with a sprig of fragrant rosemary and a few sliced oranges, with peels scattered nearby",0.9050620794296265,0.5998505353927612,40.36781593378653,0.762815
1159_25.png,246,run_6,5,highly detailed realistic 4k digital painting of freshly squeezed orange juice in a vintage glass,0.9058260917663574,0.5341941118240356,47.17219700347195,0.762200
1159_25.png,247,run_1,2,"A serene glass of orange juice garnished with slices and peels, set against a soft grey background with a few scattered orange pieces, captured in a subtle low-key lighting",0.9414635896682739,0.5793353915214539,52.99006454142292,0.761227
1159_25.png,248,run_11,5,A hyper-realistic 4K digital oil painting of a glass containing orange juice infused with juicy orange slices and peels on a crisp white surface,0.9127708673477173,0.5411186814308167,48.98270601823664,0.759551
1159_25.png,249,run_12,2,"A highly realistic, digitally painted glass of freshly squeezed orange juice with sliced oranges and peels, on a simple, wooden table",0.9201978445053101,0.5776717662811279,47.49795210143586,0.759469
1159_25.png,250,run_15,1,"A delicate still life of a glass of orange juice with sliced oranges and peels, surrounded by scattered orange pieces and peels on a soft, warm wooden background.",0.9265726804733276,0.5786749720573425,49.256241071800154,0.759189
1159_25.png,251,run_2,2,"A perfectly styled glass of cold-pressed orange juice garnished with orange wheels and peels, surrounded by a cascade of orange slices on a clean white background.",0.9341782331466675,0.5919963717460632,50.100481084850365,0.759152
1159_25.png,252,run_14,1,"A masterpiece digital painting of a glass of orange juice decorated with thin orange slices and peels on a subtle, cream-colored background.",0.9166931509971619,0.5429712533950806,50.43980306445916,0.756897
1159_25.png,253,run_8,2,"A highly detailed, photorealistic glass of orange juice garnished with thinly sliced oranges and delicate orange peels, set against a softly blurred, warm neutral background with a few, subtle kitchen accessories",0.9193763732910156,0.5997225642204285,45.80413968131822,0.755923
1159_25.png,254,run_9,4,"A beautifully rendered, highly detailed representation of a glass of orange juice garnished with sliced oranges and peels, set on a clean, beige or slightly off-white background, surrounded by a few scattered peels and fine juice droplets, shot from a directly above perspective with subtle depth cues.",0.9145914316177368,0.5167970657348633,53.1510755159315,0.753263
1159_25.png,255,run_3,1,"A photorealistic glass of orange juice made with real oranges, garnished with fresh orange slices and peels, surrounded by scattered orange pieces on a natural fiber tablecloth",0.9238451719284058,0.6011106967926025,47.56018855105154,0.752775
1159_25.png,256,run_4,5,"A delicious and vibrant glass of orange juice with sliced oranges, peels, and juice droplets on a soft, creamy, 4k digital canvas",0.9183789491653442,0.5987126231193542,46.269088780168644,0.752690
1159_25.png,257,run_12,1,"An artistic glass of orange juice garnished with colorful orange slices and peels, surrounded by a few orange pieces on a subtle, gradient background",0.9227617979049683,0.5719428658485413,50.15212660605359,0.752647
1159_25.png,258,run_4,4,"A glass of orange juice in high definition, surrounded by sliced oranges and peels, with a few juice droplets and subtle shadows on a neutral background",0.9196109771728516,0.5705583691596985,49.437026108624,0.752454
1159_25.png,259,run_7,4,"A photorealistic, 4k-resolution glass of orange juice overflowing with succulent, organic orange slices, peels, and a few scattered seeds on a light, beige background",0.8740866184234619,0.4962238669395447,44.04009153624453,0.751732
1159_25.png,260,run_5,2,"A mouthwatering glass of cold-pressed orange juice garnished with vibrant orange slices and peels, surrounded by a medley of orange fragments on a beige background",0.9108835458755493,0.5828936696052551,45.91142900629105,0.751680
1159_25.png,261,run_4,2,"A glass of vibrant orange juice garnished with thin slices of orange and peels, surrounded by orange peels and zest on a subtle wooden table",0.9209598898887634,0.6090486645698547,46.505259451511286,0.750069
1159_25.png,262,run_4,3,A mouthwatering glass of orange juice with scattered citrus peels and pulp on a neutral grey background,0.9157870411872864,0.6130168437957764,44.7234426854461,0.749717
1159_25.png,263,run_4,3,"A stunning, photorealistic glass of orange juice with a slice of orange and peels on a subtle, warm-toned background",0.9212979078292847,0.5681860446929932,51.11039839722183,0.747643
1159_25.png,264,run_15,1,"A beautiful, dreamy depiction of a glass of orange juice with sliced oranges and peels, surrounded by scattered orange pieces and peels on a serene natural background.",0.9112087488174438,0.5550490617752075,49.747461148756834,0.746675
1159_25.png,265,run_9,3,"'A crystal clear glass of perfectly poured orange juice surrounded by orange slices and peels, with a few stray orange pieces scattered around on a minimalist, neutral background.'",0.9232988953590393,0.6198508739471436,46.786550116613824,0.746651
1159_25.png,266,run_4,5,"A mouthwatering, highly realistic glass of orange juice with sliced oranges, peels, and juicy droplets on a warm, golden-toned wood table",0.9240902662277222,0.6039251089096069,48.64660466172819,0.746310
1159_25.png,267,run_4,1,"A beautifully styled glass of orange juice with sliced oranges and peels on a vintage, wooden table",0.9184600710868835,0.5970503091812134,47.85955217218206,0.745678
1159_25.png,268,run_1,5,"A highly detailed, realistic still life painting of a glass of orange juice, garnished with orange slices and peels, surrounded by scattered orange pieces on a soft, neutral background with subtle texture and depth.",0.8973134160041809,0.5565872192382812,45.9224821586112,0.745415
1159_25.png,269,run_3,3,"A still life of a glass filled to the brim with freshly squeezed orange juice, garnished with vibrant orange slices and peels, with a few loose pieces scattered around on a subtle gray background",0.9093043208122253,0.5783115029335022,47.21630318639364,0.745188
1159_25.png,270,run_5,4,"A 4k, highly realistic, highly detailed, and photorealistic digital photograph of a glass of freshly squeezed orange juice garnished with a variety of orange slices and peels on a natural, wooden table, surrounded by scattered, whole orange pieces and condensation droplets, in a neutral-colored environment",0.90645432472229,0.5835890769958496,45.975175231153436,0.744769
1159_25.png,271,run_8,5,"Highly detailed, masterpiece-level glass of orange juice garnished with thinly sliced oranges and delicate orange peels, set against a muted, softly blurred background",0.9112841486930847,0.5562896728515625,50.33272900755405,0.743247
1159_25.png,272,run_3,4,"A photographically accurate, highly detailed 4k digital painting of a glass of orange juice on a wooden table, garnished with a sprig of fresh rosemary and a few orange slices, with orange peels scattered around",0.8820668458938599,0.5711286067962646,40.86426147607321,0.742012
1159_25.png,273,run_1,3,"A crystal glass filled with a glass of orange juice garnished with sliced oranges and peels, placed on a simple wooden table with scattered orange pieces",0.9168673753738403,0.5856998562812805,49.46260964298779,0.741006
1159_25.png,274,run_6,4,"highly detailed, photorealistic digital painting of orange juice in a classic glass, surrounded by peels and slices on a weathered wooden counter",0.9077885746955872,0.5844902396202087,47.20988515226395,0.740042
1159_25.png,275,run_5,4,"A highly detailed, 4k, highly realistic digital painting of a glass of freshly squeezed orange juice with thick, juicy slices of orange and real orange peels, on a wooden table with scattered orange pieces and condensation droplets, in a well-lit room",0.9159723520278931,0.5826186537742615,49.84667086013627,0.739340
1159_25.png,276,run_14,2,"A close-up, highly detailed still life of a glass of orange juice garnished with thin slices and peels, set against a subtle gradient background",0.9124220609664917,0.5704187154769897,50.22979013330393,0.738417
1159_25.png,277,run_13,4,"A large, detailed still life of a glass of orange juice garnished with a slice of orange, including a few peels and orange pieces arranged naturally in the foreground",0.8851380944252014,0.5294948816299438,46.55925893405743,0.738379
1159_25.png,278,run_2,1,A glass of freshly squeezed orange juice garnished with thinly sliced oranges and peels on a minimalist background,0.9152971506118774,0.6055346727371216,47.63925634204752,0.738141
1159_25.png,279,run_14,4,"Hyper-realistic, 4k still life of a glass of orange juice garnished with thinly sliced and hand-peeled oranges, scattered on a minimalist, 4k gray background with a dramatic lighting effect",0.9268998503684998,0.5900145769119263,52.763569781039195,0.736553
1159_25.png,280,run_9,1,"A highly detailed glass of freshly squeezed orange juice garnished with vibrant orange slices and peels, scattered on a neutral linen tablecloth",0.9323269128799438,0.5381656885147095,59.572753996149956,0.735704
1159_25.png,281,run_9,4,"A breathtakingly realistic, 4k-quality image of a glass of orange juice garnished with sliced oranges and peels, placed on a clean, light beige or off-white surface and surrounded by scattered peels and fine juice droplets, shot from a bird's eye view.",0.9079995155334473,0.5143232941627502,55.386447753645044,0.734011
1159_25.png,282,run_3,4,"A realistic 4k digital artwork of a glass of freshly squeezed orange juice on a rustic wooden table, garnished with a sprig of fragrant rosemary and a few orange slices",0.9142748713493347,0.6540698409080505,43.505375185335645,0.733474
1159_25.png,283,run_6,1,"A majestic, still life of a glass of orange juice surrounded by slices and peels, set against a warm, golden background reminiscent of a sunny morning",0.9134243726730347,0.588431715965271,49.791408735003564,0.733161
1159_25.png,284,run_4,1,A glass of freshly squeezed orange juice garnished with sliced oranges and a sprinkle of orange peels on a minimalist background,0.9196163415908813,0.6391756534576416,46.802258271172164,0.731870
1159_25.png,285,run_14,3,"A highly realistic, 4k still life of a glass of orange juice on a plain, wooden table, garnished with a few slices and peels, surrounded by scattered juice segments and a few fresh fruit slices on a neutral background with a slight bokeh effect.",0.9200930595397949,0.6029106378555298,50.82819762699608,0.730271
1159_25.png,286,run_12,4,"A glass of freshly squeezed orange juice with thick, rounded slices and peels, surrounded by scattered orange pieces on a clean, distressed wooden table in a warm, inviting kitchen",0.9170708656311035,0.6027736663818359,50.62787906952824,0.727074
1159_25.png,287,run_10,2,"A vibrant highly detailed still life of a glass of orange juice garnished with orange slices and peels, surrounded by scattered orange pieces on a neutral canvas background.",0.9001755714416504,0.5776764750480652,48.6969774516715,0.725222
1159_25.png,288,run_11,2,"A highly detailed still life of a glass filled with freshly squeezed orange juice garnished with vibrant orange slices and peels, surrounded by scattered juicy orange pieces on a neutral, minimalist background and a subtle rustic wooden table.",0.913249671459198,0.5970069169998169,50.83806073106625,0.723469
1159_25.png,289,run_5,5,"A still life of a glass filled with freshly squeezed orange juice, garnished with slices of orange and peels, scattered pieces, and beaded condensation on a simple wooden table, rendered in highly realistic and life-like digital photography",0.9141210913658142,0.5849317312240601,52.556333826892,0.722055
1159_25.png,290,run_2,2,"A tall, clear glass of freshly squeezed orange juice garnished with thin slices of orange, surrounded by orange peels and pulp on a soft white background.",0.925758957862854,0.5826036334037781,56.184632413562674,0.721500
1159_25.png,291,run_9,3,"'A highly detailed, close-up shot of a glass of orange juice filled with ice and garnished with thinly sliced orange peels, surrounded by scattered orange peels and ice chunks on a dark, wooden background.'",0.9285449981689453,0.5788038372993469,57.385722879380005,0.721301
1159_25.png,292,run_14,2,"A highly refined, photorealistic still life of a glass of orange juice garnished with thin slices and peels, surrounded by scattered segments on a neutral background",0.9381133317947388,0.6427427530288696,53.88805755987757,0.720824
1159_25.png,293,run_11,5,A photorealistic digital painting in 4K resolution of a glass of freshly squeezed orange juice surrounded by slices and peels on a bright white background,0.9389657974243164,0.5536035895347595,62.959030079066636,0.720564
1159_25.png,294,run_1,3,"A chilled glass of orange juice garnished with sliced oranges and peels, surrounded by orange peels on a plain gray background",0.9004353284835815,0.6264401078224182,45.066064102739254,0.719738
1159_25.png,295,run_5,1,"A highly detailed glass of freshly squeezed orange juice garnished with vibrant orange slices and peels, surrounded by a few scattered orange pieces on a clean white background.",0.9160043597221375,0.5208979845046997,60.22374647556804,0.717911
1159_25.png,296,run_4,2,"A highly detailed glass of freshly squeezed orange juice garnished with sliced oranges and peels, surrounded by scattered orange pieces on a minimalist white background",0.9123427867889404,0.5115751028060913,60.204680325904484,0.717425
1159_25.png,297,run_13,1,A close-up of a glass of orange juice garnished with a slice of orange and a few peels on a minimalist white background,0.9265007972717285,0.5500993728637695,60.45018632269522,0.717229
1159_25.png,298,run_5,4,"A highly realistic, 4k, highly detailed, and photorealistic, studio setup photograph of a glass of freshly squeezed orange juice garnished with thick slices of orange and real peels, surrounded by scattered orange pieces and condensation droplets on a plain, unfinished wooden table with a subtle background",0.9050842523574829,0.5982699394226074,50.10473994550326,0.714987
1159_25.png,299,run_8,2,"A highly realistic, hyper-detailed glass of orange juice garnished with thinly sliced orange and delicate orange peels, set against a subtle, blurred gradient background",0.9147853255271912,0.5738391876220703,55.48465883563629,0.713822
1159_25.png,300,run_6,5,highly detailed photorealistic digital artwork of orange juice and peels on a worn wooden table,0.8898983597755432,0.5800166130065918,47.8653952630137,0.713721
1159_25.png,301,run_6,3,"fine art digital painting of orange juice in a retro glass, surrounded by peels and slices on a wooden countertop, with a warm natural light",0.9300611019134521,0.6401084661483765,53.32139913231891,0.713587
1159_25.png,302,run_3,4,"A photorealistic, highly detailed 4k digital image of a glass of orange juice on a weathered wooden table, garnished with a sprig of fresh rosemary and orange slices",0.8883751630783081,0.6335986852645874,42.40644157922579,0.712483
1159_25.png,303,run_5,2,"A masterfully styled glass of orange juice, artfully arranged with a medley of orange slices, peels, and pieces on a minimalist white background",0.9314174652099609,0.5643420815467834,61.488478319048646,0.711975
1159_25.png,304,run_7,2,"A highly detailed, photorealistic glass of freshly squeezed orange juice garnished with thinly sliced oranges and peels, surrounded by scattered orange pieces on a neutral white background",0.9189260601997375,0.5945624709129333,55.070267202808935,0.711541
1159_25.png,305,run_1,2,"A photorealistic glass of freshly squeezed orange juice garnished with perfectly cut orange slices and peels, surrounded by scattered pieces and served in a fine crystal glass on a simple linen tablecloth.",0.9176070690155029,0.6055537462234497,53.86169859445711,0.710310
1159_25.png,306,run_1,1,"A beautiful, hand-painted depiction of a glass of orange juice with a slice of orange and a sprig of lavender, set against a serene, soft-focus background with gentle, warm light",0.9058001041412354,0.5983798503875732,52.140257504727806,0.705776
1159_25.png,307,run_1,2,"A highly detailed glass of vibrant orange juice garnished with perfectly arranged orange slices and peels, surrounded by scattered orange pieces and a few stray ice cubes on a clean white background",0.9136723279953003,0.5578204989433289,58.38629516460917,0.705637
1159_25.png,308,run_15,2,"A photorealistic depiction of a glass of orange juice with a few sliced oranges floating in it, surrounded by orange peels and pieces on a white tablecloth.",0.9359710216522217,0.5825361013412476,62.30758753173988,0.705360
1159_25.png,309,run_3,5,"a highly detailed realistic 4k digital painting of a glass of orange juice on a wooden table, garnished with a sprig of fresh fragrant rosemary and a few sliced oranges, with peels and pits scattered around",0.9036866426467896,0.6520374417304993,46.41994192186709,0.704973
1159_25.png,310,run_14,4,"Highly stylized, impressionistic still life of a glass of freshly squeezed orange juice garnished with bright, expressive slices and peels, set against a warm, 8k wood-grain background with a subtle blur effect.",0.9207988977432251,0.6035932302474976,56.25330836986691,0.703833
1159_25.png,311,run_2,3,"A perfectly styled, high-resolution glass of freshly squeezed orange juice, beautifully garnished with orange slices and peels, set against a muted beige background",0.9124515652656555,0.6355410218238831,51.290373150177764,0.701128
1159_25.png,312,run_11,2,"A perfectly arranged scene of a glass containing freshly squeezed orange juice garnished with thin orange slices in an appealing pattern, surrounded by scattered orange peels on a neutral gray background and ambient warm sunlight.",0.9175516366958618,0.6436684131622314,52.044257569260324,0.700562
1159_25.png,313,run_7,3,"A perfectly still glass of orange juice garnished with crisp orange slices and peels, surrounded by a minimal amount of scattered segments on a pure white background",0.9343441724777222,0.5347503423690796,67.6672823564219,0.699798
1159_25.png,314,run_3,5,"photographically accurate highly detailed 4k masterclass digital painting of a glass of orange juice on a simple rustic wooden table, garnished with a sprig of fresh fragrant rosemary and a few vibrant orange slices, with orange peels scattered around",0.8914238810539246,0.6567498445510864,43.739659041346044,0.698738
1159_25.png,315,run_2,2,"A perfectly arranged glass of premium orange juice garnished with orange slices and peels, surrounded by orange segments and a sprig of fresh mint on a clean, creamy background.",0.8778831958770752,0.6288862228393555,42.9770524978147,0.697144
1159_25.png,316,run_10,4,a perfectly realistic glass of freshly squeezed orange juice garnished with thin slices of orange and peels in a highly detailed still life setup,0.9302693009376526,0.6658056974411011,54.557191068464995,0.695068
1159_25.png,317,run_13,1,An artistically arranged glass of orange juice garnished with an orange wheel and peels on a neutral gray surface with a hint of warm light,0.9075684547424316,0.6716389060020447,49.08696875703566,0.687487
1159_25.png,318,run_9,2,"A beautiful, highly detailed still life of a glass of orange juice garnished with orange slices and peels, set on a rustic wooden table amidst scattered orange pieces, a few leaves and a vintage tea towel.",0.9176482558250427,0.6596224904060364,53.13547921606528,0.687400
1159_25.png,319,run_1,1,"A highly detailed, photorealistic glass of freshly squeezed orange juice garnished with carefully placed orange slices and peels, surrounded by scattered orange pieces on a clean, neutral white background",0.9050538539886475,0.580531895160675,57.422729733103814,0.687116
1159_25.png,320,run_6,3,"vibrant orange juice in a classic glass, surrounded by peels and slices on a weathered wooden table, with a subtle glow",0.9119783639907837,0.6537070274353027,53.313668053436636,0.681419
1159_25.png,321,run_6,3,"orange juice in a antique glass, surrounded by peels and slices on a distressed wooden surface, with a soft gentle light",0.9051535725593567,0.6423162817955017,52.55700321009353,0.681170
1159_25.png,322,run_11,4,a stunning 4k high definition digital painting of a glass filled with orange juice and garnished with juicy slices and peels on a clean white surface illuminated by soft natural light,0.9154135584831238,0.6310886144638062,56.82479044428426,0.679854
1159_25.png,323,run_13,1,"A realistically depicted glass of freshly squeezed orange juice garnished with orange slices and peels, set against a subtle gradient background evoking a sense of calm",0.8981848955154419,0.6146262884140015,54.333512714820564,0.676083
1159_25.png,324,run_6,2,"a wooden surface with a faint orange glow, a vintage clear glass, and slices of orange",0.8941147327423096,0.6081456542015076,54.43371946788762,0.673026
1159_25.png,325,run_5,2,"A crystal glass filled with a refreshing glass of orange juice, surrounded by an explosion of orange hues, garnished with a sprig of orange peel on a cream background.",0.8948143720626831,0.6330679655075073,52.21005596090427,0.672861
1159_25.png,326,run_3,3,"A glass of orange juice on a decorative ceramic table, garnished with a slice of orange and a few loose peels, set against a soft, diffused background",0.9033741354942322,0.6340230107307434,54.55439845297742,0.672761
1159_25.png,327,run_1,3,"A glass of freshly squeezed orange juice garnished with sliced oranges and peels, placed on a decorative orange-colored tablecloth with scattered orange peels surrounding it",0.9061399698257446,0.6397931575775146,54.823901384630446,0.672480
1159_25.png,328,run_15,2,"A beautiful, digital painting of a refreshing glass of orange juice garnished with sliced oranges and peels, surrounded by scattered orange pieces on a natural fiber tablecloth.",0.9178811311721802,0.6608356833457947,56.318120142424775,0.671235
1159_25.png,329,run_1,1,"A glass of iced orange juice served with a sprig of fresh mint and a wedge of orange, positioned on a rustic wooden table with warm, natural light",0.8751927614212036,0.6312485337257385,47.188111730881204,0.671151
1159_25.png,330,run_8,1,"A crystal glass containing a chilled glass of orange juice, garnished with orange slices and peels, amidst a halo of scattered orange pieces on a minimalist grey background",0.8851519227027893,0.633400022983551,50.06264040295767,0.669789
1159_25.png,331,run_9,2,"A close-up of a deliciously refreshing glass of orange juice garnished with a slice of orange and several peels, surrounded by scattered pieces on a minimalist, white background.",0.9157202839851379,0.5441923141479492,67.52636275941892,0.669575
1159_25.png,332,run_9,2,"A still life of a colorful glass of orange juice garnished with orange slices and peels, set on a natural wooden table amidst scattered orange pieces and a few leaves on a warm sunny day.",0.8707665205001831,0.6044989824295044,50.39967848839493,0.662021
1159_25.png,333,run_3,2,"A mouthwatering, highly stylized glass of orange juice garnished with thick slices and peels, surrounded by scattered orange pieces on a rustic wooden table with warm, golden lighting.",0.9191116690635681,0.6794441938400269,56.74806062929454,0.661670
1159_25.png,334,run_8,2,"A highly detailed, photorealistic glass of orange juice garnished with thinly sliced oranges and intricate orange peels on a soft, wooden table, set against a softly blurred neutral background",0.8831766247749329,0.6351056098937988,50.969185933045594,0.661634
1159_25.png,335,run_1,4,"An intricately detailed 4k digital painting of a glass of orange juice with a sprig of fresh rosemary, surrounded by orange slices and scattered peel pieces on an elegant table",0.8738569021224976,0.6501239538192749,46.899353338111034,0.661424
1159_25.png,336,run_8,3,"highly detailed, photorealistic glass of orange juice with fresh slices of orange and delicate orange zest, set in a softly blurred studio environment",0.9212783575057983,0.6742171049118042,58.160761749947575,0.660243
1159_25.png,337,run_4,2,"A stunning digital painting of a glass of chilled orange juice garnished with orange slices and peels, set against a warm and cozy background",0.8936070799827576,0.6103747487068176,57.1047222226867,0.657871
1159_25.png,338,run_6,1,"A highly detailed, photorealistic glass of fresh orange juice garnished with a sprig of fresh rosemary, surrounded by scattered orange slices and peels on a minimalist marble background",0.8939417004585266,0.692937433719635,49.284875445806854,0.656792
1159_25.png,339,run_2,5,"A hyper-realistic, 8k resolution glass of freshly squeezed orange juice garnished with sliced orange wedges and peels, set in a stylish, modernist kitchen on a warm, inviting granite background with a shallow depth of field",0.8949872255325317,0.6988929510116577,49.16538597493583,0.655935
1159_25.png,340,run_15,5,"A still life of a glass of premium orange juice garnished with thin organic orange slices and peels, set against a warm, golden, ambient light background on a worn, rustic wooden table",0.9109628200531006,0.6452670693397522,59.17330621708138,0.654868
1159_25.png,341,run_1,1,"A vibrant and juicy glass of orange juice, sliced and garnished with a delicate sprinkle of edible flowers, set against a subtle gradient background",0.9007675647735596,0.5961021184921265,61.1595063506819,0.654743
1159_25.png,342,run_8,1,"A glass of freshly squeezed orange juice garnished with sliced oranges and orange peels, surrounded by scattered orange segments on a plain white background",0.9132577180862427,0.614834725856781,63.053932997356995,0.653692
1159_25.png,343,run_9,1,"A masterpiece of a glass of orange juice garnished with thin orange slices and peels, partially submerged in a shallow bowl surrounded by a few scattered orange pieces on a cream colored marble table",0.8952048420906067,0.6368638873100281,55.89428011653708,0.653143
1159_25.png,344,run_14,2,"A highly realistic, still life setup of a glass of orange juice garnished with thin slices and peels, against a perfectly white background, 4k resolution",0.9301270246505737,0.6338469982147217,67.72089482669371,0.644834
1159_25.png,345,run_9,1,A stylized glass of orange juice garnished with delicate orange slices and peels on a minimalist background with subtle orange gradient,0.8846832513809204,0.6110950708389282,57.317665472827755,0.643860
1159_25.png,346,run_3,1,"A highly detailed glass of freshly squeezed orange juice garnished with orange slices and peels, surrounded by scattered orange pieces on a clean white background and a few scattered kitchen utensils in the corner",0.9051236510276794,0.6334523558616638,61.45247052923284,0.641055
1159_25.png,347,run_9,5,"A masterfully lit, highly detailed depiction of a glass of orange juice garnished with sliced oranges, peels, and a few scattered peels, on a light off-white background, surrounded by an inviting atmosphere of warm, golden light",0.8870948553085327,0.6538494229316711,55.43840566981107,0.635620
1159_25.png,348,run_14,3,"A highly realistic still life of a glass of freshly squeezed orange juice on a minimalist, white tablecloth, garnished with a few slices and peels, surrounded by juice segments on a soft gray background.",0.9396818280220032,0.7269960641860962,63.4277619569748,0.633943
1159_25.png,349,run_5,3,"A beautiful, detailed, oil painting-inspired artwork of a glass of orange juice garnished with a few slices of orange and peels, set in a warm, inviting, and cozy atmosphere with a subtle gradient background",0.878629207611084,0.6667457222938538,52.4822360171742,0.632096
1159_25.png,350,run_7,5,"A photorealistic still life featuring a glass of fresh orange juice garnished with succulent orange slices and peels, set on a rustic wooden table against a warm, neutral background",0.8650899529457092,0.6504569053649902,50.343582552604126,0.631684
1159_25.png,351,run_12,5,"A 4k high-fidelity rendering of a glass of freshly squeezed orange juice with thick, rounded slices and peels and scattered orange peels on a clean, slightly textured wooden table in a bright, warm kitchen light.",0.8757132291793823,0.6692421436309814,52.00323616999808,0.629145
1159_25.png,352,run_7,1,"A vibrant and juicy glass of orange juice garnished with thick orange slices and peels, situated atop a stack of sliced oranges on a creamy white background.",0.9063671827316284,0.5747165083885193,70.06221969789904,0.628695
1159_25.png,353,run_7,2,"A perfectly styled, high-resolution glass of orange juice garnished with thickly sliced oranges and peels, surrounded by scattered orange pieces on a clean, white linen background",0.9217211008071899,0.6081720590591431,72.01872311777538,0.624133
1159_25.png,354,run_4,2,"A delicate still life of a glass of orange juice garnished with sliced oranges and peels, surrounded by fresh citrus fruits on a soft and calming background",0.8815158605575562,0.6854952573776245,53.21234797068682,0.623300
1159_25.png,355,run_6,2,an old wooden table with a worn glass and a collection of orange slices,0.8519546985626221,0.6325869560241699,50.486951685919664,0.621222
1159_25.png,356,run_1,3,"A vibrant glass of freshly squeezed orange juice garnished with vibrant orange slices and peels, surrounded by scattered juicy orange pieces on a minimalistic white background",0.9131159782409668,0.5882489681243896,74.33011550666936,0.610244
1159_25.png,357,run_9,3,"'a vibrant, highly detailed glass of freshly squeezed orange juice garnished with thinly sliced and peeled oranges, surrounded by scattered orange peels and juice droplets on a soft, white background.'",0.9097119569778442,0.6556135416030884,67.05786053561293,0.608630
1159_25.png,358,run_15,5,"A still life, masterpiece, of a glass of premium orange juice garnished with thin, thinly sliced organic orange slices and peels, set against a vibrant, warm, golden background on a wooden table with a subtle, old-world ambiance.",0.8713849782943726,0.6697874665260315,56.4310035138016,0.600652
1159_25.png,359,run_10,5,perfectly rendered still life of a glass of 100% freshly squeezed orange juice served on a classic white tablecloth,0.8968875408172607,0.6877404451370239,64.03661751048429,0.589820
1159_25.png,360,run_1,2,"A crystal glass filled with a chilled glass of juice, garnished with a single slice of orange and peels, on a minimalist background with a few subtle splashes of liquid",0.8890503644943237,0.7045025825500488,61.38860137703351,0.583742
1159_25.png,361,run_14,1,"A perfectly arranged glass of orange juice surrounded by sliced oranges and orange peels on a simple, neutral-colored tablecloth, captured in exquisite detail.",0.8643246293067932,0.6511882543563843,59.745704902033026,0.583280
1159_25.png,362,run_7,5,"A glass of perfectly clear, crystal orange juice garnished with fresh orange slices and peels, placed on a light cream-colored tablecloth",0.8911757469177246,0.65488600730896,67.26236661675014,0.581808
1159_25.png,363,run_11,1,"A beautifully styled glass of orange juice topped with sliced oranges and peels, surrounded by scattered orange pieces in a serene and peaceful indoor environment with a natural light",0.882484495639801,0.714624285697937,59.647757486111125,0.578193
1159_25.png,364,run_2,1,"A perfectly styled glass of orange juice garnished with a twist of orange peel, surrounded by a splash of orange juice on a pristine white marble countertop",0.9259666204452515,0.692767322063446,75.10907620464312,0.573077
1159_25.png,365,run_6,5,a highly realistic oil on canvas digital painting of freshly squeezed orange juice in a delicate antique glass,0.8192635774612427,0.6239964962005615,51.98287032359,0.571841
1159_25.png,366,run_12,2,"A highly detailed, photorealistic glass of freshly squeezed orange juice garnished with a single slice and peel, on a minimalist, white ceramic plate",0.9125620722770691,0.7080304622650146,70.50319133135746,0.569659
1159_25.png,367,run_1,4,"A beautiful, highly realistic image of a glass of icy cold orange juice garnished with thin slices of orange and a sprinkle of orange zest, surrounded by scattered peel pieces on a white marble countertop.",0.8997875452041626,0.661169707775116,74.19659377805735,0.556233
1159_25.png,368,run_3,3,"A highly realistic and detailed digital painting of a glass of orange juice on a elegant silver table, garnished with a sprig of fresh mint and a few orange slices, with a few loose peels scattered around.",0.864769697189331,0.7595307230949402,54.84533341599423,0.555094
1159_25.png,369,run_14,3,"A highly detailed, high-contrast still life of a glass of orange juice on a dark, wooden table, garnished with a few slices and peels, surrounded by juice segments on a deep gray background with a slight reflection.",0.8925694227218628,0.7409124374389648,64.9407961977055,0.553055
1159_25.png,370,run_6,4,"highly detailed, oil on canvas style digital painting of a glass of orange juice with peels and slices on a rustic wooden table in warm sunlight",0.7941454648971558,0.6107645630836487,49.95255101634858,0.553045
1159_25.png,371,run_9,3,"'A 4k digital painting of a glass of orange juice garnished with sliced oranges and peels, placed on a delicate, lace tablecloth amidst a few scattered orange peels.'",0.8339794874191284,0.6697248816490173,56.17987273557976,0.549151
1159_25.png,372,run_1,2,"A 4k digital painting of a refreshing glass of juice on a rustic wooden table surrounded by orange peels, with a soft focus surrounding the main subject",0.7994998693466187,0.6401835083961487,49.62597638776546,0.547761
1159_25.png,373,run_6,1,"A beautifully styled, still-life glass of orange juice garnished with a delicate orange blossom and placed on a rustic, wooden table surrounded by soft, natural light.",0.8525481224060059,0.7006692290306091,62.80182223851794,0.527057
1159_25.png,374,run_5,2,"A perfectly ripened glass of orange juice infused with a bouquet of citrus, served with garnishes and accompanied by crushed orange peels on a light gray background",0.8193479776382446,0.6942648887634277,54.301340098347644,0.525815
1159_25.png,375,run_14,3,"A highly detailed, oil-painted still life of a glass of orange juice on a wooden table, garnished with a sprig of rosemary and a few slices, surrounded by juice segments on a warm beige background.",0.7746013402938843,0.6505795121192932,46.57947582695799,0.522728
1159_25.png,376,run_8,1,"A delicate, hand-painted, watercolor-style glass of orange juice garnished with a sprig of fresh mint and orange slices, set amidst a soft, dreamlike background with subtle, swirling patterns.",0.8773482441902161,0.7503816485404968,66.74355525605009,0.517913
1159_25.png,377,run_10,1,"A vibrant glass of freshly squeezed orange juice garnished with fragrant orange slices and peels, surrounded by scattered orange pieces on a minimalist white background",0.9085021615028381,0.6827061176300049,82.37544967210474,0.517084
1159_25.png,378,run_11,1,"A stunning, highly detailed still life of a glass filled with orange juice garnished with sliced oranges and peels, set on a traditional wooden table against a creamy white background with a soft focus",0.8269951939582825,0.6912914514541626,59.042433618939235,0.514388
1159_25.png,379,run_14,2,"A masterfully lit, 4k digital painting of a still life featuring a glass of orange juice garnished with thin slices and peels, surrounded by scattered orange segments",0.8271709084510803,0.7069831490516663,60.16583459430819,0.501306
1159_25.png,380,run_6,2,glass filled with ice and surrounded by citrus peels,0.8401013612747192,0.7612983584403992,59.15721479923573,0.497874
1159_25.png,381,run_12,1,"A realistic still life of a glass, orange slices, and an orange garnish on a neutral-colored tablecloth with scattered orange peels",0.7869643568992615,0.6675253510475159,53.91546514745574,0.495196
1159_25.png,382,run_3,1,"A still life of orange juice garnished with orange slices and peels, surrounded by scattered orange pieces on a wooden table with warm and inviting lighting",0.7828111052513123,0.6603102684020996,57.437338390544994,0.475292
1159_25.png,383,run_8,3,"highly detailed glass of orange juice with fresh orange slices and delicate peels in a warm, softly focused kitchen environment",0.8030765652656555,0.7399414777755737,55.333151861707734,0.475231
1159_25.png,384,run_4,2,"A crystal glass filled with a refreshing glass of orange juice, garnished with sliced and segmented oranges, set on a simple yet elegant kitchen table",0.7603917121887207,0.6749154925346375,56.020413966950166,0.443547
1159_25.png,385,run_10,1,"A glass of chilled orange juice with orange zest and slices, set in a warm kitchen environment with soft natural light",0.7573075294494629,0.722116231918335,57.19372809782184,0.410116
1159_25.png,386,run_2,1,A glass of ice-cold orange juice with an orange slice garnish placed on a rustic wooden table in a bright and airy kitchen,0.7520370483398438,0.7413882613182068,56.486588198149846,0.396731
1159_25.png,387,run_3,2,"A vintage-style still life painting of a glass of orange juice garnished with orange slices and peels, surrounded by scattered orange pieces on an elegant antique tablecloth.",0.7092444896697998,0.6726705431938171,55.84965432469672,0.373325
1159_25.png,388,run_10,1,"A glass of iced orange juice with a twist of orange peel, set in a cozy breakfast nook with warm sunlight",0.674072265625,0.7672262787818909,61.87668440124827,0.247074
1159_25.png,389,run_6,2,vintage clear glass,0.6116336584091187,0.7743504643440247,53.13567989799088,0.199118
1159_25.png,390,run_6,2,highly detailed glass with a subtle sheen,0.600695788860321,0.8508495688438416,63.365143502640365,0.094957
1159_29.png,1,run_8,4,Breathtakingly detailed 4k image of a majestic palm tree standing tall in the tranquil turquoise sea at golden hour on a solid weathered concrete base surrounded by subtle ocean ripples,0.9252402782440186,0.5676288604736328,40.02819811526527,0.987880
1159_29.png,2,run_3,5,"A breathtakingly realistic image of a solitary palm tree towering above the turquoise ocean waves against a stunning tropical sunset with lush green foliage, captured in high definition with subtle nuances and atmospheric depth.",0.912688672542572,0.6174590587615967,42.53686845757977,0.888529
1159_29.png,3,run_8,3,A 4k breathtaking realistic image of a single palm tree standing strong in the calm turquoise sea at golden hour on a solid weathered concrete base surrounded by soft ocean ripples,0.9231641888618469,0.6462889909744263,45.60021103530643,0.876455
1159_29.png,4,run_8,5,A breathtakingly detailed 4k image of a stately palm tree standing proudly in the serene turquoise ocean at golden hour on a solid concrete base with soft ripples,0.910367488861084,0.5907316207885742,46.70450833112332,0.874423
1159_29.png,5,run_4,5,"tranquil, dreamy, ultra-detailed palm tree in a stunning, oceanic landscape, with gentle, soft light and a partially hidden, misty horizon",0.8972606658935547,0.5672184824943542,43.904216483858214,0.871802
1159_29.png,6,run_8,4,Highly detailed 4k realistic image of a lone palm tree standing resolute in the serene turquoise sea at golden hour on a rugged weathered dock surrounded by gentle ocean ripples,0.9148328900337219,0.6418398022651672,46.33588697560699,0.848437
1159_29.png,7,run_11,4,"A highly detailed, breathtaking, 4k digital masterpiece of a palm tree stands firmly rooted in the ocean, as soft waves caress its base and the warm sun rises majestically over the serene, cloudless, blue sky horizon",0.9112942814826965,0.6391608119010925,45.57947161440039,0.844658
1159_29.png,8,run_3,5,"Highly detailed and photorealistic image of a palm tree standing tall against a serene tropical sunset with crystal clear blue ocean waves and vibrant green foliage, captured in 4k high definition with subtle texture and realistic shadows.",0.9176054000854492,0.6477115154266357,48.08233573373809,0.840185
1159_29.png,9,run_4,4,"a highly detailed, 4k resolution palm tree in a beautiful, tranquil ocean scene, with soft, golden light and a faintly visible, misty horizon",0.8943050503730774,0.6198428273200989,41.58818689432666,0.834432
1159_29.png,10,run_11,3,"A breathtaking, highly detailed, 4k digital art of a palm tree stands firmly rooted in the ocean, as soft waves lap at its base and the warm sun rises majestically over the tranquil, cloudless horizon",0.9161351919174194,0.6675821542739868,47.497686526825404,0.822920
1159_29.png,11,run_4,5,"highly detailed, 4k resolution masterpiece of a palm tree in a picturesque, oceanic retreat, with vibrant, soft light and a softly blended, misty horizon",0.8923554420471191,0.6063512563705444,44.94187869206582,0.816104
1159_29.png,12,run_13,2,"A serene, slender palm tree stands alone on a windswept beach, with ocean waves crashing gently against its base as the sun sets in a soft, serene light, highly detailed and realistic.",0.9116612076759338,0.6776826977729797,48.58571682741905,0.792573
1159_29.png,13,run_11,2,"A stunning, highly realistic, photorealistic 4k rendition of a palm tree stands firmly rooted in the ocean, as soft waves lap at its base and the vibrant sun rises majestically over the serene horizon",0.916755199432373,0.6971379518508911,48.70254968700389,0.791728
1159_29.png,14,run_8,5,A highly realistic 4k image of a solitary palm tree standing tall in the peaceful turquoise ocean at morning golden hour on a worn weathered concrete base with soft ocean waves,0.8954882025718689,0.6353069543838501,46.45336532906035,0.791301
1159_29.png,15,run_3,5,"A highly detailed and photorealistic masterwork of a palm tree standing proudly against a breathtaking tropical sunset with crystal clear blue ocean waves and vibrant green foliage, captured in high definition with subtle texture and atmospheric perspective.",0.912176251411438,0.6728309988975525,50.10130531210699,0.787706
1159_29.png,16,run_9,4,"A small palm tree is silhouetted against a vast, cloudless blue sky as it leans against a windswept rocky shoreline at the ocean's edge, with soft waves lapping at its base as the sun sets slowly in a highly detailed, 4k digital masterpiece.",0.8948488235473633,0.6557283997535706,44.41085977867876,0.786402
1159_29.png,17,run_11,3,"A stunning, highly realistic masterpiece of a palm tree stands firmly rooted in the ocean, as soft waves gently kiss its base and the vibrant sun rises majestically over the serene, crystal-clear horizon",0.9009252190589905,0.651690661907196,48.22479564247787,0.782577
1159_29.png,18,run_8,1,"A single palm tree stands on a solid concrete base in the sea, with calm waves rolling at its base as the sun dips on the horizon in a realistic style.",0.9031256437301636,0.6646543145179749,48.06492846939904,0.779860
1159_29.png,19,run_7,1,"A solitary palm tree stands in the center of a rocky base in the serene ocean, with gentle waves lapping at its roots as the sun sets on the horizon in a realistic, low-contrast, fine art style.",0.9155653715133667,0.6902227997779846,51.43089419361124,0.774680
1159_29.png,20,run_14,5,"Tall slender solitary palm tree stands on worn rocky base in vast turquoise ocean, gentle waves lapping at roots as vibrant sun sets on horizon amidst fluffy white clouds",0.9133923649787903,0.6645105481147766,53.96831766165742,0.771575
1159_29.png,21,run_8,2,A 4k realistic image of a single palm tree standing in the calm sea at sunset on a solid concrete base surrounded by soft waves,0.9154142141342163,0.6984910368919373,51.16384286782061,0.769133
1159_29.png,22,run_11,5,"A palm tree stands firmly rooted in the ocean, as soft waves wash its base and the warm sun rises majestically over the serene, cloudless, blue sky horizon with a warm golden glow",0.9039896130561829,0.6823464632034302,48.4091797622881,0.765393
1159_29.png,23,run_13,5,"A serene, slender palm tree stands isolated on a wind-swept beach, with the ocean's waves gently lapping at its base as the sun sets in a soft, serene light, highly detailed, realistic, and in perfect 4k resolution",0.9014807939529419,0.6697955131530762,49.14265499247085,0.762777
1159_29.png,24,run_4,5,"highly detailed, crystal-clear 4k resolution palm tree in a serene, oceanic paradise, with warm, sunset gold light and a softly blurred horizon",0.9056527614593506,0.687302827835083,49.78971576211679,0.756918
1159_29.png,25,run_13,5,"A slender, tropical palm tree stands alone on a windswept beach at sunset, with the ocean's waves crashing gently against its base amidst a soft, serene atmosphere, highly detailed, and photorealistic",0.9149608016014099,0.7204980850219727,50.53153831651146,0.753659
1159_29.png,26,run_6,3,"A stunning, majestic palm tree stands tall and proud on a rugged, rocky ocean point as the warm sun slowly sets, casting golden light across the ripples in the ocean waves",0.9115674495697021,0.6983066201210022,51.751824808700746,0.752897
1159_29.png,27,run_11,5,"A highly detailed, stunning, 4k digital painting of a palm tree stands resolute in the ocean, as soft waves caress its base and the warm sun rises majestically over the radiant, cloudless, blue sky",0.9017686247825623,0.6878699660301208,48.7057849662279,0.751601
1159_29.png,28,run_3,4,"Highly detailed and photorealistic image of a palm tree standing tall against a breathtaking tropical sunset with crystal clear ocean waves and lush green foliage, captured in high definition with subtle texture.",0.9167044758796692,0.7005392909049988,54.197262034040065,0.750369
1159_29.png,29,run_7,5,"A majestic palm tree stands alone on a rocky base in the serene ocean, with gentle ocean waves softly lapping at its roots as the sun sets in a highly detailed, realistic, and beautiful fine art style",0.891669750213623,0.6564430594444275,48.32548511262586,0.748329
1159_29.png,30,run_4,5,"a highly realistic, 4k resolution palm tree in a breathtaking, tropical ocean scene, with rich, warm colors and a subtle, foggy atmosphere",0.8734232783317566,0.6332187652587891,43.137249519905396,0.745714
1159_29.png,31,run_6,4,"A highly detailed, stunning, majestic palm tree stands tall and proud on a rugged, rocky ocean point as the warm sun slowly sets, casting golden light across the ripples in the ocean waves",0.9109480381011963,0.7014178037643433,52.14491821250135,0.745569
1159_29.png,32,run_6,3,"Majestic palm tree stands tall and proud on rugged, rocky ocean point, its roots firmly planted as the sun sets slowly, casting warm, golden light across the waves",0.9063583612442017,0.6664233803749084,54.326761582888594,0.745003
1159_29.png,33,run_5,5,"A tall and majestic isolated palm tree stands alone in the crystal clear, highly detailed ocean waters as the sun sets in soft, warm golden light with gentle, minimalistic sea waves in the background.",0.9209845066070557,0.711104154586792,55.74520451464724,0.744385
1159_29.png,34,run_4,3,"a highly detailed, masterpiece-quality palm tree in 4k resolution stands firmly rooted in the ocean on a rough, rocky base, with soft, foamy waves lapping soothingly at its base as the sun dips slowly towards a calm, serene horizon",0.8943905234336853,0.6696168184280396,48.660964167227235,0.743641
1159_29.png,35,run_11,4,"A highly detailed, 4k digital painting of a majestic palm tree grows in the shallow water, as calm waves lap at its base and the warm sun rises slowly over the tranquil, cloudless, tropical ocean horizon",0.9059914350509644,0.7057772874832153,50.08689818316584,0.740446
1159_29.png,36,run_5,4,"A serene and idyllic isolated palm tree stands in the foreground, surrounded by the crystal clear ocean waters and warm golden light on a perfect summer evening with a few birds flying in the sky.",0.8802741169929504,0.625324547290802,48.01675423458162,0.740158
1159_29.png,37,run_3,5,"An ultra-realistic image of a palm tree standing in front of a majestic tropical sunset with crystal clear ocean waves and lush green foliage, captured in 4k high definition with rich texture and subtle gradient.",0.9147132039070129,0.7001208662986755,54.82207478815823,0.739998
1159_29.png,38,run_6,3,"On a picturesque, rugged, rocky point overlooking the vast ocean, a majestic, towering palm tree stands proud, its roots firmly planted as the warm sun sets slowly, casting a golden light",0.8988121151924133,0.6822884678840637,49.69070462196491,0.739960
1159_29.png,39,run_7,2,"A majestic palm tree stands in the center of a rocky outcropping in the calm ocean, with soft waves gently caressing its roots as the sun dips below the horizon in a low-contrast, highly detailed digital painting style",0.9125125408172607,0.7078354358673096,52.99405960497988,0.739263
1159_29.png,40,run_12,2,"A highly realistic and highly detailed photograph of a solitary palm tree stands resolute on a rocky shoreline in the ocean, with the last rays of sunlight reflecting off the gentle waves lapping at its roots and a few seagulls flying in the distance.",0.892099916934967,0.6562932133674622,49.97259148901926,0.738334
1159_29.png,41,run_5,4,"A serene and idyllic isolated palm tree stands alone in the crystal clear, calm ocean waters as the sun sets in warm, soft golden light on a tropical island.",0.8823347687721252,0.6479327082633972,46.71804641123894,0.736860
1159_29.png,42,run_11,4,"A highly detailed, breathtaking, 4k digital art of a majestic palm tree stands firmly rooted in the calm, crystal-clear ocean, as gentle waves lap at its base and the warm golden sun rises majestically over the serene, cloudless horizon",0.9055591821670532,0.6859751343727112,53.068939280236144,0.734846
1159_29.png,43,run_11,2,"A beautifully rendered, 4k, digital painting of a tall palm tree stands firmly rooted in the ocean, as soft turquoise waves lap at its base and the warm sunset sky glows majestically over the calm horizon",0.9127660989761353,0.7314956188201904,50.9937718784832,0.734208
1159_29.png,44,run_8,3,A 4k highly detailed realistic image of a single palm tree standing in the calm peaceful sea at golden hour on a solid polished concrete base surrounded by gentle waves,0.898348331451416,0.6978930234909058,48.48904946107634,0.733790
1159_29.png,45,run_10,2,"A dramatic majestic palm tree stands tall on a rocky outcropping in the ocean, with gentle waves lapping at its exposed roots as the sun dips slowly on the horizon",0.9097035527229309,0.687799334526062,55.2301816894601,0.731473
1159_29.png,46,run_3,3,"Highly detailed and photorealistic palm tree rises from crystal clear ocean waves, standing tall against a breathtaking tropical sunset with its roots firmly grounded on a rocky foundation amidst lush green foliage.",0.903860867023468,0.6844003200531006,53.06705565296697,0.730754
1159_29.png,47,run_13,2,"A serene, solitary, majestic palm tree stands firmly rooted on a rocky base amidst the vast ocean, with waves gently caressing its base as the sun sets peacefully in high definition.",0.9224293828010559,0.7310539484024048,56.02396951086089,0.730339
1159_29.png,48,run_8,2,A digital painting of a single palm tree standing on a solid concrete base in the sea as the sun sets slowly and realistically in the background.,0.9110661745071411,0.725176215171814,51.641386813812964,0.729554
1159_29.png,49,run_13,5,"A slender, majestic palm tree stands solitary on a windswept beach, with the ocean's waves crashing softly against its base, bathed in a warm, golden light as the sun sets slowly in a peaceful, serene environment, highly detailed, and in perfect 4k digital painting style",0.9038819074630737,0.7181002497673035,49.281319046697824,0.729005
1159_29.png,50,run_13,3,"A majestic, slender palm tree stands isolated on a sandy beach, with soft ocean waves lapping at its base as the sun sets in a soft, serene, and peaceful light, highly detailed and photorealistic.",0.9008554220199585,0.7000086307525635,50.394483247085816,0.726728
1159_29.png,51,run_6,5,"A stunning, majestic, highly detailed palm tree stands tall and proud on a rugged, rocky ocean point as the warm sun slowly sets, casting golden, soft light across the gentle ripples in the calm ocean waves",0.894942581653595,0.6701633930206299,51.387822536825944,0.725916
1159_29.png,52,run_11,5,"A highly realistic, breathtaking, 8k digital painting masterpiece of a palm tree stands firmly rooted in the ocean, as soft waves gently caress its base and the warm golden sun rises majestically over the serene, cloudless, sapphire blue sky horizon",0.8972417116165161,0.694267749786377,49.854923024160904,0.723761
1159_29.png,53,run_6,5,"A picturesque, idyllic palm tree stands serenely on a rocky, windswept ocean ledge as the sun slowly sinks below the horizon, casting a warm, soft glow across the gentle ocean waves",0.897472620010376,0.6918033957481384,50.4213604328081,0.722610
1159_29.png,54,run_13,3,"A slender palm tree stands isolated on a windswept shore, with soft ocean waves crashing gently against its base as the setting sun casts a warm, serene glow, in the style of a digital painting, highly detailed and realistic.",0.9108564853668213,0.7420446276664734,50.848610960995664,0.720283
1159_29.png,55,run_11,3,"A realistic, highly detailed, 4k digital painting of a palm tree stands firmly rooted in the ocean, as soft waves lap at its base and the warm sun rises over the peaceful, sun-kissed horizon",0.8909643292427063,0.6944651007652283,47.51764924236086,0.719856
1159_29.png,56,run_11,2,"A highly detailed, 4k, watercolor masterpiece of a palm tree stands firmly rooted in the ocean, as soft waves lap at its base and the warm sun sets majestically over the tranquil horizon",0.9061346054077148,0.7133221626281738,52.29988407111085,0.719138
1159_29.png,57,run_11,5,"A majestic 8k digital painting of a palm tree stands firmly rooted in the ocean, as soft waves lap at its base and the warm sun rises in a blaze of glory over the serene, cloudless, blue sky",0.9045607447624207,0.7092354893684387,52.132493222257125,0.718703
1159_29.png,58,run_13,5,"A palm tree stands tall, slender and serene on a vast windswept beach, with the ocean's large waves gently lapping at its base as the sun sets slowly in a soft, golden, realistic light",0.8984742164611816,0.6859837174415588,52.28850625777158,0.717655
1159_29.png,59,run_15,4,"A beautiful, old, majestic palm tree stands alone on a rugged, ancient, ocean-kissed outcropping with calm waves lapping gently at its base as the sun slowly sets behind it, casting a warm, golden, peaceful glow",0.9011012315750122,0.6914757490158081,53.15400999034378,0.715404
1159_29.png,60,run_4,4,"a highly detailed, photorealistic image of a palm tree standing proudly in the ocean, with soft, foamy waves gently lapping at its base",0.8849173784255981,0.6443050503730774,51.437342298823964,0.715214
1159_29.png,61,run_11,4,"A highly detailed, breathtaking, 4k digital art of a solitary palm tree stands proudly in the calm ocean, as gentle waves lap at its base and the warm sun rises majestically over the serene, cloudless, blue sky horizon",0.9045211672782898,0.6960400938987732,54.295961608441154,0.714534
1159_29.png,62,run_9,5,"A solitary palm tree stands silhouetted against a boundless, cloudless blue sky as it sways in the ocean breeze against a rugged, rocky shoreline at the water's edge, with gentle waves caressing its base as the sun sets gradually in a highly detailed digital work.",0.8803786039352417,0.66555255651474,47.083269213367416,0.713300
1159_29.png,63,run_5,5,"A majestic, highly detailed, isolated palm tree stands alone in the calm, serene ocean waters as the sun dips low in the horizon in soft warm, golden light with gentle, whispering sea waves in the background.",0.914823055267334,0.7253880500793457,55.91814391219929,0.711529
1159_29.png,64,run_8,3,A 4k ultra-realistic image of a solitary palm tree rising from the tranquil blue sea at sunset on a sleek concrete foundation surrounded by soft ripples,0.8762381076812744,0.6608826518058777,46.21050926094388,0.710078
1159_29.png,65,run_8,2,A highly detailed palm tree stands on a solid concrete base in the sea as the sun dips below the horizon in a realistic style with clear reflection,0.8971068859100342,0.6943831443786621,51.89698619592277,0.708982
1159_29.png,66,run_5,3,a serene and majestic isolated palm tree stands alone in the crystal clear ocean waters as the sun sets in warm golden light.,0.9005511999130249,0.6986721754074097,53.33042868545851,0.706386
1159_29.png,67,run_3,3,"Tall and slender palm tree rises from the ocean's dark blue waters, its roots firmly grounded on a weathered rocky foundation, standing strong against a breathtaking tropical sunset with soft, warm light.",0.897071361541748,0.6790159940719604,54.22084523799387,0.705527
1159_29.png,68,run_4,2,"A majestic, 4k-resolution palm tree stands sturdy on a rocky base in the ocean, with soft, foamy waves caressing its roots as the sun sinks slowly on the calm horizon",0.9077264666557312,0.7166392207145691,54.735673428318975,0.704444
1159_29.png,69,run_10,2,"A majestic palm tree stands regally on a rocky base in the ocean, with gentle waves lapping at its exposed roots as the sun sets gently on the distant horizon",0.904788613319397,0.7027246356010437,55.152300205797864,0.703811
1159_29.png,70,run_15,3,"Highly detailed palm tree stands solo on a windswept, ocean-kissed outcropping with gentle waves lapping against its base as the setting sun radiates a warm, sun-kissed ambiance",0.9101107120513916,0.7379871606826782,53.603779068169985,0.702072
1159_29.png,71,run_10,5,"A dramatic majestic palm tree stands tall on a rocky outcropping in the ocean, with gentle waves lapping at its exposed roots as the sun dips slowly on the horizon, highly detailed",0.902773916721344,0.6995857357978821,54.9821455980721,0.701194
1159_29.png,72,run_13,4,"A stunning, slender palm tree stands alone on a beach, bathed in the golden light of sunset as the ocean waves gently lap against its base, highly detailed and realistic, textured masterpiece",0.9063675403594971,0.7222797870635986,53.97433403326353,0.700691
1159_29.png,73,run_8,5,A stunning 4k digital artwork of a majestic palm tree standing steadfast in the calm turquoise sea at sunset on a rugged weathered concrete base surrounded by subtle ocean textures,0.9035354256629944,0.7171660661697388,53.337589825212675,0.700373
1159_29.png,74,run_4,3,"majestic, vibrant, 4k-resolution palm tree stands sturdily on a weathered, rocky outcropping in the ocean, with soothing, gentle waves lapping at its roots as the sun dips slowly towards the peaceful horizon",0.9032241106033325,0.7239631414413452,52.58467914184383,0.698938
1159_29.png,75,run_13,3,"A serene, elegant palm tree stands alone on a tranquil beach, with gentle ocean waves crashing against its base as the sun sets in a warm, golden light, highly detailed and realistic.",0.904290497303009,0.7200095653533936,53.614071485692705,0.698473
1159_29.png,76,run_6,2,"On a rugged, rocky point overlooking the ocean, a majestic palm tree stands tall and proud, its roots firmly planted as the sun sets slowly, casting a warm, golden light across the waves and the sky",0.9001786112785339,0.7000477313995361,54.16503670611999,0.698219
1159_29.png,77,run_13,4,"A majestic, slender palm tree stands alone on a sandy, windswept beach at sunset, with ocean waves crashing gently against its base as the sun dips low in a soft, serene light, ultra-high definition",0.9042335152626038,0.7243791818618774,53.25245484935543,0.697153
1159_29.png,78,run_5,4,"A highly realistic isolated palm tree stands alone in the crystal clear ocean waters as the sun sets in warm, soft golden light with long shadows stretching across the sandy beach in the background.",0.8808507919311523,0.6776070594787598,48.19334181600069,0.696961
1159_29.png,79,run_6,5,"A magnificent, vibrant palm tree stands tall and proud on a dramatic, rocky ocean headland as the sun slowly sets, casting warm, golden light across the ripples in the vast ocean waves",0.8961648344993591,0.7066247463226318,51.911536923785725,0.695615
1159_29.png,80,run_3,5,"A stunningly realistic image of a group of palm trees standing together against a serene tropical sunset with crystal clear ocean waves and lush green foliage, captured in 4k high definition with subtle nuances and realistic depth of field.",0.9091395139694214,0.7405485510826111,53.854900972437825,0.695072
1159_29.png,81,run_5,5,"A highly detailed, isolated palm tree stands alone in the vibrant, crystal clear ocean waters of a tropical paradise as the sun sets in soft warm, golden light with gentle, soothing sea waves in the background.",0.896026074886322,0.6896806359291077,54.15439178930574,0.693716
1159_29.png,82,run_5,4,"A tall and majestic isolated palm tree stands alone in the crystal clear, serene ocean waters as the sun sets in soft, warm golden light with gentle sea waves in the background.",0.9139015674591064,0.7324946522712708,57.337125135313094,0.692729
1159_29.png,83,run_1,2,"A majestic, highly detailed palm tree stands proud on a rugged rocky base, its roots submerged in crystal-clear calm ocean waters as gentle waves roll in slowly, a breathtakingly beautiful sunset unfolding in vibrant colors across the sky above",0.9126446843147278,0.7232013940811157,57.89198580166534,0.692628
1159_29.png,84,run_10,5,"A dramatic majestic palm tree stands tall on a rocky outcropping in the ocean, with gentle waves lapping at its exposed roots as the sun dips slowly on the horizon, high quality, sharp",0.9002918601036072,0.7002050876617432,55.0518715647371,0.692260
1159_29.png,85,run_4,2,"A beautiful, highly detailed palm tree stands tall on a rugged, rocky base in the ocean, with soothing waves lapping gently at its roots as the sun sets slowly on the tranquil horizon",0.8935242295265198,0.6908584833145142,53.192775240417724,0.691449
1159_29.png,86,run_11,2,"A vibrant, highly detailed, 8k, artwork of a large palm tree stands firmly rooted in the ocean, as gentle waves lap at its base and the breathtaking sun sets majestically over the endless sky",0.9107295274734497,0.742621123790741,54.88074661761135,0.691254
1159_29.png,87,run_5,4,"A highly detailed isolated palm tree stands at the edge of the crystal clear ocean waters as the sun sets in vibrant, warm golden light with the horizon stretching far into the distance.",0.9047239422798157,0.7297605276107788,53.75207997584634,0.690724
1159_29.png,88,run_10,5,"A dramatic majestic palm tree stands tall on a rocky outcropping in the ocean, with gentle waves lapping at its exposed roots as the sun dips slowly on the horizon, best lighting",0.9057093858718872,0.7112571597099304,56.51357651555925,0.690103
1159_29.png,89,run_15,3,"Majestic palm tree stands alone on a rugged, ocean-kissed outcropping with calm waves lapping gently at its base as the sun slowly sets behind it, casting a warm, golden glow",0.9000403881072998,0.7112025022506714,54.047378158485984,0.689252
1159_29.png,90,run_15,3,"The majestic palm tree stands serene on a weathered, rocky outcropping with the ocean's calm waves caressing its base as the late sun dips into the horizon",0.9033639430999756,0.7099745273590088,55.801075006680854,0.688659
1159_29.png,91,run_5,5,"A highly detailed, masterpiece palm tree stands isolated on a pristine, white sandy beach at the edge of the vibrant, crystal clear ocean as the sun sets in soft warm, golden light with gentle, lapping sea waves.",0.8919941782951355,0.664107084274292,57.019818871596456,0.682267
1159_29.png,92,run_11,1,"A highly detailed, 4k, masterpiece rendition of a palm tree stands firmly rooted in the ocean, as soft waves lap at its base and the vibrant sun sets majestically over the horizon.",0.9144632816314697,0.7593586444854736,55.95427654751513,0.681665
1159_29.png,93,run_13,3,"A slender, solitary palm tree stands on a windswept shore, with soft ocean waves caressing its base as the setting sun casts a soft, serene glow.",0.8947601914405823,0.7163926362991333,52.10522133937091,0.681592
1159_29.png,94,run_3,2,"A vibrant and majestic palm tree rises from the ocean waves, standing tall against a stunning tropical sunset with its roots firmly grounded on a rocky foundation.",0.9064786434173584,0.7191187143325806,57.19250208478751,0.681235
1159_29.png,95,run_11,5,"A breathtaking, highly detailed, 4k digital artwork of a palm tree stands strong in the ocean, as soft waves soothe its base and the warm sun rises majestically over the peaceful, clear, blue horizon",0.8911941051483154,0.7102252244949341,51.348211672678936,0.680652
1159_29.png,96,run_6,3,"Highly detailed, serene palm tree stands tall and proud on rugged, rocky ocean point as the sun sets slowly, casting warm, golden light across the waves",0.8876888751983643,0.6859132647514343,52.84889670665693,0.679353
1159_29.png,97,run_5,3,a masterpiece of a solitary palm tree sways softly in the ocean breeze as the sun sets behind it casting a warm golden glow,0.8883253931999207,0.6970176696777344,51.877003761004666,0.678865
1159_29.png,98,run_12,3,a breathtaking 4k photograph of a lone palm tree standing tall on a rocky coastline with the last rays of sunlight shining off the ocean's surface,0.9019008278846741,0.7162730097770691,56.205643951724234,0.675884
1159_29.png,99,run_2,5,A solitary majestic palm tree stands resolute on a rugged shoreline surrounded by soft ocean waves as the warm sun dips below the horizon in a serene and peaceful tropical paradise,0.8840416669845581,0.6901921629905701,51.18048495053868,0.675762
1159_29.png,100,run_4,3,"a beautifully rendered, 4k-resolution palm tree with intricate, detailed foliage stands strong on a rough, rocky base in the ocean, with soft, foamy waves soothingly embracing its roots as the sun sinks slowly in the serene sky",0.8920943140983582,0.7158181071281433,51.79113227484658,0.675750
1159_29.png,101,run_10,4,"A stunning masterpiece palm tree stands tall on a rugged rocky outcropping in the calm ocean, with gentle waves lapping at its exposed roots as the sun dips slowly on the horizon in a soft pink light",0.9039086103439331,0.7193426489830017,56.875036342859204,0.675054
1159_29.png,102,run_5,2,a majestic isolated palm tree sways gently in the ocean breeze as waves lap softly at its roots as the sun sets over the horizon in warm golden light,0.8889462947845459,0.6987040042877197,52.5145619375692,0.674986
1159_29.png,103,run_8,4,A digital painting of a single palm tree standing strong in the crystal turquoise sea at golden hour on a worn weathered concrete foundation surrounded by soft ocean waves,0.8757866024971008,0.6730329394340515,49.58088270270098,0.674934
1159_29.png,104,run_3,2,"A majestic and highly realistic palm tree is beautifully set against the vibrant colors of a tropical sunset, standing on a rugged rocky base as the calm ocean waves gently lap at its roots and a warm light shines down.",0.8991191983222961,0.7277755737304688,53.88979702912959,0.673524
1159_29.png,105,run_9,5,"A single palm tree is dramatically silhouetted against a vast, cloudless, azure sky as it leans against a rugged, rocky shoreline at the ocean's edge, with soft, gentle waves lapping at its base as the sun sets slowly in a photorealistic, 4k digital artwork.",0.8662846088409424,0.6602023839950562,46.97802183829093,0.673499
1159_29.png,106,run_2,4,The silhouette of a single majestic palm tree stands on a rugged rocky shore surrounded by soft ocean waves as the vibrant sun dips below the horizon in a warm peaceful atmosphere,0.8918022513389587,0.6987400650978088,54.07100785347391,0.673216
1159_29.png,107,run_12,4,"A solitary palm tree stands steadfast on a rugged shoreline, bathed in the warm glow of sunset, with the calm ocean waves gently lapping at its base and a hint of seagulls soaring in the sky",0.9066375494003296,0.7468820810317993,55.203691042170014,0.672360
1159_29.png,108,run_12,1,"A highly detailed solitary palm tree stands resolute on a weathered rocky base in the ocean, with the last rays of sunlight reflecting off the gentle waves lapping at its roots.",0.9090521335601807,0.7329073548316956,58.05526404462247,0.671881
1159_29.png,109,run_14,1,"A tall and slender solitary palm tree stands on a weathered rocky base in the vast ocean, with gentle waves lapping at its roots as the vibrant sun sets on the horizon amidst a backdrop of fluffy white clouds",0.9060930609703064,0.7283936738967896,57.314389896729274,0.671382
1159_29.png,110,run_2,2,"The silhouette of a majestic palm tree stands on a rugged rocky shore amidst soft ocean waves as the vibrant sun dips below the horizon in a warm, serene atmosphere",0.8907173871994019,0.6957517266273499,54.26227015817549,0.670919
1159_29.png,111,run_14,5,"A stunning, serene palm tree stands on the weathered rocky base in the vast, peaceful ocean, with soft waves lapping at its roots as the golden sun sets on the horizon amidst a backdrop of cotton candy white clouds",0.9035100936889648,0.7235809564590454,56.852355329281714,0.670388
1159_29.png,112,run_14,1,"A solitary majestic palm tree stands on a rocky base in the ocean, with gentle turquoise waves lapping at its roots as the sun sets behind the horizon slowly",0.9009559154510498,0.7267333269119263,55.37784632057233,0.669879
1159_29.png,113,run_12,4,"A highly detailed, hyper-realistic image of a solitary palm tree stands resolute on a rugged, rocky shoreline, with the soft focus of sunset hues reflected in the gentle waves and a few seagulls flying high in the fading light",0.9077940583229065,0.7364354729652405,57.376350090833704,0.669644
1159_29.png,114,run_2,2,"A solitary palm tree rises from the rugged coastline, its slender trunk and feathery leaves silhouetted against the vibrant hues of a tropical sunset, with ocean waves gently lapping at its base",0.9125868082046509,0.7435703277587891,58.868508725826274,0.668562
1159_29.png,115,run_1,3,"An exquisite, highly realistic palm tree stands tall on a rocky coastline, its roots plunged into the turquoise ocean as gentle waves lap at the shore, a stunning sunset with warm golden hues unfolding across the sky above.",0.889356255531311,0.6878688335418701,54.9299758171078,0.668517
1159_29.png,116,run_1,1,"A solitary majestic palm tree rises from a rugged rocky outcropping in the turquoise ocean, with soft waves caressing its roots as the sun dips beneath the horizon",0.889201819896698,0.692190945148468,54.52272401954563,0.667244
1159_29.png,117,run_1,4,"Majestic, detailed palm tree stands proud on a rugged rocky base, surrounded by crystal-clear ocean waters as gentle waves roll in slowly, a breathtakingly stunning sunset unfolding in vibrant colors across the vast sky above, with the warm glow of golden light",0.9063615798950195,0.7290968298912048,58.04494751664684,0.666552
1159_29.png,118,run_14,2,"A beautiful highly detailed digital painting of a lone tall palm tree standing on a rough weathered rock in the vast open ocean, with gentle waves softly lapping at its roots as the vibrant sun sets on the horizon amidst a backdrop of fluffy white clouds in the sunset sky.",0.9214823246002197,0.7598198056221008,61.39869531678185,0.665702
1159_29.png,119,run_6,2,"Highly refined, detailed palm tree in a serene ocean setting, with the warm light of sunset casting a golden glow across the waves, the rocky point, and the sky ablaze with color",0.8960963487625122,0.7237670421600342,54.11921893994503,0.665626
1159_29.png,120,run_3,2,"A highly detailed and realistic solitary palm tree stands against the warm, golden hues of a serene tropical sunset, set against the gentle lapping of waves in the calm ocean on a rocky base.",0.9046425819396973,0.733411967754364,56.89521049767925,0.665469
1159_29.png,121,run_3,4,"Highly detailed, vibrant and realistic palm tree rises from crystal clear ocean waves to stand tall against a warm tropical sunset with its roots firmly grounded on a rocky foundation amidst lush green foliage with intricate details and subtle atmosphere.",0.894253134727478,0.718025267124176,54.236552894780395,0.663730
1159_29.png,122,run_10,4,"A serene and beautiful palm tree stands tall on a rocky outcropping in the ocean, with gentle waves lapping at its exposed roots as the sun dips slowly on the horizon in a serene atmosphere",0.8901925086975098,0.7013670206069946,54.53860193288703,0.662609
1159_29.png,123,run_12,5,"A highly detailed and breathtaking masterpiece photograph of a solitary palm tree stands resolute on a weathered rocky shoreline in the ocean, with the warm last rays of sunlight softly reflecting off the gentle waves lapping at its roots and a few seagulls flying in the distance",0.9036513566970825,0.7361401915550232,56.64838015634787,0.661740
1159_29.png,124,run_15,4,"A highly detailed, realistic palm tree stands isolated on a rugged, rocky, ocean-kissed outcropping with calm waves lapping gently at its base as the sun slowly sets behind it, casting a warm, golden, late-day glow",0.9019697904586792,0.732280969619751,56.52419411903372,0.660469
1159_29.png,125,run_13,5,"A solitary palm tree stands serene on a windswept beach, with the ocean's waves splashing against its base as the sun sets in a warm, golden light, highly detailed, and realistic with subtle, soft textures",0.8955470323562622,0.7260158658027649,54.53403985773909,0.659092
1159_29.png,126,run_13,4,"A slender, tropical palm tree stands alone on a windswept beach, with ocean waves crashing gently against its base as the sun sets in a soft, serene light, digitally painted in vivid colors, extremely detailed",0.8788464069366455,0.7021222710609436,49.78386136375803,0.658918
1159_29.png,127,run_1,5,"A majestic, highly refined palm tree grows out of a rugged rocky base, partially submerged in crystal-clear ocean waters as gentle waves roll in, a stunning sunset unfolding in warm colors across the sky",0.9044269919395447,0.7284852266311646,58.353018688898004,0.658735
1159_29.png,128,run_6,3,"On a rugged, rocky point overlooking the vast ocean, a majestic palm tree stands tall and proud, its roots planted firmly as the warm sun sets slowly, casting a golden light",0.8751544952392578,0.6831623315811157,50.54723069580471,0.657684
1159_29.png,129,run_1,2,"A stunning, photorealistic palm tree stands proud on a rocky base, its roots submerged in the ocean as gentle waves caress the shore, a breathtakingly beautiful, highly detailed sunset unfolding in the sky above",0.9189704060554504,0.7644470930099487,60.908912198763865,0.657220
1159_29.png,130,run_6,2,"In the fading light of day, a stately palm tree rises from a rocky outcropping in the ocean, where gentle waves soothe its base as the sun sets, casting a warm glow across the sky",0.8907259702682495,0.702463686466217,55.59819886593413,0.656000
1159_29.png,131,run_6,4,"A dramatic, highly detailed palm tree dominates a rugged, rocky ocean point as the warm sun sets, casting vibrant golden light across the ripples in the ocean waves",0.9246795177459717,0.795000433921814,60.059894120783866,0.655781
1159_29.png,132,run_13,1,"A serene, solitary palm tree stands firmly rooted on a rocky base amidst the vast ocean, with waves gently caressing its base as the sun sets peacefully.",0.8959469795227051,0.7202315330505371,56.11312619022742,0.654196
1159_29.png,133,run_10,2,"A majestic palm tree stands proudly on a rocky base in the ocean, with gentle waves lapping at its roots as sunset approaches the horizon slowly",0.8968313932418823,0.7154304385185242,57.19866951138789,0.653467
1159_29.png,134,run_9,4,"A palm tree sways gently in the breeze as it leans against a well-worn rocky shoreline at the ocean's edge, with soft waves lapping at its base as the sun sets slowly in a highly detailed, ultra-realistic digital painting of a peaceful, cloudless sky.",0.8710840344429016,0.6895104050636292,48.61672308991955,0.652836
1159_29.png,135,run_2,1,"The silhouette of a palm tree stands on a rugged rocky base, with soft ocean waves caressing its base as the sun dips below the horizon",0.8777393698692322,0.6569628715515137,55.57398387357331,0.652811
1159_29.png,136,run_1,4,"Majestic, photorealistic palm tree stands proud on a rugged rocky base, its roots submerged in crystal-clear calm ocean waters as gentle waves roll in slowly, a breathtakingly stunning sunset unfolding in warm pastel colors across the brightening sky above",0.909737229347229,0.7537051439285278,58.92216386678058,0.650593
1159_29.png,137,run_4,5,"crystal clear, 4k resolution digital art of a palm tree in an idyllic, oceanic haven, with soft focus and a serene, misty morning",0.8326334357261658,0.6110457181930542,40.82790731419684,0.650119
1159_29.png,138,run_9,5,"A palm tree is silhouetted against a boundless, cloudless blue sky as it sways gently in the ocean breeze against a rugged, rocky shoreline at the ocean's edge, with soft waves lapping at its base as the sun sets slowly in a highly detailed, high-resolution digital painting.",0.8540322780609131,0.6533823013305664,45.76245790648838,0.648560
1159_29.png,139,run_5,3,a majestic serene isolated palm tree sways gently in the ocean breeze as waves lap softly at its roots as the sun sets over the horizon in warm vibrant golden light,0.8879392147064209,0.7111310362815857,54.49029065670121,0.647568
1159_29.png,140,run_14,4,"A tall and slender solitary palm tree stands on a worn, rocky coastline in the vast ocean, with soft waves lapping at its roots as the sun sets on the horizon",0.8974924683570862,0.716873049736023,58.287779507486604,0.646770
1159_29.png,141,run_14,2,"Highly detailed 4k digital painting of a beautiful palm tree standing on a rocky base in the vast ocean, with gentle waves softly lapping at its roots as the vibrant sun sets on the horizon amidst a backdrop of fluffy white clouds",0.8981223106384277,0.721254289150238,58.34932195104903,0.644681
1159_29.png,142,run_4,3,"a stunning, highly detailed, 4k-resolution palm tree stands tall and proud on a rugged, rocky shoreline in the ocean, with soft, foamy waves gently rocking its roots as the sun sets slowly in the peaceful, golden light",0.8940531015396118,0.7369825839996338,54.66663401429563,0.644206
1159_29.png,143,run_7,3,"A majestic palm tree rises from a granite base amidst a tranquil, turquoise-hued ocean, with soothing waves lapping at its base as the sun dips below the horizon in a highly detailed, 4k, fine art style",0.8438997268676758,0.6265580654144287,44.970923316193456,0.644195
1159_29.png,144,run_3,1,"A solitary palm tree is set against the vibrant colors of a tropical sunset, standing tall on a rocky base as gentle waves lap at its roots in the calm ocean.",0.8983230590820312,0.7179809212684631,59.15630243353589,0.642433
1159_29.png,145,run_14,1,"A highly detailed solitary palm tree stands on a rocky cliffside in the serene ocean, with soft blue-green waves lapping at its roots as the sun sets on the horizon surrounded by a warm orange glow",0.8959631323814392,0.7272438406944275,57.142109941411114,0.641191
1159_29.png,146,run_10,3,"A majestic palm tree stands tall and proud on a rocky promontory in the ocean, with gentle waves caressing its exposed roots as the sunset casts a warm glow on the horizon",0.9034570455551147,0.7377262711524963,59.35935653944038,0.640871
1159_29.png,147,run_13,3,"A slender palm tree stands alone on a sandy beach, with the warm glow of sunset casting long shadows as gentle ocean waves crash against its base, highly detailed and realistic, 4k masterpiece.",0.8921558856964111,0.7540706992149353,52.36914337277956,0.639862
1159_29.png,148,run_12,5,"A highly detailed and stunning digital painting of a serene solitary palm tree stands strong on a weathered rocky shoreline in the ocean, with the vibrant last rays of sunlight reflecting off the calm waves softly lapping at its roots and a few seagulls soaring in the distant sky",0.8803988695144653,0.7063855528831482,52.74415423407141,0.639645
1159_29.png,149,run_4,1,"A beautiful, highly detailed palm tree stands on a rocky base in the ocean, with soft waves lapping at its roots as the sun sets slowly on the calm horizon.",0.8957038521766663,0.7342971563339233,56.43939010304605,0.639357
1159_29.png,150,run_13,1,"A solitary majestic palm tree stands on a rocky base in the ocean, with gentle waves lapping at its roots as the sun sets on the distant horizon.",0.8975028991699219,0.7236353158950806,58.72433485844121,0.638090
1159_29.png,151,run_2,5,A single highly detailed palm tree stands proudly on a rugged rocky shore surrounded by soft ocean waves as the setting sun dips below the horizon in a warm peaceful and idyllic tropical atmosphere,0.8858132362365723,0.7038379311561584,55.99133992217836,0.636412
1159_29.png,152,run_1,1,"A majestic, intricately detailed palm tree stands proud on a rocky base, its roots submerged in the ocean as gentle waves roll in, a beautiful sunset unfolding in the sky above",0.9170820713043213,0.7733442187309265,62.206452143868205,0.634678
1159_29.png,153,run_14,3,"A majestic tall solitary palm tree stands on a worn rocky outcropping in the vast open ocean, with soft waves gently lapping at its roots as a warm sun sets on the horizon amidst a backdrop of soft white clouds",0.8953522443771362,0.7160491943359375,59.16422783208537,0.634507
1159_29.png,154,run_1,1,"A highly detailed, vibrant palm tree stands atop a rocky base, surrounded by the soothing sound of waves gently lapping at its roots beneath a breathtaking sunset sky",0.8993040919303894,0.7301473617553711,59.664255857157805,0.631828
1159_29.png,155,run_10,5,"A dramatic majestic palm tree stands tall on a rocky outcropping in the ocean, with gentle waves lapping at its exposed roots as the sun dips slowly on the horizon, masterpiece",0.8921036720275879,0.7290571331977844,56.601839794845446,0.631114
1159_29.png,156,run_2,2,"A lone palm tree stands strong against the rugged coastline, its silhouette softened by the gentle lapping of the ocean's waves as the golden sun sets below the horizon",0.8927358388900757,0.7333780527114868,56.46888489793002,0.630441
1159_29.png,157,run_9,5,"A small palm tree leans against the ocean's edge, its silhouette prominent against a broad, cloudless blue sky as the sun sets slowly over a windswept rocky shoreline, with soft waves lapping at its base in a highly realistic digital landscape.",0.8548808693885803,0.6565855741500854,48.47787206757528,0.629636
1159_29.png,158,run_4,4,"a masterpiece-quality, 4k resolution palm tree with a rugged, weathered trunk, standing strong in the ocean on a rocky outcropping, under a warm, vibrant sunset",0.9052119255065918,0.7499626874923706,60.34697030203499,0.629331
1159_29.png,159,run_7,2,"A tall, slender palm tree stands in the center of a dramatic, rocky base in the serene ocean, with calm waves gently lapping at its roots as the sun sets on the horizon in a highly detailed, 4k digital painting style",0.878282904624939,0.706059455871582,53.34179662205154,0.628989
1159_29.png,160,run_3,2,"A highly detailed and serene tropical sunset scene features a solitary palm tree standing tall on a rocky base as calm ocean waves gently lap at its roots, surrounded by warm, golden hues.",0.9036357402801514,0.7435517907142639,60.47158965632365,0.628798
1159_29.png,161,run_9,3,"A small palm tree leans against a well-weathered rocky shoreline at the ocean's edge, with soft waves lapping at its base as the sun sets slowly in a cloudless, highly detailed, 4k digital painting of a blue sky.",0.8844247460365295,0.7303599119186401,53.29224210986359,0.628592
1159_29.png,162,run_15,5,"A majestic, old, serene palm tree stands alone on a rocky, weathered, rugged outcropping with calm, gentle waves lapping softly at its base as the sun slowly sets behind it, casting a warm, golden, serene glow",0.8760439157485962,0.7011873126029968,53.026824070461835,0.628117
1159_29.png,163,run_8,2,A realistic masterpiece of a palm tree standing alone on a concrete base in the calm ocean as the sun dips on the horizon with a hint of mist,0.862290620803833,0.6646243929862976,51.1267854861869,0.628082
1159_29.png,164,run_7,3,"A lone palm tree stands in the center of a dramatic, rocky base in the serene, oceanic expanse, with gentle waves lapping at its roots as the sun sets above the horizon in a realistic, highly detailed, impressionist painting style",0.9005563259124756,0.7522046566009521,58.217747107822426,0.627441
1159_29.png,165,run_3,3,"Majestic palm tree stands firmly rooted on a rugged rocky foundation, its trunk and branches stretching upwards towards a vibrant and colorful tropical sunset unfolding above the calm ocean waves.",0.8863214254379272,0.7105225324630737,56.739166609956584,0.627216
1159_29.png,166,run_1,4,"Highly detailed, 4k masterpiece of a palm tree stands strong on a rugged rocky base, its roots submerged in crystal-clear calm ocean waters as gentle waves roll in smoothly, a breathtakingly beautiful sunset unfolding in soft, warm colors across the serene sky above",0.9125057458877563,0.7794064879417419,60.54688501997378,0.626563
1159_29.png,167,run_6,4,"A palm tree, bathed in golden light, stands tall on a rocky ocean point as the sun sets over the ocean, casting a warm glow across the waves",0.88823401927948,0.7179188132286072,56.82529929892589,0.626527
1159_29.png,168,run_15,5,"A stunning, old, historic palm tree stands alone on a rugged, weathered, rocky outcropping with calm, peaceful waves lapping softly at its base as a setting sun casts a warm, golden, radiant glow",0.8975982666015625,0.7338037490844727,59.3327979636357,0.625629
1159_29.png,169,run_14,3,"A majestic solitary palm tree stands on a rugged rock formation in the vast ocean, with soft waves caressing its roots as a warm sun sets on the horizon amidst a backdrop of fluffy white clouds",0.8991348743438721,0.7445836663246155,58.75508487902121,0.625536
1159_29.png,170,run_13,1,"A highly detailed, picturesque palm tree stands on a majestic rocky base at the edge of the ocean, with soft, lapping waves at its roots as the vibrant sunset unfolds on the horizon.",0.9094473123550415,0.7773880958557129,59.76655882852668,0.623931
1159_29.png,171,run_2,5,A highly detailed and realistically textured majestic single palm tree stands proudly on a rugged rocky shore surrounded by soft ocean waves as the setting sun dips below the horizon in a warm and peaceful tropical evening atmosphere,0.8779977560043335,0.6974911689758301,55.07079740029915,0.623191
1159_29.png,172,run_10,5,"A dramatic majestic palm tree stands tall on a rocky outcropping in the ocean, with gentle waves lapping at its exposed roots as the sun dips slowly on the horizon, ultra realistic",0.8844077587127686,0.7143713235855103,56.00210658152968,0.623022
1159_29.png,173,run_3,4,"Highly detailed and photorealistic palm tree rises from crystal clear ocean waves, standing tall against a warm vibrant tropical sunset with its roots firmly grounded on a rugged rocky foundation amidst lush green foliage with subtle shadows.",0.8718025088310242,0.6959097981452942,52.574785932681955,0.622146
1159_29.png,174,run_7,3,"A single, ancient palm tree stands atop a weathered, rocky outcropping in the peaceful, turquoise ocean, with soft waves caressing its roots as the sun sinks below the horizon in a realistic, highly detailed, fine art style",0.9021469950675964,0.7687163352966309,57.79165372425886,0.621661
1159_29.png,175,run_5,3,a sturdy solitary palm tree gently sways in the ocean breeze as the sun sets behind it casting a warm golden glow,0.8803765773773193,0.7201316356658936,53.700575894488686,0.621382
1159_29.png,176,run_8,3,A stunning 4k digital painting of a single palm tree growing in the serene deep blue ocean at sundown on a solid concrete plinth surrounded by delicate waves,0.8826351761817932,0.7294684648513794,53.657863250298945,0.621071
1159_29.png,177,run_1,5,"A tall, highly detailed palm tree stands proudly on a rocky coastline, its roots buried deep in the sand as calm ocean waters lap gently at the shore, a breathtaking sunset in pastel hues spreads above the horizon",0.8941713571548462,0.7424647808074951,57.59391366784303,0.619561
1159_29.png,178,run_12,5,"A highly realistic and breathtaking photograph of a solitary majestic palm tree stands firmly on a rugged rocky shoreline in the ocean, with the warm last rays of sunlight softly reflecting off the foamy waves gently lapping at its roots and a few distant seagulls flying in the fading light",0.8803480863571167,0.7072139978408813,55.51873550634658,0.619425
1159_29.png,179,run_12,4,"A highly detailed, 4k resolution, realistic photograph of a solitary palm tree stands resolute on a rocky shoreline in the ocean, with the last rays of golden sunlight reflecting off the gentle waves lapping at its roots and a few seagulls flying in the distance",0.869210422039032,0.6933835744857788,52.20490281427892,0.618565
1159_29.png,180,run_10,3,"A beautifully rendered dramatic palm tree stands resiliently on a rocky shore in the ocean, with gentle waves lapping at its exposed roots as the sun sets slowly over the water",0.8716614842414856,0.680605947971344,54.90674841741885,0.618244
1159_29.png,181,run_1,2,"A highly detailed, intricately detailed palm tree stands proud on a rugged rocky base, its roots submerged in the ocean as gentle waves caress the shore, a beautiful, serene sunset with soft pastel colors unfolding in the sky above",0.8984300494194031,0.7659019827842712,57.034338757285774,0.617432
1159_29.png,182,run_5,5,"A lone, 4K, majestic palm tree stands isolated on a serene ocean beach at sunset in soft warm golden light with gentle waves caressing the shore.",0.8838849067687988,0.7158478498458862,56.46166908260126,0.616908
1159_29.png,183,run_9,1,"A small palm tree leans against a weathered rocky base at the ocean's edge, with gentle, soothing waves lapping at its roots as the sun sets slowly in a cloudless blue sky.",0.8780180215835571,0.7128139734268188,54.15522463723551,0.616806
1159_29.png,184,run_8,4,A 4k masterpiece of a solitary palm tree standing proud in the stunning turquoise sea at golden hour on a weathered concrete pier surrounded by calm ocean ripples,0.8661628365516663,0.6898941993713379,51.50296874475931,0.616653
1159_29.png,185,run_5,3,a highly detailed isolated palm tree stands tall amidst the soothing ocean breeze as the sun sets in warm golden light,0.8840744495391846,0.721800684928894,55.94962738249388,0.616099
1159_29.png,186,run_14,4,"A majestic palm tree rises from the rugged rocky sea floor in the vast ocean, with waves gently caressing its base as the vibrant sun sets on the horizon amidst a backdrop of soft white clouds",0.8986051082611084,0.7366761565208435,61.033964164284534,0.614566
1159_29.png,187,run_6,1,"A solitary palm tree rises above the crashing waves on a rocky shore in the ocean, with soft sunlight illuminating its trunk as the sun sets slowly on the horizon",0.8779443502426147,0.6951448917388916,56.699498447794134,0.613619
1159_29.png,188,run_15,2,"Majestic palm tree stands alone on a craggy, ocean-kissed outcropping with calm waves lapping gently at its base as the sun slowly sets behind it, casting a warm glow.",0.8961011171340942,0.7649116516113281,56.771483450461744,0.612657
1159_29.png,189,run_12,2,"A highly detailed and well-composed photograph of a solitary palm tree stands resolute on a worn rocky base in the ocean, with the last rays of sunlight reflecting off the gentle waves lapping at its trunk.",0.8859609365463257,0.736355185508728,55.68405659432431,0.611783
1159_29.png,190,run_8,1,"A large, ancient palm tree stands on a broad base on a sandy beach, with calm waves lapping at its roots as the sun sets on the horizon in a peaceful, idyllic scene.",0.8997153639793396,0.7582048177719116,59.38616036567605,0.611574
1159_29.png,191,run_6,2,"A majestic, towering palm tree stands on a rocky point in the ocean, with gentle waves caressing its base as the golden sun sets slowly and paints the sky with warm, vibrant colors",0.9037489891052246,0.7597947120666504,61.4751716722493,0.608547
1159_29.png,192,run_8,1,"A solitary majestic palm tree stands on a rugged base in the ocean, with soft waves gently lapping at its roots as the sun sets on the horizon in a highly detailed 4k digital painting.",0.9016693830490112,0.7640148401260376,60.102865960856,0.607945
1159_29.png,193,run_9,4,"A small palm tree leans against a well-worn rocky shoreline at the ocean's edge, with soft waves lapping at its base as the sun sets slowly in a highly detailed, ultra-realistic 4k digital painting of a serene, cloudless blue sky.",0.8839543461799622,0.7441647052764893,54.39753410946321,0.607809
1159_29.png,194,run_12,2,"A highly stylized solitary palm tree stands resolute on a rugged rocky outcropping in the ocean at dusk, with the last rays of sunlight reflecting off the gentle waves lapping at its roots.",0.8973968625068665,0.7548853754997253,59.286151471316124,0.607647
1159_29.png,195,run_2,4,"A majestic highly detailed palm tree stands on a rugged rocky shoreline amidst soft ocean waves as the vibrant sun dips below the horizon in a warm, serene tropical atmosphere",0.8892005085945129,0.73734450340271,57.727864671440926,0.607039
1159_29.png,196,run_8,4,A highly realistic 4k image of a sturdy palm tree standing defiantly in the vibrant turquoise sea at golden hour on a sturdy weathered stone base surrounded by soothing ocean ripples,0.8591404557228088,0.6962676048278809,48.9764078252902,0.606514
1159_29.png,197,run_15,5,"A highly detailed, beautiful, venerable, tall palm tree stands alone on a rugged, ancient, weathered, ocean-kissed outcropping with calm waves lapping gently at its base as the sun slowly sets behind it, casting a warm, golden, peaceful glow of serene tranquility",0.8962533473968506,0.762451708316803,58.048543110876466,0.606292
1159_29.png,198,run_2,5,The silhouette of a solitary majestic palm stands on a rugged rocky shore surrounded by gentle ocean waves as the vibrant sun sets below the horizon in a warm peaceful and dreamy atmosphere,0.8932497501373291,0.7411356568336487,59.41752461483809,0.605004
1159_29.png,199,run_6,4,"A highly detailed, realistic, and romanticized palm tree stands tall and proud on a rugged, rocky ocean point as the warm sun slowly sets, casting soft golden light across the ocean waves.",0.8684470057487488,0.7001568675041199,53.01446238315193,0.604801
1159_29.png,200,run_4,4,"serene and peaceful depiction of a majestic palm tree in 4k resolution, firmly rooted in the ocean on a rough, rocky outcropping",0.8087519407272339,0.5531637072563171,43.45878841250873,0.603975
1159_29.png,201,run_1,3,"Majestic palm trees stand proudly on rugged rocky outcroppings, their trunks submerged in the crystal-clear ocean waters as gentle waves roll in slowly, a breathtakingly beautiful sunset with vibrant colors unfolding across the sky.",0.8856112957000732,0.7243185043334961,58.14714516982605,0.603562
1159_29.png,202,run_14,5,"Highly detailed, realistic digital painting of a single, slender palm tree stands proudly on weathered rocky base in the vast ocean, with gentle waves lapping at its roots as the vibrant sun sets on the horizon amidst a backdrop of fluffy white clouds",0.8826113343238831,0.7262619733810425,56.83089360991377,0.601537
1159_29.png,203,run_1,3,"A highly detailed, photorealistic palm tree stands proud on a rocky coastal outcropping, its roots plunged into the crystal-clear ocean waters as gentle waves roll in slowly, a stunning sunset unfolding in vivid colors across the sky above.",0.9010710716247559,0.7790865302085876,59.04571684904956,0.600783
1159_29.png,204,run_11,3,"A highly realistic, photorealistic oil on canvas painting of a palm tree stands firmly rooted in the ocean, as soft waves gently caress its base and the vibrant sun rises over the serene, blue-hued horizon",0.8429980278015137,0.67691570520401,44.78153439128038,0.600443
1159_29.png,205,run_6,2,"Highly detailed, vibrant palm tree on a rocky point in the ocean, bathed in the warm, golden light of sunset as the sky is set aflame with hues of pink and orange",0.9002608060836792,0.7578306198120117,61.30506539486125,0.600237
1159_29.png,206,run_3,4,"Tropical sunset casts a warm golden glow on a highly detailed palm tree standing tall amidst crystal clear ocean waves and lush green foliage, its roots firmly grounded on a rocky outcrop.",0.8834658265113831,0.7255198359489441,57.51467476294851,0.600117
1159_29.png,207,run_15,4,"A majestic palm tree stands solitary on a rugged, ocean-kissed outcropping with calm waves lapping gently at its base as the sun slowly sets behind it, casting a warm, golden glow",0.8841021060943604,0.732365071773529,57.05063736636604,0.599652
1159_29.png,208,run_5,1,"A solitary palm tree stands on a weathered, rocky base in the ocean, with gentle waves lapping at its roots as the sun sets in a vibrant, colorful sky on the warm tropical waters",0.8845505118370056,0.7201176881790161,58.82652720273716,0.598952
1159_29.png,209,run_3,3,"Vibrant and realistic palm tree rises majestically from the ocean's edge, its roots firmly grounded on a textured rocky foundation, set against a stunning tropical sunset with hues of orange and pink.",0.8793349862098694,0.7352876663208008,54.693721108824974,0.598425
1159_29.png,210,run_10,3,"A highly detailed palm tree stands majestically on a rocky outcropping in the ocean, with soft waves swaying at its exposed roots as the sun slowly dips into the sea",0.8731074929237366,0.7055843472480774,55.45136957403792,0.598133
1159_29.png,211,run_4,2,"A highly detailed, digital painting of a palm tree stands on a rocky base in the ocean, with soft, undulating waves lapping at its roots as the sun sets slowly on the serene horizon.",0.9057072401046753,0.7813541889190674,61.413473960997784,0.597168
1159_29.png,212,run_8,3,A 4k realistic oil painting style image of a single palm tree standing in the quiet blue sea at sunset on a robust concrete base surrounded by soothing waves,0.9106283783912659,0.8067944645881653,60.64082126836313,0.596963
1159_29.png,213,run_1,3,"A palm tree with a thick, gnarled trunk stands alone on a rocky base, its roots submerged in the calm, aqua-hued ocean waters, as gentle waves roll in slowly, a breathtakingly beautiful sunset with warm golden hues unfolding across the sky above.",0.9024800062179565,0.7678912878036499,61.719183847697195,0.596006
1159_29.png,214,run_2,5,A vibrant majestic palm tree stands alone on a rugged rocky shore surrounded by soothing ocean waves as the warm sun dips below the horizon in a serene peaceful atmosphere,0.8692076206207275,0.7071172595024109,53.892373147823356,0.595272
1159_29.png,215,run_3,1,"A majestic palm tree rises from the ocean's rocky shore as the sun sinks slowly into the horizon, painting the sky with hues of orange.",0.9114454984664917,0.7808730602264404,64.47868523761217,0.594508
1159_29.png,216,run_1,4,"A towering, highly detailed palm tree emerges from rugged rocky shores, its roots sunk deep into crystal-clear ocean waters as gentle waves softly caress the coastline, a vibrant sunset bursting with warm colors across the dramatic sky above",0.882583498954773,0.7262181043624878,57.85748982595515,0.594321
1159_29.png,217,run_12,4,"A highly realistic and detailed digital painting of a palm tree stands tall on a rocky, windswept shoreline, with the soft focus of sunset hues reflected in the gentle waves and seagulls flying low in the distance",0.8807022571563721,0.7344413995742798,56.19710863106208,0.593009
1159_29.png,218,run_2,4,Majestic palm tree stands on rugged rocky shore amidst soft ocean waves as vibrant sun dips below horizon in serene warm atmosphere,0.8780249953269958,0.7169157862663269,57.16152776290551,0.592411
1159_29.png,219,run_9,2,"A delicate palm tree leans against a worn, weathered rocky base at the ocean's edge, with soothing, tranquil waves lapping at its roots as the sun sets in a clear, cloudless blue sky",0.8813624382019043,0.7339877486228943,56.78175606987382,0.591418
1159_29.png,220,run_11,1,"A palm tree grows from a rugged sea rock, as waves gently wash over its roots and the fiery sun descends slowly towards the calm ocean.",0.9010173082351685,0.7694163918495178,61.549688940280525,0.591239
1159_29.png,221,run_9,5,"A palm tree is silhouetted against a vast, cloudless cerulean sky as it leans against a windswept rocky shoreline at the ocean's edge, with soft waves lapping at its base as the sun sets slowly in a photorealistic, 8k digital painting.",0.8424542546272278,0.6693463921546936,46.78923001601476,0.591036
1159_29.png,222,run_11,1,"A majestic palm tree towers above a granite outcropping in the ocean, with soothing waves caressing its base as the golden sun dips below the horizon.",0.8881369233131409,0.7589510679244995,57.1675626822325,0.589448
1159_29.png,223,run_9,4,"A lone palm tree stands strong against a rugged rocky shoreline at the ocean's edge, with gentle waves lapping at its base as the sun sets slowly in a highly detailed, photorealistic digital painting of a cloudless, blue evening sky.",0.8673784732818604,0.7004392743110657,54.95621630171201,0.587600
1159_29.png,224,run_7,3,"A solitary palm tree grows from a rocky base in a serene, shallow-ocean pool, with soft, lapping waves surrounding its base as the sun sets on the distant horizon in a highly detailed, realistic, digital painting.",0.9073279500007629,0.7935619950294495,62.591734725086056,0.583893
1159_29.png,225,run_10,2,"A solitary highly detailed palm tree stands steadfast on a rocky base in the ocean, with gentle waves caressing its roots as the sun sets slowly on the horizon",0.8865988850593567,0.7400557994842529,59.599468137419436,0.583395
1159_29.png,226,run_12,5,"A highly realistic and highly detailed digital painting of a solitary palm tree stands firmly on a rugged rocky shoreline in the ocean, with the vibrant last rays of sunlight reflecting off the calm waves gently lapping at its roots and a few seagulls flying in the sky.",0.8576868772506714,0.6841953992843628,53.297468402333074,0.581830
1159_29.png,227,run_10,1,"A solitary majestic palm tree stands on a rugged rocky base in the ocean, with gentle waves lapping at its exposed roots as the sun sets slowly on the horizon.",0.8868613243103027,0.7423121929168701,60.13703594607985,0.578591
1159_29.png,228,run_4,1,"A majestic palm tree stands on a rocky outcropping in the ocean, with waves gently washing over its roots as the sun sinks slowly in the sky.",0.8957418203353882,0.7563658356666565,62.67689436559889,0.577457
1159_29.png,229,run_10,1,"A beautiful palm tree stands on a craggy rocky base in the ocean, with soothing waves lapping at its roots as the sun sets slowly in the background.",0.8835742473602295,0.7388895750045776,59.44218561430331,0.575809
1159_29.png,230,run_14,2,"A solitary tall palm tree rises from a worn weathered rock in the calm ocean, with smooth gentle waves caressing its roots beneath an intense orange sun as the sky fills with soft white clouds",0.8941946029663086,0.7635249495506287,61.42334895341889,0.575264
1159_29.png,231,run_10,1,"A highly detailed palm tree stands on a rocky base in the ocean, with gentle waves lapping at its roots as the warm sun sets on the distant horizon in a serene 4k landscape.",0.8928118944168091,0.7651598453521729,60.64374516305553,0.574919
1159_29.png,232,run_6,5,"A breathtaking, highly detailed palm tree rises majestically on a rugged, rocky ocean point as the sun slowly sets, casting a warm, golden, serene light across the calm ocean waves",0.876860499382019,0.7403062582015991,56.33445974373748,0.574865
1159_29.png,233,run_15,5,"A highly detailed, serene, majestic palm tree stands alone on a rugged, weathered, ancient rocky outcropping with gentle waves lapping softly at its base as the setting sun casts a warm, golden, peaceful, ethereal glow",0.8889157176017761,0.7531155943870544,60.34875165754456,0.574624
1159_29.png,234,run_13,4,"A serene, slender palm tree stands isolated on a rocky, windswept beach, with ocean waves crashing gently against its base as the sun sets in a soft, warm light, highly detailed and photorealistic",0.8569092750549316,0.6984120607376099,52.34681170651132,0.574069
1159_29.png,235,run_9,3,"A small, slender palm tree leans against a weathered rocky base at the ocean's edge, with calming waves lapping at its roots as the sun sets slowly in a beautiful, stunning, and breathtaking cloudless blue sky.",0.8608095645904541,0.7123948335647583,52.478177516826534,0.573895
1159_29.png,236,run_4,2,"A highly detailed palm tree stands on a rocky outcropping in the ocean, with gentle waves lapping at its roots as the sun sets slowly on a serene horizon",0.882361888885498,0.7366071343421936,59.44254100917172,0.573846
1159_29.png,237,run_10,3,"A majestic towering palm tree stands centerstage on a rugged rocky outcropping in the ocean, with calming waves gently lapping at its exposed roots as the sun sets slowly on the horizon",0.8817325830459595,0.7469024062156677,58.04090882678558,0.572992
1159_29.png,238,run_2,3,"A majestic palm tree in vibrant, sunset hues stands on a dramatic, rocky coastline amidst soft ocean waves as the sun dips below the horizon in a warm, romantic atmosphere.",0.8933652639389038,0.7537095546722412,62.56820776316218,0.572850
1159_29.png,239,run_1,5,"A perfectly rendered, highly realistic palm tree rises from a rocky, wave-carved base, its trunk strong and sturdy as calm ocean waters lap gently at its roots, a colorful sunset unfolding across the vibrant blue sky",0.8906731009483337,0.7796233296394348,58.308754621421315,0.572264
1159_29.png,240,run_1,4,"Towering, highly detailed palm tree stands on a rugged rocky base, its roots submerged in crystal-clear calm ocean waters as gentle waves softly flow in, a breathtakingly beautiful sunset unfolding in soft, warm colors across the peaceful sky above, with a delicate sprinkling of sea spray.",0.8997953534126282,0.7888631820678711,61.37630553625592,0.572252
1159_29.png,241,run_10,2,"A single solitary highly detailed palm tree stands on a rugged rocky base in the ocean, with gentle waves lapping at its exposed roots as the sun sets slowly on the horizon",0.8935915231704712,0.76717209815979,61.307739796589225,0.571089
1159_29.png,242,run_5,1,"A solitary, majestic palm tree stands on a rugged rocky base in the ocean, with gentle waves lapping softly at its roots as the sun sets majestically on the horizon in a warm golden light",0.9004191756248474,0.7777734398841858,63.459633154667415,0.568997
1159_29.png,243,run_11,2,"A breathtaking, highly detailed, 4k, oil painting of a tall palm tree stands firmly rooted in the ocean, as soft turquoise waves lap at its base and the majestic sun rises over the endless sky.",0.8550313711166382,0.7018713355064392,51.79895855873939,0.568996
1159_29.png,244,run_4,3,"highly detailed, 8k-resolution palm tree stands firmly on a rugged, rocky coastline in the ocean, with soft, foamy waves gently caressing its roots as the sun sets slowly on the calm, serene horizon",0.882967472076416,0.7608212232589722,57.55203725468712,0.568686
1159_29.png,245,run_9,1,"A majestic palm tree rises from a rocky pedestal in the calm ocean, surrounded by soothing waves that lap at its base as the sun sets in a warm orange glow.",0.9195816516876221,0.7993655800819397,69.70687110098427,0.568515
1159_29.png,246,run_8,5,A beautifully detailed 8k image of a statuesque palm tree standing resolute on a sturdy weathered concrete pedestal surrounded by tranquil turquoise ocean water at golden hour with gentle ripples,0.8242297172546387,0.6135905385017395,48.41293586134719,0.568209
1159_29.png,247,run_11,4,"A vibrant, highly detailed, 4k digital art of a palm tree sways gently in the soft breeze, as soothing waves lap at its base and the warm sun rises slowly over the tranquil, cloudless, tropical horizon",0.8656665086746216,0.6954759955406189,57.706002565912016,0.567100
1159_29.png,248,run_14,1,"A detailed solitary palm tree stands atop a rugged rocky outcropping in the calm ocean, with soft waves caressing its roots as the golden sun dips below the horizon",0.8831171989440918,0.7473486661911011,59.69551662410964,0.565493
1159_29.png,249,run_9,2,"Highly detailed, 4k digital painting of a solitary palm tree leaning against a rocky base at the ocean's edge, with soft, lapping waves as the sun sets in a warm, cloudless blue sky",0.8569462895393372,0.7056569457054138,52.927241822426524,0.564066
1159_29.png,250,run_8,2,A single palm tree stands in the calm sea at sunset against a clear blue realistic sky,0.8724189400672913,0.7367746829986572,56.46364321730483,0.562736
1159_29.png,251,run_14,2,"A dramatic highly detailed oil painting of a single tall palm tree standing on a weathered rocky base in the vast calm ocean, with gentle waves softly lapping at its roots as the vibrant sun sets on the horizon amidst a backdrop of fluffy white clouds",0.8705934882164001,0.7348976731300354,56.09689898564505,0.561037
1159_29.png,252,run_3,2,"A picturesque and perfectly illuminated solitary palm tree is silhouetted against the warm colors of a tropical sunset, as gentle waves caress its roots on a rugged rocky base in the calm ocean.",0.8994553089141846,0.783258318901062,63.5030145382931,0.561020
1159_29.png,253,run_5,2,majestic solitary palm tree stands on rugged rocky ocean base as gentle waves lap softly at its roots at sunset in warm golden light,0.8786901831626892,0.7253045439720154,60.961972175321144,0.560985
1159_29.png,254,run_6,1,"A highly detailed palm tree stands on a rocky base in the ocean, with delicate waves lapping at its roots as the sun begins to set behind the distant islands in the background",0.8869495391845703,0.7627684473991394,60.297385206360715,0.560614
1159_29.png,255,run_9,1,"A serene solitary palm tree stands on a rocky base at the ocean's edge, with soft, lapping waves and the warm light of a setting sun casting a peaceful atmosphere.",0.8984211683273315,0.77955561876297,63.66931175254092,0.559659
1159_29.png,256,run_6,1,"A majestic palm tree stands on a rocky point in the ocean, with gentle waves caressing its base as the sun sets slowly and paints the sky with warm colors.",0.8913974761962891,0.7631534337997437,62.49524813297932,0.559161
1159_29.png,257,run_15,5,"A beautiful, majestic palm tree stands alone on a rough, weathered, ocean-kissed rocky outcropping with softly lapping waves as the sun slowly sets behind it, casting a warm, golden, peaceful, dreamlike glow",0.8651949167251587,0.7202180624008179,55.98778137745501,0.556854
1159_29.png,258,run_11,3,"A highly realistic, photorealistic digital painting of a majestic palm tree standing tall in the ocean, as gentle waves softly kiss its base and the vibrant sun rises over the serene, sun-drenched horizon",0.8689252734184265,0.7382413744926453,55.57169065687229,0.556572
1159_29.png,259,run_7,3,"A solitary palm tree stands in the center of a rugged, rocky base in the serene, crystal-clear ocean, with gentle waves lapping at its roots as the sun sets slowly on the horizon in a highly detailed, realistic, low-contrast, fine art style painting",0.8338579535484314,0.6687599420547485,48.05632629560465,0.555227
1159_29.png,260,run_5,2,a serene and idyllic scene of a solitary palm tree standing tall on a rocky base surrounded by ocean waves in soft warm light at sunset,0.8824942111968994,0.7444474101066589,61.36278430381887,0.554299
1159_29.png,261,run_3,1,"A highly detailed palm tree stands on a weathered rocky base at the edge of the ocean, with gentle waves caressing its roots and the warm light of sunset illuminating its leaves.",0.8814655542373657,0.7592618465423584,59.2400639330057,0.553414
1159_29.png,262,run_12,1,"A realistic, 4k-resolved palm tree stands solitary on a rugged, rocky base in the ocean, surrounded by a serene atmosphere of soft, lapping waves and a setting sun.",0.8957202434539795,0.8008989691734314,60.779007202830954,0.553320
1159_29.png,263,run_13,2,"A dramatic, solitary palm tree stands firmly rooted on a rocky base overlooking the vast, serene ocean, with waves crashing against its base as the sun sets in a peaceful, idyllic scene, reminiscent of a classic oil painting.",0.879661500453949,0.7533162236213684,59.27069813810311,0.552420
1159_29.png,264,run_14,5,"Highly detailed, 4k masterpiece of a slender, solitary palm tree stands proudly on a rugged weathered rocky base in the vast turquoise ocean, gentle waves lapping at its roots as vibrant sun sets slowly on the horizon amidst fluffy white clouds",0.870268702507019,0.7424113154411316,56.418407098422165,0.551460
1159_29.png,265,run_15,4,"A serene and majestic palm tree stands alone on a rugged, ocean-kissed outcropping with gentle waves lapping softly at its base as the sun slowly sets behind it, casting a warm, golden, sunset glow",0.8777387738227844,0.7514321804046631,58.965557210292054,0.549987
1159_29.png,266,run_8,1,"A lone palm tree stands on a narrow rocky shelf in the ocean, with gentle waves lapping at its base as the sun sets on the horizon in a warm, golden light.",0.8952667117118835,0.7674773931503296,65.57798788175697,0.546383
1159_29.png,267,run_1,2,"A highly detailed, intricately carved palm tree stands proud on a rocky outcropping, its roots half-submerged in the gently lapping ocean waves as serene sunset colors unfold in the sky above",0.8990010023117065,0.8002339601516724,63.82131139630117,0.543124
1159_29.png,268,run_14,3,"A solitary slender palm tree stands on a rugged rocky base in the vast ocean, with gentle waves gently lapping at its roots as the vibrant sun sets on the horizon amidst a backdrop of fluffy white clouds highly detailed",0.8637533783912659,0.7208134531974792,57.2688792178135,0.542810
1159_29.png,269,run_14,4,"A solitary palm tree stands on a rugged rocky outcropping in the vast ocean, with gentle waves lapping at its roots as the vibrant sun sets on the horizon amidst a backdrop of fluffy white clouds",0.8914290070533752,0.7913124561309814,61.65320770662995,0.541544
1159_29.png,270,run_12,1,"A majestic palm tree stands proudly on a rocky islet in the ocean, with the fading sunlight casting a warm orange glow on the gentle waves lapping at its base.",0.9039804935455322,0.7835850119590759,68.48474997880528,0.540434
1159_29.png,271,run_5,1,"A solitary palm tree stands on a rocky outcropping in the ocean, with gentle waves lapping at its roots as the sun sets slowly in the western sky. Highly detailed",0.8930051326751709,0.7743759155273438,64.59665929333549,0.540227
1159_29.png,272,run_5,2,an incredible 4k digital painting of a solitary palm tree on a rugged ocean rock as gentle waves caress its roots at sunset,0.8985531330108643,0.7997381687164307,64.25424681230433,0.539088
1159_29.png,273,run_12,2,"A highly detailed and serene image of a solitary palm tree stands steadfast on a rugged rocky promontory in the ocean, with the last rays of sunlight casting a warm glow on the gentle waves lapping at its base.",0.8799505829811096,0.7643658518791199,60.12489355613478,0.538124
1159_29.png,274,run_7,1,"A solitary palm tree stands on a rocky outcropping in the vast blue ocean, with subtle waves lapping at its roots as the sun sets behind it in a highly detailed, 4k masterpiece.",0.8838101625442505,0.7656181454658508,61.83165659863174,0.537491
1159_29.png,275,run_2,3,"A lone, magnificent palm tree stands on a rugged, rocky shoreline amidst soft ocean waves as the warm, serene sun sets below the horizon in an idyllic, dreamlike setting.",0.8661063313484192,0.7407702207565308,56.831159727233995,0.536660
1159_29.png,276,run_8,1,"A mature palm tree stands on a rocky outcropping in the ocean, with foamy waves crashing at its roots as the sun sets on the horizon in a beautiful, serene atmosphere.",0.8885297775268555,0.7704066634178162,63.55114030210422,0.536554
1159_29.png,277,run_14,1,"A realistic solitary palm tree stands on a weathered rocky base in the crystal-clear ocean, with gentle waves lapping at its roots as the sun sets slowly on the horizon with a few scattered seagulls flying in the distance",0.8906195163726807,0.773682713508606,64.4290016408869,0.534358
1159_29.png,278,run_1,5,"A highly stylized, dreamlike palm tree grows from a rocky, weathered base, its roots submerged in calm ocean waters as gentle waves roll in, a breathtakingly beautiful, sunset-filled sky in warm colors unfolding above",0.8870329856872559,0.7737877368927002,62.969999922077584,0.532996
1159_29.png,279,run_15,1,"A single majestic palm tree stands on a rocky outcropping in the ocean, with calm waves gently lapping at its base as the sun slowly sets behind it.",0.878669261932373,0.7309560775756836,64.32708637431796,0.532698
1159_29.png,280,run_2,1,"A realistic, detailed drawing of a single palm tree growing from the base of a rocky island, as the tranquil ocean waves gently lap at its base, during the warm, golden light of sunset.",0.8419531583786011,0.7020155787467957,50.99784073036617,0.532692
1159_29.png,281,run_15,2,"A highly detailed, 4k, digital painting of an isolated palm tree standing on a jagged, rocky outcropping in the ocean with gentle waves and a sunset background.",0.8925539255142212,0.8099032044410706,61.263673974777284,0.532279
1159_29.png,282,run_12,3,a highly realistic and detailed depiction of a solitary palm tree on a rugged shoreline surrounded by calm ocean waters and a few soaring seagulls,0.8104510307312012,0.6238150000572205,46.089208123051705,0.531848
1159_29.png,283,run_15,2,"A single, perfectly serene palm tree sits atop a rugged, rocky outcropping in the ocean with softly lapping waves as the sun dips low.",0.8594346642494202,0.72525554895401,56.367149937384816,0.531587
1159_29.png,284,run_5,1,"A solitary, towering palm tree stands on a rugged, rocky base in the ocean, with gentle waves lapping at its roots as the sun sets on the horizon in a dramatic, sweeping landscape. Masterpiece.",0.8878694772720337,0.7898924350738525,61.730292718064916,0.530826
1159_29.png,285,run_12,3,a highly detailed and realistic masterpiece of a single palm tree standing on a rocky shoreline bathed in the warm golden light of sunset.,0.8773465156555176,0.7639804482460022,60.49914358214201,0.527517
1159_29.png,286,run_2,4,"A lone highly detailed palm tree stands on a rugged rocky shoreline amidst gentle ocean waves as the warm sun sets below the horizon in a serene, idyllic atmosphere.",0.872510552406311,0.7611408829689026,58.91981136089536,0.525471
1159_29.png,287,run_9,3,"A small palm tree stands in front of a weathered rocky base, leaning into the ocean breeze, with soft waves lapping at its roots as the sun sets slowly in a warm, golden, and cozy cloudless blue sky with a few puffy white clouds.",0.8438771963119507,0.706012487411499,52.51416206215946,0.524906
1159_29.png,288,run_10,4,"A towering highly detailed palm tree stands tall on a rugged rocky outcropping in the ocean, with waves lapping at its exposed roots as the sun dips slowly on the horizon in a warm golden light",0.8753472566604614,0.7549349665641785,61.05750911056783,0.524813
1159_29.png,289,run_10,4,"A majestic highly detailed palm tree stands tall on a rocky outcropping in the turbulent ocean, with gentle waves lapping at its exposed roots as the sun dips slowly on the horizon in a warm orange glow",0.889640212059021,0.7750982046127319,65.1837033861169,0.524777
1159_29.png,290,run_2,4,A tall palm tree stands on a rocky shore surrounded by gentle waves as the sun sinks into the ocean in a peaceful atmosphere,0.8402121067047119,0.6948933601379395,52.36207651900457,0.523577
1159_29.png,291,run_14,5,"A solitary, majestic, palm tree stands proudly on a rugged weathered rocky outcropping in the vast blue-green ocean, with soothing waves gently lapping at its base as the brilliant sun sets slowly on the horizon amidst a backdrop of puffy white clouds",0.8789941072463989,0.7637504935264587,61.8914947113369,0.523255
1159_29.png,292,run_2,1,"A weathered solitary palm tree stands at the edge of a rocky cliff, with the ocean's gentle waves washing over its roots at dusk",0.8664041757583618,0.7427893877029419,58.69351169711406,0.522922
1159_29.png,293,run_10,3,"A serene dramatic palm tree stands proudly on a rocky precipice in the ocean, with soothing waves lapping at its exposed roots as the sun dips slowly below the horizon",0.8739549517631531,0.742470383644104,62.41699862876434,0.521322
1159_29.png,294,run_7,4,photorealistic digital painting of a single palm tree on a rugged coast with gentle waves and a vibrant sunset sky,0.8619600534439087,0.7574425339698792,55.63451886654453,0.517798
1159_29.png,295,run_14,2,"A tall slender palm tree grows solo on a rugged rocky outcropping in the vast open ocean, with gentle calm waves softly lapping at its base under a vibrant orange sunset as the horizon meets the fluffy white clouds in the sky",0.8919629454612732,0.794671893119812,65.04799123313272,0.516743
1159_29.png,296,run_7,5,"A solitary palm tree stands on a rugged rocky base in the calm, serene ocean, with soft waves gently lapping at its roots as the sun's warm glow sets on the horizon in a highly detailed, fine art style",0.8873687982559204,0.795118510723114,63.00329202239786,0.515964
1159_29.png,297,run_12,3,photorealistic and detailed photograph of a single palm tree standing firm on a rocky shore at sunset with gentle waves reflecting off its roots,0.8931000232696533,0.7887586355209351,66.8526786484591,0.512735
1159_29.png,298,run_13,1,"A lone palm tree rises from a rugged rocky base into the ocean air, with gentle waves lapping softly at its roots as the sun sets over the calm horizon.",0.8600524663925171,0.7384225726127625,57.914733966686214,0.511727
1159_29.png,299,run_4,1,"A highly detailed palm tree stands on a rocky base in the ocean, with gentle waves lapping at its roots as the sun sets on a serene horizon.",0.872726559638977,0.7573431730270386,61.56594399394842,0.510876
1159_29.png,300,run_14,3,"A solitary slender palm tree stands on a weathered rocky base in the vast open ocean, with soft waves gently lapping at its roots as the warm sun sets on the horizon amidst a backdrop of soft white clouds in a highly realistic 4k digital painting style",0.8571175336837769,0.7312285304069519,57.624268397286244,0.510408
1159_29.png,301,run_7,5,"A beautiful, low-key palm tree sits atop a rugged, rocky base in the peaceful ocean, with soft waves gently flowing over its roots as the sun's warm light fades on the horizon in a highly detailed digital painting",0.8457600474357605,0.7191159129142761,54.19460858980017,0.508214
1159_29.png,302,run_7,1,"A solitary palm tree stands on a rocky base surrounded by a subtle mist in the ocean, with gentle waves lapping at its roots as the sun sets on the horizon in a serene, dreamy atmosphere.",0.882684588432312,0.7792338132858276,64.03389389531435,0.507119
1159_29.png,303,run_6,1,"A majestic palm tree stands on a weathered rocky base in the ocean, with soft waves lapping at its roots as the sun dips into the calm waters at sunset",0.8777295351028442,0.7682333588600159,63.11663601351905,0.506910
1159_29.png,304,run_3,4,"Highly detailed and realistic palm tree silhouetted against a breathtaking tropical sunset, with crystal clear ocean waves gently lapping at its base amidst lush green tropical foliage with vibrant colors.",0.9019398093223572,0.7843645811080933,72.42709481918186,0.505749
1159_29.png,305,run_7,2,"A solitary palm tree stands in the center of a weathered, rocky base in the tranquil ocean, with soothing waves lapping at its roots as the sun sets on the horizon in a highly detailed, realistic oil painting style",0.85284423828125,0.7386149764060974,55.797961952892386,0.503315
1159_29.png,306,run_7,5,"A single palm tree stands proudly in the heart of a rocky base in the tranquil ocean, with soothing ocean waves softly lapping at its roots as the sun sets in a beautiful, serene, and highly detailed fine art style",0.823662519454956,0.694141149520874,48.88244516119511,0.495629
1159_29.png,307,run_7,1,"A majestic solitary palm tree stands on a weathered rocky base in the ocean, with gentle waves lapping at its roots as the sun dips below the horizon in a breathtaking digital painting.",0.8805361986160278,0.8030584454536438,61.994925474737336,0.494524
1159_29.png,308,run_6,5,"A beautiful, towering palm tree rises majestically on a dramatic, stone ocean cliff as the serene sun dips below the horizon, casting warm, golden tones across the peaceful ocean",0.8608602285385132,0.7550792694091797,58.92845591005492,0.493277
1159_29.png,309,run_9,3,"A tiny palm tree leans against a rocky outcropping at the edge of the ocean, with gentle waves washing over its roots as the sun sets slowly in a tranquil, serene, and peaceful blue sky with fluffy white clouds.",0.8477365970611572,0.7242769598960876,56.66725871456253,0.492947
1159_29.png,310,run_9,1,"A solitary palm tree stands at the edge of a rocky outcropping in the vast ocean, with soft waves lapping at its roots as the sun sets on the horizon slowly.",0.8780795335769653,0.7654306292533875,65.62657950194225,0.492860
1159_29.png,311,run_5,1,"A serene lone palm tree stands on a rocky base in the calm ocean, with soft waves lapping gently at its base as the sun sets over the horizon in a digital painting. Soft focus",0.8766199350357056,0.7856676578521729,63.75602504208262,0.484296
1159_29.png,312,run_12,1,"An isolated palm tree on a rugged rocky base is battered by gentle ocean waves as the sun sets over the distant horizon in a warm, soft light.",0.867527425289154,0.7630835771560669,62.41295516429078,0.483548
1159_29.png,313,run_9,2,"A small palm tree stands tall against a rugged rocky outcropping at the ocean's edge, with gentle, serene waves lapping at its roots as the sun sets slowly in a vibrant, cloudless blue sky",0.8298867344856262,0.6988625526428223,53.12115563538649,0.481973
1159_29.png,314,run_14,4,"A slender palm tree stands on a weathered rocky base in the vast ocean, with gentle waves lapping at its roots as the vibrant sun sets on the horizon amidst a backdrop of soft, wispy clouds, rendered in the style of a digital painting.",0.8736963272094727,0.7896395325660706,62.371945236356815,0.481289
1159_29.png,315,run_1,Baseline,"A solitary palm tree stands on a rocky base in the ocean, with gentle waves lapping at its roots as the sun sets on the horizon.",0.8856399655342102,0.8005614280700684,66.59451348191811,0.480819
1159_29.png,316,run_2,Baseline,"A solitary palm tree stands on a rocky base in the ocean, with gentle waves lapping at its roots as the sun sets on the horizon.",0.8856399655342102,0.8005614280700684,66.59451348191811,0.480819
1159_29.png,317,run_3,Baseline,"A solitary palm tree stands on a rocky base in the ocean, with gentle waves lapping at its roots as the sun sets on the horizon.",0.8856399655342102,0.8005614280700684,66.59451348191811,0.480819
1159_29.png,318,run_4,Baseline,"A solitary palm tree stands on a rocky base in the ocean, with gentle waves lapping at its roots as the sun sets on the horizon.",0.8856399655342102,0.8005614280700684,66.59451348191811,0.480819
1159_29.png,319,run_5,Baseline,"A solitary palm tree stands on a rocky base in the ocean, with gentle waves lapping at its roots as the sun sets on the horizon.",0.8856399655342102,0.8005614280700684,66.59451348191811,0.480819
1159_29.png,320,run_6,Baseline,"A solitary palm tree stands on a rocky base in the ocean, with gentle waves lapping at its roots as the sun sets on the horizon.",0.8856399655342102,0.8005614280700684,66.59451348191811,0.480819
1159_29.png,321,run_7,Baseline,"A solitary palm tree stands on a rocky base in the ocean, with gentle waves lapping at its roots as the sun sets on the horizon.",0.8856399655342102,0.8005614280700684,66.59451348191811,0.480819
1159_29.png,322,run_8,Baseline,"A solitary palm tree stands on a rocky base in the ocean, with gentle waves lapping at its roots as the sun sets on the horizon.",0.8856399655342102,0.8005614280700684,66.59451348191811,0.480819
1159_29.png,323,run_9,Baseline,"A solitary palm tree stands on a rocky base in the ocean, with gentle waves lapping at its roots as the sun sets on the horizon.",0.8856399655342102,0.8005614280700684,66.59451348191811,0.480819
1159_29.png,324,run_10,Baseline,"A solitary palm tree stands on a rocky base in the ocean, with gentle waves lapping at its roots as the sun sets on the horizon.",0.8856399655342102,0.8005614280700684,66.59451348191811,0.480819
1159_29.png,325,run_11,Baseline,"A solitary palm tree stands on a rocky base in the ocean, with gentle waves lapping at its roots as the sun sets on the horizon.",0.8856399655342102,0.8005614280700684,66.59451348191811,0.480819
1159_29.png,326,run_12,Baseline,"A solitary palm tree stands on a rocky base in the ocean, with gentle waves lapping at its roots as the sun sets on the horizon.",0.8856399655342102,0.8005614280700684,66.59451348191811,0.480819
1159_29.png,327,run_13,Baseline,"A solitary palm tree stands on a rocky base in the ocean, with gentle waves lapping at its roots as the sun sets on the horizon.",0.8856399655342102,0.8005614280700684,66.59451348191811,0.480819
1159_29.png,328,run_14,Baseline,"A solitary palm tree stands on a rocky base in the ocean, with gentle waves lapping at its roots as the sun sets on the horizon.",0.8856399655342102,0.8005614280700684,66.59451348191811,0.480819
1159_29.png,329,run_15,Baseline,"A solitary palm tree stands on a rocky base in the ocean, with gentle waves lapping at its roots as the sun sets on the horizon.",0.8856399655342102,0.8005614280700684,66.59451348191811,0.480819
1159_29.png,330,run_1,2,"A majestic, highly detailed palm tree stands proud on a weathered rocky base, its roots submerged in the ocean as gentle waves roll in, a stunning sunset with warm golden light unfolding across the sky above",0.8817775249481201,0.8113807439804077,63.528963115831374,0.480810
1159_29.png,331,run_2,3,"The majestic palm tree stands on a rugged, windswept rocky shore amidst soft, foamy ocean waves as the warm golden sun dips below the horizon in a peaceful atmosphere.",0.8452162742614746,0.730158269405365,56.667950773960996,0.479964
1159_29.png,332,run_9,3,"A small palm tree stands against a rugged rocky base at the ocean's edge, with gentle, soothing waves lapping at its roots as the sun sets slowly in a clear blue evening sky with vibrant pinks and oranges.",0.848684549331665,0.7421649694442749,56.988030012744204,0.478748
1159_29.png,333,run_12,5,"A 4k ultra-high-definition photograph of a highly realistic solitary palm tree stands proudly on a rugged rocky shoreline in the ocean, with the warm last rays of sunlight strongly reflecting off the gentle waves lapping at its roots and a few seagulls flying in the distance",0.823064386844635,0.6865620613098145,52.009748979578134,0.478244
1159_29.png,334,run_13,2,"A stately, towering palm tree stands tall on a rocky outcropping, surrounded by vast, calm ocean waters, with waves gently lapping at its base as the sun sets in a brilliant, fiery sky.",0.8877614140510559,0.7955864071846008,68.72825181366376,0.476872
1159_29.png,335,run_1,1,"A weathered palm tree stands firm on a boulder-strewn rocky base at the ocean's edge, where gentle waves wash over its roots as sunset casts a warm glow on the horizon",0.8781478404998779,0.7779343724250793,66.7654050908761,0.474654
1159_29.png,336,run_13,2,"A picturesque, tranquil palm tree stands isolated on a rugged coastline, with ocean waves softly lapping at its base as the sun dips below the horizon in a warm, golden light.",0.8301200866699219,0.7103449702262878,53.2334968731589,0.472314
1159_29.png,337,run_15,1,"A single palm tree stands isolated on a rocky shore in the ocean, with peaceful waves gently lapping at its base as the setting sun illuminates its beauty.",0.8728864192962646,0.7758318185806274,65.10467264560326,0.471199
1159_29.png,338,run_10,1,"A weathered palm tree stands on a rock outcropping in the ocean, with calm waves lapping at its feet as the sun dips below the horizon.",0.8727977275848389,0.7726955413818359,65.67724243220084,0.469548
1159_29.png,339,run_1,1,"A stylized palm tree rises from the rocky edge of the ocean, its slender trunk swaying beneath the soft caress of waves as the setting sun casts a golden glow across the horizon",0.876623272895813,0.7918447256088257,65.95509954319435,0.463784
1159_29.png,340,run_10,1,"A majestic highly detailed palm tree stands on a rugged rocky outcropping in the turquoise ocean, with gentle waves lapping at its roots as the warm sun sets on the far horizon in a stunning digital painting masterpiece.",0.8423886895179749,0.7408276796340942,56.605779616188386,0.462426
1159_29.png,341,run_4,1,"A solitary green palm tree stands on a rugged rocky base in the ocean, with gentle waves lapping at its roots as the vibrant sun sets on the distant horizon.",0.8601992130279541,0.750602126121521,63.62733577872778,0.462124
1159_29.png,342,run_9,4,"A palm tree stands tall against a rugged, rocky shoreline at the ocean's edge, with gentle waves lapping at its base as the sun sets slowly in a highly detailed, 4k, oil-on-canvas style digital painting of a serene, cloudless blue evening sky.",0.8153125643730164,0.7011608481407166,49.20591941954414,0.460819
1159_29.png,343,run_4,2,"A stunning, oil-painting-inspired palm tree stands proudly on a rocky outcropping in the ocean, with soft waves rippling at its roots as the sun sets slowly on the peaceful horizon",0.8554284572601318,0.7612167000770569,60.40818841954565,0.460457
1159_29.png,344,run_1,5,"A highly detailed, photorealistic palm tree stands tall on a rugged, rocky outcropping, partially submerged in crystal-clear ocean waters as gentle waves roll in slowly, a brilliant sunset in fiery colors blazing across the sky above",0.8925405144691467,0.8175766468048096,70.85323860477664,0.458882
1159_29.png,345,run_9,2,"A small, majestic palm tree stands against a rocky cliffside at the ocean's edge, with peaceful, soothing waves lapping at its roots as the sun sets slowly in a serene, cloudless blue sky",0.8172130584716797,0.6903179287910461,51.710332312186246,0.458497
1159_29.png,346,run_2,1,"Highly detailed oil painting of a solitary palm tree, its trunks nestled at the rocky base of the ocean, as the golden hues of sunset dance across the sky",0.8742296695709229,0.7875648736953735,66.22214685275051,0.457860
1159_29.png,347,run_3,3,"Photorealistic and 4K-quality palm tree stands proudly on a rugged rocky outcropping, its trunk and branches reaching upwards towards a breathtaking tropical sunset with golden hues and vibrant colors amidst the calm ocean.",0.867652177810669,0.780427098274231,64.15910153401225,0.457229
1159_29.png,348,run_7,4,"serene, realistic painting of a palm tree standing on a rocky base amidst gentle ocean waves and a setting sun in a warm color palette",0.854044497013092,0.7651515603065491,59.97580353079328,0.455758
1159_29.png,349,run_12,1,"A palm tree stands alone on a rocky outcropping in the ocean, with soft waves lapping gently at its base as the sun dips below the horizon.",0.8613452911376953,0.75493985414505,64.60110915047294,0.455354
1159_29.png,350,run_3,1,"A 4k masterpiece of a palm tree stands proudly on a rugged rocky base at the ocean's edge, with the soft light of sunset casting a warm glow over its leaves and the surrounding waves.",0.8574451208114624,0.7611089944839478,62.46600236805235,0.452628
1159_29.png,351,run_14,3,"A tall solitary palm tree stands on a weathered rocky outcropping in the endless ocean, with gentle waves lapping at its base as the vibrant sun sets on the horizon amidst a backdrop of fluffy white clouds with a sense of tranquility",0.8695859909057617,0.7941926717758179,64.0537704935154,0.452607
1159_29.png,352,run_2,3,"Highly detailed palm trees stand on a rugged, craggy rocky shore amidst soft, creamy ocean waves as the warm sun dips below the horizon in a peaceful, serene atmosphere.",0.8403725624084473,0.7365113496780396,57.79742379006439,0.451287
1159_29.png,353,run_15,3,"A solitary palm tree is perched on a towering, craggy outcropping overlooking the ocean's soothing waves gently lapping at its base as the sinking sun casts a warm, ethereal glow",0.8686583042144775,0.8125619888305664,62.06443149098953,0.448136
1159_29.png,354,run_15,4,"A majestic, towering palm tree stands alone on a rugged, dramatic, ocean-kissed outcropping with powerful waves crashing gently at its base as the sun slowly sets behind it, casting a warm, golden, fiery glow",0.8611440658569336,0.7787078619003296,62.8202730923957,0.447225
1159_29.png,355,run_8,5,A highly detailed and realistic 8k image of a towering palm tree standing resilient on a worn weathered concrete pedestal surrounded by gentle ocean lapping,0.8110998272895813,0.6717818975448608,52.77925446346254,0.447041
1159_29.png,356,run_3,1,"A solitary palm tree stands on a rocky outcropping at the ocean's edge, with gentle waves lapping at its roots under the warm glow of sunset.",0.86998450756073,0.7807525396347046,66.65563557807901,0.446983
1159_29.png,357,run_7,4,"realistic, low-contrast, fine art landscape of a solitary palm tree standing on a rocky base in the serene ocean at sunset",0.8761738538742065,0.7934480309486389,68.05245338618438,0.446368
1159_29.png,358,run_13,4,"A solitary, slender palm tree stands on a cliff overlooking a windswept beach, with ocean waves crashing against its base as the sun sets in a soft, serene light, highly detailed and 4k",0.8444249629974365,0.7577334046363831,57.90350949067132,0.445709
1159_29.png,359,run_14,4,"A highly detailed, 4k masterpiece of a solitary palm tree stands on a worn, rocky coastline, surrounded by a soft, serene mist that descends upon the waves of the vast ocean as the sun sets on the horizon",0.8428529500961304,0.7470717430114746,58.582817894139374,0.444880
1159_29.png,360,run_11,1,"A solitary palm tree stands strong on a rocky outcropping in the ocean, surrounded by foamy waves and a warm sunset that casts a serene glow on the scene.",0.8730263113975525,0.7957895398139954,66.76269685655282,0.443353
1159_29.png,361,run_5,2,a highly detailed palm tree stands on a dramatic rocky outcropping surrounded by gentle ocean waves at sunset,0.8555247783660889,0.7833259105682373,60.26380000015451,0.443248
1159_29.png,362,run_12,2,"A highly detailed oil painting of a solitary palm tree stands resolute on a worn, weathered rocky base in the ocean, with the last rays of sunlight reflecting off the gentle waves lapping at its roots.",0.8326702117919922,0.7245911359786987,57.07131884538115,0.441739
1159_29.png,363,run_7,5,"A realistic oil painting of a stately palm tree standing tall in the center of a weathered rocky outcropping in the peaceful ocean, with gentle waves caressing its roots as the sun dips below the horizon in a soft, warm light",0.8086998462677002,0.6947104930877686,50.817532916992015,0.433854
1159_29.png,364,run_15,3,"Majestic palm tree dramatically stands isolated on a rugged, rocky, ocean-kissed outcropping with calm waves delicately lapping at its base as the setting sun's rays cast a warm, soft glow.",0.8435338735580444,0.7669159173965454,58.35607696388069,0.432010
1159_29.png,365,run_7,1,"A solitary palm tree stands on a rugged rocky base in the ocean, with moderate waves lapping at its roots as the sun sets on the horizon in a warm golden light.",0.8702622652053833,0.8034713268280029,66.52752639769028,0.429729
1159_29.png,366,run_15,1,"A solitary palm tree stands on a rugged rocky base in the ocean, with soothing waves gently caressing its roots as the sun dips below the horizon.",0.8532728552818298,0.7654565572738647,63.69505471618682,0.427081
1159_29.png,367,run_12,4,"A photograph of an isolated palm tree firmly rooted on a rocky shoreline, its tranquil atmosphere illuminated by the soft, golden light of the setting sun, with seagulls flying high overhead and the ocean waves caressing its base",0.825915515422821,0.7255276441574097,55.971885425615554,0.427052
1159_29.png,368,run_2,3,"A single, towering palm tree stands on a rugged, rocky shoreline amidst gentle ocean waves as the vibrant sun sets below the horizon in a serene, idyllic setting.",0.8375574350357056,0.7492481470108032,58.55576345337249,0.426330
1159_29.png,369,run_6,1,"A solitary palm tree stands on a rugged rocky outcropping in the ocean, with gentle waves lapping at its roots as the golden sun sets on the horizon at dusk",0.8705887794494629,0.7929736375808716,69.06196594492086,0.421880
1159_29.png,370,run_7,2,"A solitary palm tree stands in the center of a rugged, weathered rocky base in a serene ocean, with gentle waves lapping at its roots as the sun sets on the horizon in a highly detailed, realistic fine art style",0.8499081134796143,0.7883235812187195,60.74265462932206,0.417778
1159_29.png,371,run_15,2,Majestic palm tree stands on a rocky outcropping in the ocean as calm waves gently lapping at its base at sunset.,0.8544670343399048,0.7654051780700684,65.86209819770325,0.415815
1159_29.png,372,run_2,2,The outline of a swaying palm tree is set against a dramatic backdrop of rugged rock and crashing ocean waves as the sun's warm rays descend below the horizon in a breathtaking scene,0.8302042484283447,0.7494421005249023,56.89280010891251,0.414286
1159_29.png,373,run_11,1,"A solitary palm tree stands amidst a rocky base on the rugged ocean shore, with gentle waves lapping at its weathered roots as the sun sets dramatically on the horizon.",0.8521209955215454,0.7757704854011536,63.81834700061337,0.413900
1159_29.png,374,run_2,2,"A towering palm tree with broad leaves stands proudly on a rocky outcropping, its trunk and roots exposed as the ocean waves caress its base in a soothing, natural harmony",0.7903618216514587,0.6370295882225037,52.3796635785986,0.412707
1159_29.png,375,run_1,3,"A lone palm tree with a slender trunk stands on a rocky base, its roots submerged in the crystal-clear ocean waters as the sun sets slowly, a breathtakingly beautiful orange-red hue unfolding across the sky above.",0.8841332197189331,0.8089561462402344,75.30049551506706,0.408214
1159_29.png,376,run_9,2,"A highly realistic digital painting of a palm tree leaning against a weathered rocky base at the ocean's edge, with soft, lapping waves as the sun sets in a dramatic, cloudless blue sky with a hint of golden hour light.",0.8093371391296387,0.7207887172698975,52.84197120906948,0.399911
1159_29.png,377,run_12,3,a highly detailed and realistic digital painting of an isolated palm tree on a rugged shoreline with seagulls flying above in the fading light,0.7927144169807434,0.6679593324661255,51.90205484377389,0.397640
1159_29.png,378,run_7,2,"A palm tree stands alone in the center of a massive, rocky base in the peaceful ocean, with soft waves lapping at its roots as the sun rises over the horizon in a low-contrast, realistic watercolor style",0.8025784492492676,0.6851421594619751,55.248636117975,0.391395
1159_29.png,379,run_4,4,"highly detailed, 4k resolution digital painting of a vibrant palm tree in perfect, tropical weather",0.8323793411254883,0.7258502840995789,66.63518883901061,0.373010
1159_29.png,380,run_13,1,"An isolated palm tree stands on a rugged rocky outcropping in the serene ocean, with soothing waves caressing its base as the sun dips below the horizon.",0.8253036141395569,0.7552121877670288,60.52938868796009,0.368419
1159_29.png,381,run_4,1,"A solitary palm tree stands on a windswept rocky base in the ocean, with rough waves crashing against its roots as the setting sun casts a warm glow.",0.8464839458465576,0.7973196506500244,65.81900045658318,0.363876
1159_29.png,382,run_7,4,highly detailed oil painting of a palm tree growing out of a rocky base in the calm ocean as the sun sets over the horizon,0.7998014688491821,0.722612738609314,53.53928353514047,0.363058
1159_29.png,383,run_9,1,"A single palm tree stands on a rugged, weathered rocky base in the ocean, with gentle waves caressing its roots as the sun sinks below the horizon.",0.8383021354675293,0.7784192562103271,66.50929711114127,0.348761
1159_29.png,384,run_10,4,"A dramatic highly detailed palm tree stands tall on a steep rocky outcropping in the ocean, with powerful waves crashing at its exposed roots as the sun dips slowly on the horizon in a fiery sky",0.8410123586654663,0.814934253692627,68.93742099712732,0.309877
1159_29.png,385,run_6,4,"A majestic palm tree stands proud on a rugged, rocky coastline as the sun sets, casting warm golden light across the ocean waves and the surrounding rocky point",0.808558464050293,0.7648908495903015,61.62017855677133,0.299210
1159_29.png,386,run_2,1,"A solitary palm tree stands on a rocky outcropping in the ocean, with gentle waves lapping at its roots as the sunset casts a warm glow on the horizon",0.8293832540512085,0.7951247096061707,69.49409279239245,0.285445
1159_29.png,387,run_7,4,"realistic, atmospheric, fine art watercolor of a palm tree standing on a rocky outcropping in the ocean as the sun sets behind it",0.7745543122291565,0.7148343324661255,57.509933704572454,0.261221
1159_29.png,388,run_15,2,"S solitary palm tree stands proudly on the rocky edge of the ocean, with the warm light of the setting sun casting a serene ambiance and calm waves gently lapping at its base.",0.8186725974082947,0.7928889989852905,68.46396564726237,0.260295
1159_29.png,389,run_15,1,"A solitary palm tree stands on a volcanic rocky base in the ocean, with gentle waves lapping at its roots as the golden sun sets dramatically on the horizon.",0.8285053968429565,0.8463320732116699,72.94609773881051,0.215644
1159_29.png,390,run_15,1,"A lone palm tree rises from a rocky pedestal in the ocean, surrounded by soft, lapping waves as the sun sets in a fiery sky.",0.7687050104141235,0.8515372276306152,75.85064386414764,0.000000
1159_3.png,1,run_12,3,"A confident and fearless warrior stands proudly, channeling elemental forces and fiery energy with precision and control, all set in a futuristic world",0.8166449666023254,0.5605557560920715,40.70066996849254,0.876878
1159_3.png,2,run_11,3,"Detailed, 4k fantasy warrior with platinum blonde hair, styled neatly, stands at the center of an armored exosuit surrounded by a swirling vortex of flames and energy",0.841431736946106,0.5977846384048462,42.3251803900073,0.868518
1159_3.png,3,run_2,5,"A powerful warrior stands unwavering amidst a blast of elemental fire, his short, perfectly styled blonde hair and advanced, futuristic exosuit a testament to his mastery as he unleashes a torrent of energy and flames to decimate his foes with precision and skill",0.8564649224281311,0.6182931661605835,44.06356840208632,0.860987
1159_3.png,4,run_2,3,"A dynamic warrior stands unfaltering amidst a tempest of elemental fire, his short blonde hair and modern exosuit a testament to his mastery as he unleashes a torrent of energy and flames to overwhelm his foes",0.8525536060333252,0.6095014214515686,45.825707311729495,0.852508
1159_3.png,5,run_11,2,"A detailed, high-tech fantasy warrior appears at the center, surrounded by brilliant, fiery flames and energy swirling around him. He has short, neatly styled platinum blonde hair and wears an armored exosuit with metallic accents",0.8556777238845825,0.6135779023170471,46.02174187354332,0.852262
1159_3.png,6,run_12,5,"A confident warrior stands heroically, mastering elemental forces and fiery power with precision and control, in a futuristic world of breathtaking beauty and highly detailed landscapes",0.7882437705993652,0.5520206689834595,38.59547712540161,0.846564
1159_3.png,7,run_2,2,"A skilled warrior stands amidst an epic elemental battle, his short blonde hair and sleek modern armor testifying to his mastery as he channels the forces of fire and wind to enhance his prowess",0.8393968343734741,0.595115602016449,45.594625428449476,0.846234
1159_3.png,8,run_2,1,"A magnificent warrior stands amidst a fierce elemental storm, his short blonde hair and modern armor a testament to his skill as he harnesses the power of fire and energy to fuel his abilities",0.8331982493400574,0.5956370830535889,43.90563330166321,0.844848
1159_3.png,9,run_2,3,"A mighty warrior stands amidst a tempestuous maelstrom of elemental fury, his short blond hair and cutting-edge armor a testament to his prowess as he channels the primal forces of fire and energy to amplify his abilities",0.8036915063858032,0.5737537145614624,42.7744914015902,0.822204
1159_3.png,10,run_3,2,"A highly detailed, 4k, digital painterly masterpiece of a fierce warrior stands at the center, wielding elemental powers with intense flames and energy swirling around him. He has short spiky blonde hair and wears a sleek futuristic armored suit.",0.8314595818519592,0.5981287956237793,46.89985437720781,0.818676
1159_3.png,11,run_11,4,"A highly detailed, 4k fantasy warrior with platinum blonde hair styled in a neat, short, spiky fashion, stands at the center of an advanced, high-tech, armored exosuit surrounded by a bright, swirling, vortex-like explosion of flames and clean energy",0.8226093053817749,0.6110869646072388,42.70817468794637,0.813611
1159_3.png,12,run_5,5,"Fierce, blonde-haired warrior wields elemental forces with precision and skill in a metallic, cybernetically enhanced exosuit",0.7996790409088135,0.5751811861991882,43.35136436209918,0.808938
1159_3.png,13,run_6,5,A highly detailed 4k photorealistic digital masterpiece of a fierce warrior at the center wielding powerful elemental forces,0.7618933916091919,0.5648880004882812,35.230289264130306,0.802493
1159_3.png,14,run_11,5,"Detailed, photorealistic fantasy warrior with platinum blonde hair intricately styled, stands at the center of an advanced armored exosuit surrounded by a massive, dynamic swirling vortex of blazing flames and energy",0.8222036361694336,0.6138018369674683,44.64508611398226,0.796722
1159_3.png,15,run_13,1,"A fierce warrior stands at the center, wielding elemental powers with flames and energy swirling around him. He has short blonde hair and wears a futuristic armored suit., masterpiece",0.8456346988677979,0.6095380187034607,52.35280380300102,0.796003
1159_3.png,16,run_12,5,"A confident and fearless warrior stands proudly, channeling intense elemental forces and fiery energy with precision and control, set in a highly detailed futuristic world with vibrant colors",0.7965990900993347,0.573327898979187,45.19108674630063,0.793105
1159_3.png,17,run_12,5,"A fearless warrior stands heroically, unleashing elemental forces and blazing energy with precise control and skill, all in a futuristic digital painting",0.809547483921051,0.5863650441169739,47.163748481259354,0.789104
1159_3.png,18,run_1,1,"A highly detailed illustration of a fearless, elemental warrior stands proudly at the center, mastering elemental abilities with burning flames and energy swirling around him. He has short, styled blonde hair and wears a cutting-edge futuristic armored suit with intricate details.",0.8248023390769958,0.608799397945404,47.80071854168796,0.786940
1159_3.png,19,run_2,5,"A highly detailed warrior stands firmly grounded amidst a tempest of elemental fire, his short blonde hair and sleek, high-tech exosuit a testament to his unparalleled mastery as he unleashes a devastating blast of energy and flames to vanquish his foes",0.8226335644721985,0.6259968876838684,44.24457902064523,0.785364
1159_3.png,20,run_1,1,"A dynamic and detailed image of an elemental warrior stands at the center, wielding mighty powers with roaring flames and energy swirling around him. He sports short, stylish blonde hair and wears a highly advanced, futuristic armored suit with advanced technology.",0.8200874328613281,0.605765163898468,47.2685298658266,0.785082
1159_3.png,21,run_11,4,"Highly detailed, 4k fantasy warrior with vibrant platinum blonde hair styled in a neat afro, stands at the center of an advanced mechanized armored exosuit surrounded by a swirling vortex of intense blazing flames and clean energy",0.7941276431083679,0.6009899973869324,40.65046606835444,0.784729
1159_3.png,22,run_11,3,"Highly realistic, digital painting of a central warrior with short, platinum blonde hair and styled hair is set amidst explosive flames and whirling energy",0.8379942774772644,0.6176528930664062,50.48710592491667,0.783776
1159_3.png,23,run_4,5,"A highly detailed digital warrior stands at the center, wielding advanced, high-energy elemental powers with intense flames dancing around him. He has short, platinum-blonde hair and wears a sleek, high-tech, futuristic armored suit, masterpiece",0.8208867907524109,0.6103500127792358,47.101188558400565,0.782149
1159_3.png,24,run_9,4,"A detailed, masterful digital painting of a fierce, blonde-haired warrior stands tall, wielding elemental forces with intense, fiery energy swirling around him in a futuristic armored suit",0.8097713589668274,0.5952199101448059,47.141767791692935,0.778910
1159_3.png,25,run_4,5,"A highly detailed digital warrior stands at the center, wielding advanced, high-energy elemental powers with intense flames dancing around him. He has short, platinum-blonde hair and wears a sleek, high-tech, futuristic armored suit, best lighting",0.8201617002487183,0.6065102815628052,48.17887079665501,0.778300
1159_3.png,26,run_1,4,"An extraordinary 4k digital artwork of a fearless, elemental warrior stands regally at the center, wielding elemental abilities with fierce burning flames and energy swirling around him. He has short, styled icy blonde hair and wears a futuristic advanced armored suit with sharp geometric shapes and metallic textures.",0.808589518070221,0.6058427095413208,45.39802985488912,0.775246
1159_3.png,27,run_6,4,"A highly detailed, photorealistic, 4k digital painting of a fierce warrior at the center, wielding powerful elemental forces, surrounded by intense flames and glowing energy with short blonde hair and piercing blue eyes, wearing a sleek futuristic armored suit with intricate details",0.8194081783294678,0.609506368637085,47.90396894050074,0.775024
1159_3.png,28,run_14,4,"In the foreground of a highly detailed, 8K futuristic battlefield, a fierce, blonde-haired warrior stands heroically with a brilliant, radiant aura",0.7801955938339233,0.5862141847610474,40.97493293947571,0.773765
1159_3.png,29,run_4,2,"A highly detailed digital warrior stands at the center, wielding advanced, high-energy elemental powers with intense flames dancing around him. He has short, platinum-blonde hair and wears a sleek, high-tech, futuristic armored suit",0.8188576698303223,0.6105108261108398,47.79632468205417,0.773456
1159_3.png,30,run_11,1,"A fantasy, high-detail warrior stands at the center, wielding elemental powers with blazing, fiery flames and energy swirling around him. He has short platinum blonde hair, styled neatly and wears a high-tech armored suit with metallic accents.",0.8123376965522766,0.6005682349205017,48.15789315508303,0.770621
1159_3.png,31,run_3,2,"A powerful, high-definition digital render of a strong warrior stands in the center, surrounded by a whirlwind of elemental forces with fire and electricity swirling around him. He has short, messy blonde hair and wears a high-tech armored suit.",0.8045664429664612,0.6029053330421448,45.57695967929252,0.769899
1159_3.png,32,run_2,4,"A heroic warrior stands resolute amidst a fierce tempest of fire and flames, his short, platinum blonde hair and cutting-edge exosuit a symbol of his unwavering dedication as he surges forth with overwhelming force",0.8330424427986145,0.6425309181213379,46.86604875109296,0.767936
1159_3.png,33,run_11,2,"A dramatic, high-detail fantasy warrior stands at the center, wielding elemental powers with intense, fiery flames and energy swirling in a dynamic arc around him. He has short, neatly styled platinum blonde hair, worn sleekly back from his face, and wears an advanced, high-tech armored suit.",0.8120219111442566,0.61185622215271,46.61318282710495,0.766497
1159_3.png,34,run_2,4,"A dynamic battle-hardened champion stands firm amidst a whirlwind of elemental flames, his short blonde hair and modern, high-tech armor a testament to his mastery as he unleashes a torrent of flames and energy",0.841517448425293,0.6368532180786133,50.62608332196562,0.766279
1159_3.png,35,run_11,2,"A heroic fantasy warrior stands in the foreground, radiating magical energy with blazing, fiery flames and energy swirling around him. He has short platinum blonde hair, styled neatly, and wears an advanced, metallic armored suit",0.820358395576477,0.6192172765731812,47.89280618182555,0.765114
1159_3.png,36,run_14,3,"In the heart of a futuristic battlefield, a blonde-haired warrior stands boldly in a brilliant, radiant aura",0.7636362910270691,0.5673695802688599,41.287255742852615,0.762778
1159_3.png,37,run_4,1,"A fierce, highly detailed warrior stands at the center, wielding elemental powers with intense flames and dynamic energy swirling around him. He has short, platinum-blonde hair and wears a futuristic, high-tech armored suit.",0.8021554946899414,0.595068097114563,47.48851019371587,0.762157
1159_3.png,38,run_2,3,"A powerful warrior stands unshaken in the heart of a maelstrom of elemental fury, his short blond hair and futuristic armor a testament to his dominance as he channels the primal forces of fire and energy to crush his enemies",0.7670228481292725,0.5748204588890076,41.04800853840188,0.761810
1159_3.png,39,run_4,5,"A highly detailed digital warrior stands at the center, wielding advanced, high-energy elemental powers with intense flames dancing around him. He has short, platinum-blonde hair and wears a sleek, high-tech, futuristic armored suit, ultra realistic",0.8088200092315674,0.6040306091308594,48.20954589139411,0.759304
1159_3.png,40,run_13,1,"A fierce warrior stands at the center, wielding elemental powers with flames and energy swirling around him. He has short blonde hair and wears a futuristic armored suit., high quality, sharp",0.8280161619186401,0.6078125834465027,53.163499366438856,0.758862
1159_3.png,41,run_13,3,"A dominant warrior stands at the center, mastering elemental forces with explosive flames and intense energy swirling around him. He has short, iced-blonde hair and wears a high-tech, adaptive armored suit, 4k masterpiece",0.8195806741714478,0.61744624376297,49.24661971366823,0.756821
1159_3.png,42,run_12,2,"A fearless warrior stands at the center, harnessing elemental forces with dynamic flames and energy swirling around him. He has short, spiky blonde hair and wears a sleek futuristic armored suit.",0.8138917088508606,0.608087420463562,49.57013009284982,0.755126
1159_3.png,43,run_6,5,A highly detailed photorealistic 4k digital oil painting of a fierce warrior at the center wielding powerful elemental forces,0.7468807101249695,0.574928879737854,36.47740062072325,0.753166
1159_3.png,44,run_9,5,"highly detailed, masterful digital oil painting of a fierce, blonde-haired warrior stands powerful, wielding elemental forces with intense, fiery energy swirling around him in an advanced futuristic armored suit",0.8021897077560425,0.608474850654602,46.40472755927007,0.753081
1159_3.png,45,run_6,2,"A fierce warrior stands at the center, wielding powerful elemental forces with flames and energy swirling around him. He has short blonde hair, piercing blue eyes and wears a sleek futuristic armored suit highly detailed in a 4k resolution digital painting.",0.8110449314117432,0.6026460528373718,50.19598685416738,0.752132
1159_3.png,46,run_4,5,"A highly detailed digital warrior stands at the center, wielding advanced, high-energy elemental powers with intense flames dancing around him. He has short, platinum-blonde hair and wears a sleek, high-tech, futuristic armored suit, highly detailed",0.8048528432846069,0.6047382354736328,48.16005573128196,0.751142
1159_3.png,47,run_9,2,"A fierce and powerful warrior stands at the center, wielding elemental forces with intense flames and energy swirling around him. He has short, messy blonde hair and wears a sleek, futuristic armored suit with metallic accents.",0.8125981092453003,0.6044005751609802,50.6084477300405,0.750258
1159_3.png,48,run_15,3,"A powerful, elemental warrior stands at the center, channeling flames and energy in a beautiful, highly detailed digital artwork. He has short, shaggy blonde hair and wears a protective, advanced armored suit with intricate details.",0.8158749341964722,0.6307842135429382,47.7625746873265,0.743284
1159_3.png,49,run_13,2,"A legendary warrior with short blonde hair stands in the foreground, wearing a sleek futuristic armored suit amidst a backdrop of burning energy",0.7984762191772461,0.6180287003517151,45.06136793052098,0.743202
1159_3.png,50,run_2,3,"A battle-weathered hero stands unwavering in the eye of a tempestuous elemental storm, his short blonde locks and high-tech armor a testament to his skill as he wields the raw power of fire and energy to protect the innocent",0.793498158454895,0.6192143559455872,43.50895416876093,0.742452
1159_3.png,51,run_14,4,"In a dynamic, high-contrast, oil painting style, a blonde-haired warrior stands triumphantly in a brilliant, radiant aura on a detailed, futuristic battlefield",0.7918034791946411,0.6196034550666809,43.076749185801916,0.741577
1159_3.png,52,run_11,4,"Highly detailed, photorealistic, 4k fantasy warrior with platinum blonde hair styled in loose, flowing waves, stands at the center of an armored exosuit with sharp metal details, surrounded by a massive, turbulent vortex of flames, smoke, and energy",0.7698948383331299,0.5918197631835938,41.855161533628234,0.741319
1159_3.png,53,run_1,2,"A masterfully created, cinematic illustration of a fearless, elemental warrior stands at the center, masterfully wielding elemental abilities as vibrant flames and energy swirl around him in a dramatic dance. He has short, styled blonde hair and wears a state-of-the-art, armored suit with precise, technological details",0.8206644058227539,0.6084580421447754,53.562707892107234,0.741300
1159_3.png,54,run_13,1,"A fierce warrior stands at the center, wielding elemental powers with flames and energy swirling around him. He has short blonde hair and wears a futuristic armored suit., best lighting",0.8312476277351379,0.6203968524932861,54.4774637553024,0.741082
1159_3.png,55,run_11,4,"Detailed, 8k fantasy warrior with platinum blonde hair tied in a ponytail, stands confidently at the center of an intricately designed armored exosuit surrounded by a large, intense, swirling vortex of flames and pure energy",0.7892776727676392,0.6128777265548706,43.68057140248302,0.740909
1159_3.png,56,run_5,5,"A blonde-haired, powerful warrior harnesses the elements within a state-of-the-art, metallic exosuit in a gritty, dystopian metropolis",0.7938228249549866,0.6117651462554932,45.49716985064856,0.738991
1159_3.png,57,run_14,4,"Vibrant, blonde-haired warrior stands fearlessly in the center of a high-resolution, photorealistic futuristic battlefield",0.7786771059036255,0.6107443571090698,41.54739170721004,0.737223
1159_3.png,58,run_1,4,"A masterfully crafted realistic illustration of a fearless, elemental warrior stands heroically at the center, harnessing elemental powers with bright blazing flames and energy radiating from him. He has short, styled platinum blonde hair and wears a futuristic high-tech armored suit with clean lines and minimalist details.",0.8102861046791077,0.6168588995933533,49.66828949941763,0.736875
1159_3.png,59,run_9,5,"a highly realistic, ultra-high-definition digital painting of a fearless, blonde-haired warrior stands tall, wielding elemental forces with intense, fiery energy swirling around him in a sleek, futuristic armored suit",0.7909502983093262,0.5989046096801758,47.42724066575862,0.736348
1159_3.png,60,run_6,4,"A photorealistic, 4k digital artwork of a heroic male warrior with short blonde hair, piercing blue eyes, and a futuristic armored suit, wielding a powerful elemental staff, surrounded by intense flames and glowing energy with a bold, dynamic brush stroke style",0.8154668807983398,0.6235406994819641,50.09826121733313,0.735867
1159_3.png,61,run_9,2,"A heroic warrior stands proudly at the center, wielding elemental powers with fiery explosions and energy arcing around him. He has short, choppy blonde hair and wears a highly detailed, futuristic armored suit.",0.8038596510887146,0.6287622451782227,45.77039254335659,0.735811
1159_3.png,62,run_1,1,"A warrior with short, spiky blonde hair stands at the center, harnessing the power of elemental forces with intense flames and energy swirling around him. He wears a highly advanced, sleek futuristic armored suit with a unique design.",0.8073716163635254,0.6112321615219116,50.1162197237306,0.735152
1159_3.png,63,run_4,5,"A highly detailed digital warrior stands at the center, wielding advanced, high-energy elemental powers with intense flames dancing around him. He has short, platinum-blonde hair and wears a sleek, high-tech, futuristic armored suit, high quality, sharp",0.7875412702560425,0.5957710146903992,47.31886040388374,0.734321
1159_3.png,64,run_2,3,"A battle-hardened hero stands resolute in the midst of a fierce elemental tempest, his short blonde locks and high-tech armor a testament to his skill as he harnesses the raw power of flames and energy to fuel his might",0.7944303154945374,0.6105526685714722,46.78064874420137,0.733148
1159_3.png,65,run_11,1,"A highly detailed warrior stands at the center, wielded elemental powers with intense flames and energy swirling around him. He has short platinum blonde hair and wears a futuristic armored suit of the highest quality.",0.7875182628631592,0.6001984477043152,46.98141141962077,0.731123
1159_3.png,66,run_14,2,"A striking, blonde-haired warrior stands proudly at the center, bathed in a bright, pulsating aura emanating from his cutting-edge, digital armor",0.781899094581604,0.6037408709526062,44.73635521738277,0.730853
1159_3.png,67,run_15,3,"A majestic, battle-hardened warrior stands at the center, empowered by flames and energy in a 4k digital painting style. He has short, messy blonde hair and wears a rugged, futuristic armored suit.",0.7999752759933472,0.6256445646286011,45.98353230908535,0.730724
1159_3.png,68,run_5,5,"Blonde-haired, highly skilled battle-hardened warrior unleashing elemental fury in a high-octane, metallic armored power suit",0.7819614410400391,0.5960445404052734,46.198994310328175,0.730663
1159_3.png,69,run_4,4,"A highly realistic, highly detailed digital warrior unleashes powerful elemental forces with flames dancing around him, his platinum-blonde hair styled in a bold, futuristic manner",0.7802284955978394,0.5982403755187988,45.44199438312127,0.729665
1159_3.png,70,run_14,2,"Highly realistic, blonde-haired warrior stands firmly at the center, with advanced, glowing armor in the midst of a swirling energy field",0.7747550010681152,0.5930589437484741,45.00261096679466,0.728347
1159_3.png,71,run_1,3,"A highly detailed and vibrant illustration of a fearless, elemental warrior stands proudly at the center, mastering elemental abilities with intense flames and energy swirling around him in a dynamic, fiery vortex. He has short, styled blonde hair and wears a precision-engineered, futuristic armored suit with intricate details and glowing blue accents",0.8079483509063721,0.6188627481460571,50.08958237814908,0.727156
1159_3.png,72,run_2,2,"A courageous warrior stands at the epicenter of a tempest of fire and energy, his short blonde hair and cutting-edge armor a reflection of his unmatched abilities as he harnesses the forces of the elements",0.8048206567764282,0.6334501504898071,46.70756272561182,0.725760
1159_3.png,73,run_3,4,"4k digital art of a fierce warrior with short spiky blonde hair and a sleek black armored suit, surrounded by intense elemental forces",0.7954562902450562,0.6088438630104065,48.53323562016042,0.725611
1159_3.png,74,run_11,5,"Realistic, highly detailed fantasy warrior with platinum blonde hair styled in a regal manner, stands confidently at the center of an advanced armored exosuit surrounded by an intense, swirling vortex of flames and energy",0.7639629244804382,0.6019799709320068,40.648192748638515,0.725534
1159_3.png,75,run_13,4,"A strong and brave warrior stands at the center, wielding elemental powers with flames and energy swirling around him in a fantasy world filled with mythical creatures and magical landscapes. He has short blonde hair and wears a futuristic armored suit with intricate details. Ultra-realistic, 8k digital painting.",0.7806037664413452,0.6075437664985657,44.56959968958032,0.724839
1159_3.png,76,run_4,2,"A majestic, highly detailed warrior stands at the center, wielding ancient, elemental powers with intense, fiery energy swirling around him. He has short, platinum-blonde hair and wears a futuristic, high-tech, battle-ready armored suit",0.7820490598678589,0.607480525970459,45.11470809986211,0.724091
1159_3.png,77,run_4,2,"A fierce, highly detailed, 4k warrior stands at the center, wielding elemental powers with intense, swirling flames  enveloping him. He has short, platinum-blonde hair and wears a futuristic, high-tech, metallic armored suit",0.7920833230018616,0.6086727976799011,47.821230578235294,0.724041
1159_3.png,78,run_11,2,"A highly detailed, armored warrior from a fantasy world stands at the center, wielding elemental powers with scorching, fiery flames and energy swirling around him. He has short, platinum blonde hair styled in a short, messy manner and wears a heavily armored suit",0.7986159324645996,0.6178179979324341,48.354980689804776,0.721950
1159_3.png,79,run_10,2,"A powerful, futuristic warrior stands defiantly at the center, channeling elemental powers with intense flames and a bold energetic aura in a highly detailed, realistic 4k digital art piece",0.77992182970047,0.5910078883171082,48.174529716012934,0.719805
1159_3.png,80,run_5,2,"A powerful, blonde-haired warrior wields elemental forces in a futuristic, metallic armored suit",0.7731038331985474,0.5932221412658691,45.80380861554635,0.719676
1159_3.png,81,run_13,1,"A fierce warrior stands at the center, wielding elemental powers with flames and energy swirling around him. He has short blonde hair and wears a futuristic armored suit., ultra realistic",0.8305021524429321,0.631763219833374,55.495021679526516,0.719095
1159_3.png,82,run_10,2,"A futuristic warrior stands heroically at the center, channeling powerful elemental forces with fiery flames and an electrifying aura in a detailed digital art masterpiece",0.7700830101966858,0.5840986967086792,46.73066845749793,0.718836
1159_3.png,83,run_1,2,"Highly detailed, photorealistic illustration of a fearless, elemental warrior stands proudly at the center of a dynamic, fiery scene, mastering elemental abilities with intense flames and energy swirling around him in a mesmerizing display. He has short, styled blonde hair and wears a cutting-edge futuristic armored suit with intricate, metallic details",0.7895351648330688,0.6082931160926819,48.083790601190145,0.717867
1159_3.png,84,run_1,Baseline,"A fierce warrior stands at the center, wielding elemental powers with flames and energy swirling around him. He has short blonde hair and wears a futuristic armored suit.",0.817151665687561,0.6142727732658386,55.02259378514904,0.717821
1159_3.png,85,run_2,Baseline,"A fierce warrior stands at the center, wielding elemental powers with flames and energy swirling around him. He has short blonde hair and wears a futuristic armored suit.",0.817151665687561,0.6142727732658386,55.02259378514904,0.717821
1159_3.png,86,run_3,Baseline,"A fierce warrior stands at the center, wielding elemental powers with flames and energy swirling around him. He has short blonde hair and wears a futuristic armored suit.",0.817151665687561,0.6142727732658386,55.02259378514904,0.717821
1159_3.png,87,run_4,Baseline,"A fierce warrior stands at the center, wielding elemental powers with flames and energy swirling around him. He has short blonde hair and wears a futuristic armored suit.",0.817151665687561,0.6142727732658386,55.02259378514904,0.717821
1159_3.png,88,run_5,Baseline,"A fierce warrior stands at the center, wielding elemental powers with flames and energy swirling around him. He has short blonde hair and wears a futuristic armored suit.",0.817151665687561,0.6142727732658386,55.02259378514904,0.717821
1159_3.png,89,run_6,Baseline,"A fierce warrior stands at the center, wielding elemental powers with flames and energy swirling around him. He has short blonde hair and wears a futuristic armored suit.",0.817151665687561,0.6142727732658386,55.02259378514904,0.717821
1159_3.png,90,run_7,Baseline,"A fierce warrior stands at the center, wielding elemental powers with flames and energy swirling around him. He has short blonde hair and wears a futuristic armored suit.",0.817151665687561,0.6142727732658386,55.02259378514904,0.717821
1159_3.png,91,run_8,Baseline,"A fierce warrior stands at the center, wielding elemental powers with flames and energy swirling around him. He has short blonde hair and wears a futuristic armored suit.",0.817151665687561,0.6142727732658386,55.02259378514904,0.717821
1159_3.png,92,run_9,Baseline,"A fierce warrior stands at the center, wielding elemental powers with flames and energy swirling around him. He has short blonde hair and wears a futuristic armored suit.",0.817151665687561,0.6142727732658386,55.02259378514904,0.717821
1159_3.png,93,run_10,Baseline,"A fierce warrior stands at the center, wielding elemental powers with flames and energy swirling around him. He has short blonde hair and wears a futuristic armored suit.",0.817151665687561,0.6142727732658386,55.02259378514904,0.717821
1159_3.png,94,run_11,Baseline,"A fierce warrior stands at the center, wielding elemental powers with flames and energy swirling around him. He has short blonde hair and wears a futuristic armored suit.",0.817151665687561,0.6142727732658386,55.02259378514904,0.717821
1159_3.png,95,run_12,Baseline,"A fierce warrior stands at the center, wielding elemental powers with flames and energy swirling around him. He has short blonde hair and wears a futuristic armored suit.",0.817151665687561,0.6142727732658386,55.02259378514904,0.717821
1159_3.png,96,run_13,Baseline,"A fierce warrior stands at the center, wielding elemental powers with flames and energy swirling around him. He has short blonde hair and wears a futuristic armored suit.",0.817151665687561,0.6142727732658386,55.02259378514904,0.717821
1159_3.png,97,run_14,Baseline,"A fierce warrior stands at the center, wielding elemental powers with flames and energy swirling around him. He has short blonde hair and wears a futuristic armored suit.",0.817151665687561,0.6142727732658386,55.02259378514904,0.717821
1159_3.png,98,run_15,Baseline,"A fierce warrior stands at the center, wielding elemental powers with flames and energy swirling around him. He has short blonde hair and wears a futuristic armored suit.",0.817151665687561,0.6142727732658386,55.02259378514904,0.717821
1159_3.png,99,run_7,5,"A powerful, dynamic warrior stands at the center, channeling elemental forces with fiery embers and energetic blasts surrounding him. He has short, messy blonde hair and dons a 4k-resolution futuristic armored exosuit",0.811246395111084,0.6389649510383606,48.950616288410416,0.716578
1159_3.png,100,run_12,4,"A highly skilled and powerful warrior stands proudly, masterfully harnessing fiery energy with precision, set on a dramatic, digital canvas in a dystopian future",0.7818194031715393,0.6028187274932861,47.306533438002646,0.714827
1159_3.png,101,run_13,4,"A fierce and powerful warrior stands at the center, wielding elemental powers with intense flames and energy swirling around him. He has short spiky blonde hair and wears a sleek futuristic armored suit.",0.7966849207878113,0.6034735441207886,51.5558887905737,0.714521
1159_3.png,102,run_2,2,"A mighty warrior stands within a vortex of elemental fury, his short blond hair and ultra-modern armor a symbol of his unyielding prowess as he unleashes the power of fire and atomic energy",0.7849583625793457,0.6012223362922668,48.57247015260416,0.714435
1159_3.png,103,run_14,2,"Highly detailed, blonde-haired warrior stands confidently at the center, with futuristic armor glowing in a halo of bright energy",0.7661077976226807,0.6144667267799377,40.67310559519814,0.714306
1159_3.png,104,run_11,2,"A realistic warrior stands at the center, wielding elemental powers with intense, fiery flames and energy swirling around him. He has short platinum blonde hair, styled neatly, and wears a high-tech armored suit with metallic accents",0.816173791885376,0.6336361169815063,51.74550720685996,0.714056
1159_3.png,105,run_5,3,"A blonde-haired warrior clad in a high-tech, metallic exosuit harnesses elemental forces with precision and strength",0.7944215536117554,0.6187103986740112,48.21645608659596,0.713715
1159_3.png,106,run_4,4,"A digital warrior with short, platinum-blonde hair and sleek, high-tech, armored suit stands confidently, wielding high-energy elemental powers amidst swirling flames",0.8122696876525879,0.6330980062484741,51.1735742678439,0.710984
1159_3.png,107,run_2,5,"A dynamic warrior stands unfaltering amidst a fierce storm of elemental flames, his short blonde hair styled in a messy, battle-worn manner and modern exosuit adorned with intricate, metallic armor a testament to his mastery as he unleashes a torrent of energy and intense, roaring flames to overwhelm his enemies",0.7886049747467041,0.6357613801956177,44.29804746548925,0.707698
1159_3.png,108,run_14,3,"A striking, high-definition, blonde-haired warrior stands proudly at the center",0.7431766986846924,0.5820795893669128,40.989693405001425,0.707511
1159_3.png,109,run_13,1,"A fierce warrior stands at the center, wielding elemental powers with flames and energy swirling around him. He has short blonde hair and wears a futuristic armored suit., highly detailed",0.8133002519607544,0.6209292411804199,54.26777531425786,0.707309
1159_3.png,110,run_11,1,"A majestic, 4k digital painting of a fierce warrior stands at the center, wielding elemental forces with vibrant flames and energy swirling around him. He has short bleach blonde hair and wears a high-tech armored suit.",0.7988255620002747,0.6275651454925537,48.94571951914284,0.706592
1159_3.png,111,run_1,4,"A highly detailed 4k digital painting of a fearless, elemental warrior stands proudly at the center, mastering elemental abilities with intense burning flames and energy swirling around him. He has short, styled light blonde hair and wears a sleek cutting-edge armored suit with detailed metallic accents.",0.8210569620132446,0.6358495354652405,53.92505810656091,0.706343
1159_3.png,112,run_15,5,"Highly detailed, realistic digital artwork of a fearless warrior, fueled by powerful elemental forces, in a dynamic, battle-ready stance",0.7557880878448486,0.6076233386993408,40.28122168773069,0.705377
1159_3.png,113,run_1,2,"A highly realistic, 4k digital painting of a fearless, elemental warrior stands confidently at the center, showcasing his mastery of elemental abilities as vibrant flames and energy dance around him, emphasizing his strength. He sports short, styled blonde hair and wears an advanced, high-tech armored suit with intricate details",0.8205854892730713,0.6306644678115845,54.993672196351106,0.704677
1159_3.png,114,run_3,2,"A photorealistic, highly detailed 4k digital painting of a strong, rugged warrior stands at the center, wielding elemental powers with flames and energy swirling around him. He has short, messy blonde hair and wears a futuristic armored suit with glowing blue accents.",0.767964243888855,0.601664662361145,45.20823765210849,0.703462
1159_3.png,115,run_1,1,"A highly detailed depiction of a fearless warrior stands at the center, wielding ancient elemental powers with intense flames and energy swirling around him. He has short, spiky blonde hair and wears a sleek, high-tech futuristic armored suit.",0.7943822741508484,0.6256916522979736,48.48258917756041,0.703388
1159_3.png,116,run_14,4,"Highly detailed, blonde-haired warrior stands valiantly in the midst of a breathtaking, radiant aura on a 4K rendered futuristic battlefield",0.7699017524719238,0.6056398749351501,45.196213658226675,0.702432
1159_3.png,117,run_3,5,"A highly stylized, 4k, digital painting of a powerful warrior stands at the forefront, wielding immense elemental abilities with brilliant, blazing flames and energy pulsating around him. He has short spiky blonde hair and wears a modern, cutting-edge futuristic armored exosuit.",0.804845929145813,0.6312711834907532,50.76957211923507,0.701602
1159_3.png,118,run_5,4,"A blonde-haired, futuristic warrior in a metallic exosuit masterfully harnesses elemental powers",0.7821977138519287,0.6237723231315613,45.68478890348947,0.700791
1159_3.png,119,run_11,5,"Detailed, photorealistic high fantasy warrior with platinum blonde hair elegantly styled, stands proudly at the center of an intricately detailed, advanced armored exosuit surrounded by a massive, powerful swirling vortex of flames and energy.",0.7791476249694824,0.63215571641922,43.575274424020016,0.698677
1159_3.png,120,run_12,1,"A highly detailed warrior stands at the center, mastering elemental forces with intense flames and energy swirling around him. He has short blonde hair and wears a sleek futuristic armored suit",0.8118902444839478,0.632733166217804,53.10128107084117,0.697953
1159_3.png,121,run_11,5,"4k, highly detailed digital painting of a fantasy warrior with platinum blonde hair neatly styled, stands heroically at the center of an advanced armored exosuit amidst turbulent flames and energy",0.7864882946014404,0.6381909251213074,44.792548075044735,0.697404
1159_3.png,122,run_4,2,"A highly detailed, hyper-realistic warrior stands at the center, wielding advanced, high-energy elemental powers with intense, burning flames erupting around him. He has short, platinum-blonde hair and wears a futuristic, high-tech, sleek armored suit",0.8033360838890076,0.6310480833053589,51.10035924926917,0.696783
1159_3.png,123,run_1,2,"Highly detailed digital art of a fearless, elemental warrior stands proudly at the center, radiating power as burning flames and elemental energy interact with him in a dynamic, swirling display. He sports short, styled blonde hair and wears a futuristic armored suit with intricate, glowing accents",0.7992153763771057,0.6286985874176025,50.436972672989675,0.696103
1159_3.png,124,run_11,5,"Highly detailed masterpiece of a fantasy warrior with platinum blonde hair intricately styled, stands heroically at the center of an advanced, cutting-edge armored exosuit amidst a dramatic, intense swirling vortex of flames and energy",0.7828738689422607,0.6424510478973389,43.184749198541475,0.695902
1159_3.png,125,run_4,1,"A powerful, highly stylized digital painting of a fearless warrior stands at the center, wielding elemental powers with fierce flames and energetic blasts of light and energy swirling around him. He has short, messy blonde hair and wears a unique, high-tech armored suit.",0.7890474796295166,0.6118703484535217,50.84912565025514,0.694294
1159_3.png,126,run_11,4,"Masterpiece, highly detailed, 4k fantasy warrior with platinum blonde hair styled in a long, elegant braid, stands confidently at the center of an intricately designed, high-tech armored exosuit surrounded by a large, intense swirling vortex of flames and pure energy.",0.7762086391448975,0.6154550313949585,46.594976757590906,0.693373
1159_3.png,127,run_4,1,"A mighty, 4k-resolution warrior stands at the center, wielding ancient elemental powers with fiery inferno and cosmic energy swirling around him. He has short, choppy blonde hair and wears a futuristic, high-end armored suit.",0.8092027902603149,0.6308527588844299,53.711303013276506,0.691039
1159_3.png,128,run_15,3,"A legendary warrior stands in a striking pose at the center, commanding elemental forces with flames and energy swirling around him in a highly detailed art piece. He has short, choppy blonde hair and wears a metallic, advanced armored suit.",0.7995532751083374,0.6368528604507446,49.9275709783203,0.690202
1159_3.png,129,run_14,5,"A blonde-haired warrior rises heroically from the midst of a chaotic, high-resolution, 4K battlefield with a brilliant, radiant aura",0.7589796185493469,0.6307153701782227,39.26225667130035,0.690164
1159_3.png,130,run_3,5,"A highly atmospheric, 8k, digital art piece of a fearless warrior stands heroically at the center, wielding elemental powers with intense, swirling flames and energy billowing around him. He has short spiky blonde hair styled in a mess of fiery locks and wears an advanced, high-tech armored suit.",0.8247982263565063,0.650632381439209,54.96590237975168,0.688674
1159_3.png,131,run_8,3,"A highly skilled warrior stands in the midst of an electrifying battle, wielding the power of the elements as flames and energy dance around him in an impressive futuristic design.",0.7507258653640747,0.5851589441299438,45.5162747767637,0.688353
1159_3.png,132,run_5,3,"A blonde-haired warrior, dressed in a futuristic, metallic armor, channels elemental forces with a fierce determination",0.7601675987243652,0.6033996939659119,45.14796113591598,0.686758
1159_3.png,133,run_3,5,"A highly textured, 8k, photorealistic digital painting of a fearless warrior stands proudly at the center, wielding powerful elemental forces with intense flames and energy swirling dramatically around him. He has short spiky blonde hair and wears a sleek, advanced futuristic armored suit.",0.8011072874069214,0.6383476853370667,50.66758873864539,0.686480
1159_3.png,134,run_2,1,"A highly skilled warrior stands at the center, surrounded by a maelstrom of flames and energy as he wields his powers with precision, his short blonde hair and advanced armor gleaming in the light",0.8288636803627014,0.6526427268981934,56.18617702044465,0.685978
1159_3.png,135,run_3,3,"A highly detailed, 4k, digital painterly anime-inspired sci-fi masterpiece",0.7693846225738525,0.5973977446556091,49.076829624399636,0.685805
1159_3.png,136,run_12,1,"A muscular warrior stands at the center, wielding elemental forces with fierce flames and energy swirling around him. He has short, spiky blonde hair and wears a advanced, armored suit",0.7940111756324768,0.637546718120575,49.300147215513284,0.682850
1159_3.png,137,run_3,5,"A highly detailed, 4k, oil painterly rendition of a fierce warrior stands confidently at the center, wielding elemental powers with bold, swirling flames and energy dancing around him. He has short spiky blonde hair and wears a futuristic, high-tech armored suit.",0.807671070098877,0.6487409472465515,51.40240542331253,0.681601
1159_3.png,138,run_14,1,"A powerful, blonde-haired warrior stands at the center, with futuristic armor glowing in a halo of energy",0.7453591823577881,0.6041022539138794,41.68482898155947,0.680325
1159_3.png,139,run_4,1,"A powerful, photorealistic warrior stands at the center, wielding the elements with roaring flames and electrical energy swirling around him. He has short, spiky blonde hair and wears a sleek, advanced armored suit.",0.8056282997131348,0.6418860554695129,52.55067555785477,0.678419
1159_3.png,140,run_14,5,"In a masterpiece of a highly detailed, 8K digital painting, a fierce, blonde-haired warrior stands heroically with a brilliant, shimmering aura",0.7639058232307434,0.623781144618988,44.03104164923154,0.676540
1159_3.png,141,run_12,2,"A mighty warrior stands at the center, channeling elemental forces with rapid flames and energy swirling around him. He has short, choppy blonde hair and wears a highly stylized futuristic armored suit.",0.8033902049064636,0.6334725022315979,53.80527655172979,0.676054
1159_3.png,142,run_3,2,"A dramatic, cinematic, highly detailed image of a fierce warrior stands at the center of a fiery maelstrom, wielding elemental powers with flames and energy swirling around him. He has short, choppy blonde hair and wears a heavy futuristic armored suit.",0.8096045255661011,0.643680989742279,53.78844348415127,0.675698
1159_3.png,143,run_9,5,"a breathtaking, highly detailed, digital art painting of a fierce, blonde-haired warrior stands strong, wielding elemental forces with intense, fiery energy swirling around him in a high-end futuristic armored suit",0.7594130039215088,0.607539176940918,45.840277510661004,0.675694
1159_3.png,144,run_5,3,"A powerful, blonde-haired warrior from a futuristic realm wields elemental forces in a polished, metallic armored suit",0.7613570690155029,0.6071860790252686,46.4819022585289,0.675620
1159_3.png,145,run_13,3,"A mighty warrior stands at the center, unleashing elemental forces with blazing flames and energetic sparks swirling around him. He has short, platinum-blonde hair and wears a lightweight, advanced armored suit, highly detailed",0.8036580681800842,0.6439346075057983,52.10752190052799,0.675069
1159_3.png,146,run_12,2,"A majestic warrior stands at the center, wielding powerful elemental powers with vibrant flames and energy swirling around him. He has short, messy blonde hair and wears a high-res futuristic armored suit.",0.8157615065574646,0.649143636226654,54.69740832342464,0.674883
1159_3.png,147,run_14,2,"Powerfully built, blonde-haired warrior stands in a heroic pose, encircled by a radiant halo of energy surrounding his high-tech armor",0.7685104012489319,0.6249120235443115,45.46978613629474,0.674507
1159_3.png,148,run_12,1,"A fearless warrior stands at the center, harnessing elemental powers with bright flames and energy swirling around him. He has short, choppy blonde hair and wears a high-resolution, futuristic armored suit",0.8149303793907166,0.6391180157661438,56.80075845067734,0.671572
1159_3.png,149,run_12,2,"A powerful warrior stands at the center, wielding elemental powers with intense flames and energy swirling around him. He has short blonde hair and wears a highly detailed futuristic armored suit.",0.7992293834686279,0.6282751560211182,54.36068352892978,0.670702
1159_3.png,150,run_10,3,"A highly detailed digital painting of a futuristic warrior stands heroically, surrounded by a vibrant display of electrifying aura and powerful, fiery elemental forces",0.770259439945221,0.6197636127471924,47.51819970143532,0.670588
1159_3.png,151,run_6,2,"A mighty and agile warrior stands in the center, harnessing his internal elemental energies to fuel his battles, surrounded by swirling flames and energy. He sports short blonde hair and a versatile futuristic suit with advanced defensive features.",0.8116726875305176,0.6486947536468506,54.2690636884668,0.670399
1159_3.png,152,run_1,3,"Highly detailed and photorealistic artwork depicting a fearless warrior with short blonde hair and a state-of-the-art, high-tech armored suit, standing triumphantly with elemental flames and energy exploding around him",0.7967085838317871,0.6561534404754639,48.66305219678094,0.669617
1159_3.png,153,run_6,2,"A battle-hardened warrior stands tall at the center, with his mastery of elemental forces causing his surroundings to erupt in flames and energy as he exerts his will. He sports short blonde hair and wears a durable high-tech suit with enhanced strength and agility capabilities.",0.7972115278244019,0.6280267834663391,54.018157606333865,0.669388
1159_3.png,154,run_6,2,"A fierce and highly skilled warrior stands at the center, wielding his elemental abilities with precision and skill as flames and energy dance around him in a mesmerizing display. He sports short, styled blonde hair and a robust futuristic armored suit with impressive strength.",0.8014909029006958,0.632736325263977,54.47836688888893,0.668846
1159_3.png,155,run_10,3,"In a digital painting of highly detailed and realistic quality, a futuristic warrior stands heroically, radiating electrifying aura and channeling powerful elemental forces with fiery flames",0.7615880966186523,0.602264940738678,48.59480646585705,0.668079
1159_3.png,156,run_8,5,"A highly detailed image of a skilled fighter stands at the center, wielding elemental powers with flames and energy swirling around him in a futuristic armored suit.",0.7579948306083679,0.6059425473213196,47.072270548879594,0.666763
1159_3.png,157,run_9,1,"A fearless warrior stands at the center, wielding highly advanced elemental powers with intense flames and energy swirling around him, surrounded by a halo of light.",0.7718022465705872,0.5972864031791687,53.03953940204602,0.664388
1159_3.png,158,run_6,5,"A photorealistic highly detailed 4k digital painting of a strong warrior in the foreground, surrounded by intense flames and glowing energy with short blonde hair and piercing blue eyes",0.7769550085067749,0.6359845995903015,47.74412045056078,0.662240
1159_3.png,159,run_12,2,"A legendary warrior stands at the center, unleashing elemental powers with brilliant flames and energy swirling around him. He has short, styled blonde hair and wears a stunning, 4k masterfully crafted futuristic armored suit.",0.8011808395385742,0.6403593420982361,54.10035712196792,0.661477
1159_3.png,160,run_9,2,"A mighty warrior stands at the center, wielding elemental powers with massive flames and energy swirling around him in a 4k digital painting style. He has short, messy blonde hair and wears a highly detailed, futuristic armored suit with metallic accents and intricate details.",0.8108239769935608,0.6578302979469299,53.70410456326325,0.661390
1159_3.png,161,run_14,2,"A blonde-haired, mighty warrior emerges from a swirling vortex, surrounded by a halo of energy emanating from his advanced armor",0.8088423013687134,0.638407826423645,56.71804760499076,0.661276
1159_3.png,162,run_1,5,"highly detailed digital artwork of a fearless, icy blonde warrior stands confidently at the center, unleashing elemental fury with burning flames and energy",0.7524268627166748,0.5902587175369263,49.192508292993296,0.661114
1159_3.png,163,run_9,2,"A fearless warrior stands at the center, wielding elemental forces with blinding flames and energy swirling around him. He has short, textured blonde hair and wears a high-tech, metallic armored suit with a rugged design.",0.7952721118927002,0.6387273669242859,52.81613654817606,0.660591
1159_3.png,164,run_3,5,"A highly realistic, 4k, digital oil painting of a fearless warrior stands steadfast at the center, wielding powerful elemental forces with vibrant, swirling flames and energy radiating around him. He has short, choppy blonde hair and wears a sleek, futuristic armored power suit.",0.8182289004325867,0.6652265191078186,54.771335510993055,0.659577
1159_3.png,165,run_15,3,"A highly detailed, futuristic warrior stands at the center, wielding elemental powers with intense flames and electric energy swirling around him. He has short, spiky blonde hair and wears a sleek, high-tech armored suit.",0.7589007019996643,0.607377290725708,48.25749589009015,0.658924
1159_3.png,166,run_15,1,"A fierce warrior stands in a bold, fiery atmosphere, wielding elemental powers with intense flames and energy swirling around him. He has short, spiky blonde hair and wears a sleek, high-tech armored suit.",0.8010551929473877,0.6442535519599915,53.74824884077263,0.658827
1159_3.png,167,run_2,5,"A skilled warrior stands unmoving amidst a swirling vortex of elemental fire, his short, honey-blonde hair and state-of-the-art, high-technology exosuit a testament to his mastery as he harnesses the power of the flames to unleash a crushing blow upon his enemies",0.8378811478614807,0.6783092617988586,58.21701720722809,0.658672
1159_3.png,168,run_7,5,"A fearless, unyielding warrior stands at the epicenter, commanding elemental forces with blazing inferno and shimmering aurora surrounding him. He has short, chunky blonde hair and wears a finely detailed, hand-drawn futuristic armored suit",0.7944310903549194,0.6639699935913086,48.436668771336194,0.657227
1159_3.png,169,run_7,4,"A fierce, elemental warrior stands centered, unleashing intense flames and energy around him, with short blonde hair and futuristic armor in a highly detailed, 4k digital painting style",0.7957804203033447,0.6420795917510986,52.888181304116344,0.657015
1159_3.png,170,run_11,3,"A fantasy warrior with short platinum blonde hair and neat, styled hair stands at the center of a fiery, swirled energy vortex, surrounded by blazing flames",0.8063620328903198,0.661552906036377,52.410510541458095,0.656835
1159_3.png,171,run_4,2,"A highly detailed, 8k warrior stands at the center, wielding futuristic, high-energy elemental powers with intense, dynamic flames surging around him. He has short, platinum-blonde hair and wears a metallic, high-tech armored suit",0.7824090123176575,0.6295380592346191,51.40009303301,0.656396
1159_3.png,172,run_7,1,"A highly detailed futuristic warrior stands at the center with flames and energy swirling around him, wearing a sleek metallic armored suit with short blonde hair.",0.7963920831680298,0.64177006483078,53.40580923501524,0.655145
1159_3.png,173,run_3,2,"A finely detailed, realistic digital representation of a mighty warrior stands at the center, wielding elemental powers with intense flames and energy swirling around him. He has short, spiky blonde hair and wears a highly advanced futuristic armored suit.",0.7771192193031311,0.6378734707832336,48.52277604745406,0.655110
1159_3.png,174,run_2,2,"A heroic warrior stands at the center of a maelstrom of flames, his short blonde locks and advanced armor a testament to his unwavering skill as he taps into the might of fire and electricity",0.8128783702850342,0.6666553020477295,54.02901973043286,0.652458
1159_3.png,175,run_8,5,"A mighty warrior in a sleek and futuristic armored suit stands at the center, wielding elemental powers with flames and energy swirling around him in a 4k digital painting.",0.7437238693237305,0.5987613201141357,46.43718434789332,0.652255
1159_3.png,176,run_12,4,"A proud and powerful warrior stands confidently, wielding elemental forces with precision and control, against a backdrop of a beautiful, digital painting",0.7401347160339355,0.5882456302642822,47.54622031077875,0.650811
1159_3.png,177,run_12,5,"A fearless and powerful warrior stands proudly, harnessing the raw power of elemental forces and fiery energy with skill and precision, set in a digital artwork",0.7538982033729553,0.6046476364135742,48.53258691802952,0.650805
1159_3.png,178,run_10,1,"A futuristic warrior stands at the center, channeling elemental powers with burning flames and energetic aura surrounding him",0.7668054103851318,0.6112847328186035,51.06695686879823,0.650796
1159_3.png,179,run_1,1,"A mighty warrior stands firmly at the center, mastering elemental forces with blazing flames and energy swirling around him. He sports a short, blonde, messy hairstyle and wears a state-of-the-art, high-tech futuristic armored suit.",0.8039270639419556,0.6524661779403687,54.54210094139456,0.649112
1159_3.png,180,run_14,1,"A bold, blonde-haired warrior stands at the center, with glowing futuristic armor and a fiery elemental aura, highly detailed and reminiscent of a digital art masterpiece",0.7715216875076294,0.6494890451431274,45.67244482804505,0.649064
1159_3.png,181,run_6,4,"A photorealistic 4k digital artwork of a muscular male warrior, standing heroically, with flames and energy emanating from his body, as he wields a powerful sword with a bold, dynamic brush stroke style and short, spiky blonde hair, sharp blue eyes and futuristic armor",0.7696103453636169,0.6425415277481079,46.405965822974046,0.648989
1159_3.png,182,run_15,5,"A masterfully crafted digital depiction of a skilled, elemental warrior radiating fiery energy",0.7796633243560791,0.6178378462791443,54.02154980186122,0.648015
1159_3.png,183,run_10,4,A hero channeling elemental forces stands heroically with a fiery halo and electrifying aura in a realistic digital painting,0.7830036878585815,0.6176784038543701,55.718829884098135,0.643410
1159_3.png,184,run_1,4,"A breathtaking high-resolution digital painting of a fearless, elemental warrior stands majestically at the center, harnessing elemental powers with powerful surging flames and energy bursting around him. He has short, styled dark blonde hair and wears a sleek advanced armored suit with aerodynamic lines and metallic sheen.",0.7593831419944763,0.604352593421936,51.8557020455361,0.639740
1159_3.png,185,run_3,4,"Highly detailed, hyper-realistic, digital painting of a warrior wielding elemental powers with flames and energy",0.7308014035224915,0.6027547717094421,44.058984619544916,0.638272
1159_3.png,186,run_12,1,"A powerful warrior stands at the forefront, channeling elemental powers with vibrant flames and energy swirling around him. He has a short, blonde, messy hairstyle and wears a high-tech armored suit",0.8045895099639893,0.6562783718109131,55.68533646630044,0.638190
1159_3.png,187,run_6,3,"A mighty warrior with piercing blue eyes stands at the center, wielding powerful elemental forces as flames and energy erupt around him in a sweeping cinematic scene",0.7786655426025391,0.6385155916213989,51.41752597689113,0.638163
1159_3.png,188,run_12,5,"A powerful warrior channels fierce elemental forces and intense fiery energy, standing confidently, set in a 4k-rendered futuristic world with dramatic lighting",0.7608433961868286,0.6143919825553894,50.83838882738568,0.637063
1159_3.png,189,run_7,1,"A powerful elemental fighter stands in the foreground with flames dancing around his body, wearing a bold metallic armor and sporting short blonde hair.",0.8117187023162842,0.6635513305664062,56.64139975922868,0.636731
1159_3.png,190,run_13,4,"A warrior with a fierce battle-hardened expression stands at the center, wielding elemental powers with flames and energy swirling around him in a dark and dramatic landscape. He has short blonde hair and wears a futuristic armored suit. Highly detailed, 4k masterpiece.",0.7801130414009094,0.6441582441329956,51.08816039204033,0.636261
1159_3.png,191,run_7,2,"A highly detailed, futuristic warrior stands at the center of a dynamic scene, wielding elemental powers as flames and energy swirl around him in a mesmerizing dance.",0.7490832805633545,0.6268671751022339,45.24789389464089,0.636238
1159_3.png,192,run_6,5,A highly detailed photorealistic 8k ultra high-definition digital painting of a powerful warrior at the center,0.739721417427063,0.6116639971733093,45.499569118821036,0.635064
1159_3.png,193,run_14,3,"A highly realistic, blonde-haired warrior stands resolutely amidst a brilliant, glowing aura surrounded by sleek, cutting-edge digital armor",0.7625401020050049,0.6206036806106567,50.56521277408288,0.634576
1159_3.png,194,run_7,2,"A legendary warrior stands at the forefront, wielding elemental powers, with a fusion of fire and energy swirling around him in a stunning, high-resolution, digital masterpiece.",0.7340885996818542,0.5933868885040283,47.3891700735293,0.633969
1159_3.png,195,run_1,2,"A highly detailed, realistic masterpiece of a fearless, elemental warrior stands confidently at the center, showcasing his mastery of elemental abilities as intense flames and energy interact with him in a dynamic, three-dimensional display. He has short, styled blonde hair and wears a futuristic, armored suit with intricate details and glowing accents.",0.7832432985305786,0.642323911190033,52.70758606151046,0.633804
1159_3.png,196,run_6,4,"A 4k resolution, highly detailed digital painting of a fierce warrior standing tall, surrounded by flames and energy, with a futuristic armored suit and a strong, confident pose, showcasing short blonde hair, piercing blue eyes, and an intense, dynamic background",0.7949379682540894,0.6588619947433472,53.09663668630151,0.633604
1159_3.png,197,run_4,1,"A fearless, highly detailed warrior stands in the midst of a fiery vortex, wielding elemental powers with blazing flames and kinetic energy swirling around him. He has short, tousled blonde hair and wears a heavy, cutting-edge armored suit.",0.8294980525970459,0.68498295545578,58.35429682836846,0.633527
1159_3.png,198,run_4,4,"A futuristic digital warrior stands amidst intense flames, wielding high-energy elemental powers with short, platinum-blonde hair and sleek, high-tech, armored suit",0.795562744140625,0.65483558177948,54.07251346393471,0.633250
1159_3.png,199,run_7,1,"A fearless digital painter's vision of a fierce warrior stands with flames and energy swirling around him, clad in a high-tech armored suit and sporting short blonde hair.",0.7910732626914978,0.6473805904388428,54.146331199022825,0.633197
1159_3.png,200,run_6,5,"A highly detailed photorealistic 4k digital painting of a dominant warrior at the center, surrounded by intense flames and glowing energy with short blonde hair and piercing blue eyes",0.7922039031982422,0.6656609773635864,51.13748945763819,0.633030
1159_3.png,201,run_9,5,"a majestic, highly realistic, 4k digital painting of a powerful, blonde-haired warrior stands triumphant, wielding elemental forces with intense, fiery energy swirling around him in a state-of-the-art futuristic armored suit",0.7652069330215454,0.6364865899085999,49.13538709581251,0.629839
1159_3.png,202,run_3,1,"An epic hero stands resolutely at the center, harnessing mighty elemental powers with brilliant flames and energy swirling around him",0.7782815098762512,0.6375982165336609,52.98921755573708,0.628148
1159_3.png,203,run_15,1,"A strong, rugged warrior stands at the center, summoning elemental forces with flames and energy dancing around him. He has a short, messy blonde hairdo and wears a advanced, metallic armored suit.",0.7955971360206604,0.6574828624725342,54.44160137581661,0.627656
1159_3.png,204,run_13,3,"A fearless warrior stands at the center, controlling elemental powers with fierce flames and energetic explosions swirling around him. He has short, honey-blonde hair and wears a custom, state-of-the-art armored suit, digital painting",0.8203675150871277,0.6759313344955444,58.27954548515611,0.627473
1159_3.png,205,run_9,3,"A powerful warrior with short, messy, platinum blonde hair stands at the center, wielding elemental forces with intense, electric blue flames and energy swirling around him while wearing a sophisticated, high-tech armored suit",0.7889098525047302,0.6459411382675171,54.83809648649648,0.626214
1159_3.png,206,run_13,3,"A powerful warrior stands at the center, radiating elemental forces with crackling flames and electric energy swirling around him. He has short, sun-kissed blonde hair and wears a futuristic, aerodynamic armored suit, 4k digital painting masterpiece",0.7950623035430908,0.6595315933227539,54.295719464206186,0.625100
1159_3.png,207,run_8,5,"A skilled warrior stands at the center, wielding elemental powers with vibrant flames and energy swirling around him in a highly detailed fantasy landscape.",0.7524815797805786,0.6319372653961182,47.113501981930554,0.624271
1159_3.png,208,run_10,4,"A powerful, futuristic warrior channeling the essence of earth and fire stands heroically at the center in an electrifying digital art scene",0.7026334404945374,0.5834590792655945,41.736700813301084,0.622931
1159_3.png,209,run_14,3,"A blonde-haired, highly detailed warrior stands confidently with pulsating digital armor",0.7559826970100403,0.638449490070343,47.30540704520307,0.621814
1159_3.png,210,run_2,2,"A legendary warrior stands within a turbulent storm of flames and lightning, his short blonde hair and high-tech armor a testament to his unbridled skill as he channels the primal forces of nature",0.770882248878479,0.6557590961456299,48.67908930629913,0.620328
1159_3.png,211,run_15,1,"A powerful warrior rises from the heart of a blazing tempest, his body surrounded by elemental forces and an aura of flames and energy. He sports a short, edgy blonde haircut and is clad in a futuristic, armored exosuit.",0.7922472953796387,0.6577953100204468,55.16707974855802,0.616038
1159_3.png,212,run_9,5,"a stunning, 8k, masterpiece digital painting of a mighty, blonde-haired warrior stands victorious, wielding elemental forces with intense, fiery energy swirling around him in a high-tech futuristic armored suit",0.7305107116699219,0.6088709235191345,46.26850690379179,0.615665
1159_3.png,213,run_2,5,"A mighty warrior stands resolute amidst a maelstrom of flame, his short, fiery-red hair and advanced, cybernetic exosuit a testament to his unwavering courage as he charges forward, unleashing a barrage of energy and flames to shatter the enemy's defenses",0.7831209301948547,0.657122015953064,52.82540252666448,0.614790
1159_3.png,214,run_8,1,"A highly skilled, blonde-haired warrior stands tall at the center, wielding powerful elemental forces with dynamic flames and energy in a beautiful, highly detailed, 4k masterpiece artwork.",0.7736794948577881,0.6604031324386597,49.59156932940559,0.614025
1159_3.png,215,run_11,1,"A photorealistic, ultra-detailed image of a heroic warrior stands at the center, channeling elemental powers with massive flames and energy swirling around him. He has short blonde hair, styled in a neat manner and wears a high-tech armored suit.",0.76918625831604,0.6440929174423218,51.42447932052267,0.613105
1159_3.png,216,run_8,2,"A fearless, 4k-resolution warrior stands in the spotlight, wielding elemental powers with swirling fire and dynamic energy blasts",0.7476167678833008,0.5989644527435303,53.45458400360313,0.613096
1159_3.png,217,run_6,3,"A fierce battle-hardened warrior stands at the center, wielding powerful elemental forces with intense flames and energy swirling around him",0.7491684556007385,0.6282439827919006,48.58162348715413,0.612685
1159_3.png,218,run_10,2,"A highly detailed, futuristic warrior stands confidently at the center, channeling intense elemental powers with vibrant flames and a powerful energetic aura surrounding him in a 4k digital painting style",0.7455825805664062,0.6151812672615051,50.034326578811914,0.612073
1159_3.png,219,run_5,3,"A highly detailed, blonde-haired warrior wields elemental forces in a sleek, high-tech, metallic armored suit",0.7387088537216187,0.6143280267715454,48.38279103105031,0.610813
1159_3.png,220,run_5,4,"A skilled blonde warrior wearing a high-tech, metallic armor suit unleashes elemental forces in a futuristic environment",0.7586773037910461,0.6475433707237244,48.316002409601126,0.609252
1159_3.png,221,run_9,4,"A dynamic and highly detailed digital artwork of a mighty warrior stands amidst a maelstrom of elemental forces, flames and energy swirling around him with metallic accents and sleek armor",0.7208834886550903,0.6150497794151306,43.453826680378825,0.608247
1159_3.png,222,run_7,2,"A fierce, heavily-armed warrior stands at the center, mastering the elements as fire and energy swirl around him in a breathtaking, 4k digital painting.",0.7437101602554321,0.6174400448799133,49.91189627123711,0.606535
1159_3.png,223,run_6,4,"A highly detailed, ultra-realistic 4k digital painting of a male warrior at the center, standing in a heroic pose, surrounded by swirling flames and energy, wearing a sleek futuristic armored suit with intricate details, short blonde hair, and piercing blue eyes with a sense of movement and dynamism",0.7644095420837402,0.6437810063362122,51.09549050580624,0.606474
1159_3.png,224,run_15,1,"A mighty warrior stands amidst a whirlwind of elemental forces, his body surrounded by intense flames and energy. He sports a short, spiky blonde haircut and wears a highly advanced, digital-inspired armored suit.",0.7921685576438904,0.6673132181167603,55.03839167296979,0.605160
1159_3.png,225,run_2,4,"A warrior stands unyielding amidst a maelstrom of burning flames, his short, golden hair and sleek exosuit a testament to his expertise as he unleashes a devastating blast of energy",0.8251696825027466,0.7142601013183594,56.08919897166722,0.604570
1159_3.png,226,run_5,4,"A blonde warrior in a heavily armored, metallic exosuit with intricate details, wields elemental forces in a dystopian cityscape",0.7484798431396484,0.6391317844390869,47.66495196645483,0.604179
1159_3.png,227,run_13,4,"A dynamic figure of a fierce warrior stands at the center, wielding elemental powers with flames and energy swirling around him in a dynamic and futuristic cityscape. He has short blonde hair and wears a high-tech armored suit with glowing blue accents. Masterpiece.",0.75980544090271,0.6361743211746216,51.5215178044572,0.604056
1159_3.png,228,run_5,3,"A blonde-haired warrior, wearing highly detailed, metallic armor, controls the elements with mastery in a futuristic, cyberpunk cityscape",0.737403154373169,0.6357535123825073,45.214430187443504,0.603190
1159_3.png,229,run_15,2,"A highly detailed, futuristic warrior stands at the center, his elemental powers coursing through him with an aura of intense flames and energy that radiates across the surrounding environment.",0.744606077671051,0.6336588263511658,47.852082917143605,0.602149
1159_3.png,230,run_12,3,"A highly detailed, 4k masterpiece of a fearless warrior stands confidently at the center, surrounded by a stunning display of elemental forces and fiery energy in a sleek futuristic armored suit",0.7500945329666138,0.6392691731452942,48.42217935419502,0.602110
1159_3.png,231,run_8,2,"A fierce warrior stands at the center of the frame, wielding elemental powers with intense flames and energetic blasts of air swirling around him",0.7351416349411011,0.5994418263435364,51.456448089481775,0.601737
1159_3.png,232,run_1,4,"A highly detailed photorealistic image of a fearless, elemental warrior stands confidently at the center, mastering elemental abilities with warm glowing flames and energy pulsating around him. He has short, styled golden blonde hair and wears a cutting-edge high-tech armored suit with complex mechanisms and digital displays.",0.7622123956680298,0.638543963432312,52.18282799839056,0.601429
1159_3.png,233,run_3,4,"Highly detailed, 4k, photorealistic digital artwork of a powerful warrior",0.7307758927345276,0.6237303614616394,45.804636772096295,0.601168
1159_3.png,234,run_7,4,"A warrior stands at the center, unleashing primal elemental powers with intense flames and energy swirling around him. Highly detailed, 4k, masterpiece digital painting of a strong male figure, short blonde hair and futuristic armored suit",0.7778682708740234,0.6599081754684448,52.88587645135748,0.600901
1159_3.png,235,run_13,2,"A masterfully crafted warrior with a short, styled blonde haircut stands at the center, channeling elemental powers with vibrant flames and energy swirling around him in a highly detailed 4K masterpiece",0.80136638879776,0.6904997229576111,54.113735259803356,0.600759
1159_3.png,236,run_5,4,"Highly detailed, a powerful blonde-haired warrior in a futuristic metallic armored suit wields elemental forces",0.7357337474822998,0.6255667805671692,47.121753308334426,0.599760
1159_3.png,237,run_5,5,"Highly detailed, futuristic blonde-haired warrior wielding elemental forces in a sleek, high-tech metallic armored suit",0.7458750009536743,0.6214972138404846,50.95489279623814,0.598867
1159_3.png,238,run_12,4,"A fearless and skilled warrior stands triumphantly, harnessing fiery energy with mastery, set in a 4k, cyberpunk metropolis",0.7482046484947205,0.6419499516487122,47.98245965461771,0.598123
1159_3.png,239,run_9,4,"A close-up shot of a fierce warrior stands at the center, wielding his sword with energy and flames swirling around the blade in a highly detailed digital painting",0.7528684735298157,0.6227232217788696,52.89471809113331,0.597998
1159_3.png,240,run_5,5,"In a world of high-tech chaos, a powerful, blonde-haired warrior harnesses her elemental powers within a futuristic, advanced metallic armored suit",0.7456594705581665,0.6452538371086121,46.69777543557627,0.597704
1159_3.png,241,run_12,1,"A bold warrior stands at the center, unleashing elemental forces with dramatic flames and energy swirling around him. He has short, bleached blonde hair and wears a highly detailed, armored suit",0.7948039174079895,0.6692062020301819,56.657568202396355,0.597220
1159_3.png,242,run_10,5,"A heroic futuristic warrior stands confidently at the center, channeling cosmic elemental forces with explosive fiery flames and a radiant, electrifying aura in a stunning digital art piece.",0.7639294862747192,0.6544503569602966,50.527424560415845,0.596329
1159_3.png,243,run_11,1,"A dynamic, masterpiece-quality digital illustration of a powerful warrior stands at the center, possessing elemental powers with blazing flames and energy swirling around him. He has short, styled blonde hair and wears a state-of-the-art armored suit.",0.7678408622741699,0.6438723802566528,53.62762172336456,0.596219
1159_3.png,244,run_7,5,"A majestic, imposing warrior stands at the forefront, unleashing elemental fury with raging flames and electrifying energy swirling around him. He sports a short, edgy blonde hairstyle and wears a striking high-poly futuristic armor set",0.7764284014701843,0.660205602645874,53.3813729572447,0.594494
1159_3.png,245,run_7,1,"A dynamic, 4k digital masterpiece of a futuristic warrior with elemental powers, short blonde hair, and an armored suit stands at the center, surrounded by fiery explosions of energy.",0.7467464208602905,0.6463426947593689,47.66784744756457,0.592056
1159_3.png,246,run_7,4,"A mighty, armored warrior stands at the center, commanding elemental forces with flames and energy bursting around him. Highly detailed, photorealistic digital painting, short blonde hair and  metallic armor",0.7789818644523621,0.6715227365493774,52.50176114150905,0.591455
1159_3.png,247,run_10,3,"A digital art of a heroic, futuristic warrior stands at the center, channeling powerful elemental forces, radiating a dynamic electrifying aura and surrounded by highly detailed, vibrant flames.",0.7314375638961792,0.6252802610397339,47.21146538581735,0.591254
1159_3.png,248,run_3,1,"A powerful warrior stands confidently at the center, wielding intense elemental forces with dynamic flames and energy swirling around him in a blur",0.7458971738815308,0.6128680109977722,53.70401034349224,0.591229
1159_3.png,249,run_10,5,"A highly detailed futuristic warrior stands heroically at the center, channeling powerful elemental forces with intense fiery flames and an electrifying aura in a 4k digital painting masterpiece.",0.7520990371704102,0.6364820003509521,51.16861650173656,0.591196
1159_3.png,250,run_13,2,"A fierce, highly detailed warrior stands at the center, wielding elemental powers with intense flames and energy swirling around him",0.7558360695838928,0.6305838823318481,53.34929607244353,0.591138
1159_3.png,251,run_10,4,"A warrior with the power of the elements stands heroically at the center with fiery flames and an electrifying aura in an intricate, highly detailed digital painting",0.7499208450317383,0.6328063607215881,51.346252395559894,0.590304
1159_3.png,252,run_6,2,"A fierce and muscular warrior stands at the center, with elemental powers bursting forth in a blaze of fire and energy around him. He sports short blonde hair and wears a sturdy futuristic suit with enhanced armor plating.",0.7794182300567627,0.6614084243774414,54.71605316003045,0.589956
1159_3.png,253,run_1,5,"a highly realistic, breathtaking digital artwork of a fearless, icy blonde elemental warrior stands regally at the center, wielding his elemental powers with fierce, burning flames and intense energy swirling around him",0.7221211194992065,0.6163148880004883,46.38572345423451,0.589703
1159_3.png,254,run_10,5,"A legendary futuristic warrior stands valiantly at the center, channeling elemental forces with intense, flickering fiery flames and an electrifying aura in a highly detailed, 4k digital painting.",0.7447411417961121,0.6171773672103882,52.917092367814476,0.588967
1159_3.png,255,run_8,3,"A fierce elemental warrior stands at the apex, dominating the battlefield with his mastery of fire and energy, as flames and elemental forces collide in a stunning work of digital art.",0.733009934425354,0.6227771043777466,48.97772370151027,0.585644
1159_3.png,256,run_7,5,"A fierce, muscular warrior stands at the center, wielding elemental powers with intense flames and vibrant energy swirling around him. He has short, spiky blonde hair and wears a highly detailed futuristic armored suit",0.7647239565849304,0.6575869917869568,51.80255751174693,0.585611
1159_3.png,257,run_14,5,"In the center of a vibrant, high-resolution, 4K digital artwork, a strong, blonde-haired warrior emerges heroically with a brilliant, radiant aura",0.7575055360794067,0.6297900676727295,55.02878415884541,0.584209
1159_3.png,258,run_1,3,"A highly realistic, hyper-detailed illustration of an elemental warrior stands at the center, mastering elemental abilities with flames and energy swirling around him, surrounded by a subtle, atmospheric mist and a dark, ominous background",0.7159021496772766,0.6061431169509888,47.524481983064355,0.582587
1159_3.png,259,run_10,5,"A powerful futuristic warrior stands heroically at the center, channeling ancient elemental forces with blazing fiery flames and an electrifying aura in a highly realistic digital painting.",0.7426326274871826,0.6253957748413086,51.815112025062156,0.582202
1159_3.png,260,run_10,1,"A warrior stands at the center, wielding elemental powers with intense flames and mystical energy swirling around him",0.7244956493377686,0.6033862829208374,50.85853586159526,0.580421
1159_3.png,261,run_13,3,"A fierce warrior stands at the center, wielding elemental powers with intense flames and dynamic energy swirling around him. He has short, golden-blonde hair and wears a sleek, high-tech armored suit. Highly detailed",0.7834235429763794,0.656280517578125,58.419574558151716,0.579408
1159_3.png,262,run_7,3,"A fierce warrior stands at the center, wielding raw elemental powers with intense flames and pure energy swirling around him. Highly detailed, 4k masterpiece",0.746333122253418,0.6266761422157288,53.532530832194034,0.576406
1159_3.png,263,run_7,5,"A formidable, awe-inspiring warrior stands at the heart, harnessing elemental powers with crackling lightning and blazing combustion surrounding him. He has a short, slicked-back blonde hairstyle and dons a photorealistic futuristic armored exosuit.",0.7344325184822083,0.6209119558334351,51.442921353435594,0.574349
1159_3.png,264,run_10,1,"A highly detailed warrior stands at the center, wielding elemental powers with dynamic flames and vibrant energy swirling around him",0.7251018285751343,0.6075088381767273,51.19819274600242,0.574327
1159_3.png,265,run_8,1,"A muscular, blonde-haired warrior stands heroically in the center, surrounded by intense elemental forces and energy with a sense of heroism and bravery",0.6906747817993164,0.6304987072944641,37.24043930670531,0.572448
1159_3.png,266,run_5,1,"A highly realistic, 4k rendering of a fearless, blonde-haired warrior stands at the center, wielding elemental powers with intense flames and energy swirling around him, set against a dark, gritty, sci-fi cityscape at dusk.",0.729625940322876,0.6360026001930237,47.89563864934373,0.570205
1159_3.png,267,run_5,2,"A fierce, blonde-haired elemental warrior stands in a cinematic, 4k digital painting style, wielding powers and surrounded by flames and energy.",0.7738799452781677,0.6742977499961853,53.85581214304464,0.569316
1159_3.png,268,run_2,1,"A mighty warrior stands amidst a vortex of fire and lightning, his short blonde hair and futuristic armor evident despite the chaos",0.7510797381401062,0.6633651256561279,49.69011700711784,0.566313
1159_3.png,269,run_8,4,"A muscular warrior stands at the center, wielding elemental powers with intense flames and energy swirling around him in a dynamic dance. Highly detailed futuristic armored suit",0.7361396551132202,0.6277307271957397,52.31428030895645,0.563576
1159_3.png,270,run_9,2,"A strong, muscular warrior stands at the forefront, wielding elemental powers with turbulent flames and energy swirling around him. He has short, spiky blonde hair and wears a bulky, high-tech armored suit.",0.7525293827056885,0.6558120250701904,52.01468592894495,0.562918
1159_3.png,271,run_15,3,"A mighty warrior stands proudly at the center, harnessing elemental powers with fiery flames and energetic blasts swirling around him in a stunning, realistic digital painting. He has short, textured blonde hair and wears a reinforced, cutting-edge armored suit.",0.785870373249054,0.6806164383888245,57.23933666956318,0.562316
1159_3.png,272,run_15,1,"A fierce warrior stands victorious, his body bathed in the warm glow of elemental powers with flames and energy swirling around him. He has short, choppy blonde hair and wears a custom, high-tech armored exosuit.",0.7908630967140198,0.6844193935394287,58.35757195568298,0.559898
1159_3.png,273,run_9,1,"A skilled warrior in advanced futuristic armor stands at the center, wielding advanced elemental powers with blazing flames and energy dynamics all around him.",0.7109789848327637,0.6130068302154541,48.84924600488495,0.556013
1159_3.png,274,run_1,3,"A masterpiece 4K digital painting of an elemental warrior with short blonde hair stands confidently at the center, surrounded by swirling flames, energy blasts, and a stunning, starry night sky background",0.7868782877922058,0.7186495065689087,52.246691677307155,0.551004
1159_3.png,275,run_5,1,"A fierce, powerful warrior stands at the center wearing a sleek, high-tech armored suit, surrounded by swirling flames and energetic forces amidst a dramatic, post-apocalyptic background.",0.7381970286369324,0.6362893581390381,53.55968089767006,0.548888
1159_3.png,276,run_13,4,"A lone warrior stands at the center, wielding elemental powers with intense flames and energy swirling around him on a barren and desolate post-apocalyptic wasteland. He has short blonde hair and wears a heavily damaged futuristic armored suit. Dark, gritty, highly detailed masterpiece.",0.7181519865989685,0.6294873356819153,49.19139469821245,0.547498
1159_3.png,277,run_14,1,"A rugged, blonde-haired warrior stands at the center, surrounded by a swirl of fiery elemental energy and highly detailed futuristic technology",0.7660804986953735,0.6899296045303345,52.15847811011362,0.546527
1159_3.png,278,run_7,3,"A highly skilled warrior stands firmly in the center, wielding strong elemental powers with raging flames and electrifying energy swirling around him, wearing a sleek armored suit",0.7233957648277283,0.6153885722160339,53.72511682576732,0.544754
1159_3.png,279,run_10,1,"A highly detailed, 4k warrior stands at the center, wielding ancient elemental powers with vibrant flames and mystical energy dancing around him",0.7133155465126038,0.626278281211853,49.16946941081266,0.542246
1159_3.png,280,run_8,5,"A dynamic and highly realistic image of a fierce warrior stands at the center, wielding elemental powers with flames and energy in a mesmerizing swirl around him.",0.7335466742515564,0.6336597800254822,53.71693361417031,0.542104
1159_3.png,281,run_8,2,"A powerful, highly detailed warrior stands at the center, wielding elemental powers with burning flames and energized aura surrounding him",0.7387815713882446,0.6498313546180725,52.37098243995586,0.541400
1159_3.png,282,run_8,4,"A fearless hero stands at the center, wielding elemental powers with blazing fire and energy swirling around him in a whirlwind of action. Highly detailed epic digital painting",0.7196235656738281,0.6219081878662109,52.08493623293033,0.540415
1159_3.png,283,run_3,4,"A 4k, highly detailed digital illustration of a muscular warrior in a futuristic armor suit, with dynamic flames and energy effects.",0.7198891639709473,0.637128472328186,49.826043725968866,0.537348
1159_3.png,284,run_13,5,"The fearless commander stands poised at the forefront, harnessing the fury of the elements with blazing fire and electrical discharges encircling him, in 8k resolution, a true masterpiece",0.6970094442367554,0.6052209734916687,49.08671128444442,0.537050
1159_3.png,285,run_13,2,"A brilliant digital painting of a fearless warrior with short blonde hair stands at the center, wielding elemental forces with intense flames and energy swirling around him",0.7756509780883789,0.689809262752533,56.605399861414234,0.535675
1159_3.png,286,run_3,4,"A highly stylized, vibrant, digital painterly masterpiece of a skilled fighter stands at the center",0.7329212427139282,0.6623077392578125,49.475307683716345,0.534101
1159_3.png,287,run_10,3,"A futuristic warrior stands heroically at the forefront, channeling powerful elemental forces with vibrant, fiery flames and a dynamic electrifying aura in a highly detailed digital art masterpiece",0.6990135908126831,0.6117534041404724,48.975376248046274,0.533694
1159_3.png,288,run_1,5,"a majestic, highly realistic digital 4k artwork of a fierce, elemental champion proudly stands at the center, wielding his elemental abilities with fiery intensity",0.710159957408905,0.6322700381278992,48.66028787158233,0.532257
1159_3.png,289,run_9,1,"A powerful hero stands at the center, harnessing magical elemental forces with fiery tendrils and an aura of energy around him.",0.7358521819114685,0.6538751721382141,52.46951466464444,0.530197
1159_3.png,290,run_3,1,"A majestic warrior stands heroically at the center, channeling incredible elemental powers with radiant flames and energy swirling around him",0.729698121547699,0.6434339880943298,53.15830481453172,0.526509
1159_3.png,291,run_10,3,"The heroically posed futuristic warrior glows with electrifying aura, stands at the center, surrounded by fiery elemental forces in a detailed, realistic digital art",0.6851938366889954,0.6069525480270386,47.46096276171977,0.522972
1159_3.png,292,run_8,1,"A warrior stands confidently at the center, wielding elemental powers with intense flames and energy swirling around him in a dynamic, highly detailed manner. Highly stylized, vibrant, fantasy artwork, 4k resolution",0.6964325308799744,0.6157694458961487,49.18864912728099,0.522436
1159_3.png,293,run_9,3,"A fierce and powerful warrior stands at the center of a dark, gritty cityscape, wielding elemental forces with highly detailed, 3D animated flames and energy swirling around him while wearing a futuristic, metallic armored suit with neon accents.",0.7030242681503296,0.6293096542358398,48.63194397186672,0.522323
1159_3.png,294,run_4,3,"A dynamic, highly-stylized digital warrior is at the epicenter of elemental fury, wielding incredible powers with brilliant, burning flames dancing around him in a swirl of smoke and light",0.7040185928344727,0.6163885593414307,51.65631991461577,0.519955
1159_3.png,295,run_15,5,"A digital artwork of a strong, mighty elemental warrior in full battle stance",0.6632709503173828,0.5944784283638,43.87205922671584,0.519717
1159_3.png,296,run_8,2,"A majestic, highly detailed warrior stands in a futuristic cityscape, wielding elemental powers with flames and energy swirling around him, set against a dark, gritty background",0.6821009516716003,0.6191965341567993,45.611096723778566,0.514363
1159_3.png,297,run_8,5,"A fierce and powerful warrior stands at the center, wielding elemental powers with intense flames and energy swirling around him in a dramatic style.",0.7347252368927002,0.6355574131011963,58.302259004978104,0.511745
1159_3.png,298,run_15,2,"A highly detailed warrior stands at the center, wielding powerful elemental forces with intense flames and energy swirling around him, creating a dynamic scene.",0.722449779510498,0.6452569365501404,53.098667817035356,0.510747
1159_3.png,299,run_9,3,"A highly detailed, photorealistic image of a fierce and powerful warrior stands at the center, wielding elemental forces with intense, orange flames and energy swirling around him while wearing a sleek, metallic armored suit",0.7383853197097778,0.6658036112785339,54.25985955282515,0.508722
1159_3.png,300,run_5,2,A fiery elemental warrior stands amidst swirling flames and energy,0.7444755434989929,0.6715874671936035,55.05564432984932,0.508136
1159_3.png,301,run_10,5,"A majestic futuristic warrior stands bravely at the center, channeling primal elemental forces with swirling fiery flames and an electrifying aura in a highly detailed digital art masterpiece.",0.7201108932495117,0.658638596534729,50.395225607796334,0.507848
1159_3.png,302,run_10,4,A futuristic warrior in an electrifying atmosphere stands heroically at the center in a highly detailed digital painting masterpiece,0.7091110944747925,0.6462554931640625,49.586208530128715,0.507107
1159_3.png,303,run_8,4,"A fearless commander stands at the center, wielding elemental powers with fiery sparks and energy swirling around him in a mesmerizing vortex. Extremely detailed 4k digital masterpiece",0.7152107357978821,0.6410639882087708,52.845385482133445,0.503602
1159_3.png,304,run_12,3,"A highly detailed warrior of great courage stands centered, surrounded by powerful forces of elemental energy and dynamic flames",0.7275120615959167,0.6807588934898376,49.563218824787796,0.500676
1159_3.png,305,run_12,4,"A highly detailed, futuristic warrior stands proudly, channeling elemental forces with precision and control in a dark, dystopian world",0.7320076823234558,0.6769964694976807,51.577543575688864,0.500579
1159_3.png,306,run_6,1,"A powerful warrior stands at the center, wielding elemental powers with blazing flames and energy swirling around him in a beautiful aurora",0.7658482789993286,0.7284241914749146,51.97735571075369,0.500456
1159_3.png,307,run_6,1,"A legendary warrior stands amidst a maelstrom, wielding elemental powers with flames and energy swirling around him in a highly detailed digital painting style",0.6985664367675781,0.6263892650604248,51.62311504604766,0.497526
1159_3.png,308,run_5,2,"A highly detailed, photorealistic warrior stands at the center, surrounded by elemental energy and flames, wearing a sleek, futuristic armored suit",0.7454166412353516,0.68355393409729,54.81945460236496,0.496952
1159_3.png,309,run_14,5,"On a dramatic, high-resolution, 8K canvas, a fearless, blonde-haired warrior stands heroically with a brilliant, swirling aura",0.6835017204284668,0.6357583999633789,46.12359266576005,0.493524
1159_3.png,310,run_9,1,"A legendary warrior stands at the center, channeling the elements to summon immense flames and energy swirling around him in a stylized, digital painting.",0.7125867605209351,0.640859842300415,53.66668939162169,0.493374
1159_3.png,311,run_2,1,"A fierce warrior stands in the foreground, emitting intense elemental powers with blazing flames and electrical energy swirling around him",0.7391061186790466,0.6503984928131104,59.991263636585465,0.490950
1159_3.png,312,run_1,5,"a stunning, highly detailed, 4k digital painting of an icy blonde, elemental warrior stands heroically at the center, armed with a powerful, futuristic suit and sharp elemental abilities",0.7359517812728882,0.653100311756134,58.62266585405751,0.490647
1159_3.png,313,run_4,3,"A highly detailed, photorealistic digital warrior stands at the center, wielding advanced, high-energy elemental powers with intense flames dancing around him",0.7182013392448425,0.6478790044784546,54.71331929153538,0.488713
1159_3.png,314,run_13,5,"The fearless hero stands proudly at the focal point, wielding raw elemental forces with massive flames and electromagnetic blasts surrounding him, in an ultra-detailed, 16:9 aspect ratio digital artwork, a true masterpiece",0.7068004012107849,0.6428991556167603,53.052462435173304,0.483828
1159_3.png,315,run_3,3,"A highly detailed, 4k, digital painterly photorealistic futuristic warrior in a dramatic setting",0.6989322304725647,0.6365694999694824,52.06113395715293,0.482951
1159_3.png,316,run_6,1,"A heroic warrior stands at the epicenter, harnessing primal forces with intense flames and energy swirling around him in a dynamic motion",0.6993529796600342,0.6264778971672058,54.27298098899208,0.481410
1159_3.png,317,run_10,4,A warrior with powers of the elements stands courageously amidst a fiery blaze with an electrifying aura in 4k digital art,0.7384140491485596,0.6701105833053589,57.68130027697864,0.480916
1159_3.png,318,run_7,1,"At the center, a powerful, flame-wielding warrior with short blonde hair stands amidst a swirling vortex of energy, surrounded by an aura of digital light.",0.7550159096717834,0.7052847146987915,56.287564346292136,0.479273
1159_3.png,319,run_6,3,"A fierce elemental warrior stands at the center, radiating an aura of power as flames and energy dance around him in a highly detailed 4k resolution digital painting",0.7364952564239502,0.6691803336143494,57.58582642171707,0.478989
1159_3.png,320,run_8,4,"A powerful sorcerer stands at the center, wielding elemental powers with brilliant flames and energy swirling around him in a stunning display of strength. Highly detailed realistic futuristic suit",0.6873316168785095,0.6251006722450256,51.41323148606529,0.478877
1159_3.png,321,run_11,3,"Fantasy warrior clad in an armored exosuit with metallic accents appears in a dramatic, intense scene surrounded by dynamic flames",0.7222416996955872,0.6833142638206482,51.980354766076466,0.471451
1159_3.png,322,run_1,3,"A highly detailed, 4K, digital painting of a fearless elemental warrior stands proudly, surrounded by intense elemental forces with flames, energy blasts, and a dark, mystical atmosphere.",0.7063820958137512,0.6486203670501709,53.9702571332935,0.469996
1159_3.png,323,run_4,3,"A stunning, highly-stylized digital warrior exudes confidence, wielding high-energy elemental powers with brilliant, burning flames erupting around him",0.725432276725769,0.6659229397773743,56.44698899875567,0.469208
1159_3.png,324,run_2,4,"A powerful, fearless champion stands unmoving amidst a raging inferno of elemental flames, his short, golden hair and advanced, high-tech armor a testament to his unyielding will as he unleashes a cataclysmic blast of energy",0.7475931644439697,0.7014153599739075,56.552654685765006,0.467953
1159_3.png,325,run_9,4,"A highly detailed, 4k digital painting of a powerful warrior stands in the center of a darkened landscape, elemental forces swirling intensely around him with flames dancing upwards",0.7127888202667236,0.6439842581748962,57.65292377903228,0.463606
1159_3.png,326,run_15,2,"A futuristic, armored warrior stands at the edge of a burning cityscape, with flames and energy enveloping him in a maelstrom of elemental force.",0.6633727550506592,0.6286458373069763,46.185548344885845,0.463058
1159_3.png,327,run_8,2,"A legendary, digital painting of a fierce warrior stands at the center, wielding elemental powers with flames and energy swirling around him, set against a gradient blue sky",0.7048286199569702,0.6377371549606323,56.640250487666705,0.462593
1159_3.png,328,run_15,4,"A highly detailed, digital painting of a powerful, elemental warrior stands at the center, channeling intense flames and advanced energy in an epic, visually stunning artwork with intricate details.",0.7381770014762878,0.710792601108551,53.318502811933115,0.459824
1159_3.png,329,run_9,4,"A digital masterpiece of a warrior stands in the center of a dynamic scene, surrounded by elemental forces with flames and energy swirling intensely around him, with a focus on realistic, high-detailed textures",0.6925996541976929,0.6523133516311646,51.13932035836156,0.457719
1159_3.png,330,run_15,4,"A 4K, detailed digital artwork of a strong, elemental warrior stands at the center, channeling fierce flames and potent energy surrounded by a halo of light in a dynamic, highly detailed scene.",0.7410499453544617,0.7022659182548523,56.19534310258047,0.456699
1159_3.png,331,run_1,5,"an extraordinary, award-winning digital masterpiece of a fearless warrior stands powerfully at the center, surrounded by swirling elemental energies and fierce burning flames",0.7371227741241455,0.6854118704795837,58.37594151862671,0.455229
1159_3.png,332,run_4,3,"At the heart of a futuristic cityscape, a magnificent, highly-detailed digital hero wields powerful elemental forces, surrounded by brilliant, fiery explosions",0.6862581372261047,0.6515728831291199,49.976781882455874,0.454112
1159_3.png,333,run_9,1,"A highly detailed warrior stands at the center, mastering ancient elemental powers with intense flames and energy swirling around him, set against a dark background.",0.7245600819587708,0.6499379873275757,61.44551646696416,0.453924
1159_3.png,334,run_7,3,"A powerful warrior stands in the foreground, wielding mighty elemental powers with blazing flames and vibrant energy swirling around him, set against a dark cityscape",0.740565836429596,0.6755722165107727,61.45570368943866,0.453455
1159_3.png,335,run_10,2,"A fearless futuristic warrior stands proudly at the center, channeling mighty elemental forces with blazing flames and a strong energetic aura in a beautiful digital painting",0.6635905504226685,0.6001394391059875,52.94705951250446,0.453444
1159_3.png,336,run_13,5,"A battle-hardened warrior stands at the heart of the composition, exuding ancient elemental power with blazing wildfires and electromagnetic storms swirling around him, in a photorealistic digital painting, 5k resolution, a work of art",0.6975662708282471,0.6604323387145996,52.62721788611083,0.447557
1159_3.png,337,run_15,4,"A beautifully colored, highly detailed digital artwork of a heroic, elemental warrior stands at the center, channeling magical flames and energy in a majestic, visually stunning scene with dynamic lighting.",0.6942676305770874,0.6507534980773926,53.76674107110681,0.445452
1159_3.png,338,run_8,3,"A powerful warrior stands at the center of a dynamic battlefield, channeling elemental forces through his body as flames and energy collide in a highly detailed masterpiece.",0.6856216192245483,0.6485256552696228,52.08623642625315,0.442647
1159_3.png,339,run_6,1,"A mighty warrior stands at the center, harnessing elemental powers with explosive energy and flames swirling around him in a masterpiece of science fiction artwork",0.6927700042724609,0.6488633155822754,54.33933215059578,0.441085
1159_3.png,340,run_10,2,"A mighty warrior from the future stands majestically at the center, channeling primal elemental powers with roaring flames and a dynamic energetic aura in a highly detailed 4k image",0.6947636604309082,0.6681333184242249,51.84330219707907,0.437984
1159_3.png,341,run_14,3,"A 4k, highly detailed depiction of a blonde-haired, muscular warrior stands powerfully with his state-of-the-art digital armor",0.6827178001403809,0.6696762442588806,48.723786374750375,0.433569
1159_3.png,342,run_15,5,"In a highly detailed, 4k digital painting, a mighty elemental warrior proudly wields ancient, powerful energy",0.6724995970726013,0.6398656964302063,51.244276584182316,0.433514
1159_3.png,343,run_3,1,"A fearless warrior stands proudly at the center, mastering elemental forces with vibrant flames and energy dancing around him in a whirlwind",0.7147827744483948,0.6639905571937561,59.14699027874628,0.433228
1159_3.png,344,run_14,1,"A muscular, blonde-haired warrior stands in a dramatic, cinematic pose at the center, wielding elemental powers with flames and energy swirling around him in a 4k digital painting",0.7269675135612488,0.703676164150238,55.78167359086107,0.430639
1159_3.png,345,run_7,2,"A fierce warrior stands at the center, with powerful elemental forces swirling around him, as flames and energy erupt in a highly detailed scene.",0.6891316175460815,0.6506307125091553,55.0034387252052,0.427548
1159_3.png,346,run_13,5,"A fierce warrior stands at the center, wielding powerful elemental forces with intense flames and energetic swirls around him, in a high-fidelity, highly detailed digital painting",0.6727807521820068,0.6385522484779358,53.32008072654314,0.421927
1159_3.png,347,run_12,3,"A fearless warrior stands in a powerful stance, harnessing raw elemental forces with vibrant flames and energy swirling intensely around him",0.7413451671600342,0.6985620260238647,62.42415178454542,0.420588
1159_3.png,348,run_15,2,"A mighty, battle-hardened warrior stands at the center, surrounded by a swirling vortex of flames and energy that reflects his unwavering determination.",0.7215638756752014,0.6938851475715637,57.74491520609975,0.419176
1159_3.png,349,run_13,2,"A highly skilled warrior, with a blonde buzz cut, stands in a heroic pose, surrounded by a maelstrom of flames and energy as he wields his elemental powers",0.7405209541320801,0.7163105010986328,59.767571412681534,0.414980
1159_3.png,350,run_3,3,"A highly detailed, 8k, digital painterly masterpiece",0.5964478254318237,0.5869063138961792,41.74098518728999,0.414520
1159_3.png,351,run_9,3,"A fierce and powerful warrior stands at the center, wielding elemental forces with intense golden flames and energy swirling around him",0.7278972864151001,0.6946680545806885,60.16918310255182,0.414374
1159_3.png,352,run_3,3,"A highly detailed, 4k, digital painterly photorealistic masterpiece",0.6576865911483765,0.6511849761009216,48.34355040970262,0.410441
1159_3.png,353,run_8,4,"A mighty champion stands at the center, wielding elemental powers with radiant flames and energy swirling around him in a breathtaking spectacle of power. Extremely detailed ultra-high-definition digital artwork",0.6937376260757446,0.659426212310791,57.56714811061781,0.408756
1159_3.png,354,run_10,1,"A muscular warrior stands at the center, wielding elemental powers as flames and pure energy dance around him",0.6729244589805603,0.653910219669342,53.592706367094415,0.401721
1159_3.png,355,run_8,1,"A tall, strong, and fierce warrior stands steadfast at the center, channeling elemental powers with blazing flames and energy in a dramatic, highly detailed, 4k digital artwork",0.7030516862869263,0.6889258623123169,57.02958313556151,0.394340
1159_3.png,356,run_4,4,"A highly detailed 4K digital warrior stands at the center, wielding advanced, high-energy elemental powers with intense flames dancing around him",0.7069796323776245,0.6932839751243591,58.04689773339306,0.389866
1159_3.png,357,run_4,4,"A masterfully rendered, highly detailed digital warrior exudes powerful elemental abilities, surrounded by an aura of intense flames",0.6873494982719421,0.6831061840057373,54.52280983318097,0.387798
1159_3.png,358,run_15,5,"A majestic, powerful elemental warrior stands at the epicenter",0.6817943453788757,0.682965099811554,53.73257109567053,0.382512
1159_3.png,359,run_5,4,"A highly detailed, blonde-haired warrior donning a futuristic metallic armor suit with glowing blue accents, harnesses the power of the elements",0.6903373003005981,0.6852214336395264,55.99759504411942,0.381220
1159_3.png,360,run_5,1,"A highly detailed, 4k digital painting of a strong, bearded warrior stands at the center, wielding elemental powers with brilliant flames and energy swirling around him.",0.6976454854011536,0.6986481547355652,55.912414828776036,0.379505
1159_3.png,361,run_8,3,"A fierce warrior stands in the heart of a blazing inferno, wielding elemental powers with flames and energy swirling around him in a mesmerizing 4k digital painting style.",0.7406748533248901,0.7098509669303894,66.98647661518261,0.375402
1159_3.png,362,run_5,1,"A highly detailed, oil painting of a mighty, rugged warrior stands at the center, wielding elemental powers with fierce flames and energy swirling around him, amidst a dramatic, medieval-inspired background scene.",0.6981741189956665,0.706567645072937,55.35179970879215,0.374596
1159_3.png,363,run_15,4,"A realistic, digital painting of a commanding, elemental warrior stands at the center, channeling raw flames and limitless energy in a highly detailed, breathtakingly beautiful artwork with stunning, intricate details.",0.705244243144989,0.7214359045028687,54.76909896950491,0.373959
1159_3.png,364,run_7,3,"A fearless warrior stands proudly at the center, wielding ancient elemental powers with fierce flames and mesmerizing energy swirling around him, amidst a futuristic battle landscape",0.6401638984680176,0.638684868812561,51.838617195207156,0.368841
1159_3.png,365,run_6,3,"A mighty sorcerer stands at the center, surrounded by a vortex of flames and energy as he unleashes his mastery over the elements",0.7077222466468811,0.69964599609375,60.41743019995411,0.367882
1159_3.png,366,run_9,3,"A majestic and intense warrior stands at the center, wielding elemental forces with highly detailed, dynamic flames and energy swirling around him in a 4k resolution digital painting",0.687705397605896,0.6967113018035889,55.169897281316345,0.367656
1159_3.png,367,run_3,1,"A fearless champion stands triumphantly at the center, wielding awe-inspiring elemental forces with mesmerizing flames and energy swirling around him in a dynamic storm",0.6795821189880371,0.6686680316925049,58.22813921427405,0.365924
1159_3.png,368,run_4,3,"In vibrant colors, a highly detailed digital warrior stands proudly, channeling the raw power of the elements with intense, blazing flames dancing around him",0.6779382228851318,0.6771735548973083,56.63199684342825,0.362971
1159_3.png,369,run_14,4,"In a striking, golden light, a blonde-haired warrior stands confidently at the edge of a detailed, sci-fi battlefield",0.6824284791946411,0.7092192769050598,52.21671836112611,0.361821
1159_3.png,370,run_13,5,"A robust warrior stands confidently at the epicenter, wielding primal elemental energy with fiery eruptions and radiant aura surrounding him, highly detailed, in a cinematic 4k digital art piece",0.6744340658187866,0.6831977367401123,56.09556967325056,0.352452
1159_3.png,371,run_5,2,"A fierce, muscular warrior stands at the center",0.6292294263839722,0.6639488339424133,46.79017149583129,0.350465
1159_3.png,372,run_7,2,"A muscular warrior stands at the epicenter, wielding elemental powers, with blazing fire and energy swirling around him in vivid colors.",0.6763107776641846,0.6887949705123901,56.917545036909395,0.343818
1159_3.png,373,run_14,5,"Amidst the ruins of a dystopian, futuristic city, a fearless, blonde-haired warrior stands resolutely with an intense, golden aura",0.6752234697341919,0.6985763311386108,55.03461322226763,0.342280
1159_3.png,374,run_2,4,"A legendary warrior stands unshakeable amidst a colossal explosion of blazing flames and energy, his short blonde hair and futuristic exosuit a monument to his unrelenting prowess as he unleashes a maelstrom of devastation upon the battlefield",0.6572211980819702,0.6858274936676025,52.894210560163174,0.337321
1159_3.png,375,run_11,3,"Highly detailed, high-tech fantasy warrior stands amidst brilliant, fiery flames with energy swirling around him",0.711194634437561,0.735142707824707,61.876685775814806,0.321735
1159_3.png,376,run_14,1,"A fierce, muscular warrior stands at the center, wielding elemental powers with intense flames and energy swirling around him",0.6607010364532471,0.6814872026443481,57.33738901643346,0.319914
1159_3.png,377,run_6,1,"A fearless warrior stands tall at the center, harnessing elemental forces with vibrant flames and energy swirling around him in a 4k ultra-high-definition landscape",0.6666488647460938,0.6799600124359131,59.51528593738499,0.318809
1159_3.png,378,run_7,4,"A strong, imposing warrior stands at the center, wielding primal elemental powers with intense flames and energy bursting around him, set against a dramatic, cinematic background. Highly detailed, 4k digital artwork",0.6687659621238708,0.6954193711280823,58.005622766610465,0.314058
1159_3.png,379,run_12,4,"A fearless and confident warrior stands heroically, channeling elemental forces with finesse, set in a vibrant, neon-lit, futuristic cityscape",0.6624397039413452,0.7123099565505981,53.153501915643034,0.313430
1159_3.png,380,run_7,3,"A rugged warrior stands heroically in the center, wielding primal elemental powers with scorching flames and explosive energy swirling around him, illuminated by a bright, golden sun.",0.6926875114440918,0.7141709327697754,63.012103183552405,0.304148
1159_3.png,381,run_7,4,"A fierce, powerful warrior stands at the center, wielding primal elemental powers with intense flames and energy swirling around him, set against a dark, gritty background. Highly detailed, 4k digital art",0.6689549088478088,0.6904745697975159,60.5949512963234,0.303316
1159_3.png,382,run_15,4,"A masterfully crafted digital painting of a mighty, elemental warrior stands at the center, channeling powerful flames and energy in a highly detailed, realistic artwork with complex, intricate details.",0.6939378380775452,0.7427546381950378,58.36181426357257,0.302533
1159_3.png,383,run_15,2,"A strong and majestic warrior stands at the center, surrounded by an aura of flames and energy that is both organic and futuristic.",0.6922359466552734,0.7209938764572144,63.40817070158595,0.292362
1159_3.png,384,run_2,1,"Highly detailed 4k digital painting of a brave warrior wielding elemental powers with flames and energy swirling around him, set against a darkened cityscape at sunset",0.6892217993736267,0.7266381978988647,62.219842008447806,0.287558
1159_3.png,385,run_12,3,"A skilled and fearless warrior masterfully controls elemental forces with bold, fiery energy and flames dancing across the darkened background",0.6940745115280151,0.7135682106018066,66.61587113033809,0.283721
1159_3.png,386,run_8,1,"A powerful, muscular male figure stands proudly in the center, surrounded by fiery elemental forces and energy with a sense of movement and power",0.6694493293762207,0.7299710512161255,56.70530603534408,0.281944
1159_3.png,387,run_6,3,"A fierce and powerful sorcerer stands at the center, surrounded by a whirlwind of flames and energy as he commands the elements in a highly detailed 8k resolution digital artwork",0.6455597877502441,0.6849794983863831,58.85927685302974,0.276488
1159_3.png,388,run_8,3,"A strong, muscular warrior commands the attention at the forefront, unleashing elemental forces that create mesmerizing displays of flame and energy in a fantastical digital painting.",0.6732099652290344,0.7250601053237915,60.425785093933264,0.270550
1159_3.png,389,run_3,3,"A highly detailed, digital painterly anime-inspired 4k image",0.6678492426872253,0.6544849276542664,73.04130523257581,0.262672
1159_3.png,390,run_5,1,"A fierce, muscular warrior stands at the center, wielding elemental powers with vibrant flames and intense energy swirling around him, set against a futuristic cityscape at sunset.",0.6573175191879272,0.7575581669807434,66.57968228944596,0.159773
9338.png,1,run_7,2,"A highly detailed, colorful, fantastical creature resembling a small mammal with vibrant, realistic, textured fur stands upright against a dynamic, swirling background with distinct brush strokes inspired by digital painting.",0.8497923612594604,0.48885002732276917,32.83285610757958,0.947124
9338.png,2,run_14,1,"A colorful, highly detailed creature resembling a small mammal with layered, dimensional fur stands upright against a dynamic, swirly background reminiscent of a digital painting",0.8602092862129211,0.5085992813110352,35.07568538583525,0.944192
9338.png,3,run_14,3,"A colorful, highly detailed, 4k-resolution creature resembling a small mammal with dimensional, hand-painted fur stands upright against an immersive, swirly background reminiscent of a surrealist masterpiece",0.8409436941146851,0.5224716663360596,31.848456003437263,0.924914
9338.png,4,run_11,3,"A highly detailed, colorful, fantastical creature resembling a small mammal with vibrant, realistic textured fur stands upright against a dynamic, swirling background.",0.8312829732894897,0.5212130546569824,30.307643832029584,0.918226
9338.png,5,run_2,4,"A whimsical, colorful creature resembling a small mammal stands upright against a richly detailed, dynamic, and subtly layered background that incorporates elements of abstract art and fantasy.",0.8316960334777832,0.47130754590034485,35.521141248296296,0.915107
9338.png,6,run_10,1,"A highly detailed, colorful, fantastical creature resembling a small mammal with vibrant, textured fur stands upright against a 4k, dynamic, swirling background.",0.8392660617828369,0.5185793042182922,34.26500628712422,0.912892
9338.png,7,run_4,1,"A highly detailed, colorful, fantastical creature resembling a small mammal with vibrant, textured fur stands upright against a dynamic, swirling 4k background.",0.8325226306915283,0.535392165184021,32.103595952737244,0.906038
9338.png,8,run_1,2,"A vibrant, fantastical creature resembling a small, upright mammal with a rodent-like appearance stands against an abstract, swirling background with mesmerizing colors",0.845370352268219,0.5540062189102173,35.81701929104125,0.900395
9338.png,9,run_1,1,"A vibrant, whimsical mammalian creature resembles a small, furry rodent standing upright against a mesmerizing, abstract background with dynamic swirls of color.",0.8387326002120972,0.5335081219673157,35.774846522246904,0.899093
9338.png,10,run_9,1,"A highly detailed, colorful, fantastical creature resembling a small mammal with vibrant, textured fur stands upright against a 4k dynamic, swirling background",0.8266488909721375,0.5226798057556152,33.03066672297329,0.898245
9338.png,11,run_10,4,"a majestic, highly detailed, colorful creature resembling a small mammal with intricate, textured fur stands proudly against a 4k, dynamic, abstract, background",0.8201586008071899,0.5800039172172546,26.238915451452407,0.896626
9338.png,12,run_7,4,"a highly colorful, highly stylized, fantastical creature with highly textured, vibrant fur resembling a small mammal stands upright against a dynamic, abstract background with bold, expressive brush strokes inspired by modern digital art",0.8187432885169983,0.5101779699325562,32.059152017577105,0.896098
9338.png,13,run_10,5,"A highly realistic, colorful, fantastical creature resembling a small mammal with vibrant, natural-looking fur stands upright against a vivid, dynamic, high-resolution, dreamy background.",0.8343793153762817,0.5646538734436035,33.1199493929684,0.892226
9338.png,14,run_15,4,"A highly detailed, digital painting of a creature resembling a small mammal with rich, luxurious fur stands upright against a colourful, swirling background of abstract shapes",0.82520592212677,0.48488831520080566,37.50977203767229,0.890841
9338.png,15,run_4,4,"a hyper-realistic, colorful, fantastical small mammal creature with intricate, multi-colored, and highly textured fur stands proudly against a dynamic, 4k, swirling, dreamlike background",0.8256723284721375,0.5505680441856384,32.1560472210767,0.889502
9338.png,16,run_15,1,"A highly detailed, vibrant creature resembling a small mammal with rich, textured fur stands upright against a dynamic, swirling background of abstract shapes",0.823585033416748,0.540259599685669,33.39999892284927,0.884876
9338.png,17,run_1,Baseline,"A colorful, fantastical creature resembling a small mammal with vibrant, textured fur stands upright against a dynamic, swirling background.",0.8352108001708984,0.5463576912879944,36.839898431047104,0.883766
9338.png,18,run_2,Baseline,"A colorful, fantastical creature resembling a small mammal with vibrant, textured fur stands upright against a dynamic, swirling background.",0.8352108001708984,0.5463576912879944,36.839898431047104,0.883766
9338.png,19,run_3,Baseline,"A colorful, fantastical creature resembling a small mammal with vibrant, textured fur stands upright against a dynamic, swirling background.",0.8352108001708984,0.5463576912879944,36.839898431047104,0.883766
9338.png,20,run_4,Baseline,"A colorful, fantastical creature resembling a small mammal with vibrant, textured fur stands upright against a dynamic, swirling background.",0.8352108001708984,0.5463576912879944,36.839898431047104,0.883766
9338.png,21,run_5,Baseline,"A colorful, fantastical creature resembling a small mammal with vibrant, textured fur stands upright against a dynamic, swirling background.",0.8352108001708984,0.5463576912879944,36.839898431047104,0.883766
9338.png,22,run_6,Baseline,"A colorful, fantastical creature resembling a small mammal with vibrant, textured fur stands upright against a dynamic, swirling background.",0.8352108001708984,0.5463576912879944,36.839898431047104,0.883766
9338.png,23,run_7,Baseline,"A colorful, fantastical creature resembling a small mammal with vibrant, textured fur stands upright against a dynamic, swirling background.",0.8352108001708984,0.5463576912879944,36.839898431047104,0.883766
9338.png,24,run_8,Baseline,"A colorful, fantastical creature resembling a small mammal with vibrant, textured fur stands upright against a dynamic, swirling background.",0.8352108001708984,0.5463576912879944,36.839898431047104,0.883766
9338.png,25,run_9,Baseline,"A colorful, fantastical creature resembling a small mammal with vibrant, textured fur stands upright against a dynamic, swirling background.",0.8352108001708984,0.5463576912879944,36.839898431047104,0.883766
9338.png,26,run_10,Baseline,"A colorful, fantastical creature resembling a small mammal with vibrant, textured fur stands upright against a dynamic, swirling background.",0.8352108001708984,0.5463576912879944,36.839898431047104,0.883766
9338.png,27,run_11,Baseline,"A colorful, fantastical creature resembling a small mammal with vibrant, textured fur stands upright against a dynamic, swirling background.",0.8352108001708984,0.5463576912879944,36.839898431047104,0.883766
9338.png,28,run_12,Baseline,"A colorful, fantastical creature resembling a small mammal with vibrant, textured fur stands upright against a dynamic, swirling background.",0.8352108001708984,0.5463576912879944,36.839898431047104,0.883766
9338.png,29,run_13,Baseline,"A colorful, fantastical creature resembling a small mammal with vibrant, textured fur stands upright against a dynamic, swirling background.",0.8352108001708984,0.5463576912879944,36.839898431047104,0.883766
9338.png,30,run_14,Baseline,"A colorful, fantastical creature resembling a small mammal with vibrant, textured fur stands upright against a dynamic, swirling background.",0.8352108001708984,0.5463576912879944,36.839898431047104,0.883766
9338.png,31,run_15,Baseline,"A colorful, fantastical creature resembling a small mammal with vibrant, textured fur stands upright against a dynamic, swirling background.",0.8352108001708984,0.5463576912879944,36.839898431047104,0.883766
9338.png,32,run_5,3,"A highly detailed, colorful, fantastical creature resembling a small mammal with exceptionally vibrant, intricately textured fur stands upright against a dynamic, swirling background.",0.8126504421234131,0.5680429339408875,28.607454809077172,0.879476
9338.png,33,run_7,3,"A highly detailed, colorful, stylized creature resembling a small mammal with vibrant, realistic, high-fidelity fur stands upright against a dynamic, abstracted background with subtle brush stroke details",0.8291491270065308,0.5544888377189636,35.11433091134676,0.879439
9338.png,34,run_5,5,"A highly detailed, highly realistic, colorful, fantastical creature resembling a small mammal with exceptionally vibrant, intricately textured fur stands upright against a dynamic, abstract background of bold, vibrant colors with subtle, soft texture.",0.8348077535629272,0.6260660886764526,31.66125574117021,0.874639
9338.png,35,run_9,3,"highly detailed, colorful, photorealistic creature resembling a small mammal with vibrant, intricately textured fur stands upright against a 4k dynamic, swirling background",0.8146418333053589,0.5755147933959961,30.43503794023967,0.870978
9338.png,36,run_14,2,"A majestic, highly detailed, small mammal creature with vibrant, dimensional fur stands upright against a colorful, abstract, expressionist style background",0.8237713575363159,0.5521447658538818,36.28379099225343,0.867054
9338.png,37,run_5,5,"Highly detailed, highly realistic, colorful, fantastical creature resembling a small mammal with exceptionally vibrant, intricately textured fur stands upright against a dynamic, swirling background with subtle, warm, golden hour lighting.",0.8298614621162415,0.5783001780509949,36.878895561357595,0.862704
9338.png,38,run_5,5,"A highly realistic, highly detailed, colorful, fantastical creature resembling a small mammal with exceptionally vibrant, intricately textured fur stands upright against a vibrant, dynamic, abstract background of contrasting colors.",0.811682939529419,0.6114962100982666,30.10761210001279,0.853499
9338.png,39,run_1,3,"A small, furry, upright rodent creature with a touch of elegance and mystique stands against a dynamic, 4k resolution, abstract background with mesmerizing, swirling colors and textures",0.8056045174598694,0.552105188369751,34.01939733853666,0.850619
9338.png,40,run_5,1,"A small, colorful mammal-like creature with vibrant, thick fur stands upright in a rich, dreamy, dynamic background.",0.8304781913757324,0.5637248754501343,41.450006681607974,0.848498
9338.png,41,run_2,4,"A colorful, fantastical, and highly realistic creature resembling a small mammal with vibrant, textured, and intricately patterned fur stands upright against a softly focused, dynamic, and swirling background with warm, golden lighting.",0.8087351322174072,0.6102456450462341,30.619582717643127,0.847290
9338.png,42,run_7,5,"highly detailed colorful creature resembling a small mammal with realistic, detailed, vibrant fur stands upright against a dynamic background with loose, expressive brush strokes",0.818663477897644,0.586129903793335,36.117258539158314,0.846467
9338.png,43,run_4,3,"A highly detailed, vibrant, whimsical creature resembling a small mammal with soft, realistic fur stands upright against a dynamic, swirling 4k digital painting background",0.792833685874939,0.5543322563171387,30.777989037527373,0.845742
9338.png,44,run_5,4,"Hyperrealistic, 4k-resolution, colorful, fantastical creature resembling a small mammal with exceptionally vibrant, intricately textured fur stands upright against a dynamic, swirling background",0.8025375008583069,0.5595942139625549,33.8263361334441,0.843931
9338.png,45,run_14,5,"A highly detailed, colorful, fantastical creature resembling a small mammal with vibrant, layered, textured fur stands upright against a captivating, dynamic, swirly digital art background",0.7792158126831055,0.5105453729629517,31.199672971498675,0.841436
9338.png,46,run_12,1,"A mesmerizing, colorful small mammal with realistic, textured fur stands against a stylized, swirling background evoking a sense of fantasy and adventure.",0.8114761710166931,0.5620272159576416,37.295216137247344,0.840201
9338.png,47,run_15,3,"A highly detailed, vibrant creature resembling a small, anthropoid mammal with rich, soft, and silky fur stands upright against a dynamic, swirling, psychedelic background of abstract shapes and glowing lights",0.8099957704544067,0.5652474761009216,37.796061144298434,0.834398
9338.png,48,run_11,4,"Detailed, textured, 4K creature resembling a small mammal with colorful, realistic fur stands against an elaborate, swirling background",0.7921121716499329,0.5584399700164795,32.894790380554056,0.833265
9338.png,49,run_8,4,"An enchanting, highly realistic creature resembling a small mammal with bright, intricate, textured fur stands upright against a dynamic, swirling, abstract expressionist background.",0.7919474244117737,0.6002893447875977,30.623763051213736,0.826482
9338.png,50,run_2,4,"A highly detailed, colorful, and highly stylized creature resembling a small mammal with very vibrant, textured, and highly realistic fur stands upright against a richly detailed, dynamic, and subtly glowing background with intricate patterns and subtle gradients.",0.7943799495697021,0.6044160723686218,31.300265021889803,0.825291
9338.png,51,run_1,5,"A small, upright creature with rodent-like features is surrounded by a mesmerizing, vibrant background of dynamic, abstract patterns and swirling, neon colors",0.8424738049507141,0.6404463648796082,44.35830165751941,0.821707
9338.png,52,run_1,2,"A whimsical, furry, rodent-like mammal with a dynamic, upright posture is set against a hypnotic, vibrant, abstract background",0.8015385270118713,0.5979098081588745,35.64645665620428,0.818520
9338.png,53,run_6,2,"A colorful, upright creature resembling a small mammal with realistic, textured fur is centered against a swirling dynamic background with a mix of digital and traditional media.",0.8087392449378967,0.5497117042541504,42.24460844458137,0.818375
9338.png,54,run_13,3,"A highly detailed, colorful, fantastical creature resembling a small mammal with richly textured, intricate fur stands upright against a vibrant, dynamic, swirling background with subtle hints of light and shadow.",0.7736622095108032,0.5649273991584778,29.80629880116119,0.817554
9338.png,55,run_5,3,"A mystical, highly detailed creature resembling a small mammal with radiant, intricately patterned fur stands against a stunning, dreamlike background.",0.791380763053894,0.6266501545906067,30.07210330460015,0.817479
9338.png,56,run_12,4,"A small, upright, colorful, and fantastical creature with vibrant fur resembling a mammal stands against a stylized, swirly background",0.7961785793304443,0.5568379163742065,37.82411231600141,0.817246
9338.png,57,run_1,4,"A highly detailed, vibrant rodent stands upright amidst a whimsical, abstract background with mesmerizing, swirling patterns and colors.",0.8303909301757812,0.6749770641326904,38.66306155853358,0.816024
9338.png,58,run_10,4,"highly detailed, colorful, fantastical creature resembling a small mammal with rich, textured fur stands upright against a 4k, dynamic, swirling, surreal background",0.8006203174591064,0.6113854646682739,36.04451008717677,0.809859
9338.png,59,run_2,4,"A highly detailed, colorful, fantastical creature resembling a small mammal with very vibrant, realistic, and textured fur stands upright against a dynamic, swirling, and soft focus background with subtle gradient hues.",0.8020849227905273,0.620082437992096,35.97980885931752,0.808792
9338.png,60,run_12,2,"A stylized, dreamlike creature with a small mammal's features and long, flowing fur stands against a vibrant, multicolored background with abstract shapes",0.8026619553565979,0.5223285555839539,45.559394627107594,0.805249
9338.png,61,run_1,4,"A highly detailed, whimsical mammalian creature resembling a small, furry rodent stands upright against a mesmerizing, abstract background with dynamic swirls of color",0.8072313070297241,0.6354838609695435,37.07441638889134,0.805113
9338.png,62,run_3,3,"The creature resembles a small mammal with vibrant, textured fur, set against a 4k, dynamic background of swirling, iridescent colors",0.8202899694442749,0.5865058898925781,46.06297882550475,0.802949
9338.png,63,run_3,4,"A highly detailed, vibrant, mystical creature resembling a small mammal with richly textured, shimmering fur stands upright against a mesmerizing, dynamic, swirling background.",0.7859315872192383,0.5918023586273193,34.88045700567123,0.801440
9338.png,64,run_8,5,"A colorful, highly detailed creature, resembling a small, cute mammal with soft, vibrant, textured fur stands upright against a dynamic, swirling, psychedelic background.",0.7948538661003113,0.5960996747016907,37.97107560917112,0.798669
9338.png,65,run_8,5,"A whimsical, enchanting creature, resembling a small mammal with fluffy, vibrant, textured fur stands upright against a mesmerizing, swirling, expressionist background.",0.8055621981620789,0.5920153856277466,42.02521100680158,0.797510
9338.png,66,run_9,1,"A fantastical creature resembling a small mammal with highly detailed, vibrant, textured fur stands upright against a highly stylized, dynamic, swirling background",0.7714781761169434,0.5914601683616638,31.199645022105447,0.797139
9338.png,67,run_9,5,"A highly detailed, colorful, photorealistic creature resembling a small mammal with soft, vibrant, high-resolution fur stands upright against a 4k dynamic, swirling background",0.7903361320495605,0.5882497429847717,37.997738932661285,0.795051
9338.png,68,run_5,1,"A small, upright creature resembling a mammal with bright, textured fur stands against a rich, vibrant, surreal background of shifting colors.",0.7850788831710815,0.6036744117736816,35.084432206672695,0.794419
9338.png,69,run_7,3,"A highly detailed, realistic creature with vibrant, high-definition fur resembling a small mammal stands upright against a colorful, dynamic background with distinct oil painting brush strokes",0.7840093374252319,0.5881751179695129,36.35132745915996,0.793300
9338.png,70,run_15,2,"A highly detailed, digital painting of a creature resembling a small mammal with thick, soft fur stands upright against a vibrant, swirly background of shapes and colors",0.7951244711875916,0.5580131411552429,42.59326020336456,0.793262
9338.png,71,run_6,5,"A highly detailed, colorful, and fantastical creature resembling a small mammal with vibrant, smooth, and realistic fur stands upright against a dynamic, swirling, and atmospheric background",0.7966622710227966,0.6222338676452637,37.46588662852576,0.793058
9338.png,72,run_5,1,"A highly detailed, colorful, fantastical creature resembling a small mammal with vibrant, realistic, textured fur stands upright in a dynamic, swirling, mystical background.",0.7913573980331421,0.6095881462097168,36.98507392419988,0.792558
9338.png,73,run_8,4,"A whimsical, highly detailed, digital painting of a small mammal with vibrant, textured fur stands upright against a dynamic, swirling, expressionist background.",0.7806271314620972,0.559525191783905,38.0274777031753,0.792216
9338.png,74,run_14,4,"A vibrant, highly stylized creature with layered, dimensional fur stands upright against a dynamic, psychedelic background similar to a digital painting",0.7669063806533813,0.5470706224441528,35.33419279736636,0.789372
9338.png,75,run_7,2,"A mesmerizing, colorful, fantastical creature resembling a small mammal with radiant, glossy, textured fur stands upright against a dynamic, swirling background with a dreamlike quality and a hint of surrealism.",0.804577648639679,0.5904459953308105,44.160017563094094,0.786866
9338.png,76,run_2,3,"A majestic, colorful, fantastical creature resembling a medium-sized mammal with vibrant, thick, and plush fur stands upright against a dynamic, swirly background of warm golden hues",0.7839736938476562,0.5502520799636841,41.23714560303263,0.786160
9338.png,77,run_10,4,"highly detailed, photorealistic, fantastical creature resembling a small mammal with vibrant, detailed fur stands upright against a 4k, dynamic, swirling, oil painting background",0.7634671926498413,0.5937727689743042,31.592889776501256,0.782540
9338.png,78,run_12,5,"A beautifully rendered, colorful, fantastical creature resembling a small mammal with intricate, detailed, textured fur stands upright against a vibrant, swirling, abstract background of colors",0.7626276016235352,0.609673261642456,30.088548456567306,0.781766
9338.png,79,run_14,5,"A colorful, highly detailed, 4k creature resembling a small mammal with layered, textured, dimensional fur stands upright against a dynamic, captivating, swirly digital painting background",0.7923530340194702,0.6077060699462891,39.85496601110288,0.781588
9338.png,80,run_12,4,"A highly detailed, colorful, fantastical creature resembling a small mammal with incredibly vibrant and textured fur stands upright against a dynamic, swirling, and atmospheric background",0.8004487752914429,0.6473276019096375,39.54140536015715,0.778919
9338.png,81,run_15,4,"Highly detailed, 4k realistic creature resembling a small mammal with rich, soft, velvety fur stands upright against a vibrant, dynamic, swirling background of abstract shapes and colours",0.7653018832206726,0.5871783494949341,33.687682782035544,0.778291
9338.png,82,run_8,2,"A fantastical mammal with a unique appearance and highly textured, colorful fur stands upright on a blurred, swirly 4k digital painting background",0.7546850442886353,0.5512192845344543,33.44779458345927,0.778291
9338.png,83,run_15,4,"A highly detailed, photorealistic, 4k creature resembling a small mammal with rich, thick, textured fur stands upright against a dynamic, swirling background of abstract shapes and bright colours",0.7801241278648376,0.6284816265106201,34.903645226154275,0.777850
9338.png,84,run_15,2,"Highly detailed, 8-bit, creature resembling a small mammal with lush, realistic fur stands upright against a dynamic, colorful background of geometric shapes and lines",0.7541102766990662,0.6118807196617126,28.07698145722873,0.777528
9338.png,85,run_11,2,"A highly detailed, colorful, fantastical creature resembling a small mammal with vibrant, textured fur stands upright against a dynamic, swirling background with intricate patterns and soft lighting.",0.7735953330993652,0.5997600555419922,35.496500900460546,0.777126
9338.png,86,run_9,3,"vibrant, highly textured, miniature mammal with intricate patterns and colors stands in a whimsical, dreamlike pose against a stunning 4k dynamic, swirling background with subtle hints of an otherworldly atmosphere",0.8184477686882019,0.6858265399932861,42.365904265396225,0.776913
9338.png,87,run_13,1,"A colorful, highly detailed, fantastical creature resembling a small mammal with vibrant, smooth, fur stands upright against a dynamic, soft-focused, swirling background with subtle, glowing lights",0.795019805431366,0.6158707141876221,41.09206842426236,0.776524
9338.png,88,run_4,1,"A small, upright, colorful mammal with exceptionally vibrant, detailed fur is surrounded by a mesmerizing, dynamic digital painting background.",0.7588376998901367,0.5222101211547852,37.766973127210534,0.776335
9338.png,89,run_3,5,"A colorful, stylized creature resembling a small mammal with expressive, patterned fur stands upright against a whimsical, dreamlike background.",0.7706838846206665,0.5906652212142944,36.76499631070713,0.770675
9338.png,90,run_4,4,"a highly detailed, realistic, cute, mammal-like creature with soft, colorful, and intricately textured fur is surrounded by a vibrant, swirling, abstract 4k background",0.7933223247528076,0.5669624209403992,46.3083968780474,0.769865
9338.png,91,run_4,3,"A colorful, whimsical creature resembling a small mammal with vibrant, patterned fur stands upright against a bright, surreal 4k dreamlike background",0.7911407351493835,0.6431917548179626,38.91185439401009,0.769727
9338.png,92,run_3,5,"A colorful, fantastical creature resembling a small mammal with bright, textured fur stands upright against a rich, expressive background.",0.7814262509346008,0.6163941621780396,38.512368861685744,0.768077
9338.png,93,run_13,3,"A small, upright, mammalian creature with vibrant, textured fur, reminiscent of a cross between a rabbit and a squirrel, is situated against a mesmerizing, swirling background.",0.7818959951400757,0.6283454298973083,37.81770475429265,0.767116
9338.png,94,run_13,5,"'A colorful, realistic creature resembling a small mammal with shiny, realistic fur stands upright against a vivid, dynamic background.'",0.7990712523460388,0.615274965763092,44.67490262320966,0.766271
9338.png,95,run_12,1,"A richly detailed, fantastical creature with realistic, dynamic fur stands on its hind legs against a vibrant, abstract, expressionist background filled with swirling colors.",0.7593536376953125,0.5666454434394836,36.281170317559024,0.765894
9338.png,96,run_1,3,"A fantastical, highly realistic, upright mammalian creature resembling a small rodent blends effortlessly into a dreamlike, digital painting of an abstract, swirly background with dynamic colors and patterns.",0.7822802662849426,0.5769122242927551,42.93609473046947,0.765012
9338.png,97,run_8,1,"A fantastical, small mammal-like creature with iridescent, rainbow-colored fur stands upright against a chaotic, swirling mixture of colors",0.7821122407913208,0.6002215147018433,40.87420195183819,0.764788
9338.png,98,run_13,4,"Small, furry, fantastical creature with vibrant, textured fur and an expression of wonder stands upright in a world of swirling colors and patterns.",0.7618067860603333,0.5569322109222412,38.30403723476612,0.764157
9338.png,99,run_4,4,"a highly detailed, realistic, and adorable small mammal creature with beautiful, vibrant, and intricately textured fur is centered against a stunning, 4k, swirling, digital painting background",0.7775806188583374,0.6740349531173706,33.32795970412292,0.762844
9338.png,100,run_11,5,"highly detailed, colorful, photorealistic creature resembling a small mammal with realistic, high-textured fur stands upright against a dynamic, swirling background of vibrant blues and oranges",0.7798418402671814,0.6678335666656494,34.743594816570074,0.762192
9338.png,101,run_1,1,"A highly detailed, 4k-quality image of a colorful, fantastical creature resembling a small mammal with bright, textured fur stands upright against a dynamic, swirling background.",0.7965796589851379,0.6398382186889648,42.915883026046544,0.760707
9338.png,102,run_11,5,"a highly detailed, colorful creature with high-textured, realistic fur and expressive eyes stands upright against an abstract, stylized, swirling background",0.77025306224823,0.6200067400932312,36.81597097628044,0.757890
9338.png,103,run_4,1,"A small, upright, fantastical creature with vibrant, detailed fur is surrounded by a dreamlike, highly detailed, oil-painting-inspired background with intricate textures and colors.",0.7577884197235107,0.6363126635551453,31.483705480801753,0.757371
9338.png,104,run_8,2,"A highly realistic, colorful creature resembling a small mammal with intricate patterns and highly textured fur stands upright against a swirling, dreamlike background of subtle colors and gentle motion",0.782382071018219,0.6891642808914185,35.17828305844742,0.755288
9338.png,105,run_6,3,"A small, mammalian creature with bright, expressive fur stands upright in front of a dynamic, high-contrast background with swirling patterns and shapes",0.764847993850708,0.5911374092102051,40.32594004564954,0.745463
9338.png,106,run_14,5,"A highly detailed, realistic creature resembling a small mammal with dimensional, fluffy fur stands upright against a vibrant, swirly digital painting background",0.771986186504364,0.647842288017273,37.88515079090222,0.744231
9338.png,107,run_2,4,"A highly stylized, vibrant creature standing upright, blending elements of realistic mammal and mythical being, with highly detailed, dynamic and colorful textured fur amidst a mesmerizingly complex, swirling background.",0.7490339279174805,0.5575119853019714,39.389922761702486,0.740031
9338.png,108,run_4,3,"A fantastical, colorful creature resembling a small mammal with intricate, textured fur stands upright against a bright, gradient 8k digital art background",0.7721933722496033,0.6315604448318481,40.57690653130836,0.738761
9338.png,109,run_7,3,"A highly detailed, photorealistic, colorful creature resembling a small mammal with vibrant, realistic, high-definition fur stands upright against a dynamic, swirling background with distinct brush strokes inspired by digital watercolor painting",0.7878602743148804,0.5852165818214417,49.99727044461058,0.737398
9338.png,110,run_14,1,"A colorful, realistic creature resembling a small mammal with soft, blended fur stands upright against a dynamic, swirling background",0.7702531814575195,0.5888524651527405,44.05185100752439,0.737239
9338.png,111,run_4,4,"a masterfully crafted, highly detailed, and colorful small mammal creature with lush, textured, and soft fur stands upright in a dynamic, 8k, swirling, ethereal background",0.7828975915908813,0.6279768347740173,44.98251488467017,0.735774
9338.png,112,run_1,4,"A whimsical, highly detailed mammalian creature resembles a small, upright rodent amidst swirling, abstract colors",0.7787201404571533,0.5411672592163086,51.84022420017511,0.733282
9338.png,113,run_1,3,"A whimsical, highly detailed, upright mammalian rodent creature emerges from a rich, textured, abstract background with deep, soothing colors and intricate patterns",0.7854076623916626,0.7889404296875,32.640092849350054,0.730934
9338.png,114,run_5,4,"A highly detailed, highly realistic, fantastical small mammal creature with intricately textured, multicolored fur stands upright on a dynamic, swirling background",0.7376480102539062,0.6212765574455261,32.134322873431245,0.730691
9338.png,115,run_2,3,"A beautiful, highly detailed, and mystical creature resembling a small mammal with thick, soft, and velvety fur stands upright against a dynamic, swirling background of dark blues and rich purples",0.7746590375900269,0.6668770909309387,40.24255769143895,0.729608
9338.png,116,run_14,4,"A highly detailed, photorealistic creature resembling a small mammal with textured, 3D-like fur stands upright against an intricate, swirling background with vibrant colors reminiscent of a digital art piece",0.7504355907440186,0.6626967787742615,32.908065620759444,0.729228
9338.png,117,run_12,3,"A colorful, fantastical being resembling a mammal with highly textured, rainbow-colored fur stands upright against a dynamic, swirling pattern",0.7314778566360474,0.5675252676010132,35.34879115998024,0.728595
9338.png,118,run_14,4,"A colorful, small mammal with realistic, lifelike fur stands upright against a swirly, digital background with deep saturation reminiscent of a professional artwork",0.786638081073761,0.679640531539917,43.21522275270821,0.728464
9338.png,119,run_6,1,"A colorful, fantastical small mammal with soft, intricate fur stands upright against an immersive, abstract background.",0.7618288397789001,0.6217179894447327,40.5543585915634,0.727530
9338.png,120,run_8,2,"A mystical, highly detailed creature with the appearance of a small mammal has vibrant, highly textured fur and is set against a mesmerizing, dynamic background",0.782437801361084,0.703953742980957,40.00454752468076,0.727155
9338.png,121,run_10,1,"A beautiful, highly stylized creature resembling a small mammal with rich, multicolored, fluffy fur stands upright against a swirling, atmospheric background.",0.7608693838119507,0.5728437900543213,44.7349662003934,0.726715
9338.png,122,run_1,5,"A stylized, upright rodent is situated against a captivating, digital painting of an abstract background with swirling, soft colors and intricate, textured details",0.7822202444076538,0.584238588809967,50.626340556525065,0.726558
9338.png,123,run_10,5,"A highly detailed, highly realistic creature, resembling a small mammal, with a coat of highly vibrant, textured fur, stands upright against a 4k, dynamic, surrealistic background.",0.7379354238510132,0.6294775605201721,33.419444504871386,0.721872
9338.png,124,run_12,5,"A highly realistic, colorful, fantastical creature resembling a small mammal with soft, fluffy, textured fur stands upright against a dynamic, soft-focused, dreamy background",0.7565449476242065,0.64399254322052,38.505163568505395,0.720101
9338.png,125,run_4,1,"A miniature, upright, highly realistic creature with textured fur in a kaleidoscope of colors stands against a dynamic, swirling mixed-media background.",0.7534154653549194,0.6510679125785828,37.12135266008669,0.718967
9338.png,126,run_13,1,"A highly detailed, colorful, fantastical creature resembling a small mammal with vibrant, realistic, fur stands upright against a dynamic, soft-focused, swirling background of purple and pink hues",0.7703393697738647,0.6693687438964844,41.193144451015016,0.717832
9338.png,127,run_10,5,"A highly stylized, colorful, fantastical creature resembling a small mammal with highly detailed, shimmering, fur stands upright against a high-resolution, dynamic, dreamlike background.",0.7560301423072815,0.6177087426185608,41.24824993903756,0.717387
9338.png,128,run_14,3,"A majestic, highly detailed, intricately patterned creature resembling a small mammal with vibrant, dimensional fur stands upright against a complex, psychedelic background reminiscent of digital art",0.7616623044013977,0.7969499826431274,27.277473021559615,0.717237
9338.png,129,run_14,2,"A highly detailed, highly realistic creature resembling a small mammal with soft, fluffy, layered fur stands upright against a dynamic, mesmerizing, digital painting style background",0.7542420625686646,0.6698371171951294,36.285560924484216,0.716416
9338.png,130,run_13,5,"'A majestic, colorful creature resembling a small mammal with vibrant, intricately patterned fur stands upright against a dramatic, stylized background.'",0.724135160446167,0.6487464904785156,28.5365929814397,0.716107
9338.png,131,run_7,2,"A vibrant, highly stylized creature resembling a small mammal with dynamic, iridescent, textured fur stands upright against an intricate, swirling background inspired by 4k digital art.",0.7605639696121216,0.5964975357055664,44.99121128489368,0.715480
9338.png,132,run_14,2,"A highly detailed, highly realistic digital artwork of a small upright mammal with intricately textured, dimensional fur and eyes that seem to sparkle against a dynamic, swirling, psychedelic background.",0.7463487386703491,0.6707348823547363,33.89526398387757,0.715376
9338.png,133,run_13,1,"A highly detailed, colorful, whimsical creature resembling a small mammal with intricate, patterned, fur stands upright against a soft-focused, dreamy, swirling background with a warm, golden glow",0.7722097635269165,0.7221201658248901,38.0524896158581,0.713634
9338.png,134,run_2,3,"A stunning, highly realistic creature resembling a small mammal with intricate, layered, and shimmering fur stands upright against a dynamic, swirling background of deep greens and blues",0.759418249130249,0.670822262763977,39.205619167642475,0.710234
9338.png,135,run_12,3,"A highly detailed creature resembling a small mammal with iridescent, vibrant fur stands upright against a vibrant, dynamic background in a surreal landscape",0.7736618518829346,0.686479389667511,42.41207226659149,0.710190
9338.png,136,run_5,4,"Fantastical, intricately detailed, highly realistic small mammal creature with exceptionally textured, multicolored fur stands upright against a kaleidoscopic, abstract background",0.7555977702140808,0.7705917358398438,29.18818454997045,0.710176
9338.png,137,run_2,5,"Against a warm, inviting background that resembles an oil painting, a whimsical, dynamic creature resembling a small mammal stands upright exhibiting intricate, detailed features.",0.7308146357536316,0.6632357239723206,30.704031769665296,0.710129
9338.png,138,run_9,4,"A beautiful, highly detailed, fantastical creature resembling a small mammal with vibrant, intricately patterned fur stands upright against a 4k dynamic, surrealistic background",0.7415196895599365,0.6998375058174133,30.925036791390635,0.710086
9338.png,139,run_8,3,"A colorful, realistic creature resembling a small mammal with soft, velvety fur stands upright against a subtle, gentle, digital painting background.",0.7517404556274414,0.6946617960929871,34.83673711002588,0.709304
9338.png,140,run_8,5,"A sweet, endearing creature, resembling a small, plump mammal with velvety, bright, textured fur stands upright against a dynamic, swirling, surrealist background.",0.7511634826660156,0.6276022791862488,41.627800395090624,0.704425
9338.png,141,run_6,5,"A highly detailed, fantastical creature resembling a small mammal with vibrant, multi-colored, and glittering fur stands upright in a dynamic, swirling, and surrealistic masterpiece",0.7338871955871582,0.6453531980514526,34.53662933239265,0.704297
9338.png,142,run_10,4,"a highly detailed, colorful, fantastical, upright mammal with realistic, textured fur and striking features stands against a 4k, dynamic, swirling, digital art background",0.7116900682449341,0.5425824522972107,36.55666930393592,0.703894
9338.png,143,run_1,5,"A fantastical, highly realistic creature resembling a small, furry rodent stands upright against a mesmerizing, 4k resolution abstract background with dynamic, sharp swirls of color and subtle, gradient effects.",0.7572098970413208,0.6490297317504883,42.00541421348811,0.702931
9338.png,144,run_5,1,"A fantastical, highly realistic creature with short, bright fur stands upright against a dynamic, swirling, abstract background of deep colors.",0.7321337461471558,0.5562572479248047,42.38707673174084,0.701750
9338.png,145,run_11,4,"Highly detailed, whimsical, fantastical creature resembling a small mammal with vibrant, soft, and realistic textured fur stands upright against a dynamic, abstract background",0.7280713319778442,0.648000180721283,33.10594108152071,0.701204
9338.png,146,run_15,5,"A highly stylized, 4k digital painting of a creature with mammalian features, sporting thick, velvety fur, set against a kaleidoscope of colours and patterns",0.713175892829895,0.6501091122627258,28.220654274679248,0.700797
9338.png,147,run_9,4,"A highly detailed, colorful, enchanting creature resembling a mammal with soft, textured, velvety fur stands against a 4k dynamic, dreamlike background with soft, warm lighting",0.7523829936981201,0.6821883320808411,38.14926261494757,0.700074
9338.png,148,run_7,1,"A highly detailed, vibrant, fantastical creature resembling a small mammal with rich, soft fur stands upright against a dynamic, swirling background with hints of magic",0.7470422983169556,0.652066171169281,39.1002882037427,0.700028
9338.png,149,run_5,4,"A highly detailed, highly realistic, photorealistic small mammal creature with exceptionally textured, multicolored fur poses on a dynamic, colorful background with subtle, stylized brushstrokes.",0.7642252445220947,0.7011885643005371,40.30889001980264,0.699938
9338.png,150,run_11,3,"A highly realistic, detailed, upright creature resembling a small mammal with a soft, vibrant fur coat, standing against a mesmerizing, swirling environment.",0.7462114691734314,0.659514844417572,38.40366561136219,0.698981
9338.png,151,run_1,2,"A small, anthropomorphic rodent with a whimsical, mystical aura is situated in a dynamic, swirling, abstract environment with a sense of vibrant energy",0.7754944562911987,0.6265056133270264,50.90272660518131,0.698176
9338.png,152,run_8,2,"A highly detailed, fantastical creature resembling a small mammal with richly textured, iridescent fur stands upright against a dynamic, swirling background of vibrant colors",0.7475900650024414,0.6415598392486572,40.62314990751436,0.698096
9338.png,153,run_10,2,"A small, highly stylized mammal with incredibly vibrant and textured fur stands upright on a dynamic, swirling 4k background.",0.724976658821106,0.5858477354049683,38.45805429137192,0.697230
9338.png,154,run_10,2,"A highly detailed, highly realistic, small mammal-like creature with vibrant, intricate, and textured fur stands upright against a vibrant, 4k, swirling background with subtle depth.",0.7350335121154785,0.6760050654411316,34.09107266918801,0.695598
9338.png,155,run_3,5,"A highly realistic creature resembling a small mammal with vibrant, smooth fur stands upright against a deep, detailed, atmospheric background.",0.7554982900619507,0.6713194251060486,41.11613633198184,0.695442
9338.png,156,run_14,2,"A highly refined digital artwork of a small upright mammal with intricately layered, dimensional fur and eyes that seem to sparkle against a vibrant, kinetic background of swirling colors",0.7510263323783875,0.6362640857696533,42.79034193300208,0.695355
9338.png,157,run_6,5,"A highly detailed, whimsical creature resembling a small mammal with electric, textured, and multi-colored fur stands tall against a dynamic, swirling, and abstract background",0.7403476238250732,0.5830241441726685,44.102549930972856,0.695137
9338.png,158,run_6,5,"A highly realistic, colorful, and enchanting creature resembling a small mammal with shiny, smooth, and realistic fur stands upright in a dynamic, swirling, and misty environment",0.7381564378738403,0.6617286801338196,36.62649813517254,0.694346
9338.png,159,run_9,2,"An enchanting, highly detailed, and colorful creature, with fur resembling a cross between a mammal and a mythological being, set against a 4k, surreal, and swirling background",0.744524359703064,0.613825798034668,43.215711201825,0.692890
9338.png,160,run_1,2,"A 4k, highly detailed, digital painting of a small, furry mammal resembling a rodent, standing upright against an abstract, mesmerizing background",0.7299616932868958,0.6740089654922485,33.78849855187963,0.690299
9338.png,161,run_11,3,"A whimsical, fantastical, upright mammal creature with an elaborate, colorful coat, standing amidst a vibrant, expressive background with abstract shapes.",0.7480213642120361,0.6113576292991638,45.39981142124092,0.689014
9338.png,162,run_13,1,"A vibrant, fantastical creature resembling a small mammal with textured, high-contrast, electric blue and yellow fur stands upright against a dynamic, swirling, psychedelic background",0.7743812203407288,0.6592017412185669,49.766522170028324,0.688483
9338.png,163,run_2,5,"In a whimsical, vibrant scene that blends abstract art and fantasy, a stylized, highly detailed creature resembling a small mammal stands on its hind legs against a richly detailed background.",0.7629265785217285,0.6010701060295105,51.28646057575871,0.688148
9338.png,164,run_7,1,"A fantastical, highly detailed creature resembling a small mammal is posed against a richly textured, swirling background, with a focus on capturing a sense of wonder and awe.",0.7509090900421143,0.697171151638031,38.95332705539457,0.688111
9338.png,165,run_4,5,"Highly detailed, photorealistic, and colorful creature resembling a small mammal with vibrant, realistic fur stands upright against a beautiful, detailed, and textured 4k landscape.",0.7688394784927368,0.6886494755744934,45.628346944874906,0.687374
9338.png,166,run_7,4,"a highly detailed, 4k, vibrant creature resembling a small mammal with highly realistic, thickly textured fur stands upright against a dynamic, soft focus swirling background with subtle brush strokes inspired by digital painting",0.7323892712593079,0.687923014163971,34.344644158644265,0.685681
9338.png,167,run_5,3,"A highly realistic, fantastical creature resembling a small mammal with richly textured, velvety fur stands upright against a dynamic, swirling, surreal background.",0.7471686005592346,0.6448609828948975,42.92422421441698,0.685542
9338.png,168,run_6,3,"A highly detailed, fantastical creature resembling a small, furry mammal with vibrant, realistic fur stands upright against a dynamic, swirling background with subtle shading and color blending",0.7367725968360901,0.6539052128791809,38.81541806022674,0.685402
9338.png,169,run_13,2,"A vibrant, highly detailed, fantastical creature resembling a small mammal with richly textured, soft fur stands upright against a dynamic, swirling backdrop.",0.7585093975067139,0.6649520397186279,45.04550084629338,0.684398
9338.png,170,run_14,3,"Highly detailed, photorealistic creature resembling a small mammal with lush, textured fur stands upright against a dynamic, vibrant background reminiscent of a classic painting",0.7190945148468018,0.6722100973129272,31.955876297535568,0.683389
9338.png,171,run_3,5,"A highly detailed, vibrant creature resembling a small, cute mammal with realistic, soft fur stands upright against a dynamic, swirling, surreal background.",0.7440776228904724,0.6770573854446411,39.6212551496949,0.683098
9338.png,172,run_5,3,"A whimsical, fantastical creature resembling a small mammal with lush, textured fur stands upright against a vivid, ethereal background.",0.7579503059387207,0.7202315926551819,41.11905669219262,0.679196
9338.png,173,run_12,3,"A small mammal with a vibrant, textured coat stands upright against a swirling, psychedelic background.",0.7302030920982361,0.6736099123954773,36.46397206519029,0.678505
9338.png,174,run_13,2,"A fantastical, digital painting of a small mammal with lush, textured fur stands upright against a kaleidoscopic, dynamic background.",0.7150952816009521,0.6624168157577515,33.21498108380242,0.675655
9338.png,175,run_13,5,"'A striking, colorful, digital painting of a fantastical creature resembling a small mammal with shimmering, iridescent fur stands upright against a mesmerizing, gradient background.'",0.7743092179298401,0.7023234367370605,48.87655550739912,0.674964
9338.png,176,run_12,4,"A colorful, whimsical mammal-like creature with shimmering, textured fur stands upright against a kaleidoscopic, swirling background",0.7357325553894043,0.667577862739563,39.726975635108715,0.674117
9338.png,177,run_5,4,"Highly detailed, photorealistic, small mammal creature with exceptionally textured, multicolored fur poses on a vibrant, abstract background",0.7525790929794312,0.7387784719467163,39.279901329907034,0.672185
9338.png,178,run_9,4,"A highly detailed, vibrant, whimsical creature resembling a small mammal with rich, textured fur stands upright against a 4k dynamic, ethereal background",0.7266039848327637,0.6864373087882996,35.72003834246659,0.671397
9338.png,179,run_13,3,"A highly detailed, miniature fantasy mammal with soft, vibrant fur and endearing facial features stands upright against a beautiful, dreamlike swirling background.",0.7646826505661011,0.685197114944458,48.36094384940813,0.670052
9338.png,180,run_14,2,"A small, adorable mammal with textured, layered fur stands upright on its hind legs against a stylized, high-definition, digital painting style background reminiscent of a vibrant fantasy world",0.7466351389884949,0.6856793761253357,42.60410780359838,0.669654
9338.png,181,run_11,2,"A colorful, highly realistic creature with the appearance of a small mammal and vibrant, textured fur stands upright against a stunning, digital art background with soft focus and subtle lighting effects.",0.7371497750282288,0.6850218176841736,39.834481457311696,0.668636
9338.png,182,run_4,5,"A highly intricate, digital painting of a creature resembling a small mammal with soft, blended fur stands upright against a soft, watercolor, and dreamlike background.",0.7381993532180786,0.6793495416641235,40.675876477853215,0.668619
9338.png,183,run_6,1,"A small, mythical creature with soft, textured fur stands against a mesmerizing, psychedelic background.",0.7691099047660828,0.7009267210960388,49.02288024090278,0.667167
9338.png,184,run_12,4,"A highly realistic, detailed creature resembling a small mammal with exceptionally vibrant and textured fur stands upright against a dreamy, swirling, and mystical background",0.7566734552383423,0.6910132169723511,46.07523261105232,0.666362
9338.png,185,run_15,2,"Highly detailed, 4K, vibrant creature resembling a small mammal with rich, luscious fur stands upright against a dynamic, swirling background of abstract shapes and soft pastel colors",0.7974281907081604,0.6200106739997864,65.62869336481211,0.665488
9338.png,186,run_15,3,"A highly realistic, highly detailed creature resembling a small mammal with rich, coarse, and rugged fur stands upright in front of a dynamic, swirling, dramatic background of abstract shapes and bold, expressive brushstrokes",0.7395999431610107,0.6738972663879395,42.38136543601948,0.665056
9338.png,187,run_13,3,"A colorful, fantastical creature possessing a blend of feline and mammalian features stands upright with vibrant, textured fur against a dynamic, swirling background that incorporates elements of nature and fantasy.",0.7613998651504517,0.6694666147232056,49.815438109864004,0.664889
9338.png,188,run_15,1,"An upright, small mammal with soft, textured fur is set against a highly detailed, 4K digital artwork of a mystical, otherworldly background",0.7463275790214539,0.698273777961731,42.55146055602377,0.664327
9338.png,189,run_8,2,"A colorful creature with a mammalian body, intricate patterns, and textured fur stands upright on a blurred, swirly background",0.7080381512641907,0.6359230279922485,36.110903251897426,0.662646
9338.png,190,run_10,2,"Highly detailed, photorealistic, small mammal creature with vibrant, rich, and realistic fur textures stands upright against a 4k, dynamic, and dreamy background.",0.7111814022064209,0.6738052368164062,33.863057276106254,0.662259
9338.png,191,run_6,1,"A highly detailed, adorable creature resembling a small mammal with vibrant, intricate fur stands upright against a dynamic, swirling background.",0.7167701721191406,0.6773931980133057,35.78401205849169,0.660229
9338.png,192,run_10,5,"A masterfully rendered, highly detailed creature resembling a small mammal with incredibly realistic, textured fur stands upright against a 4k, breathtaking, swirling background.",0.7213733196258545,0.6827513575553894,36.797544811188175,0.660198
9338.png,193,run_1,1,"A colorful, fantastical, highly detailed mammal with bright, textured fur and large, expressive eyes stands upright against a dynamic, swirling background with a dreamy, ethereal quality.",0.7210571765899658,0.6034646034240723,44.19654049562594,0.657871
9338.png,194,run_13,4,"A colorful, highly realistic creature bearing resemblance to a small mammal with thick, soft fur and large, bright eyes stands on two legs against a dynamic, vibrant, cosmic background.",0.7952969670295715,0.8312851786613464,48.011137588549786,0.657631
9338.png,195,run_9,4,"A stunning, highly realistic creature resembling a rodent-like mammal with soft, luxurious fur stands proudly against a sharp, bright, swirling 4k background",0.7081211805343628,0.6620237231254578,35.09100850635364,0.656865
9338.png,196,run_12,2,"A highly realistic, 4k quality creature resembling a small mammal with soft, velvety fur stands upright against a subtle, gradient background of blues and greens",0.7410564422607422,0.7086473703384399,41.647193060834994,0.656480
9338.png,197,run_14,4,"A fantasy creature resembling a small mammal with vibrant, multicolored fur stands upright against an otherworldly, high-dynamic-range background reminiscent of a digital masterpiece",0.7330366969108582,0.6772145628929138,42.15085217125748,0.655062
9338.png,198,run_12,4,"A fantastical, highly detailed creature resembling a small mammal with textured, rainbow-hued fur stands upright amidst a dynamic, expressive background",0.7156992554664612,0.675990641117096,37.14284371130098,0.652961
9338.png,199,run_1,1,"A fantastical, highly realistic mammal with a soft, velvety texture and a playful expression stands upright against a rich, imaginative background with intricate, swirling details.",0.7181869745254517,0.7003718614578247,36.25418348860622,0.650831
9338.png,200,run_4,4,"highly detailed, photorealistic, small mammal creature with lush, vibrant, textured fur stands upright against a dynamic, swirling, mesmerizing 8k background",0.7178916335105896,0.6822907328605652,38.12581683212036,0.649122
9338.png,201,run_5,2,"A highly vibrant, imaginative creature resembling a small mammal with thick, fuzzy, and colorful fur stands upright in the center of a dynamic, swirling galaxy landscape.",0.7912080883979797,0.8013544082641602,51.21915304312305,0.648972
9338.png,202,run_11,5,"highly detailed, vibrant creature resembling a small mammal with high-textured, realistic fur and delicate features stands upright against a dynamic, glowing, ethereal background of soft colors",0.7303281426429749,0.691234827041626,41.47871239012813,0.648456
9338.png,203,run_10,1,"A stunning, highly realistic creature resembling a small mammal with vibrant, intricately patterned, textured fur stands upright against a dreamlike, ever-changing background.",0.7035344839096069,0.6942274570465088,32.739478986288404,0.647827
9338.png,204,run_7,1,"A colorful, fantastical creature with vibrant, fluffy fur stands proudly against a highly dynamic, 4k, fantasy-inspired background",0.727504551410675,0.6483609676361084,44.56509397095658,0.647484
9338.png,205,run_7,2,"A breathtaking, highly detailed creature resembling a small mammal with luminous, shimmering, textured fur stands upright against a vibrant, swirling background with a sense of depth and dimensionality inspired by a digital painting.",0.7534441947937012,0.7283749580383301,46.15935718926468,0.646029
9338.png,206,run_2,1,"A magical, anthropomorphic creature with mammalian and avian features stands upright against a rich, swirling, baroque-style digital background.",0.6904535293579102,0.6202585697174072,35.45636617600633,0.646007
9338.png,207,run_2,5,"A whimsical, highly detailed creature resembling a small, adorable mammal stands upright against a richly textured, dynamic, and subtly layered background that incorporates elements of abstract art and fantasy.",0.7108199000358582,0.6907771229743958,36.35595851054125,0.643361
9338.png,208,run_11,4,"Highly detailed, digital-painted creature resembling a small mammal with soft, vivid, and realistic textured fur stands upright against a mesmerizing, swirling background",0.697399377822876,0.6591732501983643,35.03289195584324,0.642430
9338.png,209,run_1,4,"A whimsical, highly detailed mammalian creature resembling a small, upright rodent stands amidst an abstract, kaleidoscope-inspired background with dynamic color swirls",0.7483460307121277,0.8798516392707825,31.996939000558385,0.642162
9338.png,210,run_7,3,"A highly detailed, colorful, fantastical miniature creature with realistic, textured fur stands against a dynamic, swirling background with subtle, hand-painted brush stroke details",0.7010592222213745,0.6525869369506836,36.993849173393315,0.641494
9338.png,211,run_15,2,"A majestic, highly detailed creature resembling a small mammal with velvety, textured fur stands upright against a dramatic, swirling background of intricate patterns and shapes",0.7156879901885986,0.7037224769592285,37.475256435451996,0.640155
9338.png,212,run_9,2,"A majestic, colorful, whimsical creature standing on two legs like a mammal, adorned with soft, fluffy fur, against a stunning, 4k cinematic background",0.7091073989868164,0.6452358961105347,40.68079740788777,0.639416
9338.png,213,run_7,4,"a highly detailed, highly textured, whimsical creature with a mix of realistic and fantastical features resembling a small mammal stands upright against a dynamic, expressive background with dynamic brush strokes inspired by surreal digital painting",0.7267853021621704,0.7182344794273376,40.15254398610547,0.638357
9338.png,214,run_15,2,"A photorealistic, highly detailed creature resembling a small mammal with thick, luscious fur stands upright against a dynamic, abstract background of swirling shapes and patterns",0.6909037828445435,0.6533051133155823,34.36482892027859,0.638279
9338.png,215,run_2,2,"'A fantastical creature with a slender, elongated body and vibrant, textured fur stands upright against a mesmerizing, dreamlike, psychedelic background.'",0.7123357653617859,0.669791579246521,40.31453465713689,0.635906
9338.png,216,run_7,2,"A captivating, colorful, fantastical creature resembling a small mammal with rich, velvety, textured fur stands upright against a dynamic, swirling background with a sense of movement and energy reminiscent of a kinetic sculpture.",0.709038257598877,0.6331609487533569,42.88464978427859,0.634074
9338.png,217,run_14,3,"A beautiful, highly realistic creature resembling a small mammal with soft, luxurious fur stands upright against a serene, ethereal background evoking a sense of wonder and enchantment",0.7217788100242615,0.7244343757629395,39.032505418478145,0.633588
9338.png,218,run_13,1,"A highly realistic, fantastical creature resembling a small mammal with soft, textured, pastel-colored fur stands upright against a gentle, dreamy, swirling background",0.7180805802345276,0.6695491075515747,43.244485159272486,0.631019
9338.png,219,run_6,2,"A highly detailed, small mammal-like creature with intricately textured fur stands upright against a swirling background that shifts between warm and cool color temperatures.",0.7226293087005615,0.7118355631828308,41.023718998545746,0.630798
9338.png,220,run_11,2,"A small, upright, colorful mammal with shimmering, iridescent fur and delicate features poses against a mesmerizing, 4k, digital painting background.",0.7506055235862732,0.6742868423461914,53.364106688558216,0.630634
9338.png,221,run_2,1,"A highly realistic, dreamlike creature resembling a small, furry mammal with realistic, textured fur stands upright against a complex, swirling digital environment that simulates 4k resolution.",0.6940810680389404,0.6562235355377197,36.87156636163763,0.630258
9338.png,222,run_8,3,"A highly detailed, vibrant, fantastical creature resembling a small mammal with intricate, textured fur stands upright against a dynamic, swirling, 4k background.",0.7135111093521118,0.7010490298271179,39.99065979591866,0.626444
9338.png,223,run_15,4,"A highly refined, photorealistic mammalian creature with intricate, textured fur stands upright in front of a mesmerizing, dynamic, abstract background",0.7189049124717712,0.7227556705474854,39.954180796386645,0.625777
9338.png,224,run_14,1,"A fantastical, upright creature resembling a small mammal with thick, plush fur stands against a rich, abstract background",0.6945785284042358,0.6534839868545532,38.32450751828518,0.625420
9338.png,225,run_7,1,"A dynamic, swirling background supports a fantastical creature resembling a small mammal with colorful, textured fur, set in a highly detailed, whimsical atmosphere",0.7557008266448975,0.7159035205841064,52.503109686790275,0.625236
9338.png,226,run_3,5,"A fantastical, highly detailed creature resembling a small mammal with soft, fluffy fur stands upright against a vibrant, dynamic, magical background.",0.7619094252586365,0.7370965480804443,52.671356298200564,0.625041
9338.png,227,run_12,3,"A highly detailed, digital painting of a fantasy creature resembling a mammal with a textured, iridescent coat stands upright against a swirling, kaleidoscopic background.",0.7241494059562683,0.7044389247894287,43.50704969735221,0.624621
9338.png,228,run_11,4,"Realistic, high-definition creature resembling a small mammal with delicate, realistic textured fur stands upright against a colorful, dynamic background",0.7011913061141968,0.7036671042442322,36.507663210733746,0.623187
9338.png,229,run_6,2,"A highly detailed, vibrant creature resembling a small mammal with intricately textured fur stands upright against a mesmerizing, swirling background with hints of neon colors.",0.7519890069961548,0.7073487043380737,52.66855469336133,0.622458
9338.png,230,run_13,5,"'A beautifully rendered, highly realistic creature resembling a small mammal with soft, fluffy fur stands upright against an immersive, 4k background.'",0.6985829472541809,0.7279009222984314,33.76384762687747,0.622117
9338.png,231,run_6,5,"A stunning, colorful, and fantastical creature resembling a small mammal with glowing, textured, and iridescent fur stands upright against a dynamic, swirling, and dreamlike background",0.7524527311325073,0.7233884334564209,51.64794344718555,0.621328
9338.png,232,run_5,5,"Highly detailed, 4k digital painting of a small, adorable, mammalian creature with exceptionally vibrant, intricately textured fur stands upright against a dynamic, swirling background of deep blues and purples.",0.7080142498016357,0.6572751998901367,43.38599415944688,0.620461
9338.png,233,run_13,5,"'A vibrant, highly detailed, fantastical creature resembling a small mammal with textured, velvety fur stands upright against a swirling, cosmic background.'",0.7772513628005981,0.8198277354240417,51.64343212913391,0.618875
9338.png,234,run_7,5,"highly detailed realistic creature resembling a small mammal with vibrant, colorful, textured fur stands upright against a dynamic, gradient background with fine brush strokes",0.7083384990692139,0.7086009979248047,39.76810474337569,0.616751
9338.png,235,run_15,5,"A highly realistic, oil painting-inspired digital artwork featuring a mammal-like creature with a thick, luxurious coat, set against a dreamy, swirling background",0.7004222869873047,0.6435017585754395,43.63148668106969,0.613694
9338.png,236,run_3,1,"A highly detailed, fantastical creature resembling a small mammal with vibrant, soft, and intricate fur stands upright against a dynamic, swirling background of celestial colors.",0.7391999959945679,0.7534793019294739,46.55420775322599,0.612949
9338.png,237,run_11,5,"highly detailed, 4k digital painting of a fantastical creature standing upright with soft, vibrant, realistic fur against a mesmerizing, stylized background",0.7021541595458984,0.6972589492797852,40.11724258105959,0.610602
9338.png,238,run_3,3,"A stylized, fantastical mammal with intricate, multicolored fur stands firmly grounded against a vivid, swirly backdrop of mesmerizing, celestial lights",0.7601945400238037,0.8014258742332458,49.8013375836459,0.609593
9338.png,239,run_7,4,"a highly realistic, highly detailed creature resembling a small mammal with highly textured, soft fur stands upright against a soft focus, gradient background with subtle, realistic brush strokes inspired by realistic digital painting",0.6951394081115723,0.7082552313804626,37.5029835886902,0.607792
9338.png,240,run_12,1,"A beautifully crafted, whimsical creature resembling a small mammal with intricate, high-resolution textured fur stands upright against a dreamlike, surreal background.",0.6935806274414062,0.7116926908493042,36.80189286983001,0.607317
9338.png,241,run_5,1,"A highly detailed, small, upright creature resembling a mammal with thick, textured, warm fur is set against a dynamic, swirling, highly stylized background.",0.6884714961051941,0.674556314945221,38.75891203310559,0.605832
9338.png,242,run_7,5,"a small mammal with highly textured, realistic fur stands upright in a dynamic, swirling digital scene with intricate details",0.6906601190567017,0.6971341967582703,37.58096833833965,0.605323
9338.png,243,run_13,4,"A miniature, highly detailed being with soft, fluffy fur and an endearing expression stands on two legs against a background of dancing, swirling lights and colors.",0.7009502649307251,0.6531285047531128,44.94760330305099,0.604509
9338.png,244,run_7,5,"highly detailed vibrant creature standing upright against a dynamic, swirling, abstract digital background",0.6899279356002808,0.6897464990615845,38.206141388766696,0.604362
9338.png,245,run_7,3,"A fantastical, highly detailed creature with realistic, textured fur resembling a miniature mammal stands against a colorful, dynamic, stylized background with subtle gradient effects",0.7050155401229858,0.7199026346206665,40.523598624926464,0.603771
9338.png,246,run_1,3,"A small, majestic, upright mammalian rodent creature blends seamlessly into a vibrant, abstract, dreamlike background with soft, flowing colors and patterns",0.7132318615913391,0.6470646262168884,50.00772235716582,0.601851
9338.png,247,run_9,3,"A highly detailed, fantastical creature, with an expression of gentle curiosity, resembling a small mammal with soft, vibrant fur and delicate limbs stands upright against a 4k ultra-high dynamic, immersive background",0.7140166759490967,0.6999140381813049,45.614951150321104,0.601770
9338.png,248,run_6,2,"A small, upright mammal with iridescent, textured fur stands against a dynamic, swirling backdrop with bold brushstrokes.",0.7377604842185974,0.6509562134742737,57.78037104207356,0.600783
9338.png,249,run_9,2,"A highly realistic, highly detailed, and fantastical creature resembling a small mammal, with a textured, 4k, high-definition coat, standing upright against a dynamic, colorful, and dreamlike background",0.6816681623458862,0.6978466510772705,35.932312718486145,0.599320
9338.png,250,run_6,2,"A fantastical creature resembling a small mammal with textured fur stands upright against a dynamic, swirling background infused with high-contrast, photorealistic details.",0.6916353702545166,0.6710140705108643,41.68249031538693,0.598495
9338.png,251,run_1,3,"A highly detailed, whimsical, realistic mammalian creature resembling a small, sleek rodent stands upright against a mesmerizing, intricate abstract background with dynamic, swirling patterns of color",0.6979233026504517,0.8236395120620728,30.65133549136993,0.596594
9338.png,252,run_5,2,"A highly detailed, realistic creature resembling a small mammal with soft, vibrant, and velvety fur stands upright against a dynamic, swirling background of purple and blue hues.",0.7008379697799683,0.6840357184410095,44.58278704949301,0.593473
9338.png,253,run_13,4,"Vibrant, highly detailed creature resembling a small, furry mammal with textured, iridescent fur stands upright against a dynamic, swirling, dreamlike background.",0.742057204246521,0.7252888679504395,54.742765648334306,0.590938
9338.png,254,run_9,2,"A vibrant, textured, and highly intricate creature, with features of a small mammal, set against a 4k, dynamic, dreamlike atmosphere",0.7556138038635254,0.7571977376937866,56.62198489977974,0.589386
9338.png,255,run_4,2,"A beautiful, highly detailed creature resembling a small mammal with shimmering, textured fur stands upright against a dramatic, swirling 8k background",0.7023158669471741,0.720344066619873,42.83136605223949,0.588978
9338.png,256,run_12,2,"A highly detailed, realistic creature resembling a small mammal with soft, fluffy fur stands upright against a calm, serene background",0.6747534275054932,0.7092803716659546,35.149517126310315,0.588052
9338.png,257,run_3,3,"A colorful, highly detailed, fantastical creature resembling a small mammal with radiant, intricately textured fur stands upright against a dynamic, swirling background of pastel hues",0.702534019947052,0.6501113772392273,49.48956300683356,0.587175
9338.png,258,run_9,3,"a majestic, highly detailed, small mammal, with a rich, luxurious fur and delicate, intricate features, stands proudly upright against a breathtaking 4k dynamic, swirling background with subtle hints of an epic, cinematic atmosphere",0.6764439344406128,0.6925983428955078,37.60748777931594,0.586014
9338.png,259,run_4,3,"A highly realistic, detailed creature resembling a small mammal with thick, fluffy fur stands upright against a dynamic, swirling 4k realistic art background",0.6771188974380493,0.7037090063095093,37.44471030010422,0.583251
9338.png,260,run_7,4,"a highly detailed, colorful, fantastical creature with a mix of realistic and stylized features resembling a small mammal stands upright against a blurred, dreamy background with distinct brush strokes inspired by contemporary digital art",0.6925551891326904,0.6946399807929993,43.27579527593345,0.582931
9338.png,261,run_12,3,"A stylized, 4K creature resembling a small mammal with a mesmerizing, textured coat stands upright against a richly detailed, dynamic background.",0.6928542852401733,0.7241267561912537,41.0427193495365,0.581678
9338.png,262,run_2,5,"A highly detailed creature resembling a small mammal that showcases a fusion of realism and fantasy stands upright against a stylized, dynamic background that incorporates elements of digital art.",0.6870321035385132,0.71123206615448,40.355954918960244,0.581462
9338.png,263,run_11,5,"highly detailed, realistic, upright mammal with textured, multicolored fur and intricate details against a dynamic, swirling atmosphere",0.6620022058486938,0.6868725419044495,34.79828522875826,0.579905
9338.png,264,run_11,3,"A mystical, enchanting, upright creature resembling a mammal with a richly textured, high-definition coat, set against a hypnotic, dynamic background.",0.703179121017456,0.7161921858787537,45.507663464924455,0.579624
9338.png,265,run_12,2,"A beautiful, fantasy creature resembling a small mammal with vibrant, textured fur and intricate patterns stands upright against a softly glowing background",0.6860414743423462,0.6878994107246399,42.619788875427204,0.579052
9338.png,266,run_1,5,"A vibrant, stylized mammalian creature that closely resembles a small, furry rodent stands upright against a mesmerizing, intricate abstract background with dynamic, soft swirls of pastel color",0.7574553489685059,0.6702921390533447,67.69142564837647,0.576453
9338.png,267,run_14,1,"A highly detailed, vibrant creature resembling a small mammal with textured, patterned fur stands upright against a bright, gradient background",0.6917834877967834,0.7289933562278748,41.422706891863996,0.576369
9338.png,268,run_8,1,"A detailed, whimsical creature resembling a small mammal with rich, intricately patterned fur stands upright against a dynamic, swirling night sky",0.7548945546150208,0.868768036365509,49.37737453954907,0.576363
9338.png,269,run_15,5,"A highly detailed, digital artwork of a creature resembling a small mammal with soft, fluffy fur stands upright against a bright, swirling background of vibrant shapes",0.7296561598777771,0.7142893075942993,54.95535906537049,0.576082
9338.png,270,run_9,2,"A highly detailed, hyper-realistic, fantastical creature resembling a small mammal with vibrant, iridescent, high-definition fur stands upright against a 4k, dynamic, swirling background",0.7279480695724487,0.748275101184845,51.45356978428755,0.575872
9338.png,271,run_8,3,"A whimsical, mystical creature resembling a small mammal with intricate, iridescent fur stands upright against a soft, dreamy, watercolor background.",0.7260583639144897,0.6512157320976257,59.43914302743827,0.575735
9338.png,272,run_5,3,"A captivating, vibrant creature resembling a small mammal with soft, textured fur stands upright against a mesmerizing, hypnotic background.",0.6719229221343994,0.690690279006958,38.58288300052074,0.575613
9338.png,273,run_9,1,"A colorful, fantastical creature with a slender body and vibrant, textured fur stands upright against a dynamic, detailed, 4k background",0.671297550201416,0.6887215375900269,38.675958145541244,0.575059
9338.png,274,run_10,1,"A captivating, fantastical creature resembling a small mammal with soft, pastel-colored, velvety fur stands upright against a vibrant, kinetic background.",0.7026053667068481,0.6993128657341003,48.08858516696702,0.573751
9338.png,275,run_11,4,"Highly detailed, realistic, photorealistic creature resembling a small mammal with soft, realistic textured fur stands upright against a vibrant, dynamic background",0.6692090034484863,0.7175983190536499,35.77303413340873,0.573605
9338.png,276,run_12,2,"A colorful, mythical creature with long, flowing fur stands proudly against a dynamic, swirling background of purple and blue hues",0.7364802360534668,0.7093188762664795,58.274157155973015,0.572921
9338.png,277,run_2,1,"A vibrant, fantastical creature resembling a small, cuddly mammal with intricate, textured fur stands upright against a dynamic, swirling background reminiscent of a 4k digital painting.",0.7196330428123474,0.715472400188446,52.618533398521826,0.571530
9338.png,278,run_10,3,"The creature from your wildest dreams, resembling a small mammal with a mix of soft and wiry textures, stands upright against a 4k, dynamic, swirling background evoking a sense of wonder",0.6828225255012512,0.6947668194770813,42.712448704213585,0.571076
9338.png,279,run_8,1,"A highly detailed, realistic creature resembling a small mammal with thick, luscious fur stands on two legs against a dynamic, ever-changing abstract background",0.6607104539871216,0.6973904371261597,35.48504788638431,0.570564
9338.png,280,run_6,3,"A mystical, vibrant creature, resembling a tiny mammal with rich, textured fur, stands upright against a mesmerizing, swirling cosmos",0.7676907777786255,0.8401477932929993,57.421229820481024,0.569893
9338.png,281,run_9,4,"A stunning, highly realistic, photorealistic creature resembling a small mammal with rich, varied, textured fur stands proudly against a 4k dynamic, dynamic, swirling, gradient background",0.6942577958106995,0.7412883043289185,42.55770712101015,0.569814
9338.png,282,run_3,3,"A highly detailed, digital painting of a fantastical mammal with bright, eye-catching fur is posed dramatically against a swirling, cosmic background of glittering stardust and celestial lights",0.7435406446456909,0.8283898234367371,51.00012507315974,0.568495
9338.png,283,run_11,1,"A highly detailed, 4k digital painting of a fantastical creature, resembling a small mammal with a long snout, vibrant, glossy fur, and delicate features, stands upright in front of a dark, swirling background.",0.689588725566864,0.666607677936554,47.99385653140352,0.568212
9338.png,284,run_3,2,"A highly detailed, colorful creature resembling a small mammal with realistic, textured fur stands upright in the center of a dynamic, swirling celestial background, surrounded by stars.",0.7690591216087341,0.8856425881385803,54.6955109459929,0.565989
9338.png,285,run_5,5,"Fantastical, highly detailed, 4k creature resembling a small, cute mammal with exceptionally vibrant, intricately textured fur stands upright against a swirling, dynamic background of bright pastels and soft focus.",0.7256311178207397,0.6972336769104004,57.82953018841489,0.563826
9338.png,286,run_15,5,"A highly detailed, watercolour-inspired digital artwork of a creature resembling a small mammal with thick, woolly fur standing upright against a mesmerizing, swirling background of colours and shapes.",0.7494135499000549,0.6340670585632324,71.49513127670787,0.561761
9338.png,287,run_9,1,"A detailed, whimsical creature with realistic, fantastical fur stands upright against a highly detailed, swirling background",0.6709274053573608,0.7050325870513916,40.00955423056086,0.561752
9338.png,288,run_10,3,"Highly detailed, masterfully painted creature resembling a small mammal with a mix of long and short, soft and wiry textured fur stands upright against a 4k, cinematic, dynamic background.",0.6571211218833923,0.6929481625556946,36.68557329646708,0.561533
9338.png,289,run_10,3,"Highly detailed, photorealistic creature resembling a small mammal with soft, textured fur stands upright against a 4k, dynamic, swirling background",0.6768651008605957,0.7374677658081055,39.110807405602735,0.561501
9338.png,290,run_4,5,"A highly detailed, high-fantasy creature resembling a small, furry mammal stands upright against a dynamic, surreal, and dreamlike 4k background.",0.708814799785614,0.7277348041534424,50.27070145989971,0.561354
9338.png,291,run_1,5,"A whimsical, highly detailed creature resembling a small, upright rodent is set against a dreamy, abstract background of swirling, watercolor hues",0.7793252468109131,0.6590274572372437,79.0426809312533,0.561137
9338.png,292,run_10,3,"A highly detailed, colorful, fantastical creature resembling a small mammal with vibrant, textured fur stands upright against a high-resolution, cinematic, gradient background",0.6680408120155334,0.6766863465309143,41.997959679456244,0.559840
9338.png,293,run_3,4,"A colorful, fantastical creature resembling a small mammal with soft, fluffy, and highly styled fur stands upright in a dynamic, swirling environment with subtle, shimmering effects.",0.6996241807937622,0.6782292723655701,52.38643859404558,0.558123
9338.png,294,run_14,5,"A highly detailed, whimsical, small mammal-like creature with layered, dimensional, colorful fur stands upright amidst a dynamic, dreamlike digital art environment",0.6890174150466919,0.7269174456596375,44.69753893269832,0.558050
9338.png,295,run_2,3,"A highly detailed, fantastical creature resembling a small mammal with rich, vivid, and intricately textured fur stands upright against a dynamic, swirling background of deep blues and purples",0.6821013689041138,0.7430216670036316,42.12018913671766,0.553142
9338.png,296,run_7,1,"A small, upright mammal with a vibrant, mottled coat stands against a swirling, dreamlike background with a sense of movement and energy",0.6632816791534424,0.6744457483291626,42.178805641572794,0.552878
9338.png,297,run_3,4,"A captivating, highly realistic creature resembling a hybrid of a mammal and a mythical being with richly detailed, vibrant fur stands upright against a dynamic, swirling and atmospheric background.",0.706405758857727,0.7365759015083313,50.69772459987047,0.552236
9338.png,298,run_12,5,"A highly detailed, colorful, fantastical creature resembling a small, adorable mammal with vibrant, realistic, textured fur stands upright against a dynamic, abstract, swirling background of stars in a deep space environment",0.7325923442840576,0.8571414947509766,48.91404800005479,0.550227
9338.png,299,run_6,1,"A small, mystical creature with soft, shimmering fur stands against a stunning, kaleidoscopic background.",0.7025207877159119,0.7639545202255249,47.488795509022445,0.550141
9338.png,300,run_4,3,"A small, endearing mammal-like creature with luxurious, velvety fur stands upright against a mesmerizing, psychedelic 4k landscape",0.6984312534332275,0.736910343170166,48.64422895502774,0.549755
9338.png,301,run_9,3,"a remarkably detailed, small, endearing mammal with a fluffy, colorful coat and sweet, expressive eyes stands upright with delicate balance against a dynamic, high-contrast, 4k background with subtle gradients and soft focus",0.6864129304885864,0.7295053005218506,45.62884660102177,0.548861
9338.png,302,run_6,4,"A fantastical, highly detailed creature resembling a small, nocturnal mammal with soft, fluffy fur, stands upright against a dynamic, swirling, gradient background with a hint of subtle glow.",0.6950656175613403,0.7031248807907104,51.12939424844506,0.547057
9338.png,303,run_14,5,"A highly detailed, fantastical, mythical creature resembling a small mammal with vibrant, layered, fluffy fur stands upright against a captivating, dynamic, swirly digital art masterpiece background",0.7088061571121216,0.7163755893707275,54.39541286210382,0.546971
9338.png,304,run_10,5,"A fantastical creature, resembling a small mammal, with a coat of highly intricate, shimmering fur, stands upright against a 4k, surreal, ever-changing background.",0.6971102952957153,0.7537014484405518,47.504437827849564,0.546229
9338.png,305,run_4,1,"A colorful, fantastical creature resembling a small mammal with textured, iridescent fur stands proudly upright against a highly detailed, swirling, watercolor background.",0.7835953235626221,0.6947066783905029,80.5628039107668,0.545972
9338.png,306,run_4,2,"A highly detailed, surreal creature resembling a small mammal with iridescent, textured fur stands upright against a dynamic, abstract 4k background",0.718325138092041,0.7920528054237366,51.047209741885034,0.545734
9338.png,307,run_4,2,"A highly detailed, colorful creature resembling a small mammal with rich, textured fur stands upright against a bright, dynamic 4k landscape",0.6854932904243469,0.7055238485336304,48.29103157153193,0.544986
9338.png,308,run_15,4,"A highly realistic, detailed creature with smooth, fluffy fur stands upright against a dynamic, mesmerizing background of abstract shapes and vibrant colours",0.6854413747787476,0.6774777770042419,51.106399613832274,0.543340
9338.png,309,run_9,5,"A small, fantastical mammal with intricately textured, iridescent fur stands upright against a 8k ultra-high-definition dynamic background",0.7107239365577698,0.7835832834243774,50.12442117457075,0.542176
9338.png,310,run_3,4,"A majestic, highly detailed creature resembling a small mammal with vibrant, iridescent, and highly styled fur stands upright against a dynamic, swirling and dreamlike background.",0.7071985006332397,0.7436716556549072,52.78095100545171,0.540940
9338.png,311,run_1,4,"A delicate, highly detailed creature resembling a small rodent stands upright amidst vibrant, swirling patterns on a mesmerizing background",0.6956191062927246,0.8242281079292297,41.95740512131404,0.540916
9338.png,312,run_11,1,"A mystical, upright creature, resembling a small mammal with a long, fluffy tail, soft, patterned fur, and a gentle expression, stands in front of a dreamy, swirling background with clouds.",0.7232624292373657,0.7395663261413574,58.4835184952397,0.540125
9338.png,313,run_2,2,"'A realistic, upright creature resembling a small mammal with soft, woolly fur and large, expressive eyes stands against a beautiful, serene, natural environment.'",0.6641600131988525,0.7372522354125977,39.91920328276598,0.539076
9338.png,314,run_15,1,"A miniature, fantasy creature with intricate, detailed fur and wings stands proudly against a swirling, psychedelic background",0.678912878036499,0.7654907703399658,42.5568363560251,0.537294
9338.png,315,run_9,5,"A realistic, small mammal with velvety, high-definition fur stands upright against a high-fidelity, photorealistic, gradient background",0.7000799179077148,0.7935892343521118,47.300731379851086,0.535364
9338.png,316,run_7,5,"a small, realistic, fantastical mammal with textured, gradient fur stands upright in a vivid, dynamic scene",0.6603556871414185,0.7078590989112854,42.144188741193254,0.535143
9338.png,317,run_10,2,"A mesmerizing, highly detailed, and photorealistic small mammal creature with incredibly realistic, textured, and life-like fur stands upright against a stunning, 4k, and dynamic background with perfect lighting.",0.6831271648406982,0.7914725542068481,42.296777609527325,0.534175
9338.png,318,run_15,5,"A majestic, highly detailed digital painting of a small mammal-like creature with luscious, curly fur standing upright against a dynamic, abstract background",0.6257452964782715,0.6756129264831543,34.12112705774414,0.533963
9338.png,319,run_2,3,"A vibrant, whimsical creature resembling a small mammal with textured, iridescent, and rainbow-colored fur stands upright against a dynamic, swirly background of shifting clouds and sunbeams",0.7146204113960266,0.6582321524620056,64.50140847205178,0.532670
9338.png,320,run_3,2,"A vibrant, fantastical, upright creature resembling a compact rodent with soft, multi-colored fur stands against a dramatic, swirling galaxy backdrop.",0.7491694688796997,0.8866581320762634,55.46578543973732,0.532612
9338.png,321,run_2,5,"Stylized as a digital painting, a playful, colorful creature standing on its hind legs resembles a small mammal in a vibrant, dreamlike scene with elements of fantasy.",0.6886005401611328,0.6861754655838013,53.699040827889306,0.532550
9338.png,322,run_9,1,"A highly styled, vibrant creature resembling a mammal with realistic, textured fur stands upright against a mesmerizing, swirling digital painting",0.7015972137451172,0.734390914440155,54.11405171979813,0.530288
9338.png,323,run_3,3,"A realistic, upright mammal with soft, plush fur is centered within a majestic, dreamlike scene featuring a kaleidoscope of colors in motion",0.6783586740493774,0.7651557922363281,44.18670032318579,0.529109
9338.png,324,run_10,2,"Highly detailed creature from a fantasy realm resembling a small mammal with incredibly realistic, textured, and multi-dimensional fur stands against a 4k dynamic background.",0.6467046737670898,0.7107338905334473,38.97040231747942,0.528390
9338.png,325,run_1,1,"A small, endearing mammal with soft, pastel-colored fur and a sweet expression stands upright against a colorful, psychedelic background with vibrant, swirling patterns.",0.7428551912307739,0.701851487159729,70.72525888645843,0.528082
9338.png,326,run_11,1,"A highly realistic, photorealistic image of a fantastical creature, resembling a small, furry mammal with large, round eyes, soft, textured fur, and delicate features, stands upright in a dynamic, swirling landscape with mountains.",0.7231418490409851,0.7563167214393616,59.61675172640402,0.527931
9338.png,327,run_5,2,"A highly realistic, enchanting creature resembling a small mammal with long, fluffy, and iridescent fur stands upright on a rocky outcropping against a dynamic, swirling misty fog environment.",0.6804554462432861,0.7538047432899475,46.85986131892,0.524518
9338.png,328,run_8,3,"A fantastical, mythical creature resembling a small mammal with vibrant, metallic fur stands upright against a dynamic, cosmic, highly detailed background.",0.7036994695663452,0.794710099697113,51.43137044269917,0.521253
9338.png,329,run_4,5,"Highly detailed, realistic, and colorful creature resembling a small mammal with soft, textured fur stands upright against a serene, 8k background with subtle gradient.",0.636833131313324,0.726242184638977,36.89646247371886,0.517036
9338.png,330,run_3,2,"A small, colorful creature resembling a rodent with realistic, multi-colored fur stands upright against a stunning, dreamlike background with a swirling, cosmic cloudscape and vibrant stars.",0.7229280471801758,0.8774892687797546,52.15589943167313,0.512751
9338.png,331,run_4,2,"A highly detailed, photorealistic creature resembling a small mammal with soft, vibrant, textured fur stands upright against a deep, dark blue 4k background",0.6948711276054382,0.79082190990448,50.82360606138513,0.512570
9338.png,332,run_6,3,"A majestic, otherworldly creature resembling a small mammal with stunning, realistic fur stands upright against a swirling, cosmic background with deep colors and intricate details",0.733289897441864,0.8745941519737244,57.02192979497961,0.506860
9338.png,333,run_2,2,"'A highly detailed, fantastical creature resembling a small, nocturnal mammal with vibrant, realistic fur stands upright against a dynamic, swirling, moonlit background.'",0.6991147398948669,0.7519427537918091,57.12165506767267,0.505649
9338.png,334,run_9,5,"A highly detailed, mystical creature resembling a small mammal with shaggy, textured, rainbow-colored fur stands upright against a 4k, cinematic, animated background",0.6197106838226318,0.6842875480651855,39.15903451566032,0.498330
9338.png,335,run_13,2,"A miniature creature, inspired by mammals, displays itself upright amidst a kaleidoscopic, ever-changing background.",0.6679590940475464,0.8985503911972046,35.98324439139027,0.497319
9338.png,336,run_3,2,"A highly detailed, 4k-quality creature resembling a small mammal with realistic, intricately patterned fur stands upright against a colorful, cosmic background, full of vibrant stars and swirling space.",0.7163980007171631,0.903602123260498,52.15673037994024,0.492486
9338.png,337,run_14,4,"A highly detailed, highly realistic small mammal with textured, dimensional fur stands upright against a dynamic, high-contrast background with intricate details reminiscent of a 4k digital painting",0.6442644000053406,0.7405606508255005,43.72328833174664,0.490797
9338.png,338,run_10,4,"highly detailed, vibrant, fantastical creature with mammalian characteristics stands upright and fierce against a 4k, dynamic, swirling, watercolor background",0.7460293769836426,0.7362601161003113,76.84240733434166,0.490655
9338.png,339,run_15,1,"A small, adorable creature resembling a mammal has a bright, textured coat and stands proudly against a highly detailed, digital painting of a whimsical, dreamlike landscape.",0.66585373878479,0.7388497591018677,51.48964965467559,0.487685
9338.png,340,run_8,5,"A small, cuddly mammal with luxurious, soft, multicolored fur stands upright against a dreamy, swirling, impressionist background.",0.6554113030433655,0.6631944179534912,55.020411999378084,0.486707
9338.png,341,run_6,1,"A highly detailed, whimsical creature resembling a small, cute mammal with iridescent, fluffy fur stands upright against a dynamic, swirling background.",0.7152076363563538,0.7989022731781006,63.46617870463789,0.481189
9338.png,342,run_4,2,"A majestic, highly detailed creature resembling a small mammal with luxurious, textured fur stands upright against a soft, gradient 4k background",0.6255202293395996,0.7302520275115967,40.80573352705373,0.480683
9338.png,343,run_6,4,"A highly realistic, 3d model of a small mammal with soft, fuzzy fur stands upright against a dynamic, swirling nebula background, with a subtle, ambient light effect.",0.7018437385559082,0.8217297196388245,57.53132405206176,0.479466
9338.png,344,run_8,3,"A majestic, regal creature resembling a small mammal with thick, plush fur stands upright against a dramatic, cinematic, cinematic background with golden lighting.",0.5960713624954224,0.6605701446533203,38.001822288498694,0.478319
9338.png,345,run_3,2,"An imaginative, highly detailed creature resembling a compact mammal with soft, fluffy fur stands upright against a swirling, dynamic, fantasy-themed backdrop with stars and planets.",0.7028437852859497,0.8558942079544067,55.25016668290403,0.477572
9338.png,346,run_3,1,"A colorful, whimsical creature resembling a small mammal with iridescent, textured fur stands upright in the foreground against a subtle, cosmic background.",0.7317115068435669,0.9130414724349976,59.610195660482056,0.477004
9338.png,347,run_2,1,"A highly detailed, whimsical creature resembling a small, fluffy mammal with soft, textured fur stands upright against a dynamic, swirling abstract backdrop.",0.662990927696228,0.6962267160415649,56.95647608406349,0.475597
9338.png,348,run_15,3,"A highly stylized, dreamlike creature resembling a small mammal with rich, fuzzy, and fluffy fur stands upright against a dynamic, swirling, surreal background of abstract shapes and misty clouds",0.692933201789856,0.7308690547943115,63.573594249187074,0.475370
9338.png,349,run_14,1,"A fantastical, small, upright creature resembling a mammal with soft, watercolor-inspired fur stands against a dreamy, atmospheric background",0.6636929512023926,0.733411967754364,54.07039125540442,0.474820
9338.png,350,run_10,1,"A mesmerizing, highly detailed creature resembling a small mammal with bright, shimmering, iridescent fur stands upright against a dynamic, swirling, watercolor-inspired background.",0.7317236065864563,0.7770389318466187,72.30351383731274,0.473826
9338.png,351,run_11,3,"A fantastical, upright mammal creature with an intricate, colorful coat and a stylized, dreamlike environment.",0.6894924640655518,0.7706223130226135,59.699395848292724,0.471969
9338.png,352,run_3,1,"A small, fantastical creature resembling a mammal with delicate, intricate, and shimmering fur stands upright against a mesmerizing, swirling background of vibrant colors and stars.",0.7290574312210083,0.9615590572357178,56.60013634583279,0.467232
9338.png,353,run_15,3,"A highly detailed, 3d-like creature resembling a small mammal with rich, smooth, and luxurious fur stands upright against a dynamic, swirling, futuristic background of abstract shapes and neon lights",0.6754992008209229,0.754645824432373,57.72595139321207,0.466839
9338.png,354,run_2,2,"'A colorful, whimsical creature with soft, fluffy fur and large, shining eyes stands upright against a rich, detailed, starry night sky.'",0.7120806574821472,0.9681638479232788,50.675923890470685,0.466702
9338.png,355,run_5,2,"A beautifully designed, fantastical creature resembling a small mammal with long, textured, and shining fur stands upright on a hill against a dynamic, swirling night sky.",0.7111120223999023,0.9358789920806885,53.732890031919595,0.464309
9338.png,356,run_15,3,"A highly realistic, 4k creature resembling a small mammal with rich, textured, velvety fur stands upright against a dynamic, swirling, cosmic background of abstract shapes and stars",0.7108513116836548,0.902377724647522,56.69664643541918,0.463886
9338.png,357,run_2,1,"A colorful, otherworldly creature with a mix of mammalian and feline features stands upright against a mesmerizing, swirling digital landscape.",0.7206645011901855,0.7568826079368591,72.79805154983727,0.463376
9338.png,358,run_13,2,"Against a mesmerizing, swirling background, a small, furry mammal, with intricate, textured fur, stands majestically upright.",0.6133118867874146,0.7280021905899048,41.438071662356805,0.460629
9338.png,359,run_8,4,"A highly detailed, fantastical creature resembling a medium-sized mammal with bright, intricate, textured fur stands upright against a dynamic, swirling, dark blue background.",0.673292875289917,0.7813348770141602,56.1265646088587,0.460100
9338.png,360,run_6,4,"A colorful, fantastical, 4k creature resembling a small, furry mammal with intricate, detailed patterns stands upright against a mesmerizing, aurora borealis background.",0.6900233030319214,0.9221469163894653,49.13266164710754,0.459861
9338.png,361,run_14,3,"A mesmerizing, three-dimensional creature resembling a mammal with intricately layered fur stands upright against a captivating, dreamlike background evoking a sense of magic",0.6889904141426086,0.8146083354949951,59.36652539785165,0.454899
9338.png,362,run_10,3,"A highly detailed, fantastical creature resembling a small mammal with a coat of iridescent, shimmering fur stands upright against a 4k, high-contrast, gradient background",0.67739337682724,0.8121548891067505,55.88071820947777,0.454783
9338.png,363,run_15,1,"A small, colorful mammal stands upright in a 4K digital painting of a fantastical, dreamlike environment",0.6572677493095398,0.7547944188117981,54.92471843087765,0.452703
9338.png,364,run_8,1,"A highly detailed, colorful creature resembling a small mammal with soft, velvety fur stands on hind legs against a vibrant, cosmic background",0.7060844898223877,0.942386269569397,54.08961942192107,0.452589
9338.png,365,run_13,3,"A whimsical, upright creature with mammalian-like traits and soft, textured fur is set against a stunning, dynamic, swirling background that perfectly captures the essence of fantasy and magic.",0.6813614368438721,0.7609336972236633,62.927647778861626,0.449019
9338.png,366,run_6,3,"A whimsical, fantastical creature resembling a tiny mammal with soft, fuzzy yet vibrant fur stands upright against a dynamic, ever-changing background with subtle colors and delicate patterns",0.637255847454071,0.7239687442779541,52.6637195240079,0.446023
9338.png,367,run_11,2,"A dynamic, fantastical creature with small mammal characteristics stands upright in a vibrant, textured environment with a sense of movement and energy.",0.6687211394309998,0.7700574398040771,59.135889617054204,0.444067
9338.png,368,run_13,4,"Small, fantastical mammal with thick, wavy fur and a playful demeanor stands upright on a cloud-like, ethereal background with swirling textures and dynamic movement.",0.6957473754882812,0.7217263579368591,72.0944171280543,0.444031
9338.png,369,run_11,2,"A majestic, highly detailed creature resembling a mammal with soft, fluffy fur and bright, expressive eyes stands against a beautiful, swirling background with subtle shading.",0.6696651577949524,0.7698028683662415,60.00886032239677,0.441550
9338.png,370,run_3,1,"A highly detailed, fantastical creature resembling a mammal with rich, vibrant, and highly textured fur stands upright against a dynamic, swirling background that resembles a mix of clouds and misty mountains.",0.6625332832336426,0.7410988211631775,61.27472365511408,0.436829
9338.png,371,run_8,4,"A fantastical, highly detailed creature resembling a small mammal with bright, intricate, realistic fur stands upright against a vibrant, colorful, cosmic background with stars and planets.",0.6928951740264893,0.9177691340446472,59.233984324099765,0.419400
9338.png,372,run_8,5,"A majestic, fantastical creature, resembling a small mammal with iridescent, shimmering, textured fur stands upright against a dynamic, swirling, cosmic background.",0.6841505765914917,0.8838649392127991,59.66914846987974,0.418228
9338.png,373,run_8,1,"A highly stylized, fantastical creature resembling a small mammal with shimmering, metallic fur stands upright against a dramatic, swirling aurora landscape.",0.6591254472732544,0.8638757467269897,55.235852209442605,0.409730
9338.png,374,run_6,4,"A whimsical, highly detailed creature like a cross between a mammal and a mythical creature, with shimmering, iridescent fur, stands against a dynamic, swirling cosmic background.",0.6720101833343506,0.8817779421806335,58.043425603404856,0.408600
9338.png,375,run_12,5,"A whimsical, fantastical creature resembling a small mammal with bright, iridescent, shimmering fur stands upright against a dynamic, dreamy, ethereal background",0.6377316117286682,0.7974733710289001,55.59099536088176,0.403411
9338.png,376,run_1,2,"A rodent-like mammal stands upright against a dreamy, soft-focus abstract background, with a blend of pastel and vibrant colors",0.5781965255737305,0.717751681804657,45.172015321918444,0.395665
9338.png,377,run_6,4,"A highly detailed, vibrant creature resembling a small, nocturnal mammal with soft, textured fur stands upright against a dynamic, swirling galaxy background.",0.6697381734848022,0.9223846197128296,56.96375487541912,0.393721
9338.png,378,run_3,1,"A small, endearing creature resembling a mammal with bright, shimmering, and velvety fur stands upright against a dynamic, swirling background that resembles a mix of clouds and galaxies.",0.6739212274551392,0.9485780596733093,59.552223493507384,0.377361
9338.png,379,run_5,2,"A highly detailed, whimsical creature resembling a small mammal with short, smooth, and shimmering fur stands upright on a mountain peak against a dynamic, swirling aurora borealis background.",0.6261106729507446,0.9372272491455078,47.40242681191123,0.367163
9338.png,380,run_12,1,"A small, highly detailed mammal with stunning, realistic texture and vibrant, expressive eyes stands upright against a highly stylized, 4k resolution, digitally painted background.",0.5785458087921143,0.787600040435791,45.427404872035574,0.366647
9338.png,381,run_11,1,"A vibrant, whimsical creature, a cross between a mammal and a reptile, with bright, intricate fur, stands upright in front of a dynamic, swirling, purple-blue background with stars.",0.6629610061645508,0.9258042573928833,60.50860319686967,0.365994
9338.png,382,run_3,4,"A fantastical creature resembling a small mammal with bright, electric blue, and highly textured fur stands upright against a dynamic, swirling background with subtle, neon-like glows.",0.650941014289856,0.7801863551139832,74.8557690030937,0.341312
9338.png,383,run_12,1,"A highly detailed, vibrant, fantastical creature emerging from a dynamic, swirling mist stands upright against a mystical, gradient background.",0.6286299228668213,0.799189031124115,67.49508619384443,0.334468
9338.png,384,run_9,5,"A small, adorable mammal with thick, plush, high-definition fur stands upright against a high-resolution, realistic, cloudy background",0.6015090346336365,0.7640509605407715,63.0744721630794,0.328963
9338.png,385,run_12,5,"A fantastical, colorful, highly detailed creature resembling a small, majestic mammal with vibrant, textured, and slightly glowing fur stands upright against a dynamic, cosmic, swirling background of stars and planets",0.6328451037406921,0.9260915517807007,63.954288379332645,0.305474
9338.png,386,run_13,2,"A stylized, 4k-resolution creature, resembling a small mammal, emerges from a vibrant, dreamlike atmosphere.",0.5939805507659912,0.7909928560256958,64.51464903892024,0.300260
9338.png,387,run_8,4,"A colorful, highly detailed creature resembling a small mammal with vibrant, soft, realistic fur stands upright against a dynamic, swirling, starry night sky.",0.6263014078140259,1.087048053741455,50.345039780359,0.293074
9338.png,388,run_4,5,"Highly detailed, realistic, and vibrant creature resembling a small mammal with realistic, detailed fur stands upright against a stunning, high-contrast 8k cityscape at sunset.",0.5221812725067139,0.7872160077095032,43.78207702525212,0.291002
9338.png,389,run_2,2,"'A highly stylized, fantastical creature with glowing, neon fur and delicate, ethereal wings stands upright against a vibrant, dynamic, otherworldly background.'",0.6132578253746033,0.810577929019928,71.75038425107847,0.287524
9338.png,390,run_11,1,"A small, colorful, quadruped mammal with a long tail, soft, textured fur, and large, shining eyes, walks upright against a dynamic, swirling night sky with stars.",0.5973610281944275,1.0563660860061646,57.451411625109245,0.230020
