Image_Name,Global_Rank,Run_ID,Iteration,Prompt,CLIP_Sim,LPIPS,RMSE,Global_Combined_Score
1159_7.png,1,run_7,5,"Detailed golden-brown hedgehog snuggled up on a large cube of perfectly stacked wafer blocks in a soft, diffused studio setting, highly realistic digital art",0.8108217716217041,0.44618943333625793,29.782834504607415,0.902011
1159_7.png,2,run_3,1,realistic 4k digital painting of a resting spiky golden-brown hedgehog placed on top of a perfectly stacked cube of wafer blocks in a studio under soft natural lighting,0.8082566857337952,0.47024136781692505,32.14885680255394,0.859897
1159_7.png,3,run_3,1,highly detailed digital rendering of a rested spiky golden-brown hedgehog positioned atop a precisely stacked cube of wafer blocks in a softly lit studio space,0.8042258620262146,0.47825103998184204,31.793714642614592,0.847815
1159_7.png,4,run_13,4,"highly detailed, highly realistic, spiky golden-brown hedgehog sitting regally on a precise cube of stacked delicate wafer blocks, soft warm natural light, high-definition digital masterpiece",0.7921704053878784,0.4554925560951233,31.291247842951396,0.847199
1159_7.png,5,run_3,2,realistic 4k digital masterpiece of a golden-brown hedgehog with a slight smile resting on a stacked cube of wafer blocks under diffused natural light,0.79115891456604,0.4444338381290436,32.39045512049605,0.846780
1159_7.png,6,run_15,1,"a highly detailed digital spiky golden-brown hedgehog resting on a precise cube of stacked crisp wafer blocks, soft studio lighting, high-end 4k rendering",0.822617769241333,0.5155009031295776,32.592286935329916,0.846388
1159_7.png,7,run_10,3,"a large spiky golden-brown hedgehog lying on a square base of stacked thin crispy wafer blocks, softly lit with gentle side studio lighting, highly detailed 8k photorealistic digital art",0.8019862174987793,0.47484856843948364,32.5057510200007,0.841285
1159_7.png,8,run_2,5,"a highly detailed, photorealistic spiky golden-brown hedgehog resting on a perfect cube of stacked delicate wafer blocks, precise 4K digital painting",0.7916004657745361,0.45663750171661377,32.31265221368686,0.837873
1159_7.png,9,run_9,3,"a delicate, serene spiky golden-brown hedgehog resting on a small perfect cube of stacked wafer blocks, soft warm goldenbox lighting, highly detailed 8k photorealistic image with subtle atmosphere",0.758613646030426,0.44334983825683594,25.007116590526074,0.836878
1159_7.png,10,run_8,5,"a highly realistic, highly detailed, photorealistic spiky golden-brown hedgehog perched on a giant, precise, perfectly stacked cube of fresh, crunchy wafer blocks under soft, diffused, high-definition studio-quality lighting, high resolution",0.8062912225723267,0.4982965886592865,33.3082812030626,0.824128
1159_7.png,11,run_8,5,"a highly realistic, 4k resolution, highly detailed spiky golden-brown hedgehog sitting on a large, precise, intricately stacked cube of crunchy wafer blocks under soft, diffused, studio-quality, low-noise lighting, digital artwork",0.7973291873931885,0.49554505944252014,31.205171006951097,0.823972
1159_7.png,12,run_10,3,"a spiky golden-brown hedgehog resting on a clean cube of stacked delicate wafer blocks, softly lit with warm gentle studio lighting, highly detailed 4k photorealistic digital art",0.788931131362915,0.4714464843273163,31.780058152809087,0.823947
1159_7.png,13,run_9,3,"a delicate, serene, highly detailed spiky golden-brown hedgehog at rest on a small perfect cube of stacked delicate wafer blocks, soft warm sunlight casting minimal shadows, 8k photorealistic digital art",0.8313584923744202,0.4175843298435211,49.91999160202296,0.823140
1159_7.png,14,run_4,5,"highly detailed, photorealistic, golden-brown hedgehog in a serene studio setting, resting on a cube of stacked wafer blocks, soft and natural gentle light, rich textures, 8k resolution, masterpiece",0.7660940885543823,0.4483785033226013,28.60553509182656,0.821615
1159_7.png,15,run_2,2,"'a highly detailed spiky golden-brown hedgehog resting peacefully on a perfect cube of stacked delicate wafer blocks, precise 4K digital art, realistic soft warm studio lighting'",0.7717516422271729,0.4514922499656677,29.819683255421534,0.821355
1159_7.png,16,run_5,3,"highly realistic, 4k digital rendering of a spiky golden-brown hedgehog sitting on a flawless, highly polished cube of stacked wafer blocks, high-key soft lighting",0.8207072019577026,0.5501076579093933,31.840703123342244,0.818754
1159_7.png,17,run_15,3,"a highly stylized digital spiky golden-brown hedgehog resting on a precise cube of stacked crisp wafer blocks, soft warm natural lighting, high-fidelity 4k rendering",0.7662471532821655,0.458379328250885,27.89715533027942,0.818486
1159_7.png,18,run_14,2,"a spiky golden-brown hedgehog resting on a precise cube of stacked delicate wafer blocks, soft warm studio lighting, highly detailed digital rendering",0.7973549365997314,0.5098501443862915,30.320540882819383,0.818208
1159_7.png,19,run_9,2,"a delicate spiky golden-brown hedgehog resting on a small perfect cube of stacked wafer blocks, soft warmbox lighting, highly detailed 4k digital photorealistic image",0.78543621301651,0.4844592213630676,30.1629051921724,0.817636
1159_7.png,20,run_2,2,"'a small spiky golden-brown hedgehog curled up on a tiny perfect cube of stacked wafer blocks, highly detailed photorealistic digital painting, warm soft studio lighting'",0.8046853542327881,0.4751070439815521,36.89529222680011,0.815149
1159_7.png,21,run_9,4,"a serene, highly detailed, 8k photorealistic spiky golden-brown hedgehog softly resting on a small, ornate cube of stacked delicate wafer blocks, warm sunlight",0.7590757608413696,0.4220075309276581,31.146032183468485,0.812238
1159_7.png,22,run_2,4,"a highly realistic spiky golden-brown hedgehog resting on a perfect cube of delicate wafer blocks with slight imperfections, precise 4K digital art, realistic soft warm studio lighting with a hint of golden glow",0.7878068685531616,0.48656898736953735,31.352145704755923,0.812016
1159_7.png,23,run_15,3,"a highly detailed digital spiky golden-brown hedgehog with realistic textures resting on a precise cube of stacked delicate wafer blocks, soft elegant studio lighting, high-end 4k photorealistic rendering",0.8035803437232971,0.5023059248924255,34.21585962948267,0.809029
1159_7.png,24,run_15,5,"highly detailed digital spiky golden-brown hedgehog resting on a precise cube of stacked crisp wafer blocks, soft serene warm natural lighting, incredibly realistic high-fidelity 8k rendering",0.7717123627662659,0.4515751004219055,31.982723384834788,0.805853
1159_7.png,25,run_15,5,"stunningly detailed digital spiky golden-brown hedgehog resting peacefully on a precise cube of stacked fresh crunchy crisp wafer blocks, soft warm natural sunlit ambiance, high-fidelity realistic 4k digital painting",0.7688413858413696,0.4617871940135956,30.84795827806617,0.799697
1159_7.png,26,run_4,5,"highly detailed photorealistic golden-brown hedgehog in a precise studio setup resting on a cube of stacked wafer blocks, soft, diffused, and natural lighting at golden hour, 8k resolution, ultra-sharp details",0.7611291408538818,0.4367457628250122,31.803013039088587,0.799103
1159_7.png,27,run_10,1,"a spiky golden-brown hedgehog resting on a cube of stacked wafer blocks, softly lit with gentle studio lighting, highly detailed photorealistic digital art",0.8046824932098389,0.5116462707519531,34.9236224683061,0.798249
1159_7.png,28,run_5,1,"a perfectly rendered, spiky golden-brown hedgehog resting on a clean, highly detailed cube of stacked wafer blocks, high-key soft lighting, highly realistic digital rendering",0.7922742962837219,0.5257018804550171,30.07383891457229,0.796687
1159_7.png,29,run_3,2,highly detailed 8k digital painting of a resting spiky golden-brown hedgehog placed on top of a perfectly stacked cube of crispy wafer blocks in a studio under soft natural morning lighting,0.7593106627464294,0.4699344336986542,28.007932023851968,0.794453
1159_7.png,30,run_5,4,"highly realistic, photorealistic, 8k digital rendering of a spiky, golden-brown hedgehog sitting on a flawless, highly polished cube of stacked wafer blocks, high-key, soft, studio lighting",0.7999936938285828,0.5182874798774719,33.455257795395305,0.793948
1159_7.png,31,run_3,5,photorealistic 4k digital painting of a serene spiky golden-brown hedgehog placed atop a perfectly stacked cube of wafer blocks in a bright studio under warm natural light,0.7804394960403442,0.47610169649124146,33.181982443426556,0.793560
1159_7.png,32,run_7,4,"Realistic highly detailed golden-brown hedgehog curled up on a large cube of stacked perfect wafer blocks, soft diffused studio lighting, digital art",0.7841847538948059,0.482322096824646,33.52315851469812,0.793156
1159_7.png,33,run_3,3,realistic 8k highly detailed digital painting of a resting spiky golden-brown hedgehog placed delicately on top of a perfectly stacked cube of wafer blocks in a minimalist studio under soft warm natural afternoon lighting,0.7640515565872192,0.46998581290245056,30.23616435834263,0.787803
1159_7.png,34,run_1,5,"'a highly refined golden-brown hedgehog perched on an intricately stacked cube of crispy wafer blocks, photorealistic digital rendering, soft and elegant, high-key studio lighting, highly detailed 8k art'",0.7957602739334106,0.5020415782928467,35.527940590844715,0.784743
1159_7.png,35,run_11,1,"a highly realistic spiky golden-brown hedgehog sitting on a stacked cube of fine wafer blocks, precise studio camera angle, 4k digital image",0.7751621007919312,0.4660516381263733,34.32741149892417,0.783672
1159_7.png,36,run_4,3,"highly detailed golden-brown hedgehog in a precise studio setup resting on a cube of stacked wafer blocks, soft and natural lighting, 8k resolution photorealism",0.7872419357299805,0.5008945465087891,33.51897562307363,0.783424
1159_7.png,37,run_4,1,"highly detailed golden-brown hedgehog resting on a precise cube of stacked wafer blocks, soft studio lighting, 8k resolution, photorealistic digital rendering",0.7811285853385925,0.48079878091812134,34.49110569050859,0.781635
1159_7.png,38,run_8,5,"a highly realistic, highly detailed, masterpiece-quality spiky golden-brown hedgehog perched on a giant, precise, perfectly stacked cube of crunchy, perfectly baked wafer blocks under soft, diffused, high-definition studio-quality, high-dynamic-range lighting",0.8007540702819824,0.5312438607215881,34.10059962088824,0.779891
1159_7.png,39,run_2,3,highly detailed photorealistic spiky golden-brown hedgehog resting peacefully on a perfect cube of stacked delicate crispy wafer blocks,0.7663214206695557,0.47239524126052856,31.72439657116781,0.779611
1159_7.png,40,run_14,4,"a small, spiky, golden-brown hedgehog resting on a precise, delicate cube of wafer blocks, warm, soft photography lighting, highly detailed, 4k",0.7962895035743713,0.49001556634902954,38.156303305517376,0.777280
1159_7.png,41,run_3,4,highly detailed 4k digital painting of a resting spiky golden-brown hedgehog placed on top of a perfectly stacked cube of wafer blocks in a modern minimalist studio under soft natural warm lighting,0.7717652320861816,0.4970189332962036,30.86959911978843,0.775439
1159_7.png,42,run_15,3,"a highly rendered digital spiky golden-brown hedgehog with precision resting on a perfect cube of stacked crisp delicate wafer blocks, soft subtle natural studio lighting, high-quality 4k image",0.7757805585861206,0.5001625418663025,31.60502880945895,0.775362
1159_7.png,43,run_15,2,"a highly detailed, realistic digital spiky golden-brown hedgehog resting on a precise cube of stacked crisp wafer blocks, soft gentle studio lighting, ultra high-end 8k rendering",0.7969285845756531,0.5230071544647217,34.67979744896653,0.775310
1159_7.png,44,run_2,4,"a highly realistic and detailed spiky golden-brown hedgehog resting peacefully on a perfect cube of stacked delicate wafer blocks in a serene studio setting, high-resolution 4K digital art, soft warm natural lighting",0.8004849553108215,0.4881238341331482,40.00327127290287,0.773919
1159_7.png,45,run_13,1,"a highly detailed, realistic, spiky golden-brown hedgehog resting on a precise cube of stacked wafer blocks, soft warm studio lighting, high-definition digital rendering, subtle grain",0.7678457498550415,0.4855538606643677,31.62560852296284,0.772149
1159_7.png,46,run_9,5,"a small, serene spiky golden-brown hedgehog lying on a delicate, stacked wafer block cube, soft warm goldenbox lighting, highly detailed, photorealistic 8k image with soft, subtle, warm atmosphere",0.7891924381256104,0.46593040227890015,40.0213327601179,0.770613
1159_7.png,47,run_14,5,"a realistic digital rendering of a spiky golden-brown hedgehog on a perfect cube of stacked thin wafer blocks, soft warm light, high fidelity",0.7558825612068176,0.46912530064582825,30.631049338246676,0.769855
1159_7.png,48,run_7,1,"'A highly detailed golden-brown hedgehog resting on a precise cube of stacked wafer blocks, soft studio lighting, realistic digital painting'",0.7681005597114563,0.48306870460510254,32.84823224748568,0.766066
1159_7.png,49,run_14,2,"a golden-brown hedgehog curled up on a crystal-clear cube of stacked thin wafer blocks, subtle natural studio lighting, high-definition digital illustration",0.7842667698860168,0.48140281438827515,37.65862171002371,0.764735
1159_7.png,50,run_1,2,"a refined golden-brown hedgehog resting on an intricately stacked cube of wafer blocks, soft and elegant, high-key studio lighting, photorealistic digital rendering",0.7710923552513123,0.4823041558265686,34.240826312783575,0.762639
1159_7.png,51,run_15,1,"a detailed photorealistic spiky golden-brown hedgehog resting on a precise cube of stacked wafer blocks, soft even studio lighting, high-resolution digital image",0.7754458785057068,0.5076854825019836,32.7208256087931,0.760430
1159_7.png,52,run_13,1,"a photorealistic digital painting of a spiky, golden-brown hedgehog resting on a neat, stacked cube of wafer blocks, gentle, soft studio lighting, high-definition, realistic depiction, fine details",0.7597811818122864,0.48719942569732666,30.95689142975785,0.759836
1159_7.png,53,run_4,1,"a realistic golden-brown hedgehog resting on a perfect cube of stacked wafer blocks, subtle studio lighting, super detailed high-definition image",0.7785801291465759,0.5026669502258301,34.32945445184814,0.759343
1159_7.png,54,run_8,1,"a highly realistic, spiky golden-brown hedgehog resting on a large, precise cube of stacked crunchy wafer blocks under soft, diffused studio lighting, high-detail digital artwork",0.7912840247154236,0.5432877540588379,33.09182154623669,0.758470
1159_7.png,55,run_13,1,"a highly detailed digital art of a spiky golden-brown hedgehog curled up on a precise, stacked cube of wafer blocks, warm, soft studio lighting, masterpiece, high-fidelity rendering",0.7736296057701111,0.5288575291633606,30.168043982137,0.757124
1159_7.png,56,run_11,3,"a photorealistic, highly detailed spiky golden-brown hedgehog sitting on a stacked cube of fine wafer blocks, precise studio camera angle, high-definition digital art",0.7669466733932495,0.4798153042793274,34.21021188257126,0.756905
1159_7.png,57,run_7,5,"A highly realistic golden-brown hedgehog is curled up on a large cube of stacked wafer blocks, with perfect texture and color under soft, diffused studio lighting, 4k digital masterpiece",0.7636188268661499,0.47797393798828125,33.524456411336494,0.756865
1159_7.png,58,run_9,3,"a delicate, serene spiky golden-brown hedgehog in a tranquil resting pose on a small perfect cube of stacked crispy wafer blocks, soft warmbox lighting, highly detailed 8k photorealistic digital painting",0.7664198875427246,0.47212642431259155,35.26571454896407,0.754889
1159_7.png,59,run_12,4,"a spiky golden-brown hedgehog resting on a precise cube of stacked crunchy wafer blocks, soft warm studio lighting, highly detailed digital rendering",0.7984750866889954,0.5893508195877075,30.19133537200329,0.754090
1159_7.png,60,run_10,2,"spiky, golden-brown hedgehog, in a highly detailed photorealistic digital painting, resting on a wavy cube of stacked wafer blocks, softly lit by a single studio light",0.7644312381744385,0.4775158762931824,34.29890765300312,0.753332
1159_7.png,61,run_13,3,"highly detailed, photorealistic, golden-brown hedgehog resting on a precise cube of stacked wafer blocks, soft, warm, subtle studio lighting, 8k digital rendering",0.7675774693489075,0.4818515181541443,34.84003622084396,0.751938
1159_7.png,62,run_5,2,"a spiky, golden-brown hedgehog in a state of repose on a highly detailed, gleaming white cube of stacked wafer blocks, high-key soft, warm lighting, highly realistic, surreal digital rendering",0.8000965118408203,0.5475634932518005,35.98354059877905,0.751449
1159_7.png,63,run_15,2,"a photorealistic digital rendering of a highly detailed spiky golden-brown hedgehog resting on a delicate cube of stacked crisp wafer blocks, soft gentle studio lighting, highly detailed high-end 8k",0.7579036951065063,0.49316737055778503,31.059412147148443,0.750415
1159_7.png,64,run_6,3,"a massive golden-brown hedgehog sitting on a large perfect cube of stacked crunchy wafer blocks, soft warm daylight, highly detailed digital masterpiece",0.7755481004714966,0.5264713168144226,31.94197195316192,0.750276
1159_7.png,65,run_3,3,dreamlike hyper-realistic 8k highly detailed digital painting of a resting spiky golden-brown hedgehog peacefully placed atop a towering perfectly stacked cube of delicate wafer blocks in a softly lit minimalist studio with a warm ambient glow,0.7820068597793579,0.5276102423667908,33.614605349106064,0.749988
1159_7.png,66,run_14,3,"highly detailed golden-brown spiky hedgehog resting on precise cube of stacked delicate crispy wafer blocks, soft warm high-key studio lighting, 4k digital painting",0.7847644090652466,0.547573983669281,32.10459028807977,0.749188
1159_7.png,67,run_14,5,"a highly realistic still life of a spiky golden-brown hedgehog atop a stacked cube of delicate wafer blocks, soft warm studio light",0.7710421085357666,0.4889681041240692,35.58602080369717,0.747358
1159_7.png,68,run_5,1,"a highly detailed, golden-brown hedgehog with a gentle expression resting on a sturdy cube of perfectly stacked wafer blocks, a warm, soft studio light",0.7589224576950073,0.4847313463687897,32.8007022958225,0.747165
1159_7.png,69,run_9,1,"a cute spiky golden-brown hedgehog sitting on top of a large perfect cube of stacked thin wafer blocks, soft focused studio lighting, stunning high-quality digital image",0.7897363305091858,0.5147979259490967,37.8584139796068,0.745710
1159_7.png,70,run_8,2,"'a 4k, ultra-realistic spiky golden-brown hedgehog sitting on a huge, precise cube of stacked crunchy wafer blocks under soft, diffused lighting, highly detailed digital painting'",0.7886332869529724,0.5472956299781799,33.74158813973246,0.745319
1159_7.png,71,run_10,4,"'a highly realistic, 8k, photorealistic digital painting of a large, spiky, golden-brown hedgehog resting on a square base of intricately stacked thin crispy wafer blocks, softly lit with gentle side studio lighting'",0.7689647078514099,0.5046599507331848,33.47554928893948,0.745038
1159_7.png,72,run_11,1,"a highly detailed spiky golden-brown hedgehog resting on a precise cube of stacked fine wafer blocks, soft and warm studio lighting, photorealistic digital rendering",0.7511593103408813,0.4730309545993805,32.391202250404895,0.744881
1159_7.png,73,run_7,4,"Realistic highly detailed golden-brown hedgehog on top of a large perfect cube of stacked crunchy wafer blocks, soft natural studio lighting, 4k oil painting",0.7675248384475708,0.5051241517066956,33.48464424938951,0.741783
1159_7.png,74,run_8,2,"'a highly realistic, highly detailed spiky golden-brown hedgehog sitting on a large, precise cube of stacked crunchy wafer blocks under soft, diffused, studio-quality lighting, digital artwork'",0.7680375576019287,0.5222823619842529,31.914989864523882,0.739416
1159_7.png,75,run_6,2,"a large golden-brown hedgehog sitting on a large cube of stacked crunchy wafer blocks, soft natural studio lighting, highly detailed digital masterpiece",0.7793159484863281,0.5344887375831604,33.62192637006692,0.738892
1159_7.png,76,run_8,1,"a spiky, golden-brown hedgehog with an interesting expression resting on a perfectly positioned cube of stacked crispy wafer blocks, soft, natural studio lighting, digital masterpiece",0.7769489288330078,0.5260661840438843,33.97759162458753,0.738889
1159_7.png,77,run_3,1,highly detailed digital artwork of a perfectly still spiky golden-brown hedgehog placed atop a cube made of precisely stacked wafer blocks in a softly lit and peaceful studio environment,0.7472271919250488,0.465839147567749,33.05629217215753,0.738599
1159_7.png,78,run_11,1,"a highly detailed digital image of a spiky golden-brown hedgehog resting on a delicate cube of stacked fine wafer blocks, precise studio lighting, realistic digital painting",0.771483302116394,0.5287569761276245,32.509426034625754,0.736417
1159_7.png,79,run_9,2,"a realistic spiky honey-golden-brown hedgehog sitting on a small cube of stacked crunchy wafer blocks, subtle softbox lighting, photorealistic digital image",0.7816896438598633,0.5274693965911865,35.56263487858004,0.735661
1159_7.png,80,run_10,2,"highly detailed photorealistic digital art of a spiky golden-brown hedgehog resting on a cube of stacked wafer blocks, softly lit with gentle diffused studio lighting",0.7744106650352478,0.4975755512714386,37.37113281867976,0.733953
1159_7.png,81,run_15,2,"a highly detailed digital spiky golden-brown hedgehog delicately perched on a precise cube of stacked crisp wafer blocks, soft gentle studio lighting, ultra high-end 4k rendering with subtle bokeh",0.782045841217041,0.5342322587966919,35.198100371751764,0.733224
1159_7.png,82,run_15,3,"a highly detailed photorealistic spiky golden-brown hedgehog resting on a precise cube of stacked crisp wafer blocks, soft studio lighting, high-end 8k rendering",0.7794841527938843,0.5325609445571899,35.02198919400545,0.730910
1159_7.png,83,run_10,1,"a spiky vibrant golden-brown hedgehog resting on a precise cube of stacked wafer blocks, soft realistic studio lighting, high-detail 4K digital rendering",0.7599524259567261,0.5025949478149414,33.399277785820495,0.729814
1159_7.png,84,run_9,5,"a delicate, serene, intricate spiky golden-brown hedgehog resting on a small perfect cube of stacked delicate wafer blocks, soft warm goldenbox lighting, highly detailed, photorealistic, 8k image with subtle atmosphere and delicate shadows",0.7482509613037109,0.4380301237106323,38.13373754327127,0.728053
1159_7.png,85,run_15,4,"a highly stylized, intricately detailed and textured digital spiky golden-brown hedgehog resting on a precise cube of stacked crisp wafer blocks",0.7963390350341797,0.5069895386695862,43.405422382537516,0.725761
1159_7.png,86,run_5,2,"a perfectly rendered, spiky golden-brown hedgehog resting on a clean, highly detailed, precision-cut cube of stacked wafer blocks, high-key soft lighting, highly realistic, 8K digital rendering",0.7761626243591309,0.5662530064582825,30.952166023299995,0.724864
1159_7.png,87,run_1,1,"a refined golden-brown hedgehog resting on an intricately stacked cube of wafer blocks, soft and elegant studio lighting, high-detail ultra-realistic digital rendering",0.7641892433166504,0.5156856775283813,33.924293220887414,0.723252
1159_7.png,88,run_9,1,"a delicate spiky golden-brown hedgehog resting on a small perfect cube of stacked wafer blocks, warm softbox lighting, highly detailed photorealistic digital image",0.7568159103393555,0.520159125328064,31.55829315071065,0.721941
1159_7.png,89,run_11,4,"a highly realistic, photorealistic golden-brown hedgehog sitting on a stacked cube of fine wafer blocks, precise digital camera angle, 4k ultra-high-definition image",0.7359181642532349,0.4802412688732147,30.68950326157113,0.721253
1159_7.png,90,run_8,3,"a highly realistic, highly detailed photorealistic spiky golden-brown hedgehog sitting on a large, precise cube of stacked crunchy wafer blocks under soft, diffused, studio-quality high-key lighting, digital artwork",0.7721736431121826,0.5351036190986633,34.34965209620231,0.719329
1159_7.png,91,run_2,3,highly detailed realistic spiky golden-brown hedgehog at ease resting on a perfectly stacked cube of delicate wafer pastry blocks in a studio with soft warm precise lighting,0.7655759453773499,0.5074105262756348,35.94691399317829,0.718583
1159_7.png,92,run_8,5,"a highly realistic, highly detailed, hyper-realistic spiky golden-brown hedgehog sitting on a large, precise, intricately stacked cube of crunchy wafer blocks under soft, diffused, studio-quality, high-key lighting, digital artwork",0.7782787084579468,0.5431643724441528,35.22183045477924,0.718184
1159_7.png,93,run_2,1,"a spiky golden-brown hedgehog resting on a perfect cube of stacked wafer blocks, high-quality detailed digital art, realistic warm studio lighting",0.7641116380691528,0.5255904197692871,33.46607109171441,0.717980
1159_7.png,94,run_3,1,"highly realistic depiction of a spiky golden-brown hedgehog sitting calmly on a cube of intricately stacked wafer blocks in a softly lit atmosphere, rendered at high resolution",0.764941930770874,0.4883272051811218,38.71058907909314,0.713865
1159_7.png,95,run_7,1,"'A realistic, close-up image of a golden-brown hedgehog on top of a stack of six perfectly aligned, multi-colored wafer blocks, soft studio lighting'",0.7565912008285522,0.5029984712600708,34.71661759237385,0.713591
1159_7.png,96,run_3,5,highly realistic 4k digital painting of a spiky golden-brown hedgehog resting peacefully on top of a precisely stacked cube of crispy wafer blocks in a studio under softbox lighting.,0.7824788093566895,0.5619703531265259,34.87708097503615,0.712893
1159_7.png,97,run_5,3,"a highly realistic, oil-painted style digital rendering of a golden-brown hedgehog resting on a clean, highly detailed, vintage-style cube of stacked wafer blocks",0.7605842351913452,0.4756007790565491,39.1810184454271,0.712818
1159_7.png,98,run_4,3,"golden-brown hedgehog perfectly posed on a stacked cube of wafer blocks, highly detailed and rendered in 8k resolution with realistic studio lighting",0.7636442184448242,0.5136399269104004,35.64157861312174,0.711731
1159_7.png,99,run_11,1,"a golden-brown hedgehog with spiky fur resting on a delicate cube of stacked thin wafer blocks, high-contrast studio lighting, highly detailed digital art",0.7629107236862183,0.5196042060852051,34.94270404739772,0.710225
1159_7.png,100,run_1,3,"a serene golden-brown hedgehog settled atop an intricately stacked cube of wafer blocks, photorealistic studio lighting, delicate lines, 4k digital rendering",0.750156044960022,0.5068973302841187,33.151345791569995,0.708903
1159_7.png,101,run_15,4,"a highly detailed, intricately illustrated digital spiky golden-brown hedgehog resting on a perfectly rendered cube of stacked crisp wafer blocks under a warm, natural softbox",0.7987655997276306,0.5473558902740479,41.664550754651735,0.708708
1159_7.png,102,run_13,1,"an incredibly realistic, spiky, golden-brown hedgehog posing on a tidy, stacked cube of wafer blocks, soft studio lighting, high-resolution digital art, delicate shadows",0.777702808380127,0.5293492078781128,38.38346743052061,0.706300
1159_7.png,103,run_11,3,"a highly realistic spiky golden-brown hedgehog sitting in a warm studio with a stacked cube of fine wafer blocks, precise camera angle, high-resolution digital image",0.7412034869194031,0.4941506087779999,32.72224689936791,0.705332
1159_7.png,104,run_7,3,"Realistic, 4k digital painting of a golden-brown hedgehog resting on a cube of stacked wafer blocks, soft and warm studio lighting, precise textures.",0.7536270022392273,0.5015895366668701,35.24007020797468,0.705306
1159_7.png,105,run_10,4,"'a stunningly realistic, large, spiky, golden-brown hedgehog posing on a square base made of intricately stacked thin crispy wafer blocks, with soft, gentle side studio lighting, highly detailed 8k digital art'",0.7721058130264282,0.5306656956672668,37.12628915215593,0.703238
1159_7.png,106,run_7,2,"Highly realistic digital painting of a golden-brown hedgehog positioned on a cube of stacked wafer blocks in a cozy, softly lit studio space with intricate details.",0.7401707768440247,0.4668606221675873,36.08243972967853,0.702542
1159_7.png,107,run_15,2,"a highly detailed, realistic digital spiky golden-brown hedgehog peacefully resting on a precise cube of stacked crisp wafer blocks, soft gentle studio lighting, high-end 4k rendering in the style of a modern art masterpiece",0.7622729539871216,0.5398181676864624,33.46945548188807,0.702355
1159_7.png,108,run_5,3,"highly detailed, photorealistic digital painting of a spiky, golden-brown hedgehog sitting on a flawless, crystal-clear cube of stacked, artisanal wafer blocks",0.7899351716041565,0.5535891056060791,39.41518952942345,0.702250
1159_7.png,109,run_7,3,"Highly detailed golden-brown realistic hedgehog resting on a precise cube of stacked wafer blocks, soft studio lighting, photorealistic digital art.",0.7506024837493896,0.505532443523407,34.45758355957484,0.701652
1159_7.png,110,run_2,5,"a highly detailed, realistic spiky golden-brown hedgehog resting peacefully on a block of stacked delicate wafers, perfect 4K digital painting, warm studio light",0.7441098093986511,0.49190035462379456,34.484419379491996,0.700371
1159_7.png,111,run_10,1,"a perfectly relaxed spiky golden-brown hedgehog resting on a precisely stacked cube of wafer blocks, subtle soft studio lighting, incredibly detailed digital masterpiece",0.7689370512962341,0.5532128214836121,34.2101201901945,0.698721
1159_7.png,112,run_6,1,"a spiky golden-brown hedgehog sitting on a precise cube of stacked crunchy wafer blocks, soft natural studio lighting, highly detailed digital fine art",0.7703560590744019,0.5783458948135376,31.759469859178047,0.697628
1159_7.png,113,run_9,2,"a delicate spiky golden-brown hedgehog posing on a small perfect cube of crunchy stacked wafer blocks, warm ambient light, highly detailed 4k digital painting",0.7388971447944641,0.5032564401626587,32.33931590311702,0.695871
1159_7.png,114,run_14,2,"a big spiky golden-brown hedgehog lying on a precise cube of stacked delicate wafer cookies, soft bright studio lighting, 4k high-resolution digital painting",0.7784690856933594,0.5289016366004944,40.339784454821675,0.694279
1159_7.png,115,run_2,3,"a serene highly detailed realistic spiky golden-brown hedgehog curled up on a precise cube of stacked delicate wafer blocks, perfect 4K digital art",0.7408052682876587,0.4577525556087494,38.614242692616926,0.693502
1159_7.png,116,run_8,1,"a highly detailed golden-hued hedgehog resting on a precise white cube of stacked premium wafer blocks, soft diffused studio lighting, high-definition digital art",0.7594144344329834,0.5328695178031921,34.939500357545434,0.692240
1159_7.png,117,run_9,3,"a delicate, serene, highly detailed spiky golden-brown hedgehog resting on a small perfect cube of stacked delicate, crunchy wafer blocks with a soft warm glow, highly detailed 8k photorealistic masterpiece digital painting",0.7334862947463989,0.5003005266189575,31.789341352824156,0.691761
1159_7.png,118,run_12,3,"a serene, golden-brown hedgehog gently resting on a sturdy cube of neatly stacked wafer squares, soft natural light, photorealistic digital painting",0.7620155215263367,0.48697879910469055,41.74233534375008,0.687797
1159_7.png,119,run_7,2,"Realistic digital drawing of a golden-brown hedgehog sitting on a perfect cube of stacked wafer blocks in a bright studio, warm golden light",0.7623122930526733,0.4779971241950989,43.07399219716417,0.686513
1159_7.png,120,run_3,3,photorealistic 4k highly detailed digital art of a resting spiky golden-brown hedgehog carefully placed on top of a towering perfectly stacked cube of crunchy wafer blocks on a modern minimalist pedestal in a softly lit studio,0.7969262003898621,0.5889589786529541,39.3587001462075,0.686331
1159_7.png,121,run_13,5,"highly detailed, highly realistic, spiky, richly-golden brown hedgehog sitting majestically on a delicate, ornate cube of stacked wafers, soft warm natural light, photorealistic digital artwork",0.7463574409484863,0.5263817310333252,33.005341419734684,0.686087
1159_7.png,122,run_6,2,"a spiky golden-brown hedgehog sitting on a precise cube of stacked crunchy wafers, soft natural golden hour lighting, highly detailed digital artwork",0.7454198002815247,0.5209242105484009,33.68581740413808,0.684048
1159_7.png,123,run_6,3,"a large vibrant golden-brown hedgehog sitting on a large cube of stacked crunchy wafer blocks, soft natural studio lighting, highly detailed 4k digital artwork",0.7466471195220947,0.523147463798523,33.963946947087486,0.682579
1159_7.png,124,run_4,5,"highly realistic golden-brown hedgehog in a precise studio setup, resting on a cube of stacked wafer blocks, delicate highlights, 8k resolution, cinematic lighting",0.7465067505836487,0.5025293231010437,36.4661013627389,0.681974
1159_7.png,125,run_13,4,"highly detailed, photorealistic, spiky golden-brown hedgehog resting on a precise cube of stacked delicate wafer blocks, soft warm studio lighting, 8k ultra-high-definition digital rendering, slight soft focus",0.7492512464523315,0.5230023860931396,35.22665697719952,0.678797
1159_7.png,126,run_11,1,"a beautifully crafted spiky golden-brown hedgehog perched on a sturdy cube of stacked fine wafer blocks, elegant studio composition, digital masterpiece",0.7519279718399048,0.49984005093574524,38.80068710056682,0.678207
1159_7.png,127,run_2,4,"a highly realistic and detailed spiky golden-brown hedgehog resting peacefully on a perfect cube of delicate wafer blocks in a serene 4K digital painting, soft warm natural studio lighting with a subtle sense of depth",0.734240710735321,0.5192365646362305,31.711427679919588,0.677771
1159_7.png,128,run_15,5,"vibrant digital spiky golden-brown hedgehog posing elegantly on a delicate cube of stacked delicate crisp wafer blocks, soft warm gentle ambient light, highly realistic 4k masterpiece",0.7514078617095947,0.5087538957595825,37.81639218739576,0.676648
1159_7.png,129,run_14,3,"spiky golden-brown hedgehog curled up on a precise cube of stacked delicate thin wafer sticks, soft warm overhead studio lighting, highly realistic digital rendering",0.7582651972770691,0.5051878094673157,40.12366942984232,0.676607
1159_7.png,130,run_15,1,"a realistic high-detail digital spiky golden-brown hedgehog resting on a stack of stacked wafer blocks, subtle studio lighting, digital art masterpiece",0.7628881931304932,0.5150789022445679,40.23621319206391,0.676428
1159_7.png,131,run_7,2,"Highly detailed golden-brown hedgehog resting on a precise cube of stacked wafer blocks in a serene studio setting, soft high-quality digital painting realism",0.7341758012771606,0.4890899360179901,35.58152114815775,0.675657
1159_7.png,132,run_3,3,ultra-realistic 8k highly detailed oil on canvas painting of a resting spiky golden-brown hedgehog gently placed on top of a perfectly stacked cube of delicate wafer blocks in a serene studio under soft golden natural lighting,0.7274860739707947,0.5048192739486694,31.923413233438453,0.675331
1159_7.png,133,run_15,4,"a highly realistic, photorealistic digital spiky golden-brown hedgehog resting on a precise cube of stacked wafers in precise, high-contrast light",0.7531110644340515,0.5483259558677673,33.936347368906034,0.674047
1159_7.png,134,run_3,2,realistic 4k digital painting of a golden-brown hedgehog placed on top of a stacked cube of wafer blocks in a modern minimalist studio under soft natural warm lighting,0.7563451528549194,0.5174946188926697,38.52587150533975,0.673815
1159_7.png,135,run_10,4,"'a masterfully crafted, large, spiky, golden-brown hedgehog sitting on a square base of delicately arranged thin crispy wafer blocks, softly lit with gentle side studio lighting, highly detailed 8k digital art'",0.7579700946807861,0.5264014601707458,37.925490108884496,0.673704
1159_7.png,136,run_12,3,"a highly realistic, golden-brown hedgehog in a relaxed pose atop a perfectly stacked cube-shaped wafer sculpture, warm studio lights, 4k digital image",0.7510435581207275,0.5253039002418518,36.22860295965734,0.673220
1159_7.png,137,run_7,5,"Realistic detailed golden-brown hedgehog in a cozy curled position on a large cube of perfectly stacked wafer blocks in a softly lit studio setting, highly detailed digital art.",0.7235832214355469,0.4914911985397339,33.05132015103373,0.671009
1159_7.png,138,run_1,3,"a delicate golden-brown hedgehog elegantly resting on a towering, intricately stacked cube of crispy wafer blocks, soft and elegant studio lighting, precise lines, photorealistic digital masterpiece",0.7722606658935547,0.5785951614379883,36.07766448870145,0.670462
1159_7.png,139,run_1,Baseline,"a spiky golden-brown hedgehog resting on a precise cube of stacked wafer blocks, soft studio lighting, high-detail digital rendering",0.7393811941146851,0.5311968326568604,32.73095044701413,0.670409
1159_7.png,140,run_2,Baseline,"a spiky golden-brown hedgehog resting on a precise cube of stacked wafer blocks, soft studio lighting, high-detail digital rendering",0.7393811941146851,0.5311968326568604,32.73095044701413,0.670409
1159_7.png,141,run_3,Baseline,"a spiky golden-brown hedgehog resting on a precise cube of stacked wafer blocks, soft studio lighting, high-detail digital rendering",0.7393811941146851,0.5311968326568604,32.73095044701413,0.670409
1159_7.png,142,run_4,Baseline,"a spiky golden-brown hedgehog resting on a precise cube of stacked wafer blocks, soft studio lighting, high-detail digital rendering",0.7393811941146851,0.5311968326568604,32.73095044701413,0.670409
1159_7.png,143,run_5,Baseline,"a spiky golden-brown hedgehog resting on a precise cube of stacked wafer blocks, soft studio lighting, high-detail digital rendering",0.7393811941146851,0.5311968326568604,32.73095044701413,0.670409
1159_7.png,144,run_6,Baseline,"a spiky golden-brown hedgehog resting on a precise cube of stacked wafer blocks, soft studio lighting, high-detail digital rendering",0.7393811941146851,0.5311968326568604,32.73095044701413,0.670409
1159_7.png,145,run_7,Baseline,"a spiky golden-brown hedgehog resting on a precise cube of stacked wafer blocks, soft studio lighting, high-detail digital rendering",0.7393811941146851,0.5311968326568604,32.73095044701413,0.670409
1159_7.png,146,run_8,Baseline,"a spiky golden-brown hedgehog resting on a precise cube of stacked wafer blocks, soft studio lighting, high-detail digital rendering",0.7393811941146851,0.5311968326568604,32.73095044701413,0.670409
1159_7.png,147,run_9,Baseline,"a spiky golden-brown hedgehog resting on a precise cube of stacked wafer blocks, soft studio lighting, high-detail digital rendering",0.7393811941146851,0.5311968326568604,32.73095044701413,0.670409
1159_7.png,148,run_10,Baseline,"a spiky golden-brown hedgehog resting on a precise cube of stacked wafer blocks, soft studio lighting, high-detail digital rendering",0.7393811941146851,0.5311968326568604,32.73095044701413,0.670409
1159_7.png,149,run_11,Baseline,"a spiky golden-brown hedgehog resting on a precise cube of stacked wafer blocks, soft studio lighting, high-detail digital rendering",0.7393811941146851,0.5311968326568604,32.73095044701413,0.670409
1159_7.png,150,run_12,Baseline,"a spiky golden-brown hedgehog resting on a precise cube of stacked wafer blocks, soft studio lighting, high-detail digital rendering",0.7393811941146851,0.5311968326568604,32.73095044701413,0.670409
1159_7.png,151,run_13,Baseline,"a spiky golden-brown hedgehog resting on a precise cube of stacked wafer blocks, soft studio lighting, high-detail digital rendering",0.7393811941146851,0.5311968326568604,32.73095044701413,0.670409
1159_7.png,152,run_14,Baseline,"a spiky golden-brown hedgehog resting on a precise cube of stacked wafer blocks, soft studio lighting, high-detail digital rendering",0.7393811941146851,0.5311968326568604,32.73095044701413,0.670409
1159_7.png,153,run_15,Baseline,"a spiky golden-brown hedgehog resting on a precise cube of stacked wafer blocks, soft studio lighting, high-detail digital rendering",0.7393811941146851,0.5311968326568604,32.73095044701413,0.670409
1159_7.png,154,run_11,4,"highly realistic golden-brown hedgehog with intricate spiky texture, sitting on top of a stacked cube of fine wafer pastry, 4k digital master image",0.7356180548667908,0.466014564037323,39.50003529621735,0.670150
1159_7.png,155,run_12,2,"a spiky golden-brown hedgehog resting on a precise cube of stacked delicate wafer blocks, soft warm studio lighting, highly detailed digital painting",0.741538405418396,0.5354090332984924,32.861502305324386,0.670113
1159_7.png,156,run_4,4,"highly detailed realistic golden-brown hedgehog posed in a precise studio setup resting on a cube of stacked classic wafer blocks, soft natural subtle side-lit ambiance, 8k resolution masterpiece realism",0.7320871353149414,0.49027809500694275,35.82736490702208,0.668849
1159_7.png,157,run_5,3,"a highly detailed, textured, golden-brown hedgehog resting on a clean, precision-cut, crystal-clear cube of stacked, realistic wafer blocks",0.7726473808288574,0.4945266842842102,47.083395712782085,0.664156
1159_7.png,158,run_10,2,"a photorealistic, highly detailed digital art of a softly lit, spiky, golden-brown hedgehog resting on a cube of stacked, delicate wafer blocks, in a warm studio setting",0.6875496506690979,0.4488765299320221,29.28683624304162,0.663749
1159_7.png,159,run_10,4,"'a highly detailed, 8k, photorealistic digital artwork of a large, spiky, golden-brown hedgehog lying on a square base of perfectly stacked thin crispy wafer blocks, with soft, warm side studio lighting'",0.7300745248794556,0.5119707584381104,33.47655874382785,0.663288
1159_7.png,160,run_5,3,"perfectly rendered, spiky, golden-brown hedgehog posing on a delicate, intricate, highly detailed cube of stacked, antique wafer blocks",0.7633745074272156,0.5055364966392517,43.76818190830633,0.660366
1159_7.png,161,run_2,1,"highly detailed 4k digital painting of a golden-brown hedgehog resting on a large cube of stacked crispy wafer blocks, soft warm studio light",0.7524293661117554,0.5061713457107544,40.82676545691309,0.659445
1159_7.png,162,run_1,5,"'a photorealistic golden-brown hedgehog resting on an intricately crafted cube of delicate wafer blocks, sophisticated and soft, high-contrast studio lighting, 4k digital rendering'",0.7373368144035339,0.5234975218772888,34.68262341051961,0.659091
1159_7.png,163,run_15,5,"extremely stylized digital spiky golden-brown hedgehog sitting comfortably on a precise cube of stacked fresh crisp wafer blocks, warm soft natural diffused lighting, photorealistic detailed 4k rendering",0.7568051218986511,0.533170223236084,38.944551703256536,0.658484
1159_7.png,164,run_13,5,"highly detailed, highly realistic, intricately spiky golden-brown hedgehog sitting majestically on a precise cube of stacked delicate wafers, soft warm natural light, 8k cinematic portrait",0.7251383662223816,0.4946931004524231,34.88639697377027,0.658296
1159_7.png,165,run_11,5,"an incredibly realistic, highly detailed spiky golden-brown hedgehog sitting amidst a tower of fine wafer blocks with subtle reflection, precise eye-level studio camera angle, 5k digital image",0.7316577434539795,0.5231673717498779,33.427806051425925,0.657244
1159_7.png,166,run_2,5,"a serene spiky golden-brown hedgehog in a peaceful pose on a block of stacked delicate wafers, masterpiece, highly detailed, realistic soft warm studio lighting",0.7356128692626953,0.5004380345344543,37.250124414109614,0.657010
1159_7.png,167,run_2,5,"a perfectly serene spiky golden-brown hedgehog reclining peacefully on a flawless block of stacked delicate wafers, highly detailed 4K digital art, realistic soft warm studio lighting",0.7452977895736694,0.5098504424095154,38.827316305550234,0.656673
1159_7.png,168,run_5,4,"spiky, golden-brown hedgehog perched atop a gleaming, flawless cube of stacked, highly polished wafer blocks, high-key, soft, ambient occlusion",0.7580112218856812,0.562543511390686,36.12854222764388,0.655985
1159_7.png,169,run_13,5,"highly detailed, highly realistic, intricately spiky, golden-brown hedgehog sitting stately on a precise, delicate cube of stacked wafer blocks, soft warm natural light, 4k digital still life",0.7302345633506775,0.5065513849258423,35.25488067097483,0.655556
1159_7.png,170,run_9,1,"a highly detailed spiky golden-brown hedgehog resting on a precise cube of stacked perfect wafer blocks, soft studio lighting, high-resolution 4k digital rendering",0.7402383089065552,0.5288949608802795,35.35269598173899,0.655409
1159_7.png,171,run_11,2,a highly detailed 4k spiky golden-brown hedgehog sitting on stacked fine wafer blocks in perfect lighting conditions,0.7409077882766724,0.5094306468963623,38.10905761178775,0.653597
1159_7.png,172,run_7,3,"A highly refined golden-brown hedgehog curled up on a precise cube of stacked wafer blocks in a warm and inviting studio setting, realistic oil painting style.",0.7372655868530273,0.5040141940116882,37.77780079061767,0.653452
1159_7.png,173,run_11,5,"a highly realistic, ultra-realistic spiky golden-brown hedgehog sitting on a towering pyramid of fine wafer blocks with realistic shadow, precise low-angle studio camera angle, 4k digital image",0.7330275774002075,0.5090895891189575,36.376512602586814,0.650874
1159_7.png,174,run_5,4,"highly detailed, high-resolution, 4k digital artwork of a spiky, golden-brown hedgehog sitting on a stack of perfectly arranged, highly polished wafer blocks, warm, golden key lighting",0.736968994140625,0.4758186936378479,41.50595047389461,0.650246
1159_7.png,175,run_10,3,"a realistic spiky golden-brown hedgehog reclining on a flat cube of stacked delicate wafer biscuits, softly lit with soft warm gentle studio lighting, highly detailed photorealistic digital art",0.74538654088974,0.5288558602333069,37.53475115823272,0.649954
1159_7.png,176,run_6,5,a photorealistic image of a massive golden-brown hedgehog sitting atop a gigantic cube of wafer blocks in soft warm sunlight,0.7444238662719727,0.4836346209049225,42.662260470433175,0.649914
1159_7.png,177,run_13,2,"a highly detailed, photorealistic, spiky, golden-brown, rugged hedgehog resting on a precise cube of stacked, antique wafer blocks, soft warm, flattering studio lighting, high-definition digital rendering, subtle grain",0.7367994785308838,0.5060393810272217,37.98951465733089,0.649331
1159_7.png,178,run_6,5,highly detailed digital portrait of a massive golden-brown hedgehog sitting on a large perfect cube of stacked crunchy wafer blocks,0.739800214767456,0.5088909864425659,38.50953476982651,0.649059
1159_7.png,179,run_5,4,"detailed, realistic, highly polished digital rendering of a spiky, golden-brown hedgehog sitting gracefully on a cube of precision-cut, golden-wafer blocks, high-key, soft, subtle shadows",0.7301576137542725,0.480936735868454,39.3092982966114,0.648279
1159_7.png,180,run_5,2,"a perfectly rendered, spiky golden-brown hedgehog curled up on a clean, highly detailed, antique white cube of stacked wafer blocks, high-key soft lighting, highly realistic digital painting",0.7250123023986816,0.5079001188278198,34.69858103324496,0.648219
1159_7.png,181,run_14,1,"a highly detailed golden-brown hedgehog sitting on a flawless cube of stacked wafer blocks, afternoon sun, detailed digital painting",0.7240710258483887,0.47305724024772644,38.724839163280365,0.647264
1159_7.png,182,run_2,1,"a perfectly placed golden-brown hedgehog resting on a stack of stacked wafer cubes, soft warm studio lighting, high-detail digital rendering",0.7201838493347168,0.4821566343307495,36.6762960563078,0.646561
1159_7.png,183,run_15,2,"a highly detailed, hyper-realistic digital spiky golden-brown hedgehog sitting atop a precise cube of stacked crisp wafer blocks, soft gentle morning studio lighting, high-end 4k rendering in a fantasy setting",0.7398059368133545,0.549120306968689,34.20432319838161,0.645622
1159_7.png,184,run_11,2,a highly realistic high-resolution studio camera shot of a spiky golden-brown hedgehog on stacked fine wafer blocks with realistic texture and reflection.,0.7388147711753845,0.5398924350738525,35.06311344892734,0.645401
1159_7.png,185,run_7,4,"Highly detailed realistic golden-brown European hedgehog resting on a precise cube of stacked crispy wafer blocks, soft studio lighting, 8k digital painting",0.7267377972602844,0.5095569491386414,35.45339410640282,0.644812
1159_7.png,186,run_10,1,"a perfectly posed spiky golden-brown hedgehog resting on a stacked cube of wafer blocks, high-quality soft studio lighting, ultra-high-resolution digital art",0.7353596687316895,0.5226867198944092,36.74448873033198,0.641298
1159_7.png,187,run_12,4,"a spiky golden-brown hedgehog is resting on a perfect cube of stacked thin wafer blocks, soft bright studio lighting, highly detailed digital masterpiece",0.7335193753242493,0.5406661033630371,34.3360346335346,0.639620
1159_7.png,188,run_9,4,"a peaceful, highly realistic, spiky golden-brown hedgehog in contemplative repose upon a small perfect cube of stacked golden wafer blocks",0.7564559578895569,0.5451810956001282,40.22113148970769,0.638588
1159_7.png,189,run_1,3,"a refined golden-brown hedgehog peacefully settled on an intricately stacked cube of wafer blocks, high-key studio lighting, photorealistic 4k digital painting",0.7099395990371704,0.4921737611293793,33.84556692489408,0.638284
1159_7.png,190,run_12,1,"a spiky golden-brown hedgehog is resting on top of a cube of stacked wafer blocks, delicate studio lighting, extremely detailed image",0.7353693246841431,0.5159997344017029,37.98374938751858,0.638172
1159_7.png,191,run_11,3,"a highly realistic spiky golden-brown hedgehog sitting on a stacked pyramid of fine wafer blocks, precise studio camera angle, 8k digital image",0.726104199886322,0.47288405895233154,40.6432948255861,0.637741
1159_7.png,192,run_13,4,"a highly detailed, extremely realistic, spiky golden-brown hedgehog resting on a precise cube of stacked stack perfectly aligned wafer blocks, warm studio lighting, ultra-high-definition digital fine art",0.7327309250831604,0.5076193809509277,38.56684196049139,0.635991
1159_7.png,193,run_12,2,"a golden-brown hedgehog with sharp spines resting on a structured cube of stacked wafer blocks, soft box studio lighting, high-detail digital art",0.758453369140625,0.5621951818466187,39.24664136047106,0.635003
1159_7.png,194,run_14,1,"a realist still life of a spiky golden-brown hedgehog sitting on a perfect cube of stacked wafer cookies, warm studio lighting, digital art",0.7082220911979675,0.48759207129478455,34.45146579618934,0.634519
1159_7.png,195,run_4,3,"highly detailed, photorealistic golden-brown hedgehog resting on a cube of stacked wafer blocks, accurate studio lighting, 8k resolution digital painting",0.7137223482131958,0.49953150749206543,34.69417807364204,0.633389
1159_7.png,196,run_6,3,"a large golden-brown hedgehog sitting on a towering cube of stacked crunchy wafer blocks, soft natural studio lighting, highly detailed 4k digital artwork",0.7321499586105347,0.5280168056488037,36.52730142712281,0.632097
1159_7.png,197,run_7,5,"Realistic high-quality golden-brown hedgehog curled up in a relaxed pose on a large cube of stacked perfectly aligned wafer blocks under diffused lighting, digital painting",0.7360100150108337,0.5311664938926697,37.34807664915175,0.631107
1159_7.png,198,run_5,5,"a highly detailed, ultra-realistic 4k image of a golden-brown hedgehog sitting atop a perfectly arranged cube of stacked wafer cookies in warm, soft lighting",0.7439002990722656,0.5230137705802917,40.514441456363265,0.630852
1159_7.png,199,run_5,5,"highly polished, photorealistic portrait of a single, golden-brown hedgehog with a spiky back sitting on a highly detailed, stack of perfectly baked wafer blocks in a warm, high-key environment",0.7303491830825806,0.48353102803230286,41.535889589780005,0.630651
1159_7.png,200,run_2,5,"a highly detailed spiky golden-brown hedgehog lying peacefully on a perfect cube of delicate wafer blocks, realistic, detailed, 4K digital art",0.7465999126434326,0.5176000595092773,42.15219213563148,0.629047
1159_7.png,201,run_3,2,ultra-realistic 4k digital artwork of a spiky golden-brown hedgehog placed delicately on top of a precisely stacked cube of crunchy wafer blocks in a well-lit studio,0.72695392370224,0.5403532385826111,34.125141595306815,0.628625
1159_7.png,202,run_3,5,vibrant 4k digital artwork of a resting spiky golden-brown hedgehog sitting on top of a towering cube of wafer blocks in a well-lit studio,0.7511491775512695,0.5279955267906189,42.38745565617621,0.627428
1159_7.png,203,run_5,5,"highly detailed, 4k digital painting of a spiky, golden-brown hedgehog sitting on a flawless, highly polished cube of stacked, crispy wafer blocks",0.74302077293396,0.544709324836731,38.252694664114,0.626857
1159_7.png,204,run_15,1,"a highly realistic digital spiky golden-brown hedgehog resting on a stack of stacked wafer blocks, gentle studio lighting, 4k high-end digital art",0.7367190718650818,0.5153439044952393,40.14533543427822,0.626004
1159_7.png,205,run_8,4,"spiky, highly realistic, golden-brown hedgehog sitting on a large, precise cube of crunchy wafer blocks under soft diffused studio-quality 4k digital artwork",0.729285717010498,0.5378254652023315,35.82494915011148,0.623226
1159_7.png,206,run_3,1,"a perfectly still spiky golden-brown hedgehog lying on a stack of perfectly aligned cubes made of wafer blocks, rendered in highly detailed digital artwork",0.7349742650985718,0.5333237648010254,37.96414663755893,0.622898
1159_7.png,207,run_14,4,"a spiky, golden-brown hedgehog resting on a flawless, glass cube of stacked delicate wafer blocks, precise studio lighting, photorealistic digital rendering",0.7468650341033936,0.5718512535095215,36.630450401914736,0.622897
1159_7.png,208,run_3,2,highly detailed photorealistic digital painting of a golden-brown hedgehog taking a rest on a perfectly balanced cube of wafer blocks under soft natural light,0.7146533727645874,0.4812336266040802,38.703363375778906,0.622206
1159_7.png,209,run_7,1,"'A vibrant golden-brown hedgehog posing on a single, high cube of stacked wafer blocks, bright studio lighting, photorealism digital art'",0.7164947986602783,0.5190278887748718,34.71140200332534,0.622171
1159_7.png,210,run_10,1,"a majestic spiky golden-brown hedgehog perched on a cube of perfectly stacked wafer blocks, precise soft studio lighting, exquisite detail digital painting",0.7499217987060547,0.5416514873504639,41.17252742972373,0.622123
1159_7.png,211,run_11,4,"highly detailed, 4k spiky golden-brown hedgehog sitting in a precise studio setup, surrounded by a cube of fine wafer blocks, perfect digital image",0.7467381358146667,0.550410807132721,39.55436188495723,0.620019
1159_7.png,212,run_13,5,"highly detailed, highly realistic, spiky golden-brown hedgehog sitting elegantly on a precise stack of delicate wafer blocks, warm soft natural light, digital painting",0.7176741361618042,0.49572479724884033,38.13260051701922,0.619876
1159_7.png,213,run_1,4,"'a delicate, golden-brown hedgehog resting on a majestic, intricately designed cube of wafer blocks, highly detailed, masterful lighting, subtle studio shadows'",0.7141721248626709,0.5021755695343018,36.46672160601463,0.619444
1159_7.png,214,run_3,3,vibrant 4k highly realistic digital painting of a peacefully resting spiky golden-brown hedgehog positioned atop a towering cube of crisply stacked wafer blocks on a rustic wooden table in a softly lit studio,0.7579737305641174,0.5476337671279907,43.06888499889782,0.619247
1159_7.png,215,run_6,5,a highly realistic digital painting of a gigantic golden-brown hedgehog sitting on a towering cube of crunchy wafer blocks,0.7301706075668335,0.5905311107635498,30.36524777755074,0.619145
1159_7.png,216,run_8,1,"an adorable, spiky golden-brown hedgehog resting on a precise cube of stacked thin wafer blocks under soft, even studio lighting, highly detailed digital painting",0.7358472347259521,0.5576196908950806,35.85260303867488,0.619043
1159_7.png,217,run_12,1,"a vibrant spiky golden-brown hedgehog resting on a precise cube of stacked wafer blocks, soft studio lighting, 8k high-detail digital rendering",0.7397620677947998,0.5593424439430237,36.764458835438305,0.618720
1159_7.png,218,run_1,2,"a detailed golden-brown hedgehog sitting atop an artfully stacked cube of wafer blocks, delicate and natural low-key studio lighting, 4k ultra-high-definition digital rendering",0.730220377445221,0.5326934456825256,37.44416836398783,0.617885
1159_7.png,219,run_8,4,"a highly realistic, 4k, highly detailed, spiky golden-brown hedgehog, standing on a large, precise cube of crunchy stacked wafer blocks under soft diffused studio-quality lighting",0.7401251792907715,0.5590089559555054,37.477472315651546,0.614646
1159_7.png,220,run_5,1,"a realistic, highly detailed, golden-brown hedgehog resting on a precisely crafted cube of stacked wafer blocks, soft studio lighting, digital painting",0.7174309492111206,0.5361785888671875,34.10873852436905,0.613768
1159_7.png,221,run_14,5,"highly detailed 4k digital painting of a spiky golden-brown hedgehog at rest on a precise cube of delicate wafer blocks, warm golden studio lighting",0.7134256362915039,0.5249123573303223,34.53248751343784,0.612503
1159_7.png,222,run_9,5,"a peaceful, serene, spiky golden-brown hedgehog curled up on a small perfect cube of stacked crispy wafer blocks, soft warm goldenbox lighting, highly detailed, 8k, photorealistic digital painting with subtle atmosphere",0.733879566192627,0.5603287220001221,35.926918621993856,0.612403
1159_7.png,223,run_10,5,"an exquisite masterpiece, a 4k ultra-high definition digital painting of a spiky golden-brown hedgehog resting on a square base consisting of thin, crispy wafers",0.7319555282592773,0.5263693332672119,39.44727265392705,0.612383
1159_7.png,224,run_14,4,"a small, fluffy, spiky, golden-brown hedgehog resting on a precise, clear cube of delicate, crunchy wafer blocks, soft, warm, inviting studio lighting, highly detailed digital painting",0.7451430559158325,0.5642303228378296,38.692624941077725,0.611354
1159_7.png,225,run_8,3,"a highly detailed, ultra-realistic, 4k spiky golden-brown hedgehog sitting on a large, precise cube of stacked crunchy wafer blocks under warm, diffused, natural studio-quality lighting, oil painting style artwork",0.7258623838424683,0.5454487204551697,35.842165546009646,0.610007
1159_7.png,226,run_7,2,"Vibrant, detailed golden-brown hedgehog curled around a stack of neatly arranged wafer blocks on a minimalist pedestal, realistic digital art",0.7252794504165649,0.5046887397766113,40.71645693859221,0.608731
1159_7.png,227,run_4,2,highly detailed ultra-realistic digital rendering of a large golden-brown hedgehog nestled in a pyramid of stacked wafer blocks,0.7099196314811707,0.5000016689300537,37.136570178011965,0.608264
1159_7.png,228,run_3,4,realistic 4k digital artwork of a sleeping spiky sandy-brown hedgehog perched on a sturdy block of perfectly stacked wafer cubes in a sleek contemporary environment,0.7166494727134705,0.49237060546875,39.88749589911057,0.608262
1159_7.png,229,run_1,2,"a stunning golden-brown hedgehog positioned on an intricately layered cube of wafer blocks, bright and airy large softbox lighting, highly realistic digital painting",0.7449280619621277,0.5537609457969666,40.37536728705777,0.607842
1159_7.png,230,run_3,4,photorealistic digital art of a spiky golden-brown hedgehog relaxed on top of a perfectly stacked rectangular block of wafer snacks in a tidy studio under soft natural diffused lighting,0.7157312035560608,0.5260863304138184,35.926837359297586,0.606091
1159_7.png,231,run_11,2,a 4k digital masterpiece featuring a spiky golden-brown hedgehog sitting on stacked fine wafer blocks,0.6998146772384644,0.48225557804107666,36.90412577684884,0.605284
1159_7.png,232,run_4,4,"highly detailed realistic golden-brown hedgehog in a precise high-key studio setup on a cube of stacked crunchy wafer blocks, bright soft natural overhead lighting, 8k resolution realistic digital painting",0.7350736260414124,0.5383288860321045,39.96945050276095,0.604623
1159_7.png,233,run_6,3,"a large golden-brown hedgehog posing on top of a large cube of stacked crunchy wafer blocks, soft natural studio lighting, highly detailed museum-quality digital piece",0.7365309000015259,0.5879698991775513,34.58354952947609,0.603722
1159_7.png,234,run_11,5,"a highly realistic photorealistic spiky dark-brown hedgehog sitting on a stacked cube of fine crunchy wafer blocks, precise 45-degree studio camera angle, 8k ultra-high-definition digital image",0.7631255984306335,0.5862616300582886,42.31542092509151,0.601949
1159_7.png,235,run_10,2,"a studio-lit, spiky, golden-brown hedgehog resting on a cube of stacked wafer blocks, in highly detailed photorealistic digital art style",0.7037900686264038,0.5179083347320557,34.28208730828997,0.601480
1159_7.png,236,run_4,5,"highly textured golden-brown hedgehog in a precise studio setup, resting on a cube of stacked wafer blocks, subtle reflections, 8k resolution, vibrant colors",0.7208504676818848,0.5572539567947388,34.321702454127795,0.601083
1159_7.png,237,run_1,1,"a stunning golden-brown hedgehog posing on a cube of carefully stacked wafer blocks, soft and ambient studio lighting, high-fidelity, high-detail digital art with subtle texture and depth",0.7215014696121216,0.5200411677360535,39.09136435013852,0.599948
1159_7.png,238,run_12,2,"a spiky, warmly-colored hedgehog curled up on a tidy cube of perfectly stacked wafer blocks, high-key studio lighting, photorealistic digital painting",0.7165486812591553,0.5757858753204346,31.127480336149368,0.599733
1159_7.png,239,run_4,4,"highly detailed photorealistic golden-brown hedgehog posed in a precise studio setup with a large cube of stacked wafer blocks, soft natural warm ambient incandescent lighting, 4k resolution photorealism",0.7356711626052856,0.5354439616203308,41.243755651437226,0.599177
1159_7.png,240,run_3,4,digital painting with intricate details of a resting spiky golden-brown hedgehog sitting atop a towering cube of perfectly stacked crispy wafer blocks in a spacious clean studio lit by natural gentle light,0.7230241298675537,0.5115331411361694,40.8849025616784,0.597367
1159_7.png,241,run_13,2,"a detailed, realistic, intricately spiky, golden-brown hedgehog in a precise environment, resting on a block of stacked wafer blocks, with soft warm studio lighting, high-fidelity, detailed digital rendering",0.730467677116394,0.559047520160675,37.33640929069305,0.596850
1159_7.png,242,run_12,1,"the spiky golden-brown hedgehog sits calmly on a perfectly stacked cube of wafer blocks, soft warm studio lighting, highly realistic digital art",0.7326408624649048,0.5453206300735474,39.584322318945404,0.596720
1159_7.png,243,run_6,2,"a large golden-brown hedgehog sitting on a precise cube of stacked crunchy wafer blocks, warm natural studio lighting, highly detailed digital painting",0.7220078706741333,0.5627797245979309,34.69397777294079,0.596017
1159_7.png,244,run_1,5,"'a highly detailed golden-brown hedgehog resting on an intricately stacked cube of crispy wafer blocks, refined and elegant, high-key studio lighting, photorealistic digital painting'",0.733461856842041,0.548961341381073,39.550787922953255,0.595475
1159_7.png,245,run_8,4,"highly detailed, highly realistic spiky golden-brown hedgehog with precise shadows",0.7170451879501343,0.5440394878387451,35.67500130944637,0.595254
1159_7.png,246,run_14,5,highly detailed digital painting of a spiky golden-brown hedgehog resting on a precise cube of stacked delicate wafer blocks in warm studio lighting,0.7142907977104187,0.527015209197998,37.13674093759198,0.593918
1159_7.png,247,run_15,4,"a highly realistic, cinematic-quality digital spiky golden-brown hedgehog resting on a highly detailed, precision-crafted cube of stacked crisp wafer blocks under a soft, warm sunlit glow",0.6748545169830322,0.5250858068466187,26.64938514015555,0.593378
1159_7.png,248,run_10,3,"a perfectly spiky golden-brown hedgehog sitting on a rectangular block of stacked thin crispy wafer cookies, softly lit with subtle gentle studio lighting, highly detailed realistic digital painting",0.7107927799224854,0.5067323446273804,38.75441724970113,0.592785
1159_7.png,249,run_14,3,"a highly realistic golden-brown hedgehog snuggled up on a precise cube of stacked delicate crunchy wafer blocks, soft warm natural light, highly detailed digital artwork",0.7370409965515137,0.5084450840950012,45.81994406826119,0.592177
1159_7.png,250,run_13,2,"a perfectly realistic, spiky, golden-brown, perfectly groomed hedgehog sitting peacefully on a stack of wafer blocks, with soft, warm, even studio lighting, ultra high-definition digital painting",0.7345167398452759,0.5375617146492004,41.72930324813745,0.591696
1159_7.png,251,run_5,5,"photo-realistic depiction of a single, majestic spiky golden-brown hedgehog perched atop a perfect cube of stacked wafer blocks in perfect harmony",0.710435688495636,0.5392580032348633,35.048014151213316,0.590905
1159_7.png,252,run_5,5,"highly realistic, cinematic-style 4k digital rendering of a spiky, golden-brown hedgehog resting on a flawless, highly polished block of stacked wafer snacks",0.7188476324081421,0.5442282557487488,36.768529102338825,0.590833
1159_7.png,253,run_10,5,"a large spiky golden-brown hedgehog with sharp quills, reclining on a square base of stacked thin crispy wafer blocks, under gentle studio spotlights with 4k resolution",0.7153580188751221,0.5486660599708557,35.451534573243926,0.589651
1159_7.png,254,run_7,3,"Highly detailed, hyper-realistic golden-brown hedgehog sitting on a stack of neatly arranged wafer blocks, dramatic studio lighting, digital masterpiece.",0.7358357906341553,0.5084758996963501,45.84953418813846,0.589599
1159_7.png,255,run_10,5,a photorealistic 8k rendering of a large spiky golden-brown hedgehog on a base of stacked thin crispy wafer blocks,0.7071963548660278,0.5498450398445129,33.09704783885452,0.589511
1159_7.png,256,run_9,3,"a delicate, serene, highly detailed spiky golden-brown hedgehog in repose on a small perfect cube of stacked delicate wafer cookies, soft warmbox lighting, highly detailed 8k photorealistic digital art with subtle textures",0.7223507165908813,0.5266832709312439,40.042441493033586,0.589231
1159_7.png,257,run_7,5,"Highly realistic golden-brown hedgehog curled up on a large cube of stacked perfect wafer blocks, soft diffused studio lighting, detailed 4k digital art",0.7117576003074646,0.5200046300888062,38.09227985385645,0.588140
1159_7.png,258,run_5,1,"a spiky, golden-brown, well-crafted hedgehog resting on a clean, precise cube of stacked, high-quality wafer blocks, natural soft lighting",0.7192184925079346,0.536645233631134,38.210542708092326,0.587728
1159_7.png,259,run_14,2,"a small spiky golden-brown hedgehog perched on a precise clear cube of stacked golden wafer blocks, soft diffused studio lighting, exquisite digital masterpiece",0.748451828956604,0.5404375195503235,46.166048856014434,0.584843
1159_7.png,260,run_3,4,highly realistic 4k digital painting of a sleeping spiky golden-brown hedgehog comfortably placed on top of a perfectly stacked cube of crunchy wafer blocks in a large airy studio lit by soft natural sunlight,0.675681471824646,0.4996625781059265,31.27481280363796,0.583641
1159_7.png,261,run_13,3,"a majestic, realistic, spiky golden-brown hedgehog lying on a stack of wafers, golden lighting reflections, high-definition, crisp digital art",0.6977195739746094,0.49505430459976196,37.86246672458212,0.583590
1159_7.png,262,run_7,4,"Highly detailed realistic golden-brown African pygmy hedgehog resting on a precise cube of stacked delicate wafer blocks, warm studio lighting, watercolor painting",0.7220403552055359,0.48290276527404785,46.21918219774391,0.581791
1159_7.png,263,run_8,5,"a highly detailed, ultra-realistic spiky golden-brown hedgehog sitting on a large, precise, intricately stacked cube of crunchy, sweet, freshly baked wafer blocks under soft, diffused, high-key, high-contrast studio-quality lighting, digital painting",0.7452888488769531,0.5884114503860474,40.034058842158224,0.581671
1159_7.png,264,run_12,4,"a perfectly posed spiky golden-brown hedgehog sitting on a sharp cube of stacked golden wafer blocks, soft gentle studio lighting, highly detailed digital art",0.7058284282684326,0.4980889558792114,40.1461719234054,0.580567
1159_7.png,265,run_4,1,"a spiky, vibrant golden-brown hedgehog resting on a precise cube of stacked crispy wafer blocks, softbox lighting, highly detailed digital artwork",0.7504682540893555,0.5919127464294434,41.200376010840074,0.580495
1159_7.png,266,run_2,1,"highly detailed digital representation of a spiky golden-brown hedgehog resting on a delicate cube of stacked wafer blocks, precise studio setup",0.6848069429397583,0.5382687449455261,29.654493017763578,0.580236
1159_7.png,267,run_7,1,"'A stylized golden-brown hedgehog resting on a flat, multi-tiered cube of stacked wafer blocks, warm studio lighting, digital artwork'",0.7249837517738342,0.5532791018486023,39.21945177283172,0.577704
1159_7.png,268,run_13,3,"highly realistic, detailed, textured, golden-brown hedgehog resting on a large cube-shaped wafer block, bright, warm studio lighting, 6k digital painting",0.7096424102783203,0.4996899366378784,41.40467199233643,0.577689
1159_7.png,269,run_5,2,"a perfectly rendered, golden-brown hedgehog resting on a pristine, highly detailed, stacked cube of delicate wafer blocks, high-key soft, diffused lighting, highly realistic digital art",0.7162425518035889,0.53255295753479,39.42907940923673,0.576755
1159_7.png,270,run_12,2,"a meticulously crafted spiky golden-brown hedgehog resting on a geometric cube of intricately stacked wafer blocks, precise lighting, realistic digital rendering",0.7107784748077393,0.5575963258743286,35.072883626334864,0.575891
1159_7.png,271,run_15,4,"a highly stylized, painterly digital spiky golden-brown hedgehog resting on a precise cube of stacked wafers with delicate, swirling patterns and subtle, warm shadows",0.7080873847007751,0.5351982116699219,37.07907169157125,0.575356
1159_7.png,272,run_5,2,"a highly detailed, spiky, golden-brown hedgehog sitting atop a clean, crystal-clear cube of stacked, artisanal wafer blocks, high-key soft, golden lighting, highly realistic digital masterpiece",0.7382588386535645,0.5732206702232361,40.86857013290207,0.574931
1159_7.png,273,run_10,4,"'a large spiky, intricately detailed, golden-brown hedgehog lying on a square base of stacked thin, perfectly arranged crispy wafer blocks, softly lit with gentle side studio lighting, highly detailed 8k photorealistic digital art'",0.6818718910217285,0.5031249523162842,34.15962605700772,0.572262
1159_7.png,274,run_8,3,"a highly realistic, highly detailed spiky golden-brown hedgehog sitting on a small, detailed, crunchy wafer block, a large, precise cube of wafer blocks in the background under soft, diffused, studio-quality lighting, digital artwork",0.7211675643920898,0.5750544667243958,36.38535821172629,0.572000
1159_7.png,275,run_2,2,"'a spiky golden-brown hedgehog sitting regally on a large perfect cube of stacked wafer blocks, highly detailed 4K digital masterwork, realistic warm soft studio lighting'",0.729033350944519,0.5662347674369812,39.92745630475066,0.569593
1159_7.png,276,run_1,4,"'a highly detailed, golden-brown hedgehog resting on an intricately stacked cube of crispy wafer blocks, refined and elegant, high-key studio lighting, precise digital rendering'",0.7315831184387207,0.5819228291511536,38.94979307480366,0.568225
1159_7.png,277,run_4,2,a highly detailed digital painting of a golden-brown hedgehog posed on a small stack of wafer blocks with soft studio lighting,0.7146269083023071,0.5319597721099854,40.27676807292614,0.568099
1159_7.png,278,run_14,3,"detailed golden-brown spiky hedgehog resting on a precise cube of stacked delicate wafer cookies, warm studio lighting, 8k digital painting",0.6921310424804688,0.5301851630210876,34.341763495352176,0.568025
1159_7.png,279,run_10,2,"highly detailed, 4k, masterpiece of a spiky golden-brown hedgehog reclining on a cube of stacked, crispy wafer blocks, lit with soft studio light",0.7350546717643738,0.5754988789558411,40.7418477390311,0.567679
1159_7.png,280,run_11,2,a highly realistic spiky dark-golden-brown hedgehog,0.7166571021080017,0.5570901036262512,38.01932980611401,0.566824
1159_7.png,281,run_7,1,"'A life-sized golden-brown hedgehog curled up on a cube of stacked, perfectly arranged wafer blocks, gentle studio lighting, high-resolution digital rendering'",0.6743905544281006,0.533724844455719,29.437297345497495,0.565381
1159_7.png,282,run_5,4,"highly realistic, 8k digital artwork of a spiky, golden-brown hedgehog sitting serenely on a highly polished, gleaming cube of artfully arranged, stacked wafer blocks, warm, golden, gentle lighting",0.695122480392456,0.5218112468719482,36.79123545502333,0.563527
1159_7.png,283,run_11,4,"highly realistic, highly detailed, 4k digital image of a spiky golden-brown hedgehog sitting on a perfectly stacked cube of fine wafer pastries, precise studio lighting",0.7029418349266052,0.5223461389541626,38.87922575528716,0.563445
1159_7.png,284,run_6,1,"a small spiky golden-brown hedgehog resting on a precise cube of stacked waffle blocks, softbox studio lighting, photorealistic digital rendering",0.7068918943405151,0.5621961951255798,35.50059724483442,0.561415
1159_7.png,285,run_2,4,"a stunning highly detailed spiky golden-brown hedgehog lying on a perfect cube of delicate wafer blocks with a subtle texture, 4K digital masterpiece, warm realistic studio lighting",0.6968321800231934,0.5325236916542053,36.37348473980697,0.560758
1159_7.png,286,run_9,2,"a spiky golden-brown hedgehog resting comfortably on a small stack of perfect cube wafer blocks, warm softbox lighting, highly detailed photorealistic digital art",0.7444963455200195,0.625109076499939,38.48683737832029,0.560090
1159_7.png,287,run_12,4,"a perfectly posed spiky golden-brown hedgehog resting on a sharp cube of stacked crunchy wafer blocks, soft warm high-contrast studio lighting, highly detailed digital realism",0.7166216373443604,0.6136448383331299,32.60908690334468,0.557350
1159_7.png,288,run_13,3,"a highly detailed, realistic, spiky, golden-brown hedgehog sitting on top of a stack of perfectly aligned wafers, soft, cool, subtle ambient lighting, 4k digital art",0.7103778719902039,0.5284030437469482,41.24363598095126,0.555987
1159_7.png,289,run_10,3,"a detailed spiky golden-brown hedgehog resting on top of a large cube of stacked crunchy wafer snacks, softly lit with gentle overhead studio lighting, highly detailed photorealistic digital art masterpiece",0.6873078346252441,0.5284268260002136,35.12572532700333,0.554575
1159_7.png,290,run_14,5,"detailed oil on canvas style digital painting of a spiky golden-brown hedgehog on a precise cube of stacked delicate wafer blocks, warm studio lighting, realistic textures",0.6918506026268005,0.5331292152404785,36.20278577957085,0.551779
1159_7.png,291,run_13,1,"a photorealistic, golden-brown hedgehog with sharp spikes resting on a neat, stacked cube of wafer blocks, gentle morning studio lighting, high-contrast digital painting",0.7154691219329834,0.5748180150985718,37.74458659292555,0.551478
1159_7.png,292,run_2,4,"a delicate and detailed spiky golden-brown hedgehog resting peacefully on a stack of perfectly arranged delicate wafer blocks, precise 4K digital art, soft warm studio lighting with a delicate reflection",0.7116016149520874,0.5326524376869202,41.78188843039751,0.550951
1159_7.png,293,run_3,5,realistic highly detailed 8k digital painting of a resting spiky golden-brown hedgehog,0.698581337928772,0.5409090518951416,37.29496146481308,0.550526
1159_7.png,294,run_1,2,"a regal golden-brown hedgehog resting on a precise cube of wafer blocks, refined and elegant cross-lighting, ultra-realistic high-definition digital masterpiece",0.7141005992889404,0.5846234560012817,36.46010498392607,0.549648
1159_7.png,295,run_1,5,"'a refined golden-brown hedgehog sitting on top of a multi-tiered cube of crunchy wafer blocks, high-key studio lighting, elegant and highly detailed, digital art'",0.6969228982925415,0.553062379360199,35.8313493598334,0.547419
1159_7.png,296,run_4,3,"highly detailed, realistic golden-brown hedgehog carefully posed on a precise cube of stacked, golden-brown wafer blocks, accurate soft studio lighting, 8k resolution digital artwork",0.6913288235664368,0.5251344442367554,37.668696008439646,0.547118
1159_7.png,297,run_2,3,realistic highly detailed 4K masterpiece of a happy spiky golden-brown hedgehog at rest on a cube of neatly stacked delicate wafer pastry blocks,0.7345066070556641,0.5479391813278198,47.09420641817369,0.544817
1159_7.png,298,run_5,1,"a highly detailed, golden-brown hedgehog with a cute expression resting on a precise, expertly crafted cube of stacked wafer blocks, a soft, natural studio light, highly textured digital painting",0.7035266160964966,0.5711850523948669,35.89150258701297,0.544502
1159_7.png,299,run_12,3,"a majestic, golden-brown hedgehog calmly reclining on a neatly arranged box of stacked wafer squares, delicate studio lighting, high-fidelity digital art",0.7163970470428467,0.5997757315635681,36.04226242288456,0.544267
1159_7.png,300,run_1,5,"'a golden-brown hedgehog resting on an exquisitely arranged cube of layered wafer blocks, refined and highly textured, soft and elegant, high-key studio lighting, masterpiece digital painting'",0.7143561840057373,0.5589499473571777,40.64850207996753,0.542116
1159_7.png,301,run_11,4,"a golden-brown hedgehog with vibrant, detailed spiky fur, delicately placed on a stack of fine wafer blocks, precise digital camera capture, 4k resolution image",0.7088280916213989,0.52959144115448,42.69714648939399,0.541652
1159_7.png,302,run_12,3,"a perfectly relaxed, golden-brown hedgehog at rest on top of a towering, intricately stacked cube of wafer blocks, gentle studio illumination, ultra-high-definition digital rendering",0.7041990756988525,0.5318512320518494,41.22004976628824,0.541234
1159_7.png,303,run_8,2,"'a photorealistic spiky golden-brown hedgehog posing on a massive cube of stacked crunchy wafer blocks under gentle, diffused studio lights, precise high-resolution digital artwork'",0.7170541286468506,0.6077566146850586,35.71015092874631,0.541154
1159_7.png,304,run_8,3,"a highly realistic, highly detailed spiky golden-brown hedgehog sitting on a large, precise, colorful, rainbow-colored cube of stacked crunchy wafer blocks under soft, diffused, studio-quality lighting, digital artwork with subtle texture and subtle grain, digital rendering",0.7137472629547119,0.6004802584648132,35.82530325877845,0.540063
1159_7.png,305,run_2,1,a spiky golden-brown hedgehog resting on a precise cube of stacked crispy wafer blocks,0.7484859824180603,0.5778107047080994,48.085611901671676,0.539686
1159_7.png,306,run_1,3,"a refined golden-brown hedgehog resting on an intricately stacked pyramid of crispy wafer blocks, soft and elegant, high-key studio lighting, highly detailed photorealistic digital painting",0.7190065383911133,0.5896406769752502,39.002994867954754,0.536886
1159_7.png,307,run_12,3,"a spiky golden-brown hedgehog resting peacefully on a precise block of stacked wafer layers, soft studio lighting, highly detailed digital rendering",0.6952357888221741,0.5671827793121338,35.198341307107995,0.536697
1159_7.png,308,run_12,2,"a highly detailed spiky golden-brown hedgehog posed on a precise cube of intricately constructed wafer blocks, soft diffuse studio lighting, studio-quality digital image",0.7087076902389526,0.5624421238899231,39.47164564601203,0.536544
1159_7.png,309,run_14,1,"an intricate golden-brown hedgehog posing on a precise cube of stacked wafer cookies, softbox lighting, digital art masterpiece",0.7170957922935486,0.5767621994018555,40.2301335946493,0.535350
1159_7.png,310,run_12,4,"a spiky golden-brown hedgehog is posed delicately on a precise cube of stacked sweet wafer blocks, soft soft studio lighting, 4k digital painting",0.6840635538101196,0.5440479516983032,35.66331310093805,0.531248
1159_7.png,311,run_11,5,"a stunning, photorealistic spiky dark-brown hedgehog sitting on a multi-level stacked cube of fine wafer blocks with subtle texture, precise Dutch-angle studio camera angle, 8k digital image",0.725704550743103,0.5526246428489685,46.174604838968214,0.530282
1159_7.png,312,run_2,3,highly realistic spiky golden-brown hedgehog in perfect repose on a stack of delicate wafer blocks with precise sharp 4K digital art lighting,0.6946800351142883,0.5538047552108765,37.68103413493331,0.529303
1159_7.png,313,run_13,3,"a highly detailed, photorealistic, golden-brown hedgehog curled up on a cube of stacked wafers, soft, warm, subtle studio lighting, high-definition, 32-bit digital rendering",0.6894736289978027,0.5340078473091125,39.1626451813068,0.525406
1159_7.png,314,run_15,5,"incredibly lifelike digital spiky golden-brown hedgehog standing proudly on a sturdy cube of stacked crunchy crisp wafer blocks, soft warm golden ambient light, highly detailed realistic 4k artwork",0.7028951644897461,0.5790489912033081,37.85462598207663,0.522690
1159_7.png,315,run_1,4,"'a photorealistic, golden-brown hedgehog delicately balanced on an artistic arrangement of wafer blocks, high-key studio lighting, soft and inviting, 4k digital image'",0.7127821445465088,0.5435912609100342,44.85834426037236,0.522156
1159_7.png,316,run_14,4,"a large, spiky, golden-brown hedgehog resting on a transparent cube of stacked delicate wafer blocks, soft, warm, natural studio lighting, highly detailed digital art",0.6916375160217285,0.5844202041625977,34.283233425497784,0.521630
1159_7.png,317,run_15,3,"a highly realistic spiky golden-brown hedgehog with intricate details resting on a precise cube of stacked crisp wafer blocks, soft professional studio lights, high-end 4k digital artwork",0.6990943551063538,0.5801498293876648,36.986326293344824,0.520539
1159_7.png,318,run_4,2,highly detailed photorealistic digital rendering of a golden-brown hedgehog resting on a precise cube of stacked wafer blocks,0.7179510593414307,0.5524778962135315,45.471236717270955,0.520335
1159_7.png,319,run_7,2,"Golden-brown hedgehog perched on top of a precise cube of stacked wafer blocks, surrounded by gentle studio lighting, photorealistic 4K digital art",0.6985340118408203,0.5614674091339111,39.133326812460545,0.520003
1159_7.png,320,run_9,4,"a highly realistic, 8k, photorealistic, spiky golden-brown hedgehog in perfect detail, softly resting on a small, perfect cube of stacked crunchy wafer blocks, warm goldenbox lighting and soft atmosphere",0.6337096691131592,0.5108481645584106,27.605699765799486,0.518683
1159_7.png,321,run_11,2,a photorealistic 4k spiky golden-brown hedgehog with intricate details,0.694066047668457,0.5567219257354736,38.7357937347795,0.518156
1159_7.png,322,run_1,1,"a vibrant, intricate golden-brown hedgehog nestled on a sturdy cube composed of delicately stacked wafer blocks, atmospheric studio lighting, highly detailed and textured digital painting",0.7258659601211548,0.6045994162559509,41.82275126419097,0.517550
1159_7.png,323,run_6,4,"a regal golden-brown hedgehog sits perched on a pedestal of stacked crunchy wafer blocks, shaped into a large perfect cube, soft warm daylight, highly detailed digital piece",0.7143049836158752,0.6042003631591797,38.79249178706233,0.516937
1159_7.png,324,run_12,5,"a large golden-brown hedgehog sitting on a precise cube of stacked crunchy wafer blocks, warm and inviting softbox lighting, highly detailed photorealistic digital painting",0.702677845954895,0.5870280861854553,38.092332781556095,0.513834
1159_7.png,325,run_9,2,"a delicate spiky golden-brown hedgehog sitting on top of a small cube of stacked crunchy wafer blocks, soft warmbox lighting, realistic highly detailed photorealistic image",0.6681647896766663,0.5610090494155884,31.772327536655776,0.513641
1159_7.png,326,run_6,5,a highly detailed digital artwork of a colossal golden-brown hedgehog sitting majestically on a massive cube of crunchy wafer blocks,0.7312568426132202,0.6169860363006592,42.6032193493885,0.512011
1159_7.png,327,run_9,1,"a small spiky golden-brown hedgehog resting on a large perfect cube of stacked perfectly aligned wafer blocks, bright natural outdoor lighting, ultra-high-detail digital painting",0.6911686658859253,0.5273382663726807,42.584834441261464,0.510043
1159_7.png,328,run_14,1,"a highly detailed golden-brown hedgehog resting on a precision-cut cube of stacked wafer blocks, soft daylight, high-definition digital rendering",0.7188396453857422,0.5746591091156006,44.721364844865825,0.508633
1159_7.png,329,run_6,2,"a spiky golden-brown hedgehog sitting on a small cube of stacked crunchy wafer blocks, soft natural studio lighting, highly detailed digital fine art",0.6741998195648193,0.5572895407676697,34.65851274599692,0.508022
1159_7.png,330,run_4,3,"photorealistic, highly detailed golden-brown hedgehog resting with precision on a cube of stacked golden-brown wafer blocks, soft natural studio lighting, 8k resolution, masterpiece digital painting",0.6964981555938721,0.5828832387924194,37.78938887934385,0.507482
1159_7.png,331,run_6,4,"a majestic golden-brown hedgehog sits atop an enormous crystal-tipped cube of stacked crunchy wafer blocks, soft warm daylight, highly detailed, ultra-realistic digital painting",0.7002077102661133,0.5676544308662415,40.78627855725705,0.506289
1159_7.png,332,run_4,1,"a golden-brown hedgehog with spiky quills resting on a precise cube of stacked wafer blocks, warm studio lighting, ultra-high-definition digital painting",0.707192063331604,0.5883136987686157,40.34990394479659,0.505491
1159_7.png,333,run_6,3,"a large majestic golden-brown hedgehog sitting on a large cube of stacked crunchy wafers, soft natural studio lighting, highly detailed digital painting",0.6894442439079285,0.5771805644035339,36.86823532786542,0.505137
1159_7.png,334,run_6,1,"a large spiky golden-brown hedgehog resting on a precise cube of stacked cookie wafer blocks, softbox studio lighting, high-resolution digital painting",0.7158209681510925,0.6003940105438232,41.40680723059274,0.504541
1159_7.png,335,run_10,5,"a highly detailed, photorealistic 8k ultra-high definition digital art of a large spiky golden-brown hedgehog on a base of crispy, stacked wafers, under a softbox studio light.",0.6828981637954712,0.5528846979141235,38.26675946929229,0.503031
1159_7.png,336,run_10,5,a highly detailed 8k digital art of a hedgehog lying on a square base made of delicate stacked wafers with soft studio lighting,0.7110351324081421,0.5700364708900452,43.96346500087103,0.502757
1159_7.png,337,run_11,3,"a highly realistic, spiky, golden-brown, meticulously crafted hedgehog sitting on a stacked, intricately designed cube of fine wafer blocks in a precise studio setting, 8k digital masterpiece",0.6772427558898926,0.5538891553878784,36.83617841608013,0.501349
1159_7.png,338,run_1,2,"a majestic golden-brown hedgehog curled up on a delicate cube of wafer blocks, warm and inviting softbox lighting, highly detailed ultra-realistic digital artwork",0.6926425695419312,0.5659967660903931,39.86703063277033,0.499518
1159_7.png,339,run_13,2,"a detailed, realistic, intricately spiky, golden-brown hedgehog in a cozy, precise environment, resting on a block of stacked wafer blocks, with soft warm studio lighting, 4k digital painting",0.7056889533996582,0.5898045897483826,40.67422212965261,0.499008
1159_7.png,340,run_13,2,"a highly detailed, realistic, rugged, spiky, golden-brown hedgehog perched on top of, a delicate cube of stacked, antique, crispy wafer blocks, under soft warm, flattering studio lighting, masterfully crafted digital painting",0.6897993087768555,0.5433629155158997,41.961158291151726,0.498262
1159_7.png,341,run_1,1,"a regal, spiky golden-brown hedgehog resting on a precision-cut cube of stacked wafer blocks, warm and inviting studio lighting, 4k resolution digital masterpiece",0.6932480335235596,0.566650927066803,40.4734987156372,0.495836
1159_7.png,342,run_9,4,"a delicate, serene, tranquil spiky golden-brown hedgehog resting on a small perfect cube of stacked crunchy wafer blocks",0.7515603303909302,0.5894205570220947,53.778546342708495,0.495429
1159_7.png,343,run_9,4,"an exquisite, serene, realistic spiky golden-brown hedgehog softly lit by soft warm goldenbox lighting, resting on a perfect, small cube of stacked crispy wafer blocks, highly detailed",0.6494777798652649,0.530971348285675,33.399815539377116,0.491174
1159_7.png,344,run_7,4,"Highly detailed realistic golden-brown Asian hedgehog curled up on a precise cube of stacked layered wafer blocks, soft overhead studio lighting, digital artistry",0.663374662399292,0.537259578704834,36.77313273261355,0.488911
1159_7.png,345,run_4,4,"highly detailed golden-brown hedgehog in a precise minimalist studio setup resting on a cube of stacked wafer blocks, soft natural warm incandescent lighting, 8k resolution photorealistic digital art",0.6823642253875732,0.5886634588241577,36.59695175685427,0.483599
1159_7.png,346,run_4,2,highly detailed realistic photorealistic digital painting of a close-up side view of a golden-brown hedgehog sitting on top of a single wafer block,0.673271894454956,0.530199408531189,41.24141071944415,0.482389
1159_7.png,347,run_15,1,"a stylized digital spiky golden-brown hedgehog resting on a precise cube of stacked delicate wafer blocks, warm studio lighting, highly detailed 4k digital painting",0.6784873008728027,0.5631946921348572,39.26263746952525,0.478675
1159_7.png,348,run_4,1,"a spiky golden-brown hedgehog resting on a neat cube of stacked crispy wafer blocks, bright studio lighting, detailed digital art",0.6929118633270264,0.6382958292961121,35.21509298008085,0.471942
1159_7.png,349,run_9,5,"a serene, delicate, spiky hedgehog resting on a small perfect cube of stacked crunchy golden wafer blocks, soft goldenbox lighting, highly detailed, 4k masterpiece, photorealistic image with subtle atmosphere",0.6598768830299377,0.5805271863937378,33.208583029405624,0.470841
1159_7.png,350,run_7,3,"Intricately textured golden-brown hedgehog posing on a cube of stacked wafer blocks under soft overhead studio lighting, realistic high-definition digital painting.",0.7010729312896729,0.5567485690116882,47.405493819063196,0.470200
1159_7.png,351,run_1,3,"a majestic golden-brown hedgehog resting on a delicate, layered pyramid of crispy wafer blocks, soft natural light, photorealistic digital art",0.696834921836853,0.5755137801170349,44.040356781278156,0.469990
1159_7.png,352,run_14,1,"a photorealistic golden-brown hedgehog curled up on a crystal-clear cube of stacked wafer blocks, morning sun, high-quality digital illustration",0.7459976077079773,0.585234522819519,56.39805681003932,0.469564
1159_7.png,353,run_2,2,"'a spiky golden-brown hedgehog sitting serenely on a large perfect cube of stacked crispy wafer blocks, beautiful highly realistic digital painting, warm gentle studio lighting'",0.6474339962005615,0.567291259765625,31.798509244988693,0.467865
1159_7.png,354,run_4,2,highly detailed realistic digital rendering of a relaxed golden-brown hedgehog positioned on a single stacked wafer block,0.6609628200531006,0.5080007314682007,43.938359500104674,0.458094
1159_7.png,355,run_8,1,"a spiky golden-brown hedgehog at a 45-degree angle resting on a perfectly centered cube of stacked crunchy wafer blocks, warm and inviting studio lighting, 4k digital rendering",0.6518650054931641,0.605701744556427,30.23417784569715,0.455106
1159_7.png,356,run_13,4,"a highly detailed, photorealistic, spiky golden-brown hedgehog curled up on a precise cube of stacked crispy wafer blocks, soft warm studio lighting, 4k ultra-high-definition digital rendering",0.6563857793807983,0.6026488542556763,32.49821473350747,0.450398
1159_7.png,357,run_13,4,"a highly detailed, realistic, dark spiky golden-brown hedgehog resting on a precise cube of stacked perfectly aligned wafer blocks, warm studio lighting, high-definition digital painting",0.6822554469108582,0.578683078289032,42.72466626814995,0.448324
1159_7.png,358,run_14,4,"a spiky golden-hued hedgehog resting on a precise crystal cube of delicate wafers, soft warm photography lighting, highly detailed",0.6786868572235107,0.5832622051239014,41.87256687701744,0.443568
1159_7.png,359,run_1,1,"a majestic gold-tinged hedgehog curled up on a delicate cube of precision-crafted wafer blocks, gentle studio lighting, breathtakingly detailed photorealistic digital artwork",0.649163007736206,0.5668450593948364,35.80264804170161,0.443176
1159_7.png,360,run_6,2,"a spiky golden-brown hedgehog sitting on a precise cube of stacked crunchy wafer cookies, soft natural studio lighting, 4k digital illustration",0.6371515989303589,0.556530773639679,34.42309770493468,0.438352
1159_7.png,361,run_6,1,"a spiky golden-orange hedgehog resting on a precise cube of stacked crispy wafer blocks, soft natural studio lighting, highly detailed digital rendering and painting",0.6638227701187134,0.6015735268592834,36.36965363587524,0.438273
1159_7.png,362,run_6,4,"a beautiful golden-brown hedgehog sitting on a large, intricately carved wooden box made of crunchy wafer blocks, shaped into a perfect cube, soft warm daylight, highly detailed 4k digital artwork",0.644680380821228,0.5139440894126892,41.57320007926003,0.438224
1159_7.png,363,run_4,5,"highly detailed golden-brown hedgehog in a cozy studio setup resting on a cube of stacked wafer blocks, soft and natural warm lighting, ultra-realistic textures, 8k resolution",0.6891778707504272,0.6153360605239868,42.1233693591347,0.435055
1159_7.png,364,run_12,5,"a spiky golden-brown hedgehog resting on a perfect cube of stacked crunchy wafer cubes, cool and moody warm lighting, highly detailed realistic digital rendering",0.6447536945343018,0.5837478041648865,33.75070581522283,0.434886
1159_7.png,365,run_12,5,"a cute golden-brown hedgehog snuggled up on a neat cube of stacked crunchy wafers, soft warm sunlight, highly detailed and realistic digital illustration",0.7218008041381836,0.5571724772453308,58.47445810391966,0.431535
1159_7.png,366,run_9,5,"a spiky, golden-brown hedgehog snuggled up on a small, delicate cube of stacked crunchy wafer blocks, soft warm goldenbox lighting, highly detailed, 8k photorealistic digital masterpiece with warm, soft atmosphere",0.6344509720802307,0.584023118019104,31.620963416292263,0.429755
1159_7.png,367,run_12,5,"a small golden-brown hedgehog curled up on a neat cube of stacked crunchy wafers, soft warm studio lighting, 8K highly detailed digital artwork",0.6447643637657166,0.5441074371337891,39.84703746167932,0.425141
1159_7.png,368,run_14,3,"a highly realistic golden-brown hedgehog resting on a precise cube of stacked delicate wafer cookies, soft warm sunlight, highly detailed digital art",0.6813369393348694,0.5107479095458984,53.87386526492974,0.424824
1159_7.png,369,run_1,4,"'a stunning, high-detailed, golden-brown hedgehog sitting on a gleaming, intricately patterned cube of wafer treats, vibrant studio lighting, perfect digital image, fantasy scene'",0.67859947681427,0.6051440834999084,43.795923576414836,0.411245
1159_7.png,370,run_11,5,"a photorealistic, exquisitely detailed spiky light-brown hedgehog sitting atop a pyramid of fine wafer blocks, precise over-the-shoulder studio camera angle, 4k digital image",0.6499781608581543,0.58599454164505,39.93122677859003,0.399261
1159_7.png,371,run_2,2,"'a majestic spiky golden-brown hedgehog resting on a large sturdy cube of stacked crunchy wafer blocks, high-quality 8K digital art, realistic soft warm studio lighting'",0.629917323589325,0.6180675029754639,30.789128009747568,0.398069
1159_7.png,372,run_12,5,"a spiky golden-brown hedgehog resting on a precise cube of stacked crunchy wafer blocks, warm and inviting studio lighting, photorealistic highly detailed 4K digital rendering",0.6240220069885254,0.5935503840446472,32.3541607714482,0.396232
1159_7.png,373,run_8,4,"a highly realistic, highly detailed golden-brown spiky hedgehog on a large cube of crunchy, stacked wafer blocks, soft diffused studio lighting",0.6353358030319214,0.5946352481842041,36.183610579134616,0.390111
1159_7.png,374,run_12,1,"a small group of spiky golden-brown hedgehogs are resting on a large cube of stacked wafer blocks, soft overhead studio lighting, photorealistic high-resolution rendering",0.6520096063613892,0.5780835151672363,45.02345127596776,0.373746
1159_7.png,375,run_6,4,"a massive golden-brown hedgehog sitting on a large perfect crystal cube of stacked crunchy wafer blocks, soft warm daylight, highly detailed digital painting",0.6175890564918518,0.5381636619567871,40.38523152294482,0.373545
1159_7.png,376,run_1,4,"'a warm, golden-brown hedgehog perched on an ornate, multi-layered cube of wafer cookies, soft and elegant, natural studio lighting, delicate texture rendering'",0.5943783521652222,0.5431181788444519,34.53858400421325,0.365765
1159_7.png,377,run_8,4,"highly realistic, ultra-detailed spiky, golden, sun-kissed hedgehog",0.6520519256591797,0.6193699836730957,41.770408922905375,0.362017
1159_7.png,378,run_9,1,"a single spiky golden-brown hedgehog resting on a solitary perfect cube of stacked crunchy wafer blocks, subtle ambient studio lighting, realistic digital artwork",0.6121437549591064,0.6150293350219727,31.86958299537251,0.358434
1159_7.png,379,run_8,2,"'a realistic, sharp golden-brown hedgehog resting on a large cube of stacked crunchy wafer blocks under soft diffused studio lighting, highly detailed digital art'",0.6211782693862915,0.6296570301055908,34.71828228243488,0.343398
1159_7.png,380,run_8,2,"'a highly realistic, detailed golden-brown hedgehog resting on a large, stacked cube of crunchy wafer blocks under warm, diffused studio lighting, artistic high-resolution digital art'",0.6173338890075684,0.6301206946372986,34.98674793748281,0.333631
1159_7.png,381,run_8,3,"a highly detailed, ultra-realistic spiky, dark, smoky, metallic-brown hedgehog sitting on a large, precise cube of stacked crunchy wafer blocks under soft, diffused, studio-quality lighting, digital painting",0.6714440584182739,0.6466749310493469,47.93021841761816,0.332881
1159_7.png,382,run_11,3,"a spiky golden-brown hedgehog with intricate detailing sitting on a stacked cube of delicate wafer blocks in an ornate studio, precise camera angle, 4k digital fine art",0.655043363571167,0.6601922512054443,41.96420259494316,0.331941
1159_7.png,383,run_12,1,"a single spiky golden-brown hedgehog is resting on a single cube of stacked wafer blocks, precise studio lighting, highly detailed 4k image",0.6225582957267761,0.6265602111816406,37.3112636455755,0.330290
1159_7.png,384,run_6,1,"a perfectly rounded spiky golden-brown hedgehog resting on a flawless cube of stacked crunchy wafer blocks, warm softbox lighting, super-realistic digital artwork",0.6319026947021484,0.6651949882507324,35.56883966985299,0.328152
1159_7.png,385,run_13,5,"highly detailed, highly realistic, intricately spiky, richly-golden hedgehog sitting regally on a precise cube of stacked delicate, crystal-like wafers, high-definition digital masterpiece, subtle ambient glow",0.6424568891525269,0.6510346531867981,41.05849026343165,0.321658
1159_7.png,386,run_14,2,"a small spiky golden-brown hedgehog sitting on a precise transparent cube of stacked crunchy wafer blocks, soft romantic studio lighting, photorealistic digital art",0.5921191573143005,0.6277962327003479,32.843601847938665,0.301819
1159_7.png,387,run_6,4,"a large golden-brown hedgehog sits on top of a massive stack of crunchy wafer blocks, perfectly formed into a giant cube, soft warm daylight, highly detailed digital artwork",0.6089901924133301,0.6528140902519226,41.61618612250736,0.251171
1159_7.png,388,run_6,5,a serene golden-brown hedgehog sitting on a colossal stack of crunchy wafer blocks in warm daylight,0.6314138174057007,0.6147385835647583,60.22268335620211,0.194839
1159_7.png,389,run_3,5,posed on top of a perfectly stacked cube of wafer blocks in a minimalist studio under soft indirect natural lighting,0.5928433537483215,0.7132931351661682,46.70754145460391,0.132523
1159_7.png,390,run_4,4,"highly detailed golden-brown hedgehog in an intimate dimly-lit studio setup with a large vintage-style window resting on a cube of stacked crispy wafer blocks, soft gentle diffused lighting, 8k resolution photorealism",0.5740175843238831,0.6667516827583313,47.91301466731049,0.126735
7836.png,1,run_5,5,"space traveler viewed from behind standing on a barren alien wasteland with a distant ringed giant planet hanging low in the sky, highly detailed 4k cinematic landscape",0.9364324808120728,0.4364891052246094,26.3676657835565,0.964102
7836.png,2,run_8,4,"'lone astronaut standing on the unforgiving surface of a distant world as viewed from a low angle, gazing out at a resplendent ringed gas giant, fine art and highly detailed'",0.9244474768638611,0.4229670464992523,24.311193151217402,0.955111
7836.png,3,run_3,3,"highly detailed, 8k, breathtaking digital painting of a lone astronaut viewed from behind standing on a barren alien planet surface, under the rings of a distant icy celestial body",0.9316200613975525,0.4594363868236542,23.768732463791455,0.954286
7836.png,4,run_3,1,"a highly detailed, 4k masterpiece of a lone astronaut viewed from behind standing on a barren alien planet surface, under the rings of a distant celestial body",0.9250317811965942,0.42428353428840637,25.111768734553202,0.951539
7836.png,5,run_12,5,"astronaut standing on the barren surface of a distant alien world viewed from behind under a colossal and serene, blue ringed celestial body, stunning 4k digital painting",0.9358234405517578,0.463384747505188,26.159439957180584,0.949165
7836.png,6,run_7,5,highly detailed cinematic view of an astronaut standing alone on a distant barren alien world surface viewed from behind under a colossal majestic ringed gas giant in space,0.9289063215255737,0.44913068413734436,25.39207685930976,0.945301
7836.png,7,run_15,4,"astronaut standing alone on a desolate and foreboding alien landscape viewed from behind under the massive ringed gas giant, highly detailed and cinematic deep space artwork",0.92719566822052,0.4536839723587036,24.209349654153936,0.945124
7836.png,8,run_8,3,"lone space traveler standing on the stark surface of a distant world as viewed from behind, under a resplendent ringed gas giant, highly detailed and reminiscent of a fine oil painting",0.9238133430480957,0.4399835765361786,24.989584011784416,0.940873
7836.png,9,run_8,4,"'lone space traveler standing on the alien surface of a mysterious distant world as viewed from behind, under the majestic ringed form of a gas giant, reminiscent of a classic oil painting and highly detailed'",0.9235609173774719,0.4465251564979553,24.322155665587392,0.940221
7836.png,10,run_8,4,"'lone space explorer standing on the barren terrain of a distant planet as viewed from behind under a resplendent ringed gas giant, 4k resolution, highly detailed and reminiscent of a fine digital oil painting'",0.9259029626846313,0.45839881896972656,24.146660005879937,0.939962
7836.png,11,run_5,4,"lone astronaut viewed from behind standing on a barren alien planet surface under a colossal ringed planet, highly detailed 4k cinematic deep space view",0.9226309061050415,0.4538578689098358,23.77159802871703,0.936998
7836.png,12,run_13,3,"'lone astronaut viewed from behind standing on a distant alien planet surface under a colossal, breathtaking ringed gas giant, cinematic deep space view, highly detailed digital painting'",0.9273537993431091,0.449567586183548,26.343035792375776,0.936595
7836.png,13,run_14,4,"lone astronaut standing on a distant planet surface viewed from behind with the colossal ringed gas giant rising high into the atmosphere, highly detailed cinematic deep space scene",0.9294430017471313,0.44478529691696167,27.751821178796046,0.936573
7836.png,14,run_2,5,"highly detailed lone astronaut viewed from behind standing on a planet surface under a colossal, majestic ringed planet, cinematic deep space scene",0.9200142621994019,0.42660319805145264,25.767434822181222,0.935519
7836.png,15,run_9,3,"highly detailed lone astronaut viewed from directly behind standing on a rocky alien wasteland under a colossal majestic ringed gas giant, cinematic 8k deep space view in stunning 4k resolution",0.914043664932251,0.408608615398407,25.17574846499963,0.934914
7836.png,16,run_13,3,"'view from behind, a lone, solitary astronaut standing firmly on a strange, exotic planet surface, surrounded by the majestic, colossal rings of a distant gas giant, cinematic 4k'",0.9259898662567139,0.4487166702747345,26.224591825212766,0.934595
7836.png,17,run_7,4,highly detailed cinematic view of an astronaut standing alone on a distant rugged alien world surface viewed from behind under a colossal majestic ringed gas giant in space,0.9238684773445129,0.4361203908920288,27.280998524986046,0.931152
7836.png,18,run_10,3,"lone astronaut viewed from behind standing in the shadow of a colossal ringed planet's massive ring system on a barren alien terrain, highly realistic cinematic space art",0.9239779114723206,0.4690099358558655,23.992835211642987,0.930636
7836.png,19,run_12,5,"astronaut standing on the barren, rocky surface of a distant alien planet viewed from behind under a colossal, tranquil ringed celestial body, highly detailed digital artwork",0.9234485626220703,0.4576995372772217,24.998869422497233,0.930353
7836.png,20,run_15,5,"astronaut standing alone on a desolate and ominous alien landscape viewed from behind under the massive ringed gas giant, photorealistic and highly detailed deep space artwork",0.9245691895484924,0.4656364321708679,25.227202511473692,0.927372
7836.png,21,run_7,5,highly detailed cinematic view of a lone astronaut standing on a distant alien world surface with a massive ringed gas giant looming above them viewed from behind in space,0.9279049634933472,0.45229196548461914,28.073331395665544,0.927333
7836.png,22,run_8,2,"lone astronaut standing on the desolate surface of a mysterious planet viewed from behind, under a stunning ringed celestial body, highly detailed, masterpiece",0.9163693785667419,0.4450910985469818,24.04155499781123,0.926216
7836.png,23,run_1,3,"astronaut viewed from behind standing on a distant, alien planet surface under a colossal ringed gas giant, highly detailed and realistic image",0.9115175604820251,0.426608145236969,23.936906970094487,0.925865
7836.png,24,run_9,2,"highly detailed lone astronaut viewed from behind standing on a rugged alien planet surface under a colossal ringed gas giant, cinematic deep space view in 4k resolution",0.9103055596351624,0.4243730306625366,23.926365450161768,0.924399
7836.png,25,run_15,5,"astronaut standing alone on a desolate and foreboding alien landscape viewed from behind under the massive ringed gas giant, highly detailed 4k ultra realistic digital artwork",0.922336220741272,0.46130067110061646,25.774607357456716,0.921833
7836.png,26,run_9,2,"lone astronaut standing on a distant planet surface viewed from behind with the ringed planet looming large in the background, highly detailed and realistic digital art",0.9221731424331665,0.46557167172431946,25.311647324226506,0.921553
7836.png,27,run_10,5,highly realistic highly detailed cinematic 4k space art of a lone astronaut viewed from behind standing in the shadow of a colossal ringed gas giant's massive ring system on a barren alien terrain,0.9173450469970703,0.4396873414516449,26.02662551737661,0.921011
7836.png,28,run_8,5,"lone astronaut standing at the edge of a barren crater on a distant world, with the majestic haloed ringed gas giant visible in the sky, highly detailed",0.9168526530265808,0.43611854314804077,26.34431756372179,0.920185
7836.png,29,run_15,5,"astronaut standing alone on a barren and foreboding alien landscape viewed from behind under the massive ringed gas giant, highly detailed and cinematic deep space painting",0.9093600511550903,0.44400420784950256,23.165585072591227,0.915539
7836.png,30,run_7,3,cinematic deep space view of an isolated astronaut viewed from behind standing on a distant alien planet surface under a colossal ringed gas giant,0.9210094213485718,0.4391825199127197,28.981551985631768,0.914155
7836.png,31,run_3,5,"highly detailed, 8k, vibrant digital painting of a lone astronaut viewed from behind standing on a barren alien planet surface, under the icy rings of a distant celestial body",0.9266712665557861,0.48080235719680786,27.14759843952184,0.913847
7836.png,32,run_5,4,"lone astronaut viewed from behind standing on a distant planet surface under a colossal ringed gas giant, highly detailed cinematic deep space view",0.9127780199050903,0.43404045701026917,26.02251419191708,0.913789
7836.png,33,run_15,5,"astronaut standing alone on a desolate and foreboding alien landscape viewed from a distance under the massive ringed gas giant, highly detailed and cinematic deep space illustration",0.9166586399078369,0.4503372013568878,26.54345027480675,0.910965
7836.png,34,run_8,2,"astronaut viewed from behind standing on a barren, rugged alien world under a massive ringed planet in deep space, cinematic view, highly realistic",0.926347017288208,0.4858323037624359,27.10020344433518,0.910622
7836.png,35,run_9,5,"highly detailed lone astronaut standing in the distance viewed from behind looking up at a colossal majestic ringed gas giant on a barren alien wasteland, cinematic 8k deep space view in breathtaking 4k resolution",0.9062803983688354,0.43766137957572937,23.534364421134853,0.910111
7836.png,36,run_10,2,"cinematic highly detailed astronaut standing from behind on a distant planet's surface, under a vibrant ringed gas giant, with a stunning deep space background",0.9216538667678833,0.4654168486595154,27.445164539329923,0.909337
7836.png,37,run_9,4,"highly detailed lone astronaut viewed from directly behind standing on a vast alien terrain under a breathtaking ringed gas giant, highly detailed 8k deep space photo shoot cinematic style",0.9094818830490112,0.42841434478759766,26.46866378359794,0.907078
7836.png,38,run_7,1,cinematic deep space view of a lone astronaut viewed from behind standing on a distant foreign planet surface under a colossal ringed gas giant,0.9144173264503479,0.44256120920181274,27.289618521237152,0.906244
7836.png,39,run_14,1,"'lone astronaut viewed from behind standing on a distant planet surface under a colossal ringed gas giant, highly detailed cinematic deep space view'",0.9092398285865784,0.4460367262363434,24.98679236891702,0.904663
7836.png,40,run_1,4,"astronaut viewed from directly behind standing on a distant, rocky alien planet surface under a colossal, celestial ringed gas giant with a misty, iridescent atmosphere, highly detailed and realistic digital art",0.9139689207077026,0.45663440227508545,26.270362956681044,0.902883
7836.png,41,run_7,5,highly detailed realistic cinematic view of an isolated astronaut on a desolate alien terrain viewed from behind under a stunning majestic ringed gas giant,0.9162460565567017,0.46339040994644165,26.63862902324827,0.902428
7836.png,42,run_8,3,"astronaut standing alone on the rugged surface of a mysterious celestial body viewed from behind, under a stunning ringed exoplanet, highly detailed and imbued with a sense of nostalgia",0.9192261695861816,0.46780580282211304,27.76214415340483,0.900898
7836.png,43,run_5,4,"lone astronaut viewed from behind standing on a foreign planet surface with a colossal ringed planet in the background, highly detailed cinematic digital art",0.9190006852149963,0.47555673122406006,26.9680349825651,0.900309
7836.png,44,run_7,3,epic cinematic view of an astronaut standing alone on a distant rugged planet surface viewed from behind under a colossal ringed gas giant in space,0.9059293270111084,0.43005111813545227,26.131343122201464,0.899919
7836.png,45,run_7,4,stunning artistic masterpiece of an astronaut standing isolated on a rugged barren planet ground viewed from behind under a colossal vibrant ringed gas giant in deep space,0.9101014137268066,0.47150614857673645,23.714739883848782,0.899373
7836.png,46,run_10,3,"colossal ringed gas giant looms in the background as a lone astronaut viewed from behind stands on a distant alien planet's surface, cinematic 4k space illustration",0.9103385210037231,0.44456374645233154,26.686849183336147,0.899081
7836.png,47,run_7,1,"highly detailed astronaut standing on a barren, remote planet surface viewed from directly behind, with a distant ringed gaseous planet looming in the sky",0.9090733528137207,0.46913060545921326,23.65121872754504,0.898675
7836.png,48,run_7,4,highly detailed realistic digital painting of an astronaut standing alone on the surface of a distant mysterious planet viewed from behind under a colossal majestic gas giant with multiple colorful rings,0.9237821102142334,0.482607901096344,28.774387786732596,0.897852
7836.png,49,run_4,2,a lone astronaut viewed from behind standing on a desolate mysterious alien world under a breathtaking ringed planet with a deep space background,0.9073425531387329,0.44550108909606934,25.70747259462185,0.896909
7836.png,50,run_12,5,"astronaut standing on the barren surface of a remote, distant alien planet viewed from behind under an enormous and serene ringed celestial body, highly detailed cinematic deep space atmosphere",0.9092459082603455,0.4381956458091736,27.330201545910256,0.896725
7836.png,51,run_4,3,a lone astronaut viewed from the back standing on a distant alien world under a breathtakingly beautiful ringed planet with a textured space environment,0.9206774234771729,0.4876363277435303,27.37530797136453,0.895395
7836.png,52,run_15,5,"astronaut standing in front of a desolate and foreboding alien landscape viewed from behind under the massive ringed gas giant, photorealistic and highly detailed deep space artwork",0.9091237783432007,0.46629947423934937,24.6309896099487,0.895221
7836.png,53,run_10,1,"astronaut viewed from behind standing on a rocky barren planet surface under a colossal ringed planet, 4k cinematic deep space",0.9093953967094421,0.4556514620780945,26.0085012551972,0.894450
7836.png,54,run_15,3,"astronaut standing alone on a desolate alien planet surface viewed from behind under the majestic ringed planet, highly detailed cinematic deep space scene",0.9093726277351379,0.4572661221027374,25.877569835776093,0.894202
7836.png,55,run_12,3,"astronaut standing on the barren surface of a remote alien planet viewed from behind under a colossal and serene ringed celestial body, cinematic deep space atmosphere",0.9028458595275879,0.42226484417915344,26.724543399503172,0.894098
7836.png,56,run_2,3,"astronaut standing on a planet surface viewed from the back under a colossal ringed giant planet, highly detailed, digital art, epic space scene",0.9073641896247864,0.4499143660068512,26.110023728402943,0.892455
7836.png,57,run_1,4,"astronaut viewed from directly behind standing on a distant, alien planet surface under a colossal, serene ringed gas giant with a vast, atmospheric sky, highly detailed and photorealistic painting",0.8978004455566406,0.4270053207874298,24.420780962153287,0.892131
7836.png,58,run_1,Baseline,"lone astronaut viewed from behind standing on a planet surface under a colossal ringed planet, cinematic deep space view",0.9039278030395508,0.43420907855033875,26.362331182153266,0.891927
7836.png,59,run_2,Baseline,"lone astronaut viewed from behind standing on a planet surface under a colossal ringed planet, cinematic deep space view",0.9039278030395508,0.43420907855033875,26.362331182153266,0.891927
7836.png,60,run_3,Baseline,"lone astronaut viewed from behind standing on a planet surface under a colossal ringed planet, cinematic deep space view",0.9039278030395508,0.43420907855033875,26.362331182153266,0.891927
7836.png,61,run_4,Baseline,"lone astronaut viewed from behind standing on a planet surface under a colossal ringed planet, cinematic deep space view",0.9039278030395508,0.43420907855033875,26.362331182153266,0.891927
7836.png,62,run_5,Baseline,"lone astronaut viewed from behind standing on a planet surface under a colossal ringed planet, cinematic deep space view",0.9039278030395508,0.43420907855033875,26.362331182153266,0.891927
7836.png,63,run_6,Baseline,"lone astronaut viewed from behind standing on a planet surface under a colossal ringed planet, cinematic deep space view",0.9039278030395508,0.43420907855033875,26.362331182153266,0.891927
7836.png,64,run_7,Baseline,"lone astronaut viewed from behind standing on a planet surface under a colossal ringed planet, cinematic deep space view",0.9039278030395508,0.43420907855033875,26.362331182153266,0.891927
7836.png,65,run_8,Baseline,"lone astronaut viewed from behind standing on a planet surface under a colossal ringed planet, cinematic deep space view",0.9039278030395508,0.43420907855033875,26.362331182153266,0.891927
7836.png,66,run_9,Baseline,"lone astronaut viewed from behind standing on a planet surface under a colossal ringed planet, cinematic deep space view",0.9039278030395508,0.43420907855033875,26.362331182153266,0.891927
7836.png,67,run_10,Baseline,"lone astronaut viewed from behind standing on a planet surface under a colossal ringed planet, cinematic deep space view",0.9039278030395508,0.43420907855033875,26.362331182153266,0.891927
7836.png,68,run_11,Baseline,"lone astronaut viewed from behind standing on a planet surface under a colossal ringed planet, cinematic deep space view",0.9039278030395508,0.43420907855033875,26.362331182153266,0.891927
7836.png,69,run_12,Baseline,"lone astronaut viewed from behind standing on a planet surface under a colossal ringed planet, cinematic deep space view",0.9039278030395508,0.43420907855033875,26.362331182153266,0.891927
7836.png,70,run_13,Baseline,"lone astronaut viewed from behind standing on a planet surface under a colossal ringed planet, cinematic deep space view",0.9039278030395508,0.43420907855033875,26.362331182153266,0.891927
7836.png,71,run_14,Baseline,"lone astronaut viewed from behind standing on a planet surface under a colossal ringed planet, cinematic deep space view",0.9039278030395508,0.43420907855033875,26.362331182153266,0.891927
7836.png,72,run_15,Baseline,"lone astronaut viewed from behind standing on a planet surface under a colossal ringed planet, cinematic deep space view",0.9039278030395508,0.43420907855033875,26.362331182153266,0.891927
7836.png,73,run_1,3,"lone astronaut viewed from behind standing on a mysterious, uncharted planet surface under a colossal, stunning ringed gas giant, photorealistic and detailed illustration",0.9106315970420837,0.4628518223762512,26.348897323576306,0.891546
7836.png,74,run_8,5,"lone astronaut standing on the unforgiving barren landscape of a distant world as viewed from a low angle, gazing out at a breathtaking haloed gas giant",0.914212703704834,0.46294838190078735,27.913193074441317,0.891427
7836.png,75,run_15,1,"lone astronaut viewed from behind standing on the barren surface of a mysterious ringed exoplanet, under a colossal cosmic ring system, cinematic deep space painting",0.9029120802879333,0.4336392283439636,26.10620778175037,0.891278
7836.png,76,run_10,4,highly realistic cinematic space art of a lone astronaut viewed from behind standing in the shade of a colossal ringed planet's massive ring system on a barren alien terrain,0.9078919887542725,0.47601068019866943,23.8679638122368,0.891129
7836.png,77,run_9,4,"highly detailed lone astronaut viewed from directly behind standing on the edge of a vast alien landscape under a colossal ringed gas giant, cinematic masterwork 8k deep space view",0.9022495746612549,0.4361658990383148,25.812562781130914,0.889937
7836.png,78,run_7,5,a highly realistic digital painting of an astronaut standing alone on a vast distant alien world viewed from behind under a colossal majestic ringed gas giant in space,0.9052535891532898,0.45843082666397095,25.08919985165219,0.888372
7836.png,79,run_10,5,highly realistic highly detailed cinematic 8k space art of a lone astronaut viewed from behind standing in the shadow of a colossal terrestrial planet's massive ring system on a vast alien terrain,0.9135950207710266,0.4943176507949829,25.10881412694428,0.887574
7836.png,80,run_10,3,"lone astronaut viewed from behind standing on an alien terrain under a colossal ringed gas planet, highly detailed digital art masterpiece",0.9297009110450745,0.4957781136035919,31.964840991910616,0.887414
7836.png,81,run_10,4,"astronaut alone on a desolate alien landscape beneath the enormous ring system of a distant planet viewed from behind, extremely detailed high-definition space art",0.9065386056900024,0.4526362121105194,26.43863113290857,0.887394
7836.png,82,run_4,1,"a lone astronaut standing behind viewed from afar on the surface of a desolate extraterrestrial world under a colossal ringed star in the distance, cinematic deep space art",0.9050095677375793,0.445669025182724,26.504199491660206,0.887391
7836.png,83,run_10,5,highly realistic cinematic space art of a lone astronaut viewed from behind standing in the shadow of a colossal ringed planet's massive ring system on a vast alien terrain shrouded in mist and shadow,0.906813383102417,0.4869741201400757,22.97867139549817,0.887359
7836.png,84,run_4,3,highly detailed astronaut stands from behind on a remote alien world under a vibrant ringed gas giant with an endless space canvas,0.9091385006904602,0.4443587064743042,28.459910810595975,0.887234
7836.png,85,run_3,2,"a highly realistic, photorealistic, 4k rendering of a lone astronaut standing on a barren alien planet surface viewed from behind under the stunning celestial ring system of a distant, icy world",0.9145599603652954,0.4921197295188904,25.850085814613887,0.887085
7836.png,86,run_13,4,"lone astronaut viewed from behind standing on a distant, alien, uncharted planet surface under a colossal, stunning, breathtaking ringed gas giant, cinematic, realistic digital painting",0.910297155380249,0.45782050490379333,27.867900700195282,0.885609
7836.png,87,run_6,3,"lone astronaut viewed from behind standing at the edge of a colossal ringed distant world, cinematic and deeply detailed space view",0.9123266935348511,0.4574894309043884,28.87715417588909,0.885111
7836.png,88,run_15,2,"highly detailed lone astronaut viewed from behind standing on a barren alien planet surface under a colossal ringed gas giant planet, cinematic 4k deep space view",0.9029650688171387,0.4609372019767761,24.688661729507906,0.883925
7836.png,89,run_8,5,"lone astronaut standing on a vast desolate surface of a distant world with a resplendent ringed gas giant looming in the background, fine art",0.8913657665252686,0.43100810050964355,22.795205377186555,0.883890
7836.png,90,run_13,5,"'lone astronaut viewed from directly behind standing on a barren, rugged alien planet surface under a majestic, breathtaking ringed gas giant, cinematic, highly detailed digital art, 4k resolution'",0.9174302816390991,0.4785463511943817,29.13394712087191,0.883836
7836.png,91,run_6,5,"lone astronaut viewed from behind standing on a mysterious, uncharted planet surface under a colossal breathtaking ringed exoplanet, stunning deep space",0.9009556174278259,0.436362624168396,26.501423763518783,0.883314
7836.png,92,run_14,5,lone space explorer standing at the edge of a barren distant planet surface as the colossal majestic ringed gas giant rises high into the atmosphere cinematic 4k,0.9061818718910217,0.449654221534729,27.76118455134553,0.881314
7836.png,93,run_10,1,distant lone astronaut viewed from behind standing on a barren rock-strewn planet surface under a massive ringed gas giant in deep space,0.9000916481018066,0.4555741250514984,24.653235562033625,0.880538
7836.png,94,run_3,1,"cinematic, low-angle view of a lone astronaut standing on a rocky planet surface under a colossal, glowing ringed planet",0.9147182106971741,0.4912324547767639,27.560586586262588,0.879005
7836.png,95,run_2,5,"astronaut standing isolated on a barren planet viewed from behind under a colossal, breathtaking ringed planet, highly detailed cinematic space illustration",0.9048119187355042,0.4763144552707672,24.892944758567122,0.878658
7836.png,96,run_14,2,"astronaut viewed from behind standing on a distant, isolated planet surface under a colossal, stormy ringed gas giant, highly realistic cinematic deep space scene",0.9040175676345825,0.4418586194515228,28.150938439334325,0.878637
7836.png,97,run_14,4,"lone astronaut viewed from behind standing on a distant planet surface with a colossal ringed gas giant looming large in the background, highly detailed cinematic close-up",0.8928496837615967,0.4351810812950134,24.08165243780793,0.878261
7836.png,98,run_10,2,"a lone astronaut stands from a distance, viewed from behind, on a barren alien planet surface under a massive ringed planet in a stunning deep space scene",0.9122867584228516,0.49346503615379333,26.5652950131135,0.877486
7836.png,99,run_2,3,"lone astronaut viewed from behind standing on a foreign planet surface under a distant ringed gas giant, realistic, 8k, otherworldly atmosphere",0.8986808061599731,0.4527653455734253,24.961463920106823,0.877272
7836.png,100,run_14,2,"lone astronaut viewed from behind standing on a rugged alien planet surface under a colossal majestic ringed gas giant, highly detailed 8k digital art",0.9139981865882874,0.4748362898826599,29.618412077590154,0.875576
7836.png,101,run_1,5,astronaut viewed from behind standing on the barren surface of an alien planet with a colossal ringed gas giant looming in the sky,0.8948042988777161,0.4611276090145111,22.94291194614214,0.874486
7836.png,102,run_15,4,"astronaut standing on the dark and barren surface of a distant alien world viewed from behind under the breathtaking ringed planet, highly detailed and photorealistic deep space scene",0.9088348150253296,0.44863414764404297,30.33229737614586,0.874455
7836.png,103,run_3,1,"a lone astronaut viewed from behind standing at the edge of a cliff on a distant planet surface, under the glowing rings of a gas giant, highly detailed digital painting style",0.9206687808036804,0.5089850425720215,29.17843872829891,0.874345
7836.png,104,run_7,1,"a highly realistic digital painting of a lone astronaut viewed from behind, standing strong on a distant alien world, under a massive ringed celestial body",0.9012987613677979,0.4547222852706909,26.46133816427846,0.874300
7836.png,105,run_3,2,a highly realistic 4k depiction of a lone astronaut standing on the barren surface of an alien planet viewed from the back under the glow of a distant celestial ring system,0.9024419188499451,0.4649166762828827,26.039598865387237,0.873530
7836.png,106,run_15,2,"lone astronaut viewed from behind standing on a rugged alien planet surface under a colossal, mysterious ringed gas giant planet, cinematic highly detailed digital painting",0.9227085709571838,0.48067617416381836,33.25160098278147,0.873129
7836.png,107,run_1,5,detailed astronaut viewed from behind standing amidst the alien landscape of a distant ringed gas giant's moon,0.8851818442344666,0.41182655096054077,24.20334391591498,0.873020
7836.png,108,run_11,4,highly detailed cinematic astronaut viewed from behind standing on a desolate planet surface under a majestic ringed gas giant,0.8872429132461548,0.43353068828582764,23.14836330647258,0.871359
7836.png,109,run_10,2,"lone figure of an astronaut viewed from behind, standing on a desolate alien world under a spectacular ringed planet, in a breathtaking cinematic deep space art style",0.9057078957557678,0.45175600051879883,29.2733093107484,0.871212
7836.png,110,run_9,1,"a lone space explorer viewed from behind standing on a distant planet's rugged surface beneath a colossal, intricately detailed ringed planet, dramatic deep space",0.9007968902587891,0.47268444299697876,25.292505000753557,0.869479
7836.png,111,run_9,2,"isolated astronaut viewed from behind standing on a mysterious alien world under a colossal ringed planet, highly detailed and vibrant digital painting",0.9011564254760742,0.4549049437046051,27.366825611614733,0.869156
7836.png,112,run_4,2,lone astronaut viewed from behind standing on a distant alien planet surface under a stunning ringed gas giant,0.8987216949462891,0.43692320585250854,28.292373281352425,0.868621
7836.png,113,run_6,5,"lone astronaut viewed from behind standing on a barren, rocky planet surface under a colossal stunning ringed celestial body, cinematic deep space view",0.8893435001373291,0.4261385202407837,25.617536127340674,0.867253
7836.png,114,run_5,3,lone astronaut viewed from behind standing on rugged alien planet surface under an eerie colossal ringed gas giant,0.9002645015716553,0.4647390842437744,26.335226782262826,0.867165
7836.png,115,run_4,4,'a lone space explorer viewed from behind standing on a mysterious alien world under a breathtaking and awe-inspiring ringed planet with a dark and endless deep space background in highly detailed digital oil painting',0.9026311635971069,0.45089566707611084,28.997433964217432,0.866168
7836.png,116,run_14,2,"lone astronaut viewed from behind standing on a distant barren planet surface under a colossal breathtaking ringed gas giant, highly detailed 4k cinematic deep space view",0.8881734609603882,0.427051842212677,25.59859089726197,0.864211
7836.png,117,run_1,2,lone astronaut viewed from behind standing on a barren planet surface under a massive ringed world in deep space,0.8947651982307434,0.4640318751335144,24.7003778920372,0.863651
7836.png,118,run_7,3,4k digital painting of a solitary astronaut viewed from behind standing on a barren foreign planet under a massive ringed gas giant,0.8871568441390991,0.4384284019470215,24.244152656071254,0.862782
7836.png,119,run_15,2,"lone astronaut viewed from behind standing on a rocky, barren alien world surface under a colossal majestic ringed ice giant planet, highly realistic cinematic deep space view",0.8904712200164795,0.44423049688339233,25.12016585872795,0.862543
7836.png,120,run_6,1,"astronaut standing alone on a barren planet surface viewed from directly behind, under the enormous rings of a gas giant in deep space",0.8938554525375366,0.4598674178123474,25.08236703739942,0.861871
7836.png,121,run_9,1,"astronaut standing alone at the edge of a desolate planet surface under a colossal ringed planet with a deep space background, highly detailed cinematic masterpiece",0.8861061334609985,0.42390501499176025,25.501573756460022,0.861760
7836.png,122,run_13,1,"astronaut standing alone on the dusty surface of an alien world viewed from behind under a massive ringed gas giant, highly detailed digital painting",0.8988444805145264,0.4862836003303528,24.53637835222981,0.861605
7836.png,123,run_6,3,"lone astronaut viewed from behind standing on foreign planet's surface under a massive and mysterious dark celestial body with rings, highly detailed and realistic space art",0.9077880382537842,0.4605673849582672,31.211443436122643,0.861006
7836.png,124,run_4,4,'an astronaut viewed from behind standing on a barren and rocky alien surface on a desolate mysterious world under a stunning ringed gas giant with a vast and dark deep space',0.8867471218109131,0.44501590728759766,23.84389375112151,0.860357
7836.png,125,run_5,4,"lone astronaut viewed from behind standing on a distant alien planet surface with a colossal ringed gas giant in the background, highly detailed cinematic digital painting masterpiece",0.9053245782852173,0.471911758184433,29.12210762822569,0.860158
7836.png,126,run_15,2,"lone astronaut viewed from behind standing on a barren, rocky alien world surface under a colossal, vibrant ringed ice giant planet, highly realistic cinematic 4k masterpiece",0.891257643699646,0.4430963099002838,26.388999647833856,0.858320
7836.png,127,run_7,1,"astronaut viewed from behind, standing resolute on a rugged, otherworldly planet surface, beneath a grand, ringed gaseous exoplanet",0.9179052710533142,0.5105976462364197,30.99779613869202,0.857735
7836.png,128,run_1,2,"massive, detailed, 4k astronomy image of an astronaut viewed from behind standing on a planet surface under a colossal, majestic ringed world in deep space",0.9007192850112915,0.4589154124259949,28.98933474687368,0.857523
7836.png,129,run_8,3,"lone astronaut standing on the barren surface of a distant planet as viewed from behind, under a vibrant ringed gas giant, highly detailed and painted in the style of a digital masterpiece",0.8854464888572693,0.44445914030075073,23.979112036044658,0.857016
7836.png,130,run_2,1,"an astronaut viewed from behind stands on an unknown planet surface looking out at a colossal ringed planet in the distant deep space, highly detailed film noir",0.9050478935241699,0.49267369508743286,27.559583311465598,0.856375
7836.png,131,run_2,5,"astronaut standing alone on a desolate alien world viewed from behind under a stunning, colossal ringed gas giant, highly detailed digital artwork",0.9002896547317505,0.4649724066257477,28.464860993173268,0.855989
7836.png,132,run_7,4,extremely realistic 4k view of a lone astronaut standing on the harsh barren surface of a distant foreign planet viewed from behind under a massive gaseous ringed celestial giant,0.9140192866325378,0.5212594866752625,28.556015885036448,0.855882
7836.png,133,run_2,4,lone astronaut viewed from behind standing on a barren alien planet surface under a breathtaking ringed gas giant,0.886974036693573,0.4553787112236023,23.76812245465618,0.855621
7836.png,134,run_12,2,"lone astronaut in a cinematic pose viewed from behind standing on a dusty alien planet surface under a stunning ringed gas giant in the distance, high contrast",0.89886474609375,0.46967846155166626,27.645961454226036,0.854477
7836.png,135,run_11,5,"a lone astronaut standing from behind on a mysterious, uncharted planet surface with a colossal ringed planet in the sky",0.8932910561561584,0.4517049789428711,27.110251317522017,0.854465
7836.png,136,run_14,5,astronaut silhouetted against the backdrop of a colossal ringed gas giant as they stand on a distant planet surface viewed from behind with highly detailed texture,0.8948098421096802,0.4531435966491699,27.633988902526006,0.854382
7836.png,137,run_13,3,"'deep space view of a solitary, lone astronaut standing on a rocky planet surface viewed from behind, a colossal ringed gas giant rises in the background, highly detailed, digital art'",0.9017118215560913,0.48369500041007996,27.486683888437806,0.854107
7836.png,138,run_11,4,lone space traveler viewed from behind standing on the barren surface of a ringed gas giant,0.8864871263504028,0.4426110088825226,25.26284399581186,0.853679
7836.png,139,run_14,5,lone astronaut standing at the edge of a rugged distant planet surface viewed from behind with the colossal majestic ringed gas giant rising high into the atmosphere,0.9024478197097778,0.47289982438087463,29.04755254276791,0.853509
7836.png,140,run_4,4,'an astronaut viewed from behind standing on a vast and empty alien terrain on a desolate mysterious world under a stunning and majestic ringed planet with a dark and infinite deep space background in highly realistic digital art',0.8841869831085205,0.4311627149581909,25.497319996940213,0.853493
7836.png,141,run_4,1,"a lone astronaut viewed from behind standing on a rugged alien landscape under a colossal ringed gas giant, highly detailed cinematic deep space view in 4k resolution",0.8895999193191528,0.44419538974761963,26.76508978662633,0.852015
7836.png,142,run_7,2,highly realistic 4k view of an astronaut standing on a distant foreign planet surface viewed from behind with the colossal ringed gas giant looming large in the sky,0.893561065196991,0.4792467951774597,25.155246301973442,0.850272
7836.png,143,run_13,4,"lone astronaut viewed from behind standing on a vast, barren alien planet surface under a colossal, breathtaking, majestic ringed gas giant, highly detailed, photorealistic digital art",0.8972069025039673,0.47406062483787537,27.405612220433206,0.849598
7836.png,144,run_9,5,"astronaut standing alone in a vast alien desert viewed from directly behind under a colossal majestic ringed gas giant, highly detailed cinematic 8k deep space scene in vivid 4k resolution",0.8846400380134583,0.4399154484272003,25.585315352822565,0.849291
7836.png,145,run_4,4,'a lone astronaut viewed from behind standing on a desolate and eerie mysterious alien world under a breathtaking and majestic ringed planet with a deep and expansive space background in 4k resolution and highly detailed digital art',0.8953250050544739,0.46506503224372864,27.62839437720966,0.849083
7836.png,146,run_6,1,cinematic 4k astronaut viewed from directly behind standing at the top of a barren planet's mountain range under the majestic rings of a distant gas giant,0.8911350965499878,0.4547383189201355,26.95264618133469,0.848764
7836.png,147,run_2,2,"lone astronaut viewed from behind standing on a barren alien planet surface under a colossal ringed gas giant, 4k ultra high resolution masterpiece",0.8917713165283203,0.4682380259037018,25.933635241601536,0.848164
7836.png,148,run_15,2,"lone astronaut viewed from the rear standing on a barren alien planet surface under a colossal, glowing ringed gas giant planet, cinematic highly detailed 4k digital painting with warm golden hour lighting",0.913274884223938,0.4990253150463104,32.262224962871684,0.846980
7836.png,149,run_13,1,"lone astronaut viewed from behind standing on a planetary surface under a colossal ringed gas giant, high-definition cinematic deep space view",0.8878764510154724,0.44772714376449585,26.642733833322758,0.846835
7836.png,150,run_2,3,"lone astronaut viewed from behind standing on a distant alien world surface under a stunning ringed gas giant, cinematic, highly detailed, intergalactic masterpiece",0.8884154558181763,0.4345189929008484,28.321319496384913,0.846492
7836.png,151,run_12,4,"highly detailed astronaut standing on the barren surface of a distant, icy alien planet viewed from behind under a colossal and serene ringed gas giant, cinematic 4k deep space atmosphere",0.8796198964118958,0.44997429847717285,23.03689316657742,0.845761
7836.png,152,run_6,1,a lone detailed astronaut standing on the surface of a planet amidst a beautiful cosmic scene viewed from behind under the colossal ringed beauty of a distant celestial world,0.898385763168335,0.4644670784473419,29.661631848671828,0.845721
7836.png,153,run_6,4,a highly realistic digital painting of an astronaut viewed from behind standing on a desolate alien world under a colossal ringed gas giant,0.885289192199707,0.4558761715888977,24.906349770823738,0.845607
7836.png,154,run_4,1,a lone astronaut viewed from behind standing on a distant planet surface gazing out into the cosmos under a colossal ringed celestial body in a highly detailed 8k digital painting,0.8810774087905884,0.4436698257923126,24.70320256529993,0.843797
7836.png,155,run_1,4,"astronaut viewed from behind standing on a distant, desolate, alien planet surface under a colossal, vibrant ringed gas giant with dramatic atmosphere, highly detailed and realistic 4k image",0.8839850425720215,0.4295654296875,27.462549776342673,0.843658
7836.png,156,run_13,1,"lonely astronaut viewed from behind standing at the edge of a vast alien landscape under a colossal, majestic ringed gas giant, highly detailed 4k rendering",0.8869000673294067,0.4502580761909485,26.65659859589062,0.843178
7836.png,157,run_9,2,"last astronaut on earth viewed from behind standing on a desolate planet surface under a massive ringed planet, highly detailed cinematic deep space scene",0.8883852362632751,0.46708282828330994,25.728448841482326,0.842212
7836.png,158,run_8,1,lone astronaut viewed from behind standing on the dusty terrain of a mysterious ringed planet in the depths of space,0.8943706154823303,0.48587411642074585,26.377450141846627,0.842118
7836.png,159,run_11,3,"lone astronaut viewed from behind standing on a planet surface under a colossal ringed gas giant, masterclass space art",0.8821999430656433,0.44416382908821106,25.656361194045594,0.841094
7836.png,160,run_10,3,"lone astronaut viewed from behind standing at the base of a colossal ringed planet's ring system on a distant alien world, highly vivid digital painting",0.8867433071136475,0.46099406480789185,25.87086333350258,0.841075
7836.png,161,run_5,1,astronaut viewed from directly behind standing on desolate alien terrain under a massive ringed gas giant,0.8737534284591675,0.42804470658302307,23.856017550384596,0.840176
7836.png,162,run_6,2,"lone astronaut viewed from behind standing on a rocky alien planet surface under a stunning ringed gas giant, highly realistic digital painting",0.8958146572113037,0.47865256667137146,28.491536589742697,0.838288
7836.png,163,run_12,1,"'lonely astronaut viewed from behind standing on a barren wasteland of a distant planet with a colossal ringed gas giant visible in the sky, highly detailed, dreamlike scene'",0.8831858038902283,0.4567674696445465,25.322421183224574,0.838199
7836.png,164,run_13,4,"lone astronaut viewed from behind standing on a distant, rugged alien planet surface under a colossal, breathtaking, gaseous ringed gas giant, masterpiece, highly detailed digital art",0.9174875617027283,0.5122649669647217,34.585529172910036,0.837172
7836.png,165,run_13,2,"a lone, isolated astronaut viewed from behind standing on a desolate extraterrestrial planet surface under a massive, beautiful ringed planet, low-key ambient cinematic space scene",0.8875432014465332,0.48879098892211914,24.0704169566371,0.837135
7836.png,166,run_7,3,vividly colored highly detailed digital painting of a lone astronaut viewed from behind standing on a foreign planet's surface beneath a massive ringed gas giant in space.,0.8752134442329407,0.43454113602638245,24.482743706126623,0.836669
7836.png,167,run_11,2,"cinematic, 4k, masterpiece image of a lone astronaut viewed from behind standing on a rugged, rocky planet surface under an enormous, glowing ringed planet",0.9214292764663696,0.572223424911499,30.2785830733817,0.835888
7836.png,168,run_14,2,"lone astronaut viewed from the rear standing on a desolate, unforgiving planet surface under a colossal, serene ringed gas giant, highly detailed, atmospheric digital art",0.8888699412345886,0.4642627239227295,27.656559774352566,0.834788
7836.png,169,run_2,3,"astronaut viewed from behind standing on a desolate planet surface under a breathtaking ringed celestial body, highly realistic, 4k, deep space landscape",0.8820946216583252,0.4492684602737427,26.453226157589995,0.833920
7836.png,170,run_1,2,astronaut viewed from behind standing on a distant planet surface under a colossal ringed gas giant,0.879429817199707,0.44708335399627686,25.581461243918334,0.833635
7836.png,171,run_11,1,"lone astronaut viewed from behind standing on a small, rocky, barren, and cratered alien world's surface under a colossal ringed, icy, and gaseous planet, highly realistic and cinematic",0.9003217220306396,0.5075775980949402,28.432725104777795,0.833027
7836.png,172,run_8,5,"lone astronaut standing on the unforgiving surface of a distant rocky world as viewed from a dramatic low angle, gazing out at a stunning gas giant, highly detailed and vibrant",0.8779521584510803,0.42929601669311523,27.081806649762335,0.832159
7836.png,173,run_13,4,"lone astronaut viewed from behind standing on a mysterious distant alien planet surface under a colossal, breathtaking, vivid ringed gas giant, cinematic 4k digital painting",0.9017572402954102,0.4798962473869324,32.39178455016086,0.830698
7836.png,174,run_6,4,cinematic view of astronaut standing on a barren distant planet viewed from behind under a stunning ringed celestial body,0.8808526396751404,0.4501873850822449,26.47668258629587,0.830491
7836.png,175,run_6,2,"astronaut standing on the edge of a cliff on a barren distant planet viewed from behind, under a massive ringed ringed planet, highly detailed 4k image",0.9040691256523132,0.5291382074356079,28.293614111523926,0.830478
7836.png,176,run_14,4,"lone astronaut viewed from behind standing on a distant planet surface under a colossal ringed gas giant illuminated by a setting binary star, highly detailed cinematic 4k view",0.8894575834274292,0.451119601726532,30.12746663105726,0.830387
7836.png,177,run_5,2,"lone astronaut viewed from behind standing at the edge of a crater on a barren alien planet surface under a massive ringed gas giant planet, cinematic highly detailed",0.8740930557250977,0.44654664397239685,24.10127338089689,0.829589
7836.png,178,run_5,2,"a lone space explorer wearing a reflective spacesuit viewed from behind standing on a rugged distant planet surface under a massive ringed ice giant planet, 4k cinematic masterpiece",0.8841327428817749,0.45625436305999756,27.515205048425123,0.829182
7836.png,179,run_5,3,cinematic 4k masterpiece of a lone astronaut viewed from behind standing on a desolate alien planet surface under a gigantic celestial ringed world,0.896426796913147,0.46309685707092285,32.3024710919965,0.828268
7836.png,180,run_12,4,"astronaut standing at the edge of a vast barren alien landscape, viewed from behind under a colossal serene ringed celestial body, highly detailed cinematic deep space atmosphere with subtle starlight effects",0.8794391751289368,0.43794870376586914,27.665055796186767,0.827765
7836.png,181,run_13,1,"distant lonely astronaut viewed from behind standing on the barren surface of a mysterious planet under a gargantuan ringed celestial body, cinematic masterpiece",0.8786080479621887,0.4727058708667755,24.173183699538253,0.825169
7836.png,182,run_1,5,"vivid astronaut viewed from behind standing on a distant, alien soil under a colossal ringed gas giant in breathtaking 4k",0.893113374710083,0.4615834653377533,31.961598039034335,0.823383
7836.png,183,run_10,5,highly realistic highly detailed cinematic space art of a lone astronaut viewed from behind standing in the shadow of a colossal ringed planet's massive ring system on a barren alien terrain at dusk with a warm golden light,0.8893235325813293,0.45493555068969727,31.155666837736888,0.822644
7836.png,184,run_14,5,lone astronaut standing on a barren distant planet surface viewed from behind with the colossal ringed gas giant towering high into the atmosphere high definition,0.867739737033844,0.4479776620864868,22.676961854574174,0.821882
7836.png,185,run_14,5,astronaut standing in solitude at the edge of a rugged distant planet surface viewed from behind with the colossal ringed gas giant looming large in the sky digital art,0.8985388278961182,0.5039337873458862,30.377107681713365,0.820842
7836.png,186,run_11,5,'lone astronaut viewed from behind standing on a distant planet surface under a colossal ringed gas giant,0.8715962171554565,0.4534814953804016,24.041837794860818,0.820480
7836.png,187,run_15,1,"the lone astronaut stands isolated on the desolate, alien surface of a ringed planet, viewed from a low-angle perspective under a colossal, glowing ring system, highly detailed and realistic",0.8859825730323792,0.4744338095188141,28.127173892805303,0.820270
7836.png,188,run_1,4,"astronaut viewed from directly behind standing on a distant, barren alien planet surface under a colossal, luminous ringed gas giant with a dramatic, misty atmosphere, highly detailed 8k image",0.8756067752838135,0.44313323497772217,26.93914072944311,0.820068
7836.png,189,run_1,3,"lone astronaut viewed from behind standing on a barren, rocky planet surface under a colossal ringed gas giant, cinematic deep space view",0.8693664073944092,0.4377368986606598,24.850374102802274,0.819800
7836.png,190,run_10,2,"highly detailed lone astronaut viewed from behind standing on a rugged alien planet surface under a colossal ringed gas giant, cinematic 4K deep space view",0.8605154752731323,0.40622490644454956,24.31211870016697,0.819769
7836.png,191,run_3,1,"lone astronaut viewed from behind standing on a rugged planet surface under a colossal ringed gas giant, highly detailed space art style",0.8783633708953857,0.4600808322429657,26.952701609916026,0.816996
7836.png,192,run_14,3,"lone astronaut viewed from behind standing on a distant, barren planet surface under a colossal, vibrant ringed gas giant, highly detailed cinematic deep space view",0.866640567779541,0.4278109669685364,25.357942161979253,0.816399
7836.png,193,run_13,2,"a lone astronaut, viewed from directly behind, stands at the precipice of a rocky alien world under a colossal stunning ringed planet, highly detailed sci-fi digital art",0.8857482671737671,0.48033130168914795,28.229692129677296,0.815995
7836.png,194,run_4,4,'a lone astronaut viewed from behind standing on a desolate barren alien landscape under a beautiful ringed planet with a deep and mysterious space background with subtle ambient light and atmospheric effects',0.8816428184509277,0.49792516231536865,24.769943291184777,0.815180
7836.png,195,run_13,5,"'lone astronaut viewed from directly behind standing on a distant, desolate alien planet surface under a breathtaking, stunning ringed gas giant with a beautiful, colorful atmospheric glow, cinematic, 4k digital painting'",0.8905238509178162,0.4659745395183563,32.24968049698571,0.813639
7836.png,196,run_8,2,"astronaut standing alone on the edge of a vast alien landscape viewed from behind, under a colossal ringed planet in a deep space environment, highly realistic",0.8752172589302063,0.4524903893470764,27.08242505237788,0.813345
7836.png,197,run_8,3,"lone astronaut standing on the desolate landscape of a remote planet viewed from behind, under a breathtaking ringed celestial body, highly detailed and rendered in 4k resolution",0.8942070603370667,0.5271241664886475,28.123833405589416,0.810177
7836.png,198,run_9,2,"solo astronaut standing on a barren alien landscape viewed from behind as a large ringed planet fills the sky, highly detailed and photorealistic",0.8726789951324463,0.46967339515686035,24.83562015754115,0.809969
7836.png,199,run_13,4,"lone astronaut viewed from behind standing on a barren, desolate alien planet surface under a colossal, stunning, breathtaking ringed gas giant, cinematic, highly detailed digital painting",0.8970346450805664,0.514472246170044,30.720219187160602,0.809915
7836.png,200,run_12,2,"lone astronaut viewed from behind standing confidently on a barren alien planet surface under a massive ringed celestial body with a vibrant blue atmosphere, highly detailed",0.89564049243927,0.5031691789627075,31.508876700274257,0.808807
7836.png,201,run_11,5,"highly detailed, 4k masterpiece of a lone astronaut viewed from behind standing on a rugged planet surface under a colossal ringed world",0.8723553419113159,0.4656296372413635,25.39481914255604,0.808524
7836.png,202,run_14,1,"'a lone astronaut viewed from behind standing on a barren, rocky exoplanetary surface with a colossal ringed gas planet looming in the background, highly realistic'",0.8837238550186157,0.4912899434566498,27.97308608228785,0.806791
7836.png,203,run_7,4,cinematic 8k view of a lone astronaut standing on a rugged alien terrain viewed from behind under a colossal breathtaking ringed gas giant with vibrant clouds,0.9171727895736694,0.5532835721969604,36.11215197766647,0.806161
7836.png,204,run_9,4,"highly detailed lone astronaut viewed from directly behind standing on a barren rugged alien wasteland under a colossal majestic ringed gas giant, cinematic 8k deep space view in stunning 3840x2160 resolution",0.8607832193374634,0.4347740411758423,24.100844408985516,0.805928
7836.png,205,run_12,2,"lone astronaut viewed from a three-quarter angle behind standing on a desolate alien planet surface under a colossal ringed ice giant with a dramatic horizon, dramatic lighting",0.9063665270805359,0.5355052351951599,33.590715495685956,0.804576
7836.png,206,run_11,3,"lone astronaut viewed from behind on a barren rocky planet surface under a colossal ringed gas giant, highly detailed 4k rendering",0.8783572912216187,0.4663497805595398,28.69370748979487,0.804489
7836.png,207,run_12,4,"astronaut standing in the foreground, viewed from behind, on the rugged surface of a remote, barren alien world, surrounded by a colossal ringed celestial body, highly detailed cinematic deep space scene",0.8632442951202393,0.4450896978378296,24.715901231335252,0.802664
7836.png,208,run_1,3,"lone space explorer viewed from behind standing on a rugged, cratered planet surface under a colossal, majestic ringed gas giant, dramatic lighting",0.8801651000976562,0.5087335705757141,25.592488857234276,0.801666
7836.png,209,run_3,1,"highly detailed lone astronaut viewed from behind standing on a planet surface under a colossal ringed planet with stars scattered through the cosmos, cinematic deep space view",0.883029580116272,0.4728877544403076,30.88497597528487,0.800058
7836.png,210,run_5,5,"lone space explorer viewed from behind standing on a rugged barren alien planet surface under a colossal ringed gas giant planet, extremely detailed 4k futuristic landscape",0.9022923707962036,0.5368751287460327,32.69521890128313,0.799295
7836.png,211,run_7,2,the astronaut's silhouette stands out against the stunning backdrop of a colossal ringed gas giant viewed from a distant foreign planet,0.8976441621780396,0.5017285943031311,34.370503432952916,0.799195
7836.png,212,run_9,3,"highly detailed lone astronaut viewed from behind standing on a rugged rocky alien surface of a distant mysterious planet under a colossal majestic ringed gas giant, cinematic 8k deep space painting in 4k resolution",0.8927232027053833,0.5310328006744385,29.47960799523028,0.797625
7836.png,213,run_12,2,"lone astronaut viewed from a slight angle behind standing on a rocky alien planet surface under a large ringed planet with a hazy atmosphere, 4k",0.88427734375,0.5311267971992493,26.021888659248976,0.796523
7836.png,214,run_11,1,"cosmic astronaut viewed from directly behind standing on the rugged alien soil under a colossal ringed gas giant, highly detailed cinematic deep space view",0.8720453977584839,0.46064019203186035,28.206800060088533,0.795876
7836.png,215,run_11,4,a lone astronaut viewed from behind standing at the edge of a distant foreign planet's horizon under a colossal ringed exoplanet,0.8759975433349609,0.4693683683872223,29.213749984168043,0.794801
7836.png,216,run_9,1,"a lone astronaut viewed from behind standing on a desolate, barren alien world beneath a colossal, highly detailed ringed planet, in a deep space setting with rich colors and details",0.8569676280021667,0.43428292870521545,24.655349071055035,0.794683
7836.png,217,run_9,5,"highly detailed astronaut viewed from behind standing at the edge of a barren alien wasteland looking up in awe at a colossal majestic ringed gas giant, cinematic 8k deep space view in stunning 4k digital art",0.8669142127037048,0.46152281761169434,26.19199911250388,0.794309
7836.png,218,run_2,4,lone astronaut viewed from behind standing at the edge of a ringed planet cliff surface in a dark deep space cosmos,0.889692485332489,0.5515418648719788,26.790845458590958,0.793630
7836.png,219,run_11,4,astronaut viewed from behind standing on a rugged foreign landscape under a colossal ringed celestial body,0.8904160857200623,0.5394278764724731,28.594665050707622,0.792455
7836.png,220,run_2,2,"vibrant lone astronaut viewed from behind standing on a rugged planet surface under a colossal majestic ringed planet, highly detailed cinematic deep space view",0.8579100370407104,0.4384087026119232,25.18125901172141,0.791823
7836.png,221,run_4,1,"a lone astronaut viewed from behind standing on a barren rocky planet surface under a colossal ringed celestial body, highly realistic digital painting",0.8618463277816772,0.45768991112709045,24.950671129891376,0.791419
7836.png,222,run_5,4,"lone astronaut viewed from behind standing on a barren rocky planet surface under a colossal ringed planet, highly detailed cinematic digital painting",0.890734076499939,0.5437586307525635,28.50197436339422,0.791299
7836.png,223,run_12,4,"astronaut standing on the barren icy surface of a remote alien planet, viewed from behind under a colossal serene ringed gas giant, realistic digital painting, deep space environment",0.9223262071609497,0.577759325504303,38.73716031266002,0.790786
7836.png,224,run_14,3,"astronaut viewed from behind standing alone on the rust-red surface of a distant, barren planet under a colossal ringed gas giant, highly detailed, 4k space art",0.8688569068908691,0.49160900712013245,24.57290726027651,0.790758
7836.png,225,run_4,2,stunning cinematic view from behind of a solo space traveler standing on the surface of a desolate alien planet under a vibrant ringed gas giant,0.8851200342178345,0.48546943068504333,32.286280370251454,0.790621
7836.png,226,run_8,3,"lone astronaut standing on the empty surface of a far-off planet viewed from behind, under a majestic ringed celestial wonder, highly detailed and infused with a sense of melancholy and longing",0.8564046621322632,0.4434933066368103,24.239600248193824,0.790563
7836.png,227,run_12,1,"'isolated space traveler viewed from behind standing on a dark, rocky planet surface with a massive ringed planet visible in the sky, cinematic masterpiece'",0.8945461511611938,0.5281140208244324,31.98566352272311,0.790264
7836.png,228,run_9,3,"majestic highly detailed lone astronaut viewed from behind standing on a barren alien landscape under a colossal ringed gas giant, ultra-high-definition cinematic deep space view with vibrant colors in 4k resolution",0.8614209890365601,0.44567498564720154,26.295322073419797,0.789988
7836.png,229,run_3,5,"highly detailed, 8k, cinematic, movie poster quality digital painting of a lone astronaut viewed from behind standing on a barren alien planet surface, illuminated by the rings of a distant icy planet",0.9026134610176086,0.5315230488777161,35.25303714174418,0.789595
7836.png,230,run_2,1,"the lone astronaut viewed from behind stands on a barren planet surface under a massive ringed celestial giant, highly detailed 8k cinematic deep space landscape",0.8526396751403809,0.4461374282836914,22.644666579112325,0.788934
7836.png,231,run_11,3,astronaut viewed from behind standing on a distant alien planet covered in a deep crimson mist under a colossal ringed gas giant,0.8875167369842529,0.5024308562278748,31.88514189761177,0.788892
7836.png,232,run_4,5,"a highly detailed astronaut viewed from behind standing on a desolate mysterious alien world under a breathtaking ringed gas giant with a vibrant, star-filled deep space background",0.8651754856109619,0.45316463708877563,27.788439729661857,0.786606
7836.png,233,run_15,3,"lone astronaut stands alone on the rugged terrain of a mysterious planet as a ringed giant planet looms in the background, cinematic and atmospheric",0.8935348391532898,0.5649530291557312,28.586564366124378,0.785644
7836.png,234,run_10,1,astronaut standing from behind on a dusty barren planet surface with a colossal ringed gas giant in deep space,0.8789371252059937,0.5199800133705139,27.02907372095028,0.785274
7836.png,235,run_10,1,lone astronaut viewed from behind standing on a barren planet surface with atmospheric haze under a colossal ringed gas giant landscape,0.870389997959137,0.48159968852996826,27.35612222163954,0.785158
7836.png,236,run_7,2,a highly detailed digital painting of a lone astronaut viewed from behind standing on a distant foreign planet surface under a colossal ringed gas giant,0.8582661151885986,0.44999969005584717,25.540025545976693,0.784444
7836.png,237,run_12,3,"lone astronaut viewed from the rear standing at the edge of a vast, barren alien landscape, under a colossal ringed gas giant, dramatic deep space view",0.8649331331253052,0.4422646462917328,29.364834420562563,0.783773
7836.png,238,run_11,1,"lone astronaut viewed from directly behind standing on a barren, sandy, orange and yellow, and dusty planet's surface under a colossal ringed gas giant with a swirling stormy atmosphere, highly detailed, 4k resolution",0.8711425065994263,0.48728033900260925,27.36006190251054,0.783744
7836.png,239,run_9,3,"highly detailed lone male astronaut viewed from behind standing on a barren alien terrain under a colossal ringed gas giant, ultra-high-definition cinematic deep space view in 4k resolution",0.8598009347915649,0.45495879650115967,26.08445789863651,0.782372
7836.png,240,run_14,1,"'lone astronaut viewed from behind standing at the edge of a desolate extraterrestrial terrain under a gigantic ringed world, digital art masterpiece'",0.8705792427062988,0.4648326635360718,29.88455551985119,0.781530
7836.png,241,run_10,4,"a majestic, serene, and lonely astronaut viewed from behind standing on an alien horizon beneath the colossal ringed planet's massive ring system, cinematic 4k space art",0.8743918538093567,0.49009281396865845,29.13721435635731,0.780286
7836.png,242,run_14,3,"lone astronaut viewed from behind standing on the rocky, cratered surface of a distant planet under a colossal ringed gas giant, highly detailed, photorealistic view",0.872931718826294,0.4997810125350952,27.55648730695527,0.779954
7836.png,243,run_5,1,lone astronaut viewed from a rear angle standing on a barren extraterrestrial surface under a stunning celestial ring system,0.8605819940567017,0.4397658407688141,28.505696461709967,0.779783
7836.png,244,run_7,2,a dramatic cinematic view of a lone astronaut viewed from behind standing on a distant foreign alien world under a colossal breathtaking ringed gas giant,0.8817367553710938,0.4767008125782013,33.99942016107131,0.778817
7836.png,245,run_3,3,"a highly detailed, 4k, realistic, hyper-detailed rendering of a lone astronaut viewed from behind standing on the barren, rocky alien planet surface, under the glowing rings of a distant, icy celestial body",0.8656197786331177,0.5068138241767883,23.88679841034838,0.778741
7836.png,246,run_15,1,"lone astronaut viewed from a low-angle perspective standing on the barren surface of a ringed planet, under a colossal, majestic ringed gas giant, highly detailed and 4k resolution",0.865821123123169,0.48066696524620056,27.029121068454025,0.777048
7836.png,247,run_13,3,"'astronaut standing alone on the desolate surface of a remote planet viewed from behind, colossal ringed planet hanging low in the deep space horizon'",0.8657287955284119,0.4790286421775818,27.474210736811226,0.775410
7836.png,248,run_9,1,"lone astronaut viewed from behind standing on a barren alien world beneath a stunning celestial ring system, 4k quality",0.8631014823913574,0.4447735548019409,30.14641575579105,0.774192
7836.png,249,run_4,2,a lone space explorer viewed from behind standing on the barren surface of a mysterious planet under a majestic ringed planet,0.8669173717498779,0.4967587888240814,26.765296658379224,0.772137
7836.png,250,run_11,1,"lone astronaut viewed from directly behind standing on a barren, rocky, red desert planet's surface under a colossal ringed planet with a thin blue atmosphere, digital painting",0.8643685579299927,0.48022833466529846,27.635388282249735,0.770843
7836.png,251,run_14,3,"astronaut standing from behind on a desolate alien landscape with a colossal ringed gas giant looming in the background, highly detailed, cinematic masterpiece",0.8719934225082397,0.5011566281318665,28.867173668664933,0.770250
7836.png,252,run_9,5,"highly detailed lone astronaut viewed from behind standing on a rocky alien wasteland under a colossal majestic ringed gas giant, highly detailed cinematic 8k deep space scene in breathtaking 4k digital painting masterwork",0.8574544191360474,0.4567301273345947,27.72751257937389,0.767536
7836.png,253,run_1,4,"astronaut viewed from a low angle behind standing on a barren, rugged alien planet surface near a colossal, majestic ringed gas giant with a thin atmosphere, highly detailed realistic painting",0.8618143796920776,0.47748011350631714,27.81269690689569,0.765643
7836.png,254,run_8,4,"'lone spacefarer standing on the distant horizon of a barren alien landscape as viewed from behind, under the breathtaking ringed form of a gaseous celestial giant, ultra-realistic and 4k resolution'",0.8988075852394104,0.5502274036407471,36.364023831355034,0.765016
7836.png,255,run_12,3,"a lone astronaut standing at the edge of an alien world, viewed from behind, under the radiant, ringed glow of a distant planet, cinematic space art",0.892849326133728,0.5330870151519775,35.67078903475322,0.764503
7836.png,256,run_11,3,"lone astronaut viewed from the back standing on a desolate barren planet surface under a colossal ringed gas giant, highly detailed and realistic digital artwork",0.8622479438781738,0.4848525822162628,27.613819865298762,0.763645
7836.png,257,run_14,4,"lone astronaut viewed from behind standing on a distant planet surface covered in ancient ruins under a colossal ringed gas giant, highly detailed cinematic mystery novel cover illustration",0.8821840286254883,0.5249429941177368,32.23598708290025,0.762753
7836.png,258,run_3,3,"a stunning, 4k, highly detailed, ultra-detailed digital artwork of a lone astronaut viewed from behind standing on a barren, desolate alien planet surface, under the gossamer, glowing rings of a distant, celestial body",0.8638979196548462,0.5019912719726562,27.124582188792477,0.760591
7836.png,259,run_4,5,"a lone astronaut viewed from behind standing on an eerie, abandoned alien surface under a breathtaking ringed planet illuminated by the faint glow of distant nebulae",0.8645095825195312,0.5060039758682251,27.24910582962306,0.759139
7836.png,260,run_15,1,"cinematic lone astronaut viewed from behind standing on a distant alien planet surface under a colossal ringed Saturn-like gas giant, highly detailed 4k view",0.8503623008728027,0.45491811633110046,26.87511391102178,0.756944
7836.png,261,run_13,5,"'astronaut standing alone on the foreign, rocky surface of an alien planet viewed from directly behind under a massive, luminous ringed gas giant, cinematic, highly detailed digital art, digital masterpiece'",0.8561487197875977,0.4765840768814087,27.343033906793913,0.755779
7836.png,262,run_14,3,"lone astronaut viewed from behind standing on the dusty, alien terrain of a distant planet under a colossal ringed gas giant, highly detailed, oil painting style",0.8728363513946533,0.5387983918190002,28.367211924760234,0.754263
7836.png,263,run_9,4,"highly detailed lone astronaut viewed from directly behind standing on a rocky alien terrain with a colossal ringed gas giant in the background, digital art 3840x2160 resolution cinematic masterpiece",0.8882375955581665,0.5760250091552734,31.424128394227804,0.752846
7836.png,264,run_3,4,"highly detailed, 4k, epic, digital painting of a lone astronaut viewed from behind standing on a barren alien planet surface with a vast, icy celestial body in the background",0.8866166472434998,0.5324689149856567,35.62025927156933,0.751020
7836.png,265,run_1,3,"lone astronaut viewed from behind standing on a desolate, icy planet surface under a colossal ringed gas giant, high detailed digital art",0.8986466526985168,0.5488823652267456,39.49162102743799,0.749074
7836.png,266,run_5,5,"highly detailed realist lone astronaut viewed from directly behind standing on a desolate barren alien planet surface under a gargantuan ringed planet, 8k photorealistic cinematic deep space view",0.8519034385681152,0.48715996742248535,25.825726926773935,0.748340
7836.png,267,run_7,1,"a lone astronaut viewed from behind, standing proudly on a foreign alien planet, with a stunning ringed planet rising in the background",0.8577379584312439,0.46397319436073303,31.11103040896651,0.746587
7836.png,268,run_10,4,"a tiny yet awe-inspiring figure of an astronaut viewed from behind standing amidst the stark barren alien terrain and beneath the massive ringed system of a distant colossal planet, highly detailed photorealistic space art",0.8381963968276978,0.44943639636039734,25.053195121347358,0.741942
7836.png,269,run_15,4,"astronaut standing alone on a barren alien wasteland viewed from behind under the majestic double ringed planet, highly detailed cinematic deep space scene",0.8507034778594971,0.4827323853969574,27.205589676669565,0.740844
7836.png,270,run_14,1,"'the lone astronaut viewed from behind standing on a barren alien world under a massive ringed celestial body, 4k digital painting'",0.850364089012146,0.46509313583374023,29.00514237958499,0.740298
7836.png,271,run_4,1,"a lone astronaut standing behind viewed from behind on a barren alien landscape under a colossal ringed gaseous planet, realistic masterpiece digital art in 4k resolution",0.8629469275474548,0.5339344143867493,27.498740078099665,0.739096
7836.png,272,run_1,1,"lone astronaut viewed from behind standing on a distant planet's surface under a stunning ringed ice giant, realistic digital artwork",0.8703373670578003,0.4961732029914856,35.164270681966116,0.736381
7836.png,273,run_5,5,"highly detailed realistic astronaut viewed from directly behind standing on the barren surface of a distant alien planet under a massive ringed gas giant, cinematic 8k deep space view",0.8423400521278381,0.4584607481956482,27.264868197604674,0.734856
7836.png,274,run_5,2,"lone astronaut viewed from behind standing on a desolate rocky planet surface under a colossal ringed ice giant planet, highly realistic digital painting style",0.8760932087898254,0.5266658067703247,34.785694999155254,0.734755
7836.png,275,run_15,4,"astronaut standing on the edge of a desolate alien expanse viewed from behind under the stunning ringed celestial body, highly realistic and detailed deep space image",0.8486562371253967,0.46641379594802856,29.58567656070748,0.732693
7836.png,276,run_10,4,"lone figure in a classic space explorer pose standing in the dark shadow of a giant ringed celestial body on a desolate alien world, hyper realistic 8k space art",0.8566113710403442,0.4641987085342407,33.32583220110699,0.732368
7836.png,277,run_11,3,"astronaut seen from behind standing on a barren ice-covered planet surface under a colossal ringed gas giant, cinematic deep space view, digital painting",0.8704394102096558,0.5082001090049744,34.8109883456381,0.731905
7836.png,278,run_6,1,lone astronaut viewed from behind standing at the edge of a desolate alien landscape under a stunning ringed planet,0.8729826211929321,0.5324884653091431,33.66253206990451,0.730413
7836.png,279,run_4,3,a lone astronaut viewed from behind standing on a barren extraterrestrial landscape under a stunning Saturn-like ringed planet with a deep cosmic background,0.8432632088661194,0.47331422567367554,26.98791123391434,0.730297
7836.png,280,run_13,1,"view of astronaut standing on the rocky terrain of a distant world from behind under the looming presence of an enormous ringed gas giant, realistic digital art",0.8870803713798523,0.5772298574447632,35.30741132982377,0.729323
7836.png,281,run_2,1,"the lone astronaut viewed from behind stands proudly on a desolate planet surface under a colossal ringed gas giant, low-light highly detailed cinematic",0.8412171602249146,0.5006281137466431,23.520186307327318,0.728884
7836.png,282,run_15,3,"astronaut viewed from behind standing on the dusty surface of a distant, unexplored planet under a colossal, vibrant ringed world, highly detailed digital painting",0.8726650476455688,0.5628538727760315,30.681449036323773,0.728706
7836.png,283,run_7,5,a highly detailed 4k cinematic masterpiece of an astronaut standing solo on a vast rugged alien landscape viewed from behind under a breathtaking majestic ringed gas giant in space,0.8469159603118896,0.4699098765850067,30.011824841725364,0.724634
7836.png,284,run_1,5,"astronaut from behind standing on rugged, extraterrestrial terrain beneath an enormous, gaseous ringed exoplanet's atmosphere",0.8604369163513184,0.5072817206382751,32.13882155554673,0.723740
7836.png,285,run_2,1,"lone astronaut viewed from behind standing on an alien landscape under a colossal ringed planet, cinematic 4k digital painting",0.8716164231300354,0.5369930863380432,33.882438840753736,0.723726
7836.png,286,run_6,2,"lone astronaut viewed from behind standing at the edge of a valley on a desolate planet surface under a colossal ringed gas giant, highly detailed photorealistic artwork",0.8667391538619995,0.5542749166488647,30.53444801083861,0.720755
7836.png,287,run_12,5,"astronaut standing on the dusty surface of a remote alien planet viewed from behind under a serene, multiple ringed celestial body, cinematic deep space landscape",0.8343429565429688,0.4619895815849304,26.421028747782437,0.719265
7836.png,288,run_14,1,"'lone astronaut standing on a mysterious foreign planet viewed from directly behind, under a breathtaking ring of ice giant'",0.881181538105011,0.5432727336883545,38.48998841889994,0.717890
7836.png,289,run_11,2,"astronaut standing from behind on the rocky alien landscape of a distant ringed planet, viewed with an 8k cinematic deep space lens",0.8617099523544312,0.5657203793525696,28.24259226952397,0.715111
7836.png,290,run_7,2,cinematic ultra-high definition view of a lone astronaut viewed from behind standing on a distant foreign planet surface under a colossal ringed gas giant with vibrant colors,0.8370139002799988,0.4424799680709839,30.60507909194977,0.714104
7836.png,291,run_2,4,cinematic astronaut viewed from behind standing on a distant planet surface under a colossal ringed gas giant,0.8428219556808472,0.46321141719818115,31.031217027202537,0.713715
7836.png,292,run_6,2,"lone astronaut in the distance viewed from behind standing on a dusty alien terrain under a gigantic ringed planet, epic cinematic space scenery",0.9110201597213745,0.6384260654449463,43.21046518191957,0.708873
7836.png,293,run_15,1,"the solo space explorer stands alone on the rugged terrain of a ringed planet, viewed from behind under a colossal, ethereal ring structure, highly detailed digital art",0.9101784825325012,0.6163787245750427,45.236963369412024,0.708409
7836.png,294,run_12,5,"astronaut standing on the barren surface of a remote, mysterious alien world viewed from behind under a colossal, serene ringed celestial body, highly detailed cinematic masterpiece",0.8241345882415771,0.460045725107193,24.953808973922968,0.704910
7836.png,295,run_6,5,"lone astronaut viewed from behind standing on a desolate, dusty planet surface under a colossal massive ringed planet, dramatic cinematic deep space scene",0.8517080545425415,0.5158387422561646,31.227691310161195,0.704109
7836.png,296,run_5,1,highly detailed cinematic astronaut viewed from behind standing on a unique planetary surface under a colossal ringed planet,0.848110556602478,0.5094693899154663,31.88846703345211,0.696003
7836.png,297,run_1,5,"highly realistic astronaut viewed from behind on an alien world's surface beneath a colossal, gas-giant moon illuminated by sunlight",0.8488081693649292,0.5369372963905334,29.428289790595656,0.695451
7836.png,298,run_8,2,"lone astronaut seen from behind standing at the base of a towering alien mountain on a distant planet's surface, under a large ringed celestial body, cinematic deep space, highly detailed",0.8854982256889343,0.6058135628700256,38.153215202530674,0.695341
7836.png,299,run_12,4,"astronaut standing in a vast, barren, alien landscape, viewed from behind under a colossal serene ringed celestial body, cinematic 8k highly detailed deep space scene",0.8207612037658691,0.45082569122314453,26.52233471199553,0.694128
7836.png,300,run_6,3,"lone spaceman seen from rear standing on dusty desolate planet's surface under vibrant celestial body with rings, ultra high definition space scene",0.8663509488105774,0.5697500109672546,34.04845040570627,0.693124
7836.png,301,run_6,3,"astronaut viewed from behind standing on barren foreign planet under dark colossal ringed celestial body, highly detailed cinematic deep space view",0.8423913717269897,0.49231308698654175,32.538917328760576,0.689031
7836.png,302,run_12,3,"astronaut viewed from behind standing on a desolate, alien, rugged planet surface, under a massive, beautiful, ringed, distant planet, highly detailed cinematic scene",0.8685197830200195,0.5758227109909058,35.40545202282976,0.687641
7836.png,303,run_11,2,"highly detailed astronaut viewed from behind standing on a dark, barren alien world under a colossal, majestic ringed celestial body, shot with a wide-angle, fisheye lens in deep space",0.8530833721160889,0.5194804072380066,34.66965692616322,0.687282
7836.png,304,run_4,5,"a lone astronaut viewed from behind standing on a rugged, rocky alien world under a breathtaking ringed gas giant with a rich starry background",0.8345253467559814,0.4969923496246338,29.331035716691474,0.685439
7836.png,305,run_12,2,"lone astronaut viewed from behind standing heroically on an alien planet surface under a breathtaking ringed planet with a beautiful aurora effect in the sky, digital painting",0.8493450880050659,0.5240763425827026,33.24939962857958,0.683740
7836.png,306,run_13,5,"'lone figure in a futuristic spacesuit viewed from behind standing on a distant, eerie alien landscape under a colossal, gas giant planet with vibrant, colorful rings, cinematic deep space view'",0.8520268797874451,0.5161041021347046,35.31872220504526,0.683349
7836.png,307,run_8,4,"'lone interstellar traveler standing on the stark surface of a remote icy world as viewed from behind, illuminated by an otherworldly ringed gas giant, ultra-realistic and detailed'",0.8617867827415466,0.5754846334457397,33.61059782058367,0.681972
7836.png,308,run_8,1,"astronaut in a reflective spacesuit viewed from directly behind standing on a distant, icy, and barren alien world under a colossal ringed planet in a cinematic deep space view",0.8383625745773315,0.4930524528026581,32.23020024537246,0.681135
7836.png,309,run_1,2,"highly detailed, 4k cinematic view of an astronaut viewed from behind standing on a rocky planet surface under a colossal ringed planet",0.844559907913208,0.5558997988700867,28.834858838679967,0.678620
7836.png,310,run_6,2,"highly detailed lone astronaut viewed from behind standing on a barren planet surface under a colossal ringed planet, cinematic deep space view",0.8091384172439575,0.45033082365989685,24.603561705450918,0.678143
7836.png,311,run_4,5,"a lone astronaut viewed from behind standing on a desolate mysterious alien world with a stunning ringed ice giant suspended in a dark, star-filled cosmos",0.8191261291503906,0.4546310603618622,29.078367958919166,0.675031
7836.png,312,run_15,4,"astronaut standing alone on the rugged and rocky surface of a distant alien moon viewed from behind under the stunning ringed celestial body, highly detailed and cinematic deep space masterpiece",0.8455396890640259,0.5804271697998047,27.576029148176698,0.674041
7836.png,313,run_11,5,"cinematic, low-poly style astronaut standing from behind on a desolate planet surface under a bright ringed planet",0.8531913757324219,0.556865930557251,33.4676377177945,0.673436
7836.png,314,run_2,2,"lone astronaut viewed from behind standing on a barren dusty planet surface under a magnificent colossal ringed gas giant, highly realistic digital painting",0.8385968208312988,0.5269272327423096,30.279331387509718,0.673391
7836.png,315,run_15,3,"lone astronaut viewed from behind standing on a barren, rocky foreign planet surface under a stunning ringed celestial body, photorealistic masterpiece",0.8485076427459717,0.5636424422264099,31.0007316840268,0.672028
7836.png,316,run_13,3,"'standing on a barren, rocky alien landscape from behind, a lone astronaut viewed against the breathtaking, stunning backdrop of a colossal ringed planet, highly detailed'",0.8761990666389465,0.6317198276519775,35.99480509068927,0.671478
7836.png,317,run_6,4,astronaut standing alone on a distant alien planet surface viewed from behind under a vibrant ringed planet,0.8388142585754395,0.5268605947494507,31.523541067713893,0.667430
7836.png,318,run_8,1,cinematic astronaut viewed from behind standing on a distant extraterrestrial terrain under a colossal ringed space giant,0.8368149399757385,0.5298991203308105,30.548989803919913,0.666340
7836.png,319,run_10,5,"lone astronaut viewed from behind standing in the shadow of a colossal ringed ice giant's massive ring system under a crimson sky on a barren alien wasteland, highly realistic cinematic digital painting",0.885749340057373,0.6216979622840881,42.17315750524415,0.666293
7836.png,320,run_12,1,"'cosmonaut viewed from behind standing on a barren alien surface with a colossal ringed planet looming in the distance, 4k digital painting'",0.8428218364715576,0.5548422336578369,30.58739638241788,0.666129
7836.png,321,run_2,5,"lone astronaut viewed from behind standing on a rugged, rocky planet surface under a colossal ringed giant, photorealistic space scene with intense lighting",0.8611541986465454,0.6005787253379822,33.90245200255939,0.665355
7836.png,322,run_1,1,"cinematic astronaut viewed from behind standing on a rugged alien world under a colossal ringed gas giant, highly detailed digital painting",0.828772246837616,0.48599904775619507,31.91616031166491,0.664945
7836.png,323,run_15,3,"lone astronaut viewed from behind standing on the barren surface of a distant ringed planet, highly detailed, photorealistic 4K cinematic space exploration scene",0.8464345335960388,0.5849815607070923,29.666394197924856,0.662681
7836.png,324,run_13,2,"lone astronaut viewed from behind standing on a rugged alien terrain under a colossal ringed planet, highly detailed, atmospheric, cinematic depiction",0.8682419657707214,0.6021142601966858,37.51430905718142,0.661697
7836.png,325,run_1,2,"astronaut viewed from behind standing on an alien planet surface in stunning, high definition, under a colossal ringed celestial body",0.8315354585647583,0.5163877606391907,31.356001831286488,0.657560
7836.png,326,run_9,4,"highly detailed lone astronaut viewed from directly above standing on a rocky outcropping in an alien wasteland under a majestic ringed gas giant, photo realistic digital painting 8k resolution",0.8530864715576172,0.595684289932251,32.59864040418207,0.656591
7836.png,327,run_6,4,highly detailed astronaut seen from behind standing on a rugged extraterrestrial terrain under a massive ringed gas giant,0.8271714448928833,0.5043567419052124,31.8269584535064,0.651796
7836.png,328,run_10,3,"astronaut viewed from behind standing on a barren yet serene planet surface under a colossal ringed celestial giant, cinematic high-definition deep space view",0.8050156235694885,0.4647231698036194,26.88536837241468,0.649090
7836.png,329,run_2,5,"lone astronaut in the distance viewed from behind standing on a barren planet surface under a colossal ringed planet, high-resolution photorealistic space",0.8153613805770874,0.5225650668144226,25.462155441066688,0.648388
7836.png,330,run_5,3,a lone highly detailed astronaut viewed from behind standing on a barren extraterrestrial planet surface under a colossal ringed planet at dusk,0.8300146460533142,0.5399971008300781,30.820240620368697,0.644061
7836.png,331,run_9,5,"highly detailed astronaut solo mission viewed from directly behind in a desolate alien landscape under a colossal majestic ringed gas giant, cinematic 8k deep space view in stunning 4k resolution",0.7868564128875732,0.41108113527297974,25.635218666080497,0.643791
7836.png,332,run_8,1,lone astronaut viewed from directly behind standing on a barren foreign planet surface under a majestic ringed celestial body,0.823550820350647,0.4961576461791992,32.659087964940944,0.643740
7836.png,333,run_1,1,"astronaut viewed from behind standing on a barren, rocky planet's surface under a colossal, mysterious ringed planetary body, highly realistic space scene",0.8246827125549316,0.5174721479415894,31.22110584596652,0.642190
7836.png,334,run_5,1,low-noise astronaut photographed from behind standing on a vast alien landscape under a breathtaking ringed celestial body,0.8358189463615417,0.5635592937469482,32.32271466233215,0.636509
7836.png,335,run_8,2,"astronaut standing alone on a distant alien planet's surface viewed from behind at a cinematic angle, highly detailed, 4k digital painting",0.8960844278335571,0.6367014646530151,51.22753196515481,0.634254
7836.png,336,run_1,1,"astronaut viewed from behind standing on a desolate, icy planet's surface under a colossal ringed supergiant, 4k resolution space exploration",0.8046437501907349,0.47732022404670715,28.71573334260397,0.631844
7836.png,337,run_10,1,highly detailed astronaut standing from behind on a barren rock-strewn planet surface with a colossal ringed gas giant in a cinematic deep space scene,0.8182829022407532,0.520452082157135,30.404666673692958,0.630364
7836.png,338,run_1,1,"lone astronaut viewed from behind standing on a barren planet's surface under a majestic ringed celestial body, photorealistic masterpiece",0.8117440938949585,0.4872549772262573,31.068133672186782,0.630208
7836.png,339,run_10,2,"a lone astronaut from behind stands proudly on the surface of a mysterious alien planet under a colossal, luminous ringed beauty in the cosmos, highly detailed, cinematic masterpiece",0.8220486640930176,0.5226123929023743,33.13049253808844,0.623481
7836.png,340,run_4,2,cinematic highly detailed view of a lone astronaut standing on an extraterrestrial planet surface under a colossal ringed celestial body,0.8120070695877075,0.4934525489807129,31.82664170871014,0.623472
7836.png,341,run_13,2,"a lone astronaut viewed from behind standing at the edge of a dusty alien planet landscape under a colossal ringed planet, high-resolution digital painting, moody lighting",0.8640204668045044,0.6196624636650085,41.69329729619272,0.620808
7836.png,342,run_2,4,highly detailed astronaut standing from behind on a mysterious ringed planet surface with deep space view,0.8286919593811035,0.5531854033470154,34.191462414559865,0.616309
7836.png,343,run_3,5,"highly detailed, 8k, photorealistic image of an astronaut viewed from behind standing on a barren alien landscape, lit by the faint glow of a distant icy planet",0.8549426198005676,0.6300234794616699,37.63391602444909,0.615824
7836.png,344,run_14,4,"lone astronaut standing from behind on a distant icy planet surface viewed from behind under a colossal ringed gas giant, highly detailed cinematic winter wonderland view",0.8569068908691406,0.5949216485023499,42.61213784526101,0.613416
7836.png,345,run_5,2,"lone astronaut in a sleek spacesuit viewed from behind standing on a barren alien planet surface under a colossal ringed gas giant planet, highly detailed cinematic deep space view",0.806820273399353,0.4950134754180908,31.660213977516086,0.611770
7836.png,346,run_4,5,an astronaut viewed from the rear standing on a barren alien landscape under a stunning ringed celestial body with a deep space ambiance,0.8182604908943176,0.5133335590362549,35.341127723518866,0.608446
7836.png,347,run_5,1,highly realistic masterpiece astronaut viewed from directly behind standing on a rocky foreign surface under a large gaseous ringed planet,0.835015058517456,0.5975738167762756,34.032308258384404,0.607252
7836.png,348,run_12,1,"'astronaut standing alone on a foreign planetary ground under the shadow of a majestic ringed gas giant in deep space, highly detailed cinematic scene'",0.7977325320243835,0.47384113073349,31.548175041186802,0.603351
7836.png,349,run_4,3,an astronaut viewed from the rear standing on a desolate alien terrain under a breathtaking celestial ringed world with a richly detailed space scene,0.8039646744728088,0.5094807744026184,32.01458842151567,0.595591
7836.png,350,run_13,5,"'solitary astronaut in a sleek white spacesuit viewed from directly behind standing on the alien surface of a mysterious, unexplored planet under an enormous, breathtaking ringed gas giant, highly detailed digital painting'",0.8499308824539185,0.5871177315711975,44.02309007101067,0.594545
7836.png,351,run_13,2,"highly detailed lone astronaut viewed from behind standing on a barren alien planet surface under a colossal ringed planet at sunset, cinematic deep space view 4k",0.82146155834198,0.571808397769928,34.00271834932068,0.590814
7836.png,352,run_11,5,celestial lone astronaut viewed from behind standing on a barren alien planet surface under a stunning ringed planet,0.8022927045822144,0.5244934558868408,31.310242569898428,0.587311
7836.png,353,run_3,3,"a photorealistic, 4k, highly detailed depiction of a lone astronaut viewed from behind standing on the barren, dusty surface of an alien planet, bathed in the ethereal glow of a distant celestial body's rings",0.8443253040313721,0.6069438457489014,41.18953147075711,0.585860
7836.png,354,run_9,3,"highly detailed lone astronaut viewed from a slightly angled behind perspective standing on a rugged rocky alien terrain under a colossal majestic ringed gas giant, cinematic 8k deep space masterpiece in 4k resolution",0.8210132122039795,0.577347993850708,34.197184699674395,0.585770
7836.png,355,run_5,3,highly detailed cinematic astronaut viewed from behind standing on barren planet surface under colossal darkened ringed planet,0.8166719675064087,0.5845109224319458,31.64708033500258,0.585359
7836.png,356,run_12,1,"'lone space explorer viewed from behind standing near a massive rocky outcropping on a distant planet, ringed planet in the background, realistic'",0.8748306035995483,0.6873056292533875,46.202650073268096,0.584879
7836.png,357,run_6,5,"highly detailed astronaut viewed from behind standing on a rugged, rocky alien world surface under a colossal ringed gas giant, epic deep space",0.7945589423179626,0.5269353985786438,28.25489750173051,0.584441
7836.png,358,run_8,5,"lone astronaut standing at the bottom of a rugged canyon on a distant world, with the resplendent haloed ringed gas giant rising above the horizon, masterpiece digital painting style",0.8806867599487305,0.6867865324020386,49.98748526604452,0.578655
7836.png,359,run_9,1,"highly detailed, cinematic astronaut standing alone at the edge of a distant, rocky planet under a breathtaking celestial ring system, with deep space in the background",0.7994879484176636,0.5056969523429871,34.66712507939265,0.573703
7836.png,360,run_7,3,highly detailed masterpiece of a lone astronaut viewed from behind standing on an extraterrestrial surface beneath a stunning ringed gas giant,0.7947789430618286,0.5191854238510132,32.31766122327348,0.567970
7836.png,361,run_2,2,"lone astronaut viewed from behind standing on a desolate icy planet surface under a breathtaking colossal ringed ice giant, dramatic atmospheric lighting",0.8323785066604614,0.5975412726402283,40.79833482379115,0.566027
7836.png,362,run_6,5,lone astronaut viewed from behind standing on a distant alien planet surface under a colossal ringed ice giant in deep space,0.7930432558059692,0.5104235410690308,33.07627207798399,0.564864
7836.png,363,run_2,4,highly detailed 4k cinematic astronaut viewed from behind standing on a rugged alien planet surface under a colossal ringed planet landscape,0.8325989246368408,0.6402590274810791,36.88047072735304,0.563694
7836.png,364,run_4,3,a lone astronaut from behind stands on an abandoned extraterrestrial world under a majestic ringed celestial body with a photorealistic space backdrop,0.763754665851593,0.44696560502052307,27.611301304626725,0.561745
7836.png,365,run_3,5,"highly detailed, 8k, realistic, digital illustration of a lone astronaut viewed from behind standing on the barren, rocky surface of a distant alien planet, under the faint light of its icy rings",0.8377973437309265,0.6212607622146606,41.59487178716512,0.561199
7836.png,366,run_8,1,highly detailed astronaut viewed from a low aerial perspective standing on a desolate alien landscape under the glow of a colossal ringed planet,0.7915545105934143,0.5185269117355347,32.99740905523284,0.557498
7836.png,367,run_5,2,"lone astronaut in a worn spacesuit viewed from behind standing on a dusty distant planet surface under a colossal ringed planet, dark and moody cinematic view",0.8068321943283081,0.5750672221183777,33.72679048864893,0.557423
7836.png,368,run_2,2,"cinematic lone astronaut viewed from above standing on a distant rocky planet surface under a stunning colossal ringed celestial body, oil painting style",0.7887694835662842,0.5131827592849731,33.76461126580916,0.550114
7836.png,369,run_5,3,highly detailed cinematic deep space astronaut viewed from behind standing on a mysterious rocky planet surface under a massive celestial ringed body,0.7878631353378296,0.5520475506782532,31.860567631659666,0.536831
7836.png,370,run_3,4,"highly detailed, realistic, 8k digital painting of a lone astronaut viewed from behind standing on a barren alien planet surface",0.8169616460800171,0.6266773343086243,37.48993006252032,0.532579
7836.png,371,run_12,3,"astronaut viewed from the back standing on a harsh, unforgiving, alien environment under a colossal and breathtaking ringed celestial body, 4k, cinematic masterpiece",0.7822332978248596,0.5681541562080383,30.033147183809408,0.524870
7836.png,372,run_11,4,astronaut standing alone on the vast desolate surface of a distant ringed planet,0.7992604970932007,0.6012607216835022,33.967335187717836,0.524796
7836.png,373,run_2,1,"astronaut viewed from behind standing on a foreign planet surface under a colossal ringed celestial giant, highly detailed deep space masterwork",0.7753305435180664,0.5401201248168945,32.51697466941374,0.511586
7836.png,374,run_3,3,"an extremely detailed, 4k, cinematic masterpiece of a lone astronaut in a sleek white spacesuit viewed from behind standing on a barren, rocky alien planet surface, under the gossamer rings of a distant gas giant",0.7918589115142822,0.5880789160728455,35.53620830370092,0.507069
7836.png,375,run_3,5,"highly detailed, 4k, atmospheric, oil painted style digital artwork of a lone astronaut standing on a desolate alien planet surface, viewed from behind under the icy glow of a distant celestial body",0.8529523611068726,0.6677741408348083,54.04610188902667,0.505176
7836.png,376,run_11,2,"lone astronaut viewed from behind standing on the desolate, dusty surface of a far-off planet under a stunning ringed celestial body, rendered in photorealistic style",0.8218569755554199,0.6806285977363586,39.55812058246151,0.503473
7836.png,377,run_11,1,"lone astronaut viewed from behind standing on the rocky surface of a distant, icy, and airless exoplanet under a colossal ringed giant, photorealistic masterpiece",0.8141127824783325,0.6445345282554626,41.86852847776533,0.493582
7836.png,378,run_11,2,"highly detailed lone astronaut viewed from behind standing on a barren planet surface under a colossal ringed planet, cinematic deep space view with subtle shadows",0.7681326866149902,0.5789927840232849,28.97632470430509,0.492618
7836.png,379,run_2,3,"astronaut viewed from behind standing on a planet surface under a massive ringed celestial body, highly detailed, cinematic deep space oil painting",0.7561370134353638,0.5081266164779663,32.11823435983919,0.487721
7836.png,380,run_6,1,highly detailed astronaut standing at the edge of a rugged alien canyon viewed from behind under a vibrant ringed celestial body,0.8423299789428711,0.7325332164764404,46.59858450012386,0.484748
7836.png,381,run_6,4,lone astronaut viewed from behind standing on a barren alien landscape under a celestial ringed giant,0.7521085143089294,0.5397345423698425,28.149967658294916,0.482101
7836.png,382,run_5,5,"astronaut viewed from a directly overhead angle standing on a barren alien landscape dotted with strange rock formations under a stunning ringed planet, highly detailed photorealistic cinematic close-up",0.8288905620574951,0.7117811441421509,50.36199355271382,0.446056
7836.png,383,run_3,2,"a highly detailed, 8k digital painting of a lone astronaut viewed from behind standing on the harsh, barren terrain of an alien world",0.8562601804733276,0.7416743636131287,60.50969769414861,0.438696
7836.png,384,run_6,3,"astronaut viewed from rear standing at the base of a colossal ringed exoplanet, highly realistic space scene",0.7250412702560425,0.5143054723739624,30.568812351681302,0.422176
7836.png,385,run_14,2,"lone figure viewed from behind standing on a vast, mysterious planet surface under a colossal, gaseous ringed giant, highly detailed, realistic oil painting",0.7954363822937012,0.7285969853401184,46.55575150170638,0.381159
7836.png,386,run_3,4,"highly detailed, 8k, stunning, atmospheric digital painting of a lone astronaut viewed from behind on a barren alien planet surface at sunset",0.833001971244812,0.773867130279541,60.65627792334172,0.367848
7836.png,387,run_3,2,"highly detailed, 8k digital painting of a lone astronaut as seen from the rear standing on a desolate alien terrain",0.818591296672821,0.745293378829956,64.89237039333408,0.328756
7836.png,388,run_3,4,"highly detailed, 4k, photorealistic, breathtaking digital painting of an astronaut viewed from behind standing on a barren alien landscape",0.8015515804290771,0.8229458928108215,68.79579090366136,0.227609
7836.png,389,run_3,2,"an extremely detailed, 4k photo-realistic render of an astronaut standing alone on an arid extraterrestrial surface viewed from behind",0.8013550639152527,0.8652908205986023,70.5815510090047,0.194792
7836.png,390,run_3,4,"4k, ultra-realistic, highly detailed digital painting of an astronaut viewed from behind standing on the edge of a barren alien cliff",0.7151451110839844,0.7798566222190857,61.141890254230084,0.095756
1159_25.png,1,run_8,5,highly detailed 4k photo-realistic product photography of a bright vibrant orange cocktail garnished with a thin slice of citrus peel in a clear glass on a worn wooden surface,0.9231930375099182,0.3825155198574066,35.41365407460158,0.938154
1159_25.png,2,run_15,1,"highly detailed, realistic 4k image of a bright orange cocktail with citrus peel garnish in a clear glass on a warm, distressed wooden table",0.9386637210845947,0.42701637744903564,35.982932043868644,0.928454
1159_25.png,3,run_8,4,highly detailed 4k realistic product photography of a bright orange cocktail garnished with a thin slice of citrus peel in a clear glass on a weathered wooden surface,0.9240427017211914,0.39180466532707214,36.06643101553909,0.927945
1159_25.png,4,run_5,5,"photorealistic highly detailed still life of a colorful tangerine juice cocktail slightly splashed with citrus peel, garnished with colorful fresh citrus slices in a transparent clear glass, colorful small juicy fruit cubes and citrus arranged on a dark rich espresso brown wooden platter in a warm cozy inviting kitchen, serene ambiance",0.9508476853370667,0.49780669808387756,36.9804750003907,0.890898
1159_25.png,5,run_8,3,4k highly detailed product photography of a vibrant orange cocktail garnished with a thin slice of citrus peel in a clear glass on a distressed wooden surface,0.933746874332428,0.4312443137168884,41.62209984993946,0.873832
1159_25.png,6,run_15,5,"highly detailed, realistic 8k image of a bright orange cocktail with a thin slice of citrus peel garnish in a delicate clear glass on a weathered, distressed wooden table",0.8831835389137268,0.4016270935535431,33.56020418462254,0.869588
1159_25.png,7,run_9,5,highly detailed 8k product photography of a bright orange cocktail garnished with a slice of lemon peel on a rich brown wooden table with colorful exotic fruit and moderate ambient occlusion,0.9369636178016663,0.5111998915672302,35.72970393808416,0.866883
1159_25.png,8,run_6,4,"detailed, professional shot of a rich orange cocktail garnished with a slice of citrus peel in a transparent glass near scattered pieces of colorful fruit on a rustic brown wooden table",0.9221822619438171,0.45665693283081055,37.66280768327486,0.865870
1159_25.png,9,run_9,3,highly detailed and highly realistic 4k product photography of a bright orange cocktail garnished with a slice of citrus peel on a rich brown wooden table with colorful fruit and subtle ambient occlusion,0.9202207326889038,0.4813871681690216,35.0030107444519,0.865024
1159_25.png,10,run_7,4,"highly detailed 4k realistic image of a juicy orange cocktail garnished with a slice of citrus peel in a clear glass, placed on a wooden plank surrounded by fresh fruit cubes",0.9131092429161072,0.4688388407230377,36.52806802754383,0.850135
1159_25.png,11,run_15,2,"highly detailed 8k realistic image of a citrus-flavored cocktail with a slice of orange peel garnish in a clear glass on a wooden table with a warm, golden glow",0.8797911405563354,0.4137636721134186,34.28572703685893,0.849460
1159_25.png,12,run_6,1,"rich orange cocktail garnished with a slice of citrus peel in a transparent glass, scattered pieces of fruit on a brown wooden table, professional product photography, golden hour lighting",0.9374709129333496,0.48457032442092896,40.81871103068672,0.848022
1159_25.png,13,run_7,5,"highly detailed realistic masterpiece painting of a juicy orange cocktail garnished with a slice of citrus peel in a delicate clear glass, placed on a weathered wooden plank surrounded by fresh exotic fruit cubes",0.9346882104873657,0.49283111095428467,39.45840410053657,0.847678
1159_25.png,14,run_1,4,"'warmly lit opaque orange cocktail garnished with a slice of citrus in a clear tall glass, scattered colorful small fruit cubes on a wooden countertop, natural soft product lighting, 4k resolution'",0.910966157913208,0.442083477973938,38.9611265399469,0.847096
1159_25.png,15,run_9,5,highly detailed and highly realistic 8k photorealistic product photography of a bright orange cocktail garnished with a slice of citrus peel on a rich brown wooden table with colorful mixed fruit and strong ambient occlusion,0.9190673828125,0.5064667463302612,35.26051542066991,0.843020
1159_25.png,16,run_7,1,"opaque juicy orange cocktail garnished with citrus peel in a clear glass, scattered organic fruit cubes on wooden surface, high-end studio product lighting",0.9444652795791626,0.5081498026847839,40.99702752976174,0.841751
1159_25.png,17,run_15,3,"close-up shot of a highly detailed, realistic 4k image of an orange cocktail with a slice of citrus peel garnish in a clear glass on a warm, wooden table with a subtle, muted background",0.8968564867973328,0.41665011644363403,38.895011829159145,0.841575
1159_25.png,18,run_6,5,"rich vibrant orange cocktail garnished with a slice of citrus peel in a transparent glass, scattered pieces of fruit on a worn brown wooden table, highly detailed professional product photography, golden hour lighting",0.933516263961792,0.5056276917457581,38.81338571495786,0.841380
1159_25.png,19,run_11,4,"a stunning orange cocktail with an elegant slice of citrus, photorealistic style, set on a wooden board with colorful fruit cubes scattered around, digital painting",0.9255965948104858,0.4857589900493622,39.48719623720718,0.836872
1159_25.png,20,run_8,2,4k product photography of a mouthwatering orange cocktail decorated with a slice of citrus peel in a clear glass on a rustic wooden surface,0.9261499643325806,0.4863066077232361,39.928180878871736,0.834061
1159_25.png,21,run_3,3,"orange cocktail in a glass, garnished with a citrus peel, surrounded by colorful fruit cubes on a wooden table, high resolution product photography",0.9139465093612671,0.4812878370285034,37.92436115968597,0.831948
1159_25.png,22,run_3,5,"an extremely realistic highly detailed image of an orange cocktail in a glass, garnished with a slice of orange peel and surrounded by a colorful medley of fresh fruit cubes, captured on a wooden table",0.873458743095398,0.3990996479988098,36.56995446319182,0.831635
1159_25.png,23,run_7,5,"photorealistic 4k ultra-high-definition image of a vibrant orange cocktail garnished with a slice of citrus peel in a clear crystal glass, placed on a rough wooden plank surrounded by fresh seasonal fruit cubes",0.91206955909729,0.4963732361793518,36.239290131038295,0.830737
1159_25.png,24,run_6,3,"rich orange cocktail garnished with a slice of citrus peel in a delicate transparent glass, scattered pieces of fruit on a wooden table, highly detailed product photography, warm golden hour lighting",0.9229953289031982,0.47845181822776794,40.54925423590649,0.829527
1159_25.png,25,run_15,4,highly detailed realistic 8k image of a bright orange cocktail with a slice of citrus peel garnish in a clear glass on a warm rustic wooden table,0.9212099313735962,0.5038327574729919,37.90220092269859,0.828418
1159_25.png,26,run_5,1,"tangerine cocktail drink with a citrus twist garnish, served in a modern transparent glass, colorful and fresh fruit cubes scattered across a warm brown wooden surface, 4k high-resolution studio product photography",0.9073847532272339,0.4594112038612366,39.216864311475696,0.826498
1159_25.png,27,run_13,2,"a stunning digital artwork of an orange cocktail infused with citrus, carefully arranged within a clear glass and garnished with a delicate twist of peel, placed upon a wooden surface and bathed in warm sunlight surrounded by a colorful selection of fresh fruit",0.9217325448989868,0.4870349168777466,40.0120404877396,0.825280
1159_25.png,28,run_4,4,"highly detailed, 4k resolution orange cocktail garnished with zesty citrus peel in a transparent glass, colorful fruit cubes arranged artfully on a warm, weathered wooden surface with a slight blur",0.9018687009811401,0.45993751287460327,38.24229864464328,0.824058
1159_25.png,29,run_2,2,"highly detailed and realistic orange and yellow cocktail garnish with a slice of citrus peel in a clear glass, scattered small fruit cubes on a distressed wooden surface, shallow depth of field",0.9264665842056274,0.4798975884914398,41.91952085626147,0.823998
1159_25.png,30,run_12,5,"8k ultra-realistic still-life photography of an orange cocktail garnished with a slice of real citrus, on a hand-scrolled wooden cutting board, a few colorful abstractly arranged mixed fruit cubes, highly detailed product close-up, soft warm golden hour window light.",0.9281505346298218,0.5031031966209412,40.18910626021109,0.823430
1159_25.png,31,run_8,1,"highly realistic orange cocktail decorated with a slice of citrus peel in a clear glass, scattered fresh fruit cubes on a distressed brown surface, high-resolution product photography",0.9361785650253296,0.5223687887191772,40.19161333613177,0.823389
1159_25.png,32,run_11,1,"'vibrant orange cocktail garnished with a slice of citrus in a clear glass, scattered fruit cubes on a wooden chopping board, photorealistic style masterpiece'",0.926513671875,0.4968903660774231,40.46936545452925,0.822936
1159_25.png,33,run_5,3,"photorealistic highly detailed still life of a colorful tangerine juice cocktail splashed with citrus peel, garnished with colorful citrus slices in a clear glass, colorful small fruit cubes and citrus on a dark brown wooden platter in a cozy kitchen, warm ambiance",0.9302294254302979,0.517907440662384,39.448958435619986,0.822019
1159_25.png,34,run_13,3,"a beautiful 4k digital artwork of a glass filled with an orange cocktail infused with citrus, artfully garnished with a delicate twist of peel and resting on a wooden cutting board, surrounded by a variety of colorful fresh fruit",0.9102290868759155,0.5042536854743958,36.23944121203738,0.821892
1159_25.png,35,run_7,5,"realistic highly detailed image of a vibrant orange cocktail garnished with a slice of citrus peel in a clear glass, placed on a wooden table surrounded by fresh tropical fruit cubes",0.9181867837905884,0.5014612674713135,38.304286201462325,0.821839
1159_25.png,36,run_14,2,"vibrant colorful cocktail garnished with thick strips of orange and lemon zest in a delicate clear glass, scattered ice cubes on a weathered, cracked old wooden surface",0.8959406614303589,0.44169771671295166,39.00987811937035,0.821095
1159_25.png,37,run_15,4,highly detailed realistic masterfully crafted 4k image of a bright orange cocktail with citrus peel garnish in a clear glass on a warm weathered wooden table,0.9114396572113037,0.4760832190513611,39.35071065633413,0.820469
1159_25.png,38,run_14,5,"beautifully styled studio shot of an opaque vibrant orange cocktail with fresh citrus slices and a garnish in a delicate glass, scattered juicy fruit cubes on a worn rustic wooden surface, highly detailed 4k image",0.9226297736167908,0.503678560256958,39.323972432249086,0.820110
1159_25.png,39,run_8,5,highly detailed professional product photography of a bright orange cocktail garnished with a thin slice of citrus peel in a clear glass on a beautifully weathered wooden table,0.9070050716400146,0.49257656931877136,37.166843020444134,0.817648
1159_25.png,40,run_15,4,highly detailed realistic photorealistic 4k image of a bright vibrant orange cocktail with citrus peel garnish in a clear crystal glass on a warm distressed wooden table,0.8912797570228577,0.46590128540992737,36.332063891898095,0.816111
1159_25.png,41,run_1,5,"realistic 4k warmly lit opaque orange cocktail garnished with a slice of citrus in a clear tall glass, scattered colorful small fruit cubes on a wooden countertop, natural soft product lighting",0.9062631130218506,0.46149322390556335,40.23523806691857,0.815282
1159_25.png,42,run_15,4,highly detailed realistic 4k image of a citrus cocktail in a clear glass on a warm distressed wooden table with a slice of orange peel garnish,0.8759411573410034,0.4238669276237488,37.187564032719436,0.813373
1159_25.png,43,run_9,5,highly detailed 8k ultra realistic product photography of a vibrant orange cocktail garnished with a slice of citrus peel on a rich dark brown vintage wooden table with colorful seasonal fruit and subtle high contrast ambient occlusion,0.9293704032897949,0.5203667879104614,40.16590192602333,0.813288
1159_25.png,44,run_14,3,"vibrant warm orange cocktail garnished with thin slices of orange peel in a delicate crystal glass, scattered juicy colorful fruit cubes on a worn wooden surface",0.9180248975753784,0.4858309030532837,41.03087985164027,0.811967
1159_25.png,45,run_6,3,"highly detailed, realistic, juicy orange cocktail garnished with a slice of orange citrus peel in a thin transparent glass, scattered pieces of fresh fruit on a wooden table, professional studio product photography, golden hour sunlight",0.9239270091056824,0.47991546988487244,43.104440083370726,0.810550
1159_25.png,46,run_14,1,"opaque vibrant orange cocktail garnished with fresh slices of citrus peel in a delicate clear glass, scattered juicy fruit cubes on a worn rustic brown surface, highly detailed studio product lighting",0.9326105713844299,0.5314627885818481,40.41038324162479,0.809021
1159_25.png,47,run_2,3,"highly detailed and realistic orange and yellow cocktail garnish with a thin slice of citrus peel in a clear glass, scattered small real fruit cubes on a rustic wooden surface, shallow depth of field",0.9233393669128418,0.49838027358055115,41.465824713409845,0.808775
1159_25.png,48,run_10,1,"detailed close-up of an opaque orange cocktail garnished with citrus peel in a clear glass, scattered fruit cubes on a rustic wooden surface, golden hour lighting",0.9234558343887329,0.49891531467437744,41.58899041553928,0.807649
1159_25.png,49,run_14,2,"highly detailed, realistic orange cocktail garnished with thin slices of orange peel in a delicate, intricately cut crystal glass, scattered juicy fruit cubes on a vintage, worn wooden surface",0.9250169396400452,0.5170288681983948,40.32184220655254,0.806992
1159_25.png,50,run_14,5,"highly detailed vibrant orange cocktail garnished with fresh slices of citrus in a delicate transparent glass, scattered juicy fruit cubes on a worn rustic wooden surface, beautiful 4k studio product photography",0.9190627932548523,0.5149900913238525,39.22112577621046,0.806607
1159_25.png,51,run_6,3,"a rich orange cocktail garnished with a slice of citrus peel in a transparent glass, a variety of fruit pieces scattered on a wooden table, high-resolution product photography, beautiful golden hour lighting",0.9305270910263062,0.5110581517219543,42.415468070352134,0.804786
1159_25.png,52,run_5,3,"photorealistic highly detailed tangerine juice cocktail splashed with citrus peel, garnished with vibrant citrus slices in a sleek modern clear glass, colorful small fruit cubes and citrus on a dark brown wooden surface",0.9084252119064331,0.4605192244052887,42.23177583146386,0.804450
1159_25.png,53,run_1,3,"opaque orange cocktail garnished with a slice of candied citrus in a clear glass, scattered colorful fruit cubes on a warm wooden surface, high-contrast natural product lighting with warm shadows",0.9060131311416626,0.49545159935951233,38.48485203697985,0.803795
1159_25.png,54,run_1,5,"warmly lit opaque vibrant orange cocktail garnished with a slice of citrus in a clear tall glass, scattered colorful juicy small fruit cubes on a wooden countertop, natural soft high-resolution product lighting",0.905715823173523,0.4745756983757019,40.488001542243715,0.802993
1159_25.png,55,run_1,1,"opaque orange cocktail garnished with a citrus twist in a clear glass, scattered colorful fruit cubes on a warm wooden surface, high-contrast natural product lighting",0.9171158671379089,0.5165259838104248,39.24627278370999,0.801953
1159_25.png,56,run_6,1,"highly detailed opaque orange cocktail garnished with real citrus peel in a crystal clear glass, scattered fruit cubes on rustic brown wooden surface, studio product style, 8k resolution",0.9158574342727661,0.5066249370574951,40.05331481178015,0.800739
1159_25.png,57,run_3,1,"orange cocktail in a clear glass, garnished with a citrus peel, surrounded by colorful fruit cubes on a dark wooden table, realistic product photography",0.9214093089103699,0.5000842213630676,42.01485794561162,0.800024
1159_25.png,58,run_11,5,"an exquisite, highly detailed photorealistic orange cocktail with an elegant slice of citrus, set on a wooden board amidst colorful fruit cubes and ice, digital art masterpiece",0.9288622140884399,0.5275425910949707,41.21447994006649,0.799234
1159_25.png,59,run_11,4,"a mouthwatering orange cocktail garnished with a slice of citrus, beautifully presented in a clear glass on a wooden chopping board with a mix of fruit, 4k photorealism",0.9272483587265015,0.5405041575431824,39.63993272934414,0.799160
1159_25.png,60,run_9,3,highly detailed studio product photography of a vibrant orange cocktail with a slice of lime peel on a polished brown wooden surface surrounded by colorful fruit cubes,0.8920806050300598,0.5011007785797119,35.49200322321843,0.798584
1159_25.png,61,run_10,1,"studio shot of a beautiful opaque orange cocktail garnished with citrus peel in a clear glass, scattered fruit cubes on a natural wood surface, highly detailed product photography",0.9095522165298462,0.49082300066947937,40.528144905066554,0.797609
1159_25.png,62,run_15,3,"highly detailed, photorealistic, 8k image of an orange cocktail with a slice of citrus peel garnish in a clear glass on a weathered, wooden table with soft, warm overhead lighting",0.8960944414138794,0.458783358335495,40.59900710226874,0.796919
1159_25.png,63,run_8,5,highly detailed 8k photorealistic still life of a juicy orange cocktail garnished with a thin slice of lemon peel in a delicate glass on an aged wooden cutting board,0.9333528876304626,0.5225746631622314,43.021643436451406,0.796738
1159_25.png,64,run_5,5,"photorealistic still life of a colorful tangerine juice cocktail generously splashed with citrus peel, garnished with colorful vibrant citrus slices in a clear transparent glass, colorful small round fruit cubes and citrus on a dark brown weathered wooden platter in a modern kitchen, soft light",0.9033221006393433,0.4702310562133789,41.30067920497489,0.795780
1159_25.png,65,run_12,3,"8k highly detailed orange cocktail garnished with a slice of citrus, on a distressed wooden cutting board, a few abstractly arranged mixed fruit cubes in the background, highly detailed product photography, soft warm golden hour lighting.",0.9170113801956177,0.5451849102973938,37.36128952443863,0.795558
1159_25.png,66,run_10,5,"highly detailed real-world photograph of an opaque orange cocktail garnished with citrus peel in a clear glass, scattered fresh fruit cubes on a rustic wooden surface, golden hour lighting",0.8985439538955688,0.468721866607666,40.730830278646394,0.792984
1159_25.png,67,run_9,4,photorealistic 4k product shot of a juicy orange cocktail garnished with a slice of citrus peel on a classic wooden table with minimal ambient light,0.895382821559906,0.4855040907859802,38.574624170103434,0.791939
1159_25.png,68,run_9,2,"opaque bright orange cocktail with a thin slice of citrus peel, scattered colorful fruit cubes on a worn but rich brown wooden surface, highly realistic studio product photography",0.9244076609611511,0.5137985348701477,42.538277742108846,0.791325
1159_25.png,69,run_10,5,"ultra-realistic close-up of a single serving of opaque orange cocktail garnished with citrus peel in a delicate clear glass, scattered fresh fruit cubes on a rustic wooden surface, golden hour lighting",0.910552978515625,0.4704160690307617,43.627677445872685,0.790328
1159_25.png,70,run_4,5,"highly detailed, highly stylized, colorful orange cocktail garnished with fragrant citrus peel in a delicate glass on a warm, rustic wooden table",0.8923519253730774,0.49433615803718567,37.35907158624342,0.789649
1159_25.png,71,run_6,3,"a highly detailed, realistic orange cocktail with a slice of orange citrus garnish in a simple transparent glass, scattered fresh fruit on a wooden table, expert product photography, soft golden hour light",0.8873171210289001,0.4423295855522156,41.154315030722685,0.789382
1159_25.png,72,run_11,2,"highly detailed 4k digital painting of a vibrant orange cocktail garnished with a slice of citrus in a clear glass, fruit cubes scattered on a wooden chopping board",0.9052338004112244,0.5232396721839905,37.86790667907886,0.787171
1159_25.png,73,run_11,2,"vibrant, highly detailed orange cocktail garnished with a slice of citrus in a clear glass, scattered fruit cubes on a wooden chopping board, photorealistic style 4k masterpiece",0.8948202133178711,0.5004386305809021,37.70299271992478,0.786884
1159_25.png,74,run_15,4,highly detailed photorealistic 4k image of a bright orange cocktail with citrus peel garnish on a warm distressed wooden table in a soft warm natural light,0.8993957042694092,0.5108224153518677,37.79894618188127,0.786568
1159_25.png,75,run_7,5,"highly detailed photorealistic image of a refreshing orange cocktail garnished with a slice of citrus peel in a clear transparent glass, placed on a wooden dark plank surrounded by fresh colorful fruit cubes",0.8790816068649292,0.45820504426956177,38.17701151587956,0.786516
1159_25.png,76,run_5,4,"highly realistic digital painting of a colorful tangerine juice cocktail splashed with citrus peel, garnished with colorful citrus slices, small fruit cubes, and citrus on a dark brown wooden platter, warm golden light",0.943844199180603,0.5351672172546387,45.61151383274186,0.785969
1159_25.png,77,run_6,3,"highly detailed image of a rich orange cocktail with a slice of citrus garnish in a transparent glass, scattered fruit on a wooden table, professional product photographer, perfectly captured golden hour light",0.904921293258667,0.4657655954360962,43.4597836337076,0.785248
1159_25.png,78,run_7,3,"photorealistic, 4k, masterpiece of opaque juicy orange cocktail garnished with a chunk of citrus peel in a chilled clear glass, scattered imperfect organic fruit cubes on a weathered wooden surface, high-end product studio lighting",0.9015025496482849,0.4719952344894409,42.14932657715066,0.784887
1159_25.png,79,run_1,3,"a highly detailed, 4k resolution opaque orange cocktail, garnished with a citrus twist in a clear glass, scattered colorful fruit cubes on a warm wooden surface, natural product lighting with soft focus",0.8918741345405579,0.4736931622028351,40.01356865371002,0.783389
1159_25.png,80,run_5,1,"tangerine juice cocktail splashed with citrus peel, garnished with colorful citrus slices in a modern clear glass, colorful small fruit cubes and citrus on a deep brown surface, photorealistic product still life",0.9246971607208252,0.5184280872344971,43.22561320579668,0.783239
1159_25.png,81,run_9,3,highly realistic 4k photograph of a bright orange cocktail with a slice of citrus peel on a rustic wooden surface surrounded by colorful fruit and a soft shallow depth of field,0.8953952789306641,0.5038881301879883,38.138192895544776,0.782067
1159_25.png,82,run_14,2,"highly detailed, golden hour orange cocktail garnished with large slices of citrus peel in a clear glass, scattered ice cubes on a worn, weathered old wooden cutting board",0.9166461229324341,0.5361848473548889,39.90050611097968,0.781996
1159_25.png,83,run_5,4,"photorealistic 4k ultra-high definition still life of a vibrant tangerine juice cocktail with citrus zest, colorful citrus slices, and small fruit cubes on a dark brown wooden platter in a sunny kitchen",0.9214126467704773,0.5379749536514282,40.845646343827696,0.781702
1159_25.png,84,run_3,1,"vibrant orange cocktail garnish with citrus peel in a clear glass, scattered assorted fruit cubes on brown wood, professional studio photography",0.9047421216964722,0.5158208012580872,39.19364396204638,0.781529
1159_25.png,85,run_9,5,highly detailed and highly realistic 4k hyper realistic product photography of a bright orange cocktail garnished with a slice of orange peel on a rich dark brown wooden table with colorful fresh fruit and subtle highlights,0.9122282862663269,0.5177904367446899,40.857411896931374,0.780302
1159_25.png,86,run_4,2,"vibrant orange cocktail garnished with citrus peel in a crystal clear glass, scattered colorful fruit cubes on a brown wooden surface with a soft focus, high-resolution detailed image",0.9028524160385132,0.48230141401290894,42.114170552697445,0.780067
1159_25.png,87,run_7,2,"'juicy, ripe, vibrant orange cocktail garnished with a sprig of citrus peel in a elegant, modern glass, scattered organic, locally sourced fruit cubes on a reclaimed wooden surface, high-end studio product photography'",0.8983508348464966,0.5047767758369446,39.11222793930416,0.779079
1159_25.png,88,run_12,4,highly detailed 8k close-up of an orange cocktail garnished with a slice of citrus on a rustic worn wooden cutting board with a soft focus blur on the background to emphasize the product photography,0.9193639755249023,0.5701868534088135,37.69597769604738,0.779066
1159_25.png,89,run_2,2,"luminous and textured orange and yellow cocktail garnish with a slice of citrus peel in a delicate glass, scattered colorful fruit cubes on a wooden surface with natural grain, deep depth of field",0.9239629507064819,0.5225628614425659,43.2800589207705,0.778582
1159_25.png,90,run_9,2,"a highly realistic orange cocktail with a slice of citrus resting on the rim, scattered fruit cubes on a distressed brown wooden table, soft natural light",0.9027838110923767,0.4946856200695038,41.15151782550883,0.778396
1159_25.png,91,run_5,4,"photorealistic highly detailed still life of a colorful tangerine juice cocktail with citrus peel garnish, colorful citrus slices, colorful small fruit cubes, and citrus on a dark brown wooden platter in a cozy kitchen, warm ambiance",0.9327867031097412,0.5542515516281128,42.72561073396637,0.775231
1159_25.png,92,run_3,3,"vibrant orange cocktail in a clear glass, garnished with a piece of citrus peel, surrounded by colorful fruit on a wooden table, professional product photography",0.8690024614334106,0.4592301547527313,37.45092802830884,0.773951
1159_25.png,93,run_5,3,"colorful highly detailed tangerine juice cocktail splashed with citrus peel, garnished with colorful citrus slices in a modern clear glass, colorful small fruit cubes and citrus arranged on a dark brown wooden cutting board, digital painting",0.9292405247688293,0.5468451976776123,42.80572091434486,0.773834
1159_25.png,94,run_14,3,"opaque bright burnt orange cocktail garnished with fresh slices of citrus peel in a delicate clear glass, scattered juicy vibrant fruit cubes on a worn distressed brown surface, highly detailed realistic studio product photography",0.9224634170532227,0.5255301594734192,43.287995041695076,0.773801
1159_25.png,95,run_3,2,"'vibrant orange cocktail in a clear glass, garnished with a citrus peel, surrounded by vibrant colorful fruit cubes on a dark wooden table, realistic product photography with high detail'",0.908353328704834,0.5114823579788208,41.53775509693149,0.772960
1159_25.png,96,run_11,5,"stunning, photorealistic orange cocktail with an elegant slice of citrus, set on a wooden board amidst vibrant colorful fruit cubes, 4k digital painting",0.889720618724823,0.49644309282302856,38.81739161929885,0.772449
1159_25.png,97,run_15,3,"photorealistic, highly textured, 4k image of an orange cocktail with a strip of citrus peel garnish in a clear glass on a rustic, distressed wood table",0.8995810747146606,0.4853733777999878,42.114607078446376,0.772213
1159_25.png,98,run_15,2,"highly detailed realistic 4k close-up of a citrus-infused cocktail with an orange twist garnish in a clear glass on a warm, rustic wooden table",0.9189995527267456,0.5388233661651611,41.55851468743458,0.771483
1159_25.png,99,run_8,2,"highly detailed orange cocktail image with a slice of citrus peel in a delicate glass, scattered fresh fruit cubes on a worn wooden table",0.8857964277267456,0.5014428496360779,37.701933480790125,0.770612
1159_25.png,100,run_6,5,"a beautifully composed orange cocktail in a clear glass, garnished with a slice of citrus peel and surrounded by a few sliced fruits, set on a worn brown wooden table, perfect product photography, soft warm natural light",0.8752001523971558,0.4440004825592041,40.741171940021175,0.770446
1159_25.png,101,run_2,1,"richly colored orange and yellow cocktail garnish with a slice of citrus peel in a clear glass, scattered small fruit cubes on a rustic wooden surface, shallow depth of field",0.9083642363548279,0.5068261027336121,42.373028231173826,0.769945
1159_25.png,102,run_8,4,4k ultra-high-definition product photography of a vibrant orange cocktail garnished with a delicate slice of citrus peel in a transparent glass on a rustic wooden cutting board,0.9013252258300781,0.5506815910339355,36.712236119731465,0.769520
1159_25.png,103,run_1,5,"realistic, highly detailed, 4k resolution, warmly lit opaque orange cocktail garnished with a slice of citrus, scattered colorful small fruit cubes on a wooden countertop, natural soft high-resolution product lighting, a bit of condensation on the glass",0.867895781993866,0.4726739525794983,36.536042887811384,0.769362
1159_25.png,104,run_5,4,"still life of a colorful tangerine juice cocktail splashed with citrus peel, garnished with colorful citrus slices, colorful small fruit cubes and citrus on a dark brown wooden platter in a warm inviting kitchen with natural wood accents",0.9154938459396362,0.5205287933349609,42.925963671091104,0.768150
1159_25.png,105,run_11,4,"vibrant orange cocktail garnished with a slice of bright citrus in a clear glass, scattered high-quality fruit cubes on a rustic wooden cutting board, highly detailed photorealistic style artwork",0.8799372315406799,0.4943121075630188,37.42182218871921,0.767782
1159_25.png,106,run_14,3,"high-definition detailed realistic still life of an orange cocktail garnished with fresh slices of citrus peel in a delicate clear glass, scattered juicy colorful fruit cubes on a worn weathered wooden surface",0.877069354057312,0.4534066915512085,40.707276994250535,0.767160
1159_25.png,107,run_4,4,"a warm and inviting orange cocktail garnished with citrus peel in a crystal clear glass over a brown wooden table with a slight shallow depth of field, colorful fruit cubes scattered everywhere, highly detailed",0.9209747314453125,0.5127675533294678,45.03147475665262,0.767091
1159_25.png,108,run_8,1,"opaque highly detailed orange cocktail garnished with fresh citrus peel in a clear glass, scattered vibrant fruit cubes on a worn brown surface, studio product lighting",0.9024408459663391,0.514835000038147,40.7654512803861,0.766256
1159_25.png,109,run_10,2,"golden hour lighting on a rustic wooden surface with a highly detailed close-up of an opaque orange cocktail garnished with a slice of citrus in a clear glass, surrounded by scattered colorful fruit cubes",0.8820361495018005,0.49539053440093994,38.04592626167575,0.765855
1159_25.png,110,run_12,4,"highly detailed 8k orange cocktail garnished with a fresh slice of citrus on a dark worn distressed wooden cutting board with a few artfully arranged mixed fruit cubes in the background highly detailed product photography, soft warm golden hour natural lighting",0.9181923866271973,0.5560058355331421,40.52671202374667,0.765614
1159_25.png,111,run_14,3,"highly detailed delicate warm orange cocktail garnished with thin slices of citrus peel in a crystal glass, scattered juicy colorful fruit cubes on a worn rustic brown wooden surface",0.8951242566108704,0.4996510148048401,40.76340691741677,0.764583
1159_25.png,112,run_6,1,"realistic orange cocktail with an orange garnish and citrus peel in a transparent glass, scattered fruit cubes on a warm brown surface, elegant product styling, studio setup",0.9296094179153442,0.5511295795440674,43.90017622224645,0.763022
1159_25.png,113,run_3,5,"a high-res 4k digital painting of a vibrant orange cocktail with a citrus peel garnish, served on a wooden table amidst colorful fruit cubes",0.9110256433486938,0.5342852473258972,41.37221600113994,0.762424
1159_25.png,114,run_3,4,"vibrant orange cocktail in a glass, garnished with a slice of citrus peel, surrounded by colorful fruit cubes and a sprig of fresh rosemary on a wooden table, 4k, photorealistic product photography, high-key lighting",0.8972513675689697,0.5335785150527954,38.41307244136885,0.761802
1159_25.png,115,run_5,2,"'still life of a tangerine juice cocktail with citrus peel and slices in a modern glass on a wooden background, bright and airy'",0.9149223566055298,0.526120662689209,43.12010358204665,0.761658
1159_25.png,116,run_6,2,"rich vibrant orange cocktail garnished with a slice of crisp citrus peel in a delicate transparent glass, scattered pieces of fresh fruit on a weathered brown wooden table, high-quality commercial product photography, soft golden hour natural lighting",0.9184114933013916,0.5278555750846863,43.84444769745282,0.760888
1159_25.png,117,run_1,3,"an opaque, hand-painted orange cocktail garnished with a citrus twist in a clear glass, scattered colorful fruit cubes on a weathered wooden surface, high-contrast natural product lighting with bold brushstrokes",0.8597912192344666,0.4627745449542999,36.819525016185835,0.760345
1159_25.png,118,run_10,3,highly realistic close-up of a glass containing an opaque orange cocktail with a citrus peel garnish and fruit cubes on a wooden surface bathed in warm golden hour light,0.8994693160057068,0.4812892973423004,44.02699025462969,0.760342
1159_25.png,119,run_9,2,"highly detailed, highly realistic, 4k orange cocktail with a slice of citrus garnish, scattered colorful fruit cubes on a polished dark wood surface, intense studio product lighting",0.8702861070632935,0.460737943649292,39.44602840866898,0.759829
1159_25.png,120,run_6,5,"a richly colored orange cocktail with a slice of citrus peel in a transparent glass, surrounded by a few pieces of fruit on a distressed brown wooden table, highly detailed professional photography, warm golden hour lighting",0.906937301158905,0.5247747898101807,41.69862131885105,0.759724
1159_25.png,121,run_15,2,highly detailed realistic photorealistic 4k image of a vibrant orange cocktail with a slice of lemon peel garnish in a clear glass on a distressed wooden table,0.8566666841506958,0.4407804608345032,38.331325216723066,0.759229
1159_25.png,122,run_14,1,"detailed orange cocktail with an orange slice garnish, scattered colorful fruit cubes on a wooden cutting board, shallow depth of field",0.8985685706138611,0.5172011256217957,40.6605272922287,0.758680
1159_25.png,123,run_1,4,"'clearly seen opaque orange cocktail garnished with a citrus peel in a transparent glass, scattered colorful small fruit cubes on a wooden table, extremely high-contrast natural product lighting, photorealistic'",0.9187169075012207,0.5285391807556152,44.254371115865894,0.757790
1159_25.png,124,run_7,3,"richly colored opaque juicy orange cocktail garnished with a spiral-cut slice of citrus peel in a gleaming clear glass, arranged perfectly organic fruit cubes on a worn wooden surface, premium studio product lighting",0.9200186133384705,0.5412668585777283,43.380943344732344,0.757552
1159_25.png,125,run_7,5,"4k digital painting of a realistic orange cocktail garnished with a slice of citrus peel in a clear glass, placed on a rustic wooden plank surrounded by fresh summer fruit cubes",0.9038437008857727,0.5459796190261841,39.30196092131947,0.757451
1159_25.png,126,run_5,5,"a photorealistic highly detailed still life of a vibrant colorful tangerine juice cocktail artfully splashed with citrus peel, garnished with colorful sliced citrus in a delicate clear glass, colorful small cubes and mixed citrus fruits on a dark brown wooden platter in a bright modern kitchen, warm and inviting",0.9005401134490967,0.5280616283416748,40.358238195562336,0.756575
1159_25.png,127,run_2,3,"4k highly detailed and photorealistic orange and yellow cocktail garnish with a slice of citrus peel in a clear glass, scattered small real fruit cubes on a weathered wooden surface, shallow depth of field",0.8918245434761047,0.47694307565689087,43.21860206128983,0.756468
1159_25.png,128,run_4,3,"luxurious orange cocktail garnished with citrus peel, scattered colorful fruit cubes, and a sprig of rosemary, all displayed elegantly on a distressed brown wooden surface with a shallow depth of field in high-resolution",0.8838552236557007,0.5125835537910461,38.138223346985654,0.755914
1159_25.png,129,run_7,3,"highly detailed, realistic, opaque juicy orange cocktail garnished with a spiral-cut slice of citrus peel in a delicate clear glass, neatly arranged organic fruit cubes on a beautiful wooden cutting board, high-end product studio lighting setup",0.9213957786560059,0.5481462478637695,43.41723901880268,0.754699
1159_25.png,130,run_11,3,"vibrant orange cocktail in a clear glass garnished with a slice of citrus, scattered fruit cubes on a wooden cutting board with a rustic background, photorealistic style 4k digital painting",0.8662223219871521,0.46932271122932434,38.44403434882593,0.754304
1159_25.png,131,run_15,5,"highly detailed, photorealistic 4k image of a vibrant, bright orange cocktail with a spiral of citrus peel garnish in a clear glass on a warm, antique wooden table",0.8931369781494141,0.5136528015136719,40.39193782874093,0.753921
1159_25.png,132,run_10,4,"highly detailed close-up of a juicy orange cocktail garnished with citrus zest in a clear glass, scattered fresh fruit dice on a rustic wooden platter, golden hour sun",0.9295862913131714,0.5450941324234009,45.71742328619245,0.753435
1159_25.png,133,run_1,3,"beautifully crafted opaque orange cocktail garnished with a citrus twist in a clear glass, scattered colorful fruit cubes on a wooden surface, highly detailed natural product lighting with subtle reflections",0.887813925743103,0.5010968446731567,40.631946076406656,0.751944
1159_25.png,134,run_11,5,"highly detailed photorealistic orange cocktail with an elegant slice of citrus, set on a rich wooden board with colorful fruit cubes artfully scattered around",0.8643839955329895,0.4921107888221741,36.21119273427768,0.751804
1159_25.png,135,run_9,3,highly realistic bright tangerine colored cocktail garnished with a single thin slice of lemon peel resting on a smooth rich brown wooden table with scattered colorful fruit and soft warm lighting,0.8887826800346375,0.519488513469696,39.36455100232788,0.750068
1159_25.png,136,run_5,2,"'tangerine cocktail with citrus garnish, served in a clear glass with a wooden surface and colorful fruit cubes, realistic product photography'",0.9001408815383911,0.529038667678833,41.13110561153469,0.749276
1159_25.png,137,run_11,2,"clear glass holding a vibrant orange cocktail garnished with a slice of citrus, surrounded by scattered fruit cubes on a wooden chopping board, highly detailed photorealistic style",0.8670516014099121,0.4832116365432739,38.07119992489871,0.748590
1159_25.png,138,run_2,2,"highly detailed richly colored orange and yellow cocktail garnish with a thin slice of lemon peel in a clear glass, scattered small fruit cubes on a rustic wooden surface, shallow depth of field",0.8905237317085266,0.5031802654266357,41.492421804329574,0.748540
1159_25.png,139,run_11,2,"orange, high-resolution cocktail garnished with citrus, set amidst the scattered fruit cubes on a wooden chopping board, highly detailed photorealistic style",0.9123818874359131,0.5674883723258972,40.48431424834986,0.747657
1159_25.png,140,run_12,3,"beautiful 8k highly detailed orange cocktail garnished with a slice of citrus, on a weathered wooden platter, a few abstractly arranged exotic fruit cubes in the background, highly detailed product photography, soft golden hour glow",0.9112434387207031,0.5580145120620728,41.27404918462489,0.746475
1159_25.png,141,run_10,4,"detailed close-up of an orange cocktail garnished with peels and slices of citrus in a glass, colorful fruit dice scattered on a wooden surface, soft golden hour glow",0.9037608504295349,0.48624885082244873,46.347298174175926,0.746437
1159_25.png,142,run_10,4,"realistic close-up of a colorful orange cocktail garnished with sliced citrus in a clear glass, arranged fruit cubes on a wooden table, warm golden hour lighting",0.8979051113128662,0.5037972927093506,43.50181073041149,0.745464
1159_25.png,143,run_14,4,"highly detailed vibrant orange cocktail garnished with a sprinkle of citrus zest in a delicate clear glass, scattered juicy tropical fruit cubes on a worn rustic brown surface",0.8604241609573364,0.47088146209716797,38.19808490828126,0.745066
1159_25.png,144,run_12,5,"highly detailed 8k orange cocktail garnished with a slice of real citrus on a weathered wooden cutting board, a few abstractly arranged mixed fruit cubes in the background, highly detailed product photography, soft warm golden hour natural lighting.",0.914497971534729,0.5687869787216187,41.190052406825345,0.744977
1159_25.png,145,run_12,4,vibrant 8k orange cocktail garnished with a slice of citrus on a worn wooden cutting board surrounded by a few abstractly arranged mixed fruit cubes highly detailed product photography warm soft golden hour lighting,0.9139325618743896,0.5578281283378601,42.394186815119376,0.742684
1159_25.png,146,run_12,4,"highly detailed 8k orange cocktail garnished with a slice of citrus on a unique hand crafted wooden cutting board surrounded by a few carefully arranged mixed fruit cubes in the background, highly detailed product photography, warm soft golden hour natural lighting",0.9274270534515381,0.5831922888755798,43.28107008832234,0.740920
1159_25.png,147,run_3,3,"orange and fruit arrangement in a clear glass, garnished with a slice of citrus, surrounded by colorful fruit cubes on a wooden table, perfect product photography",0.9125436544418335,0.5199737548828125,45.914311540332704,0.740622
1159_25.png,148,run_12,3,"highly detailed orange cocktail garnished with a slice of citrus, on a rustic wooden table, a few abstractly arranged seasonal fruit cubes in the background, 8k highly detailed product photography, soft golden hour sunlight",0.9096882343292236,0.5526654720306396,42.57118717766027,0.737728
1159_25.png,149,run_9,1,"opaque warm orange cocktail garnished with thin citrus peel in a clear glass, scattered fruit cubes on a worn brown wooden surface, highly detailed studio product lighting",0.8786356449127197,0.4842195510864258,42.01993084524,0.737655
1159_25.png,150,run_10,5,"4k digital painting of a close-up of an opaque orange cocktail garnished with citrus peel in a clear glass, scattered fruit cubes on a rustic wooden surface, warm glow from golden hour",0.8884059190750122,0.4628515839576721,46.40712368579528,0.736342
1159_25.png,151,run_3,5,"highly detailed orange cocktail in a clear glass, garnished with a slice of lemon peel, surrounded by vibrant fruit cubes on a rustic wooden table, high resolution food photography",0.8748291730880737,0.4964260458946228,40.37650137674048,0.734870
1159_25.png,152,run_7,3,"juicy vibrant orange cocktail garnished with a sliver of citrus peel in a frosty clear glass, carelessly scattered organic fruit cubes on a wooden chopping board, upscale studio product photography",0.9100306630134583,0.5652850866317749,41.8953736870859,0.734404
1159_25.png,153,run_2,3,"highly detailed and realistic orange and yellow cocktail garnish with a slice of citrus peel and a few fresh herbs in a clear glass, scattered small real fruit cubes on a rustic wooden surface, shallow depth of field",0.9056054353713989,0.5661020874977112,40.88316588041143,0.733923
1159_25.png,154,run_7,2,"'freshly squeezed orange cocktail garnished with a slice of citrus peel in a clear, crystal glass, scattered seasonal, organic fruit cubes on a wooden cutting board, high-end professional lighting'",0.9397317171096802,0.5736117959022522,47.89154950092487,0.733788
1159_25.png,155,run_9,3,4k digital painting of a bright orange cocktail with a slice of orange peel on a worn wooden table with colorful fruit and a subtle background blur,0.8866835832595825,0.5283924341201782,40.41160474542213,0.732038
1159_25.png,156,run_10,5,"detailed close-up of a vibrant opaque orange cocktail garnished with actual citrus peel in a clear glass, scattered fresh fruit cubes on a rustic wooden surface, soft golden hour lighting",0.9024388194084167,0.5250998735427856,44.33726134143838,0.731566
1159_25.png,157,run_14,3,"highly detailed highly realistic 4k orange cocktail garnished with fresh slices of citrus peel in a delicate clear glass, scattered juicy colorful fruit cubes on a worn distressed brown surface",0.8421846032142639,0.4402468502521515,38.829560612758925,0.730836
1159_25.png,158,run_5,5,"photorealistic highly detailed still life of a colorful tangerine juice cocktail with a twist of citrus peel, garnished with colorful sliced citrus and small fruit cubes, on a dark espresso brown wooden platter in a warm and inviting kitchen, soft warm natural light",0.9165104627609253,0.5665342807769775,44.02027174340733,0.728435
1159_25.png,159,run_8,3,A highly realistic 4k photo of a mouthwatering orange cocktail decorated with a slice of citrus peel in a clear glass on a rustic wooden surface with a decorative napkin in the fore,0.8765689134597778,0.49542319774627686,41.783791889247155,0.727835
1159_25.png,160,run_4,4,"a colorful orange cocktail garnished with a slice of citrus peel in a sparkling glass, amidst a medley of colorful fruit cubes on a beautifully crafted wooden surface with a shallow depth of field, highly detailed",0.8948542475700378,0.4947415292263031,46.022508793242636,0.727453
1159_25.png,161,run_10,3,"detailed close-up of a perfectly opaque orange cocktail garnished with freshly squeezed citrus peel in a crystal-clear glass, scattered juicy fruit cubes on a worn rustic wooden surface, golden hour lighting with soft shadows",0.8840359449386597,0.5038443207740784,42.767616573417754,0.727130
1159_25.png,162,run_7,1,"highly detailed image of a glass filled with an opaque orange cocktail garnish with citrus peel, scattered fresh fruit cubes on a brown wooden surface, soft studio lighting",0.8768465518951416,0.4702202081680298,44.33376127847558,0.726958
1159_25.png,163,run_1,4,"'a perfectly crafted opaque orange cocktail garnished with a twist of citrus in a clear tall glass, scattered colorful small fruit cubes on a warm wooden cutting board, high-contrast natural product lighting, highly realistic'",0.8632699251174927,0.5113422870635986,37.49210679613033,0.726254
1159_25.png,164,run_12,5,"ultra-realistic 8k orange cocktail garnished with a slice of citrus on a rustic wooden cutting board with some subtle scratches, a few abstractly arranged mixed fruit cubes in various colors and textures scattered around it in the background, highly detailed product photography, soft warm golden hour outdoor lighting.",0.8708298206329346,0.5286529064178467,37.56979950466575,0.726239
1159_25.png,165,run_1,1,"opaque vibrant orange cocktail garnished with zested citrus peel in a clear crystal glass, scattered ripe fruit cubes on a warm weathered wood surface, high-contrast studio product lighting",0.8951832056045532,0.5082224607467651,45.08057565455869,0.725519
1159_25.png,166,run_12,3,"highly detailed vibrant orange cocktail garnished with a slice of citrus, on a worn wood background, a few abstractly arranged fresh fruit cubes in the background, 8k highly detailed product photography, soft warm golden hour lighting",0.858077347278595,0.4995136559009552,37.699923249666966,0.724225
1159_25.png,167,run_1,5,"highly detailed, 4k resolution, masterpiece, warmly lit translucent orange cocktail garnished with a slice of citrus in a clear tall glass, scattered colorful small fruit cubes on a wooden countertop, natural soft product lighting",0.9163650274276733,0.5321849584579468,47.78123445845343,0.724154
1159_25.png,168,run_2,2,"vibrant and juicy cocktail garnish with a slice of orange peel in a delicate glass, scattered colorful fruit cubes on a worn wooden cutting board, shallow depth of field",0.8999842405319214,0.5235094428062439,44.93116725300191,0.723939
1159_25.png,169,run_15,3,"highly detailed, realistic 8k image of a vibrant orange cocktail with a slice of citrus peel garnish in a clear glass on a worn, antique wooden table",0.8642010688781738,0.47530290484428406,41.51573688955313,0.723038
1159_25.png,170,run_12,1,"opaque orange cocktail garnished with a wedge of citrus on a brown surface, a few scattered fruit cubes in the background, highly detailed studio product photography, golden hour lighting",0.9243937730789185,0.5515843629837036,47.96492483631653,0.722634
1159_25.png,171,run_7,2,"'vibrant, juicy, ripe orange cocktail garnished with fragrant citrus peel in a delicate glass, scattered organic, seasonal fruit cubes on a rustic wooden surface, high-end studio product lighting'",0.9144139289855957,0.5782440900802612,43.2389009183382,0.722367
1159_25.png,172,run_4,2,"warmly lit opaque orange cocktail garnished with citrus peel in a crystal clear glass, scattered colorful fruit and vegetable cubes on a warm wooden surface, highly detailed studio product photography with a shallow depth of field",0.9018782377243042,0.5314168930053711,44.83593108424363,0.722242
1159_25.png,173,run_13,3,"highly detailed digital painting of a stunning orange cocktail infused with citrus, carefully arranged within a clear glass and garnished with a delicate twist of peel, placed upon a smooth wooden surface and bathed in soft warm sunlight surrounded by a colorful, vibrant selection of fresh fruit",0.9123499393463135,0.5377175211906433,46.62249052756214,0.722108
1159_25.png,174,run_4,5,"detailed, photorealistic, 4k resolution orange cocktail garnished with citrus peel and colorful fruit cubes arranged artfully in a transparent glass on a wooden surface with a shallow depth of field",0.9235308170318604,0.5370769500732422,49.26093449836565,0.721679
1159_25.png,175,run_1,5,"warmly lit opaque orange cocktail garnished with a slice of citrus, scattered colorful small fruit cubes, wooden cutting board, and a clear tall glass, natural soft product lighting, highly detailed, 4k resolution",0.8989145755767822,0.5740060806274414,40.327909709203524,0.720944
1159_25.png,176,run_1,1,"highly detailed, 4k resolution, opaque orange cocktail garnished with orange peel in a clear glass, scattered juicy fruit cubes on a brown wood surface, golden hour studio product lighting",0.9026821851730347,0.5350630879402161,45.08945687215508,0.719067
1159_25.png,177,run_3,5,"a highly detailed 16-bit high-resolution still life of a juicy orange cocktail in a clear glass, garnished with a lemon peel slice and surrounded by a variety of colorful fruit cubes on a wooden table",0.9186578989028931,0.5521515011787415,47.127755393818234,0.718735
1159_25.png,178,run_1,2,a warm highly detailed photograph of a perfectly crafted opaque burnt orange cocktail garnished with a citrus twist in a clear glass on a wooden surface surrounded by colorful fruit cubes,0.8583691716194153,0.4871417284011841,39.690625403807694,0.718415
1159_25.png,179,run_7,2,"'a sumptuous, juicy, ripe orange cocktail garnished with a fragrant slice of citrus peel in a sleek, designer glass, scattered organic, artisanal fruit cubes on a rich, wooden sideboard, high-end studio product photography in 4k resolution'",0.917179524898529,0.5838713049888611,43.87477025294613,0.718226
1159_25.png,180,run_5,3,"highly detailed photorealistic tangerine juice cocktail splashed with citrus peel, garnished with colorful citrus slices in a stylish clear glass, colorful small fruit cubes and citrus on a dark brown rustic surface, 4k resolution",0.8383053541183472,0.4481605887413025,38.874770853998854,0.718108
1159_25.png,181,run_4,4,"vibrant golden cocktail garnished with citrus peel in a delicate glass, scattered colorful fruit cubes on a rustic wooden surface with a medium soft focus, high-resolution detailed image",0.8452455997467041,0.46455514430999756,39.142816251927066,0.716228
1159_25.png,182,run_6,4,"warm, golden hour lighting on a perfectly crafted, highly detailed rich orange cocktail garnished with a slice of citrus peel in a delicate transparent glass, set on a beautifully arranged brown wooden table with scattered fruit.",0.8990423083305359,0.5385152697563171,44.38617841147549,0.715683
1159_25.png,183,run_6,2,"a perfect glass of a rich orange cocktail garnished with a slice of citrus peel and a few ice cubes in a transparent glass, delicate pieces of fruit scattered on a weathered brown wooden table, highly detailed commercial product photography, warm golden hour soft natural lighting",0.877100944519043,0.4976285696029663,43.44257533049216,0.714487
1159_25.png,184,run_10,4,"highly detailed, 4k, realistic close-up of a delicious orange cocktail garnished with orange peel in a transparent glass, scattered fresh fruit cubes on a wooden surface, golden hour sun casting warm tones",0.8679568767547607,0.4667291045188904,44.403422518849176,0.713611
1159_25.png,185,run_8,2,clear glass with a slice of citrus peel and scattered fresh fruit cubes on a weathered brown surface,0.8721323013305664,0.48149794340133667,43.970522604251606,0.713492
1159_25.png,186,run_8,4,4k high-quality product photography of a warm orange cocktail garnished with a thin slice of citrus peel in a clear glass held by a human hand on a wooden surface,0.8722858428955078,0.4834269881248474,44.165697431825706,0.710877
1159_25.png,187,run_14,4,"bright and colorful orange cocktail garnished with a medley of citrus slices in a delicate clear glass, scattered juicy mixed fruit cubes on a worn rustic wooden surface",0.868354082107544,0.504035472869873,41.39791192361713,0.710424
1159_25.png,188,run_6,1,"a highly detailed orange cocktail garnished with a piece of citrus peel in a clear glass, scattered cubes of fresh fruit on a brown wooden platter, 4k digital painting",0.8871392607688904,0.5385904908180237,42.41138674374092,0.710201
1159_25.png,189,run_14,2,"opaque warm orange juice cocktail garnished with thin slices of citrus peel in a delicate clear highball glass, scattered juicy melon chunks on a worn, slightly distressed rustic wooden cutting board",0.9218789935112,0.6102529764175415,43.53174382842727,0.709967
1159_25.png,190,run_3,4,"orange cocktail in a glass, garnished with a slice of orange peel, surrounded by colorful fruit cubes on a polished wooden table, highly detailed product still life",0.9004673361778259,0.5454100966453552,44.84062199864746,0.709705
1159_25.png,191,run_10,2,"close-up of a freshly squeezed orange cocktail garnished with a thin slice of citrus in a clear glass on a rustic wooden surface surrounded by scattered fruit, captured in the soft light of golden hour",0.8838404417037964,0.4874434471130371,46.62595058968693,0.709103
1159_25.png,192,run_2,1,"opaque vibrant orange cocktail garnished with fresh citrus peel in a crystal glass, scattered colorful fruit cubes on a worn wooden surface, studio lighting with a golden glow",0.8953158259391785,0.535484790802002,44.79729552078319,0.708296
1159_25.png,193,run_11,3,"highly detailed photorealistic style 4k digital painting of orange cocktail with citrus and fruit garnish in a clear glass, wooden cutting board in the background with a warm golden light",0.9137930870056152,0.5655821561813354,46.15819349697621,0.708094
1159_25.png,194,run_8,1,"highly detailed orange cocktail adorned with a twist of citrus in a clear glass, scattered colorful fruit cubes on a rustic brown surface, dramatic product lighting",0.8712499737739563,0.4976506233215332,43.293736094755296,0.705521
1159_25.png,195,run_12,2,"highly detailed orange cocktail garnished with a slice of citrus, on a distressed brown surface, a few abstractly arranged fruit cubes in the background, 8k highly detailed product photography, soft golden hour lighting",0.847601056098938,0.49884769320487976,37.903511226334516,0.705086
1159_25.png,196,run_2,5,"highly detailed and ultra-realistic orange and yellow cocktail garnish with a slice of citrus peel in a clear glass, scattered small fruit cubes on a weathered wooden surface, shallow depth of field with subtle focus effects",0.8808324337005615,0.4983077645301819,45.6239556025128,0.703758
1159_25.png,197,run_14,5,"highly detailed realistic depiction of an opaque vibrant orange cocktail garnished with slices of citrus in a delicate glass, scattered juicy fruit cubes on a worn aged wooden surface, soft natural studio lighting",0.8743484616279602,0.4911966621875763,44.86235755052289,0.703517
1159_25.png,198,run_4,3,"vibrant orange cocktail garnished with a slice of citrus peel in a delicate crystal glass, scattered colorful fruit cubes arranged artfully on a natural brown wooden surface with a soft focus, highly detailed digital image",0.8805185556411743,0.5073098540306091,44.829740636388884,0.702810
1159_25.png,199,run_11,3,"photorealistic style highly detailed digital painting of orange cocktail with a slice of citrus garnish in a clear glass, vibrant fruit cubes and a few fresh berries on a wooden chopping board",0.8984030485153198,0.5778906941413879,42.332925642692004,0.701941
1159_25.png,200,run_2,5,"highly detailed and realistic orange and yellow cocktail garnish with a slice of citrus peel in a delicate crystal glass, scattered small fruit cubes on a rustic wooden cutting board, shallow depth of field",0.8940674066543579,0.5627908110618591,42.88832540806263,0.701087
1159_25.png,201,run_9,1,"orange cocktail garnished with a strip of citrus peel in a tall glass, scattered fruit cubes on a dark brown wood surface, natural product photography",0.884590744972229,0.4922560453414917,47.49629624113077,0.700281
1159_25.png,202,run_13,1,"vibrant orange cocktail garnished with a wedge of citrus on a wood cutting board, scattered fruit cubes in the background, realistic 4k photography",0.8569458723068237,0.5112587213516235,39.58626037126478,0.699405
1159_25.png,203,run_3,3,"bright orange cocktail in a clear glass, garnished with a slice of citrus peel, surrounded by colorful fruit on a dark wooden table, highly realistic",0.8624200224876404,0.4823324680328369,43.55103869816115,0.699353
1159_25.png,204,run_12,5,"8k highly detailed photorealistic still-life of an orange cocktail garnished with a slice of citrus, placed on a wooden cutting board with some rough-hewn texture, a few mixed fruit cubes in soft focus scattered around it, product photography, soft warm golden hour overhead lighting.",0.8739135265350342,0.5411800742149353,40.80703066058263,0.697798
1159_25.png,205,run_9,4,highly realistic 4k still life of a bright orange cocktail with a slice of orange peel on a warm brown wooden table,0.8901594281196594,0.5359896421432495,44.98387534642726,0.697617
1159_25.png,206,run_13,5,"'an exquisite 4k digital artwork of an orange cocktail infused with citrus, carefully arranged within a clear glass and garnished with a delicate twist of peel, placed upon a wooden surface and bathed in soft, golden sunlight surrounded by vibrant fresh fruit.'",0.9088392853736877,0.5600846409797668,47.05563888532418,0.696649
1159_25.png,207,run_4,1,"opaque vibrant cocktail with orange slice garnish in a clear glass, scattered fruit cubes on warm wooden surface with studio product lighting",0.8694050908088684,0.5340380668640137,40.64787074903336,0.696380
1159_25.png,208,run_1,3,"opaque vibrant cocktail garnished with a citrus twist in a clear glass, scattered colorful fruit cubes on a warm wooden surface, highly detailed natural product lighting",0.8413569927215576,0.48746439814567566,38.85023058151856,0.695275
1159_25.png,209,run_11,4,"a juicy orange cocktail with a slice of citrus perched on the rim, placed on a wooden board surrounded by an assortment of colorful fruit, highly realistic style, masterpiece",0.8455748558044434,0.4957631230354309,39.35094961876547,0.692749
1159_25.png,210,run_8,3,Realistic 4k product photography of an orange cocktail with a slice of citrus peel sitting in a clear glass on a beautifully crafted wooden surface,0.9051769375801086,0.5368137955665588,49.003957442993205,0.692188
1159_25.png,211,run_12,2,"detailed orange cocktail garnished with a wedge of citrus on a wooden surface, a scattering of fruit cubes and a few sprigs of rosemary in the background, highly detailed 8k masterpiece photography, warm golden hour light",0.8647602796554565,0.5302660465240479,40.58911297753673,0.691535
1159_25.png,212,run_6,2,"a stunning glass of rich orange cocktail garnished with a slice of citrus peel in a delicate transparent glass, scattered pieces of fresh fruit on a vintage distressed brown wooden table, high-quality product photography, soft warm and golden hour natural light",0.8736491203308105,0.525740921497345,43.022565593435125,0.691517
1159_25.png,213,run_11,2,"a wooden chopping board with scattered fruit cubes and a clear glass in the background containing a vibrant orange cocktail garnished with a slice of citrus, photorealistic style",0.8917721509933472,0.569917619228363,43.09855924228827,0.690394
1159_25.png,214,run_11,5,"a perfectly crafted, highly detailed orange cocktail with an elegant slice of citrus, photorealistic style, set on a wooden cutting board with tiny ice cubes and colorful fresh fruit",0.8954669237136841,0.5839219689369202,42.638473673292324,0.690204
1159_25.png,215,run_9,5,highly detailed and highly realistic 4k digital art of a bright orange cocktail garnished with a slice of citrus peel on a rich brown wooden table with colorful fruit and slight soft focus,0.8624829053878784,0.53908771276474,39.601896082349874,0.688807
1159_25.png,216,run_7,1,"realistic image of a glass containing a vibrant orange cocktail with a slice of citrus peel garnish, scattered fruit cubes on a brown wooden cutting board, expertly lit with studio lights",0.8941295146942139,0.5810822248458862,42.873265705759536,0.688147
1159_25.png,217,run_6,1,"vibrant orange cocktail garnished with a slice of citrus peel in a transparent glass, scattered pieces of tropical fruit on a weathered wooden table, softbox lighting",0.8992819786071777,0.5671266913414001,45.4033758876662,0.687733
1159_25.png,218,run_5,1,"vibrant tangerine cocktail garnish with citrus zest in a see-through glass, scattered small fruit cubes on dark brown surface, precise and clear product presentation photography",0.8745527267456055,0.5135900974273682,44.992847078213295,0.686758
1159_25.png,219,run_5,2,"'vibrant tangerine juice cocktail with citrus slices and peel, garnished with small fruit in a transparent glass on a warm wooden surface, highly detailed digital painting'",0.8702824115753174,0.5263750553131104,42.91054236901457,0.686112
1159_25.png,220,run_4,1,"highly detailed, 4k photo of an orange-infused cocktail garnished with a slice of citrus in a clear glass, scattered fruit cubes on a rustic brown surface, under studio lighting",0.8723268508911133,0.5105369687080383,44.97395051103121,0.685262
1159_25.png,221,run_3,4,"vibrant orange cocktail in a glass, garnished with a wedge of citrus peel, surrounded by colorful fruit cubes on a rustic wooden table, highly detailed, 4k photography",0.8409646153450012,0.5052112340927124,38.4494116727981,0.684892
1159_25.png,222,run_1,Baseline,"opaque orange cocktail garnished with citrus peel in a clear glass, scattered fruit cubes on brown surface, studio product lighting",0.8869775533676147,0.5547809600830078,44.20941146732794,0.684529
1159_25.png,223,run_2,Baseline,"opaque orange cocktail garnished with citrus peel in a clear glass, scattered fruit cubes on brown surface, studio product lighting",0.8869775533676147,0.5547809600830078,44.20941146732794,0.684529
1159_25.png,224,run_3,Baseline,"opaque orange cocktail garnished with citrus peel in a clear glass, scattered fruit cubes on brown surface, studio product lighting",0.8869775533676147,0.5547809600830078,44.20941146732794,0.684529
1159_25.png,225,run_4,Baseline,"opaque orange cocktail garnished with citrus peel in a clear glass, scattered fruit cubes on brown surface, studio product lighting",0.8869775533676147,0.5547809600830078,44.20941146732794,0.684529
1159_25.png,226,run_5,Baseline,"opaque orange cocktail garnished with citrus peel in a clear glass, scattered fruit cubes on brown surface, studio product lighting",0.8869775533676147,0.5547809600830078,44.20941146732794,0.684529
1159_25.png,227,run_6,Baseline,"opaque orange cocktail garnished with citrus peel in a clear glass, scattered fruit cubes on brown surface, studio product lighting",0.8869775533676147,0.5547809600830078,44.20941146732794,0.684529
1159_25.png,228,run_7,Baseline,"opaque orange cocktail garnished with citrus peel in a clear glass, scattered fruit cubes on brown surface, studio product lighting",0.8869775533676147,0.5547809600830078,44.20941146732794,0.684529
1159_25.png,229,run_8,Baseline,"opaque orange cocktail garnished with citrus peel in a clear glass, scattered fruit cubes on brown surface, studio product lighting",0.8869775533676147,0.5547809600830078,44.20941146732794,0.684529
1159_25.png,230,run_9,Baseline,"opaque orange cocktail garnished with citrus peel in a clear glass, scattered fruit cubes on brown surface, studio product lighting",0.8869775533676147,0.5547809600830078,44.20941146732794,0.684529
1159_25.png,231,run_10,Baseline,"opaque orange cocktail garnished with citrus peel in a clear glass, scattered fruit cubes on brown surface, studio product lighting",0.8869775533676147,0.5547809600830078,44.20941146732794,0.684529
1159_25.png,232,run_11,Baseline,"opaque orange cocktail garnished with citrus peel in a clear glass, scattered fruit cubes on brown surface, studio product lighting",0.8869775533676147,0.5547809600830078,44.20941146732794,0.684529
1159_25.png,233,run_12,Baseline,"opaque orange cocktail garnished with citrus peel in a clear glass, scattered fruit cubes on brown surface, studio product lighting",0.8869775533676147,0.5547809600830078,44.20941146732794,0.684529
1159_25.png,234,run_13,Baseline,"opaque orange cocktail garnished with citrus peel in a clear glass, scattered fruit cubes on brown surface, studio product lighting",0.8869775533676147,0.5547809600830078,44.20941146732794,0.684529
1159_25.png,235,run_14,Baseline,"opaque orange cocktail garnished with citrus peel in a clear glass, scattered fruit cubes on brown surface, studio product lighting",0.8869775533676147,0.5547809600830078,44.20941146732794,0.684529
1159_25.png,236,run_15,Baseline,"opaque orange cocktail garnished with citrus peel in a clear glass, scattered fruit cubes on brown surface, studio product lighting",0.8869775533676147,0.5547809600830078,44.20941146732794,0.684529
1159_25.png,237,run_9,1,"highly detailed vibrant orange cocktail garnished with a twist of citrus peel in a crystal glass, scattered fruit cubes on a rough brown surface, high-angle studio product shot",0.887561559677124,0.574464738368988,42.613749411775295,0.683568
1159_25.png,238,run_13,3,"an exquisite digital masterpiece of an orange cocktail infused with citrus, carefully crafted within a clear glass and garnished with a delicate twist of peel, placed upon a natural wooden surface and bathed in soft warm sunlight alongside a colorful arrangement of fresh fruit",0.8884264230728149,0.5549783706665039,44.74837926814188,0.682765
1159_25.png,239,run_3,4,"colorful citrus peel garnished cocktail in a glass, surrounded by colorful fruit cubes and a few sprigs of fresh mint on a wooden table, high resolution, photorealistic product photography",0.8649069666862488,0.5587052702903748,39.31821409691761,0.681039
1159_25.png,240,run_10,3,vibrant golden hour digital artwork of a clear glass holding an opaque orange cocktail garnished with a citrus slice and surrounded by colorful fruit cubes on a rustic wooden platter,0.9035373330116272,0.5877857804298401,45.33226491878317,0.680748
1159_25.png,241,run_3,3,"orange cocktail in a tall clear glass, garnished with a thin citrus peel, surrounded by colorful cubed fruit on a rustic wooden table, highly detailed",0.8701677322387695,0.550143301486969,41.442891036970025,0.680030
1159_25.png,242,run_2,1,"orange citrus cocktail garnish with a slice of peel in a clear glass, scattered small and medium fruit cubes on a worn wooden cutting board, soft natural light",0.9096841812133789,0.5802620053291321,47.72702522863204,0.678456
1159_25.png,243,run_9,1,"warm orange cocktail garnished with a slice of citrus peel in a delicate glass, scattered fruit cubes on a light brown surface, softbox studio lighting",0.9084081649780273,0.5701167583465576,48.59584743583828,0.676915
1159_25.png,244,run_2,5,"highly detailed and photorealistic orange and yellow cocktail garnish with a slice of citrus peel in a clear glass, scattered small fruit cubes and a few stray ice cubes on a weathered wooden surface, shallow depth of field",0.881389856338501,0.5238118171691895,46.910812991462095,0.676531
1159_25.png,245,run_15,5,"highly detailed, 4k realistic image of a bright orange cocktail with a slice of citrus peel garnish in a delicate clear glass on a worn, weathered wooden table with dappled warm sunlight",0.8764636516571045,0.5688088536262512,41.587240602528766,0.676350
1159_25.png,246,run_8,5,highly detailed 4k digital still life of an orange cocktail garnished with a thin slice of orange peel in a clear glass on a hand hewn wooden surface,0.8536937832832336,0.4713996350765228,45.63712019513724,0.676230
1159_25.png,247,run_5,5,"highly detailed 4k digital painting of a colorful still life of a tangerine juice cocktail, gently splashed with citrus peel, garnished with colorful sliced citrus and small citrus fruits, on a dark brown wooden platter in a cozy kitchen, serene and peaceful ambiance",0.9076484441757202,0.600651204586029,45.71997559410896,0.675615
1159_25.png,248,run_9,4,highly detailed 4k product image of a bright orange cocktail garnished with an orange slice on a richly textured dark brown wooden table surrounded by seasonal fruit,0.8723047971725464,0.5421122908592224,43.29077768254439,0.675369
1159_25.png,249,run_12,3,"8k photorealistic highly detailed orange cocktail garnished with a slice of citrus and a sprig of fresh mint, on a vintage wooden table, a few abstractly arranged colorful fruit cubes in the background, soft golden hour lighting",0.8469652533531189,0.5494669079780579,37.27446989747642,0.672374
1159_25.png,250,run_13,1,"citrus-infused orange cocktail in a clear glass, garnished with peel and surrounded by fresh fruit, warm sunlight and a wooden surface, beautiful digital painting",0.8920746445655823,0.5619389414787292,46.28740344639788,0.672283
1159_25.png,251,run_13,4,"'a stunningly accurate digital painting of an orange cocktail infused with citrus, carefully arranged within a clear glass and garnished with a delicate twist of peel; placed upon a wooden surface and surrounded by a colorful assortment of fresh, seasonal fruit in warm, natural light'",0.8921562433242798,0.5781672596931458,44.99266422587814,0.670643
1159_25.png,252,run_14,4,"highly detailed 4k photo of an orange cocktail garnished with a wedge of citrus in a delicate clear glass, scattered juicy fruit cubes on a worn vintage brown surface",0.8658134937286377,0.5163080096244812,44.88521698347878,0.670558
1159_25.png,253,run_10,5,"detailed close-up of an opaque orange cocktail garnished with citrus peel and a sprig of rosemary in a clear glass, scattered fruit cubes on a rustic wooden surface, golden hour lighting with long shadows",0.8588025569915771,0.5426900386810303,40.91939015419882,0.669799
1159_25.png,254,run_13,4,"'a highly stylized, 4k digital artwork of an orange cocktail infused with citrus, artfully arranged within a crystal glass and garnished with a delicate piece of peel; situated on a wooden cutting board and bathed in warm, golden sunlight'",0.90771484375,0.5725113153457642,49.24325254821084,0.669048
1159_25.png,255,run_14,4,"warm and inviting orange cocktail garnished with a twist of citrus peel in a delicate clear glass, scattered juicy seasonal fruit cubes on a worn wooden table with soft warm studio product lighting",0.8872743248939514,0.553491473197937,46.55516207055046,0.668039
1159_25.png,256,run_13,5,"'a highly detailed digital painting of an orange cocktail infused with citrus, carefully arranged within a transparent glass and garnished with a delicate twist of peel, placed upon a wooden surface and bathed in warm sunlight surrounded by a colorful selection of fresh fruit.'",0.8782823085784912,0.5565594434738159,44.306388347031046,0.667516
1159_25.png,257,run_4,3,"vibrant orange cocktail garnished with a slice of citrus, scattered colorful fruit cubes, and a sprig of rosemary, all placed artfully on a beautifully crafted brown wooden surface with a shallow depth of field, highly detailed image",0.8731240034103394,0.5624590516090393,42.77107729488412,0.666113
1159_25.png,258,run_15,1,"highly realistic digital painting of an orange cocktail garnished with citrus peel, scattered fruit cubes on a weathered wooden surface",0.8688243627548218,0.557358980178833,42.31358705893223,0.665866
1159_25.png,259,run_6,5,"a juicy orange margarita in a clear glass, surrounded by sliced fruit and a few citrus peels, shot on a rustic wooden table, perfect product photography, warm natural light",0.8787827491760254,0.5623392462730408,44.21533093413393,0.664916
1159_25.png,260,run_1,1,"highly realistic, studio-lit, opaque orange cocktail garnished with a slice of citrus in a clear glass, scattered fruit cubes on a brown stone surface, soft focus product photography",0.8656078577041626,0.5314850807189941,44.263548458532355,0.664034
1159_25.png,261,run_9,1,"vibrant orange cocktail garnished with a spiral of citrus peel in a chilled glass, scattered fruit cubes on a cracked brown surface, 4k photography",0.8500206470489502,0.5361964702606201,40.47818613427251,0.662703
1159_25.png,262,run_8,3,4k digital painting of a warm and inviting orange cocktail with a float on a wooden table adorned with a few citrus peels,0.8958706855773926,0.5797134637832642,46.844891993318804,0.661777
1159_25.png,263,run_9,2,"highly detailed warm vibrant orange cocktail garnished with thin citrus peel in a crystal glass, scattered fruit cubes on a polished dark wooden surface, intense studio product lighting",0.8711063265800476,0.5143725872039795,47.5641595379479,0.660600
1159_25.png,264,run_4,3,"colorful orange cocktail garnished with citrus zest, scattered assorted fruit cubes, and a sprig of fresh mint, all presented on a rustic brown wooden surface with a slight blur, highly detailed 4k image",0.8789209127426147,0.5949919819831848,41.80860049514447,0.660054
1159_25.png,265,run_13,3,"a mouthwatering digital artwork of an orange cocktail infused with citrus, expertly blended and poured into a clear glass, garnished with a delicate twist of peel and placed upon a wooden surface surrounded by a medley of colorful fresh fruit",0.9068087935447693,0.5747060775756836,50.035693735854395,0.659850
1159_25.png,266,run_11,4,"a succulent orange cocktail, garnished with a slice of citrus, placed in a clear glass on a wooden chopping board surrounded by a variety of colorful fruit, photorealistic rendering",0.8499908447265625,0.525836706161499,42.228390462841176,0.656729
1159_25.png,267,run_13,1,"opaque orange cocktail garnished with citrus peel, scattered fruit cubes, and a few fresh berries on a warm brown surface, highly detailed, beautiful still life photography",0.8742138147354126,0.5621670484542847,44.53537408184552,0.654717
1159_25.png,268,run_10,2,detailed close-up of an opaque orange cocktail garnished with a slice of citrus in a clear glass amidst scattered colorful fruit cubes on a wooden surface bathed in warm golden hour lighting,0.8866984844207764,0.5235006809234619,51.23203250576858,0.652879
1159_25.png,269,run_8,3,8k highly detailed photo of a stunning orange cocktail artfully garnished with a slice of citrus peel in a glass resting on a wooden cutting board,0.879897952079773,0.5777344703674316,44.59286824245973,0.652875
1159_25.png,270,run_1,4,"'opaque vibrant orange cocktail garnished with a bright citrus twist in a delicate clear glass, scattered multicolored juicy fruit cubes on a rich warm wooden surface, high-contrast natural softbox lighting, highly detailed'",0.8534854054450989,0.513286828994751,44.882775865119385,0.651496
1159_25.png,271,run_3,2,"'an expertly crafted orange cocktail in a clear glass, garnished with a slice of citrus, surrounded by colorful fruit cubes on a dark wooden table in a modern minimalist style'",0.9059463739395142,0.5703085660934448,51.38412453683664,0.651221
1159_25.png,272,run_14,1,"opaque bright orange cocktail garnished with citrus peel, scattered colorful fruit cubes on a rough wooden surface, warm natural product photography",0.8624376058578491,0.5739637613296509,41.37738506250512,0.650063
1159_25.png,273,run_13,4,"'a breathtakingly realistic digital artwork of a glass containing an orange cocktail, garnished with a citrus twist, surrounded by a diverse assortment of fresh exotic fruits on a wooden platter in warm sunlight'",0.8875298500061035,0.6082123517990112,43.89753072995637,0.649418
1159_25.png,274,run_13,2,"a crystal glass filled with a refreshing citrus-infused orange drink, garnished with a slice of peel and accompanied by a colorful arrangement of fresh fruit, set against a warm and sunny backdrop of a wooden surface",0.8871502876281738,0.5841387510299683,46.251596148711776,0.648093
1159_25.png,275,run_5,3,"a highly detailed photorealistic still life of a colorful tangerine juice cocktail splashed with citrus peel, garnished with citrus slices in a clear glass, colorful small fruit cubes and citrus on a dark brown wooden table, masterpiece, warm light",0.8887656927108765,0.5779207348823547,47.306268526982514,0.647291
1159_25.png,276,run_2,3,"highly detailed and realistic orange and yellow cocktail garnish with a slice of citrus peel in a clear glass, scattered small real fruit cubes and a few cocktail olives on a distressed wooden surface, shallow depth of field in the style of a fine art photograph",0.8939542770385742,0.5708934664726257,49.32005933366772,0.645901
1159_25.png,277,run_9,4,highly detailed 8k product photography of a vibrant orange cocktail garnished with a slice of citrus peel on a richly grained dark brown wooden table,0.8441312313079834,0.5152615904808044,43.78317787915014,0.642352
1159_25.png,278,run_4,3,"exquisite orange cocktail garnished with a wedge of citrus, scattered vibrant fruit cubes, and a sprig of fresh rosemary, all displayed on a worn, natural brown wooden surface with a soft focus, highly detailed digital painting",0.90699702501297,0.628633975982666,47.4319317825456,0.641272
1159_25.png,279,run_7,1,"vibrant orange cocktail with an orange wedge garnish in a clear glass, scattered fresh fruit cubes on a brown wooden cutting board, professional studio product photography",0.8895074725151062,0.6089085936546326,45.350308182252704,0.641222
1159_25.png,280,run_12,1,"opaque vibrant orange cocktail garnished with a slice of citrus peel in a crystal clear glass, scattered mixed fruit cubes on a warm brown wooden surface, highly detailed studio product lighting",0.8696173429489136,0.5691288709640503,44.8839690929472,0.639118
1159_25.png,281,run_10,1,"highly detailed 4k studio shot of a gorgeous opaque orange cocktail garnished with lemon peel in a clear glass, scattered fresh fruit cubes on a rich brown surface",0.8573026061058044,0.5149471759796143,47.35788738258475,0.637964
1159_25.png,282,run_5,1,"opaque vibrant tangerine cocktail garnished with citrus peel in a transparent glass, scattered mixed berry and citrus fruit cubes on a rich brown wood surface, highly detailed studio product photography",0.868571400642395,0.5764325261116028,44.12677679105749,0.637847
1159_25.png,283,run_2,1,"highly realistic 4k studio product shot of a dark orange cocktail garnish with citrus peel in a clear glass, scattered fruit cubes on a brown surface, dramatic overhead lighting",0.8696928024291992,0.5023326873779297,51.47740357427631,0.636916
1159_25.png,284,run_14,1,"highly realistic orange cocktail garnished with citrus peel in a clear glass, scattered fruit cubes on a worn leather surface, softbox studio lighting",0.9127869009971619,0.5881138443946838,53.189798391358956,0.636401
1159_25.png,285,run_3,1,"opaque vibrant cocktail garnished with citrus peel in a transparent glass, scattered colorful fruit cubes on a wooden surface, studio product lighting, highly detailed",0.8420014977455139,0.5022321343421936,45.41409659701429,0.635590
1159_25.png,286,run_3,1,"opaque orange liqueur garnished with a slice of citrus, scattered small fruit cubes on a wooden surface, studio product photography, highly realistic",0.8519229292869568,0.5468252301216125,43.56751941539369,0.634722
1159_25.png,287,run_2,5,"highly detailed and realistic orange and yellow cocktail garnish with a slice of citrus peel in a clear glass, scattered small fruit cubes and a lemon wedge on a beautifully crafted wooden surface with a warm glow, shallow depth of field",0.8959305882453918,0.5856533050537109,49.96429732421626,0.633763
1159_25.png,288,run_14,5,"highly detailed digital painting of a vibrant orange cocktail garnished with fresh slices of citrus in a delicate glass, scattered juicy fruit cubes on a worn rustic surface, warm golden lighting",0.8641480803489685,0.5549114346504211,45.97759579040228,0.631560
1159_25.png,289,run_13,3,"a highly realistic digital painting of a refreshing orange cocktail infused with citrus, carefully poured into a clear glass and garnished with a delicate twist of peel, placed upon a rustic wooden surface and surrounded by a colorful display of fresh fruit",0.8729248642921448,0.5641838908195496,47.31551073301743,0.629793
1159_25.png,290,run_8,4,high-resolution 4k product photography of a zesty orange cocktail garnished with a thin slice of citrus zest in a crystal glass on a beautifully refinished wooden table,0.8565709590911865,0.5452421307563782,45.444159616967966,0.629531
1159_25.png,291,run_13,4,"'a captivating, highly realistic digital masterpiece of a glass containing an orange cocktail, garnished with a delicate citrus peel, surrounded by a colorful arrangement of fresh fruit on a natural wooden surface under soft sunlight'",0.8545956611633301,0.5507069826126099,44.52039144587563,0.629254
1159_25.png,292,run_3,1,"opaque orange mixed drink garnished with citrus peel in a clear glass, scattered various fruit cubes, soft focus studio lighting, 4k resolution",0.9115605354309082,0.6000503301620483,52.94752237491382,0.627549
1159_25.png,293,run_1,2,highly detailed and realistic close-up of an opaque burnt orange cocktail garnished with a citrus twist in a clear glass near a colorful fruit platter,0.8307287096977234,0.5301331281661987,41.54421217574232,0.625657
1159_25.png,294,run_12,2,"opaque citrus cocktail garnished with a slice of orange on a rich brown surface, a few strategically scattered ice cubes in the background, highly detailed 4k studio product photography, golden hour lighting",0.8638127446174622,0.5479729175567627,47.42070147185195,0.624944
1159_25.png,295,run_6,2,"the perfect glass of a rich orange cocktail garnished with a slice of citrus peel in a transparent glass, delicate pieces of fruit scattered on a distressed brown wooden table, highly detailed product photography, warm golden hour softbox lighting",0.8754585981369019,0.5630949139595032,48.72573971686407,0.624166
1159_25.png,296,run_8,1,"vibrant orange cocktail garnished with a piece of citrus peel in a clear glass, scattered juicy fruit cubes on a rough brown surface, professional studio lighting",0.8784692287445068,0.57719886302948,48.084974137901966,0.624106
1159_25.png,297,run_11,1,"'opaque mandarin cocktail garnished with citrus peel in a clear glass, scattered fruit cubes on weathered wooden surface, highly detailed studio product lighting'",0.8710094690322876,0.5289218425750732,51.340568781188715,0.621099
1159_25.png,298,run_13,5,"'a highly realistic digital painting of an orange cocktail infused with citrus, carefully crafted within a clear glass and garnished with a delicate twist of peel, placed upon a beautifully polished wooden surface and illuminated by the soft, gentle light of a sunny afternoon surrounded by a colorful selection of fresh fruit.'",0.8891199827194214,0.5833960771560669,50.398227180101635,0.620328
1159_25.png,299,run_13,5,"'a visually stunning digital artwork of an orange cocktail infused with citrus, artfully arranged within a delicate glass and garnished with a thin slice of peel, placed upon a wooden tabletop and bathed in the warm, soft light of a sunny morning surrounded by a colorful array of fresh fruit.'",0.8687814474105835,0.5909112095832825,45.120634463283125,0.620194
1159_25.png,300,run_12,5,"highly detailed 8k close-up of an orange cocktail garnished with a slice of citrus, on a distressed wooden cutting board with some fine cracks, a few mixed fruit cubes in the background, highly detailed product photography, soft warm golden hour studio lighting.",0.8437730073928833,0.5816667675971985,40.86208113167206,0.616279
1159_25.png,301,run_5,2,"'tangerine juice cocktail in a clear glass with citrus slices and fruit, realistic lighting on a wooden table, soft focus product still life'",0.8998496532440186,0.5970348715782166,52.06720488668037,0.616257
1159_25.png,302,run_8,1,"vibrant orange cocktail garnished with a slice of citrus peel in a translucent glass, scattered fruit cubes on a weathered brown surface, softbox lighting",0.8809940814971924,0.5894709229469299,48.84460418099628,0.613822
1159_25.png,303,run_4,2,"opaque vibrant orange cocktail garnished with a slice of lemon peel in a transparent glass, scattered colorful fruit cubes on a warm wooden surface, highly detailed studio product lighting",0.8986808657646179,0.5964550971984863,52.228601763128204,0.613425
1159_25.png,304,run_4,5,"highly detailed, 4k resolution orange cocktail garnished with zesty citrus peel in a transparent glass with a subtle shadow",0.8502214550971985,0.512897253036499,49.29726646605112,0.612407
1159_25.png,305,run_6,4,rich warm orange cocktail garnished with a slice of fresh citrus peel in a delicate transparent glass,0.8613176345825195,0.5699056386947632,46.63805878560445,0.610842
1159_25.png,306,run_11,3,"vibrant orange cocktail with a slice of citrus garnish in a clear glass and a scattered arrangement of fresh fruit cubes and a sprig of mint on a wooden cutting board, highly detailed photorealistic style 4k digital painting with warm sunlit atmosphere",0.8982970714569092,0.639782726764679,48.40161346441146,0.610838
1159_25.png,307,run_10,1,"highly detailed opaque orange cocktail garnished with citrus peel in a clear glass, scattered fruit cubes on dark brown surface, studio product photography",0.8908885717391968,0.5859378576278687,52.19296715873154,0.607831
1159_25.png,308,run_8,2,highly realistic and vibrant orange cocktail,0.8349415063858032,0.5107826590538025,46.69301995237661,0.607489
1159_25.png,309,run_12,4,"highly detailed 8k close-up of a handcrafted, one-of-a-kind, unique orange cocktail garnished with a slice of citrus on a dark worn and distressed wooden cutting board with a soft focus blur on the background to emphasize the product photography",0.878034234046936,0.6059301495552063,47.52833576916521,0.606937
1159_25.png,310,run_8,4,highly detailed 4k styled product photography of an orange cocktail garnished with a thin slice of citrus peel in a clear glass on a distressed wood background,0.8784412145614624,0.562247097492218,51.74220760236977,0.606863
1159_25.png,311,run_7,4,"a masterpiece digital painting of a refreshing opaque orange cocktail garnished with citrus peel in a delicate clear glass, set on a wooden surface with scattered fruit cubes",0.9018259048461914,0.6119672060012817,52.358182656682885,0.606695
1159_25.png,312,run_13,1,"orange cocktail in a clear martini glass garnished with a twist of citrus, scattered fruit cubes on a rustic wooden cutting board, natural light and a shallow DOF",0.874264657497406,0.5845581889152527,48.818654527177735,0.605953
1159_25.png,313,run_8,2,highly realistic fine art photography of a freshly squeezed orange cocktail with a slice of citrus peel in a clear glass on a distressed wooden background,0.899764358997345,0.5825026035308838,54.808271360234215,0.605616
1159_25.png,314,run_12,2,"richly detailed orange cocktail garnished with a wedge of citrus, set against a warm brown surface, a few artfully scattered fruit cubes and sprigs of rosemary in the background, highly detailed 4k digital painting style, golden hour lighting",0.8488163948059082,0.5797054171562195,43.75861741226034,0.604246
1159_25.png,315,run_14,4,"opaque highly detailed cocktail garnished with fresh slices of organic citrus peel in a delicate modern glass, scattered juicy exotic fruit cubes on a worn distressed brown surface",0.8283911347389221,0.535891592502594,43.83485926948304,0.599975
1159_25.png,316,run_10,1,"opaque vibrant cocktail garnished with fresh citrus peel in a clear glass, scattered fresh fruit cubes on warm brown surface, high detailed studio product lighting",0.819508969783783,0.515660285949707,44.473697713858265,0.594336
1159_25.png,317,run_2,5,"highly detailed and realistic orange and yellow cocktail garnish with a slice of citrus peel and a sprig of mint in a clear glass, scattered small fruit cubes on a distressed wooden surface with a soft cloth, shallow depth of field",0.8667382597923279,0.6200836896896362,45.4107803558765,0.593462
1159_25.png,318,run_12,1,"opaque orange cocktail with a twist of citrus, served in a delicate clear glass on a rich brown wooden surface, 4k resolution product photography, soft natural light",0.8319665193557739,0.526613712310791,46.371186635726986,0.593429
1159_25.png,319,run_4,1,"vibrant, highly detailed 4k photo of a glass mixing cocktail with citrus garnish under studio product lighting, set on a warm wooden surface with scattered fruit and brown background",0.8359436988830566,0.5397925972938538,46.22834143318219,0.591895
1159_25.png,320,run_4,1,"a highly realistic, 4k digital painting of an orange cocktail garnished with citrus peel in a clear glass, scattered fruit cubes on a wooden table, with warm studio lighting",0.8962081074714661,0.6123024821281433,53.06146381672645,0.591393
1159_25.png,321,run_15,2,"highly detailed realistic 4k image of a classic cocktail with a twist of citrus peel garnish in a clear glass on a beautifully crafted, distressed wooden table with warm, soft lighting",0.8815121054649353,0.5641026496887207,54.439587571502884,0.590205
1159_25.png,322,run_5,2,"'tangerine citrus cocktail with colorful peel, garnished with sliced citrus in a minimalist transparent glass, 4k highly detailed photorealism'",0.8795709013938904,0.6162919402122498,49.15858602266834,0.589669
1159_25.png,323,run_10,3,"close-up of an orange cocktail garnish highly detailed, with a slice of citrus peel resting on the rim of a clear glass amidst scattered colorful fruit cubes on a distressed wooden backdrop",0.8613980412483215,0.5384635925292969,52.46978037501547,0.589031
1159_25.png,324,run_13,4,"'a vivid and highly detailed digital painting of an orange cocktail infused with citrus; carefully arranged within a transparent glass and garnished with a delicate twist of peel, placed upon a rustic wooden surface and illuminated by soft natural sunlight amidst a colorful medley of fresh tropical fruit'",0.8809341192245483,0.6216827034950256,49.07804466472275,0.588756
1159_25.png,325,run_15,1,opaque vibrant orange cocktail garnished with organic citrus peel in a crystal clear glass,0.8624045252799988,0.5954173803329468,47.51093194696014,0.587687
1159_25.png,326,run_4,4,"an exquisite, highly detailed, 4k resolution image of an orange cocktail garnished with a citrus peel slice in a delicate crystal glass on a wooden table, surrounded by a colorful array of fruit cubes, with a soft, warm light and a shallow depth of field.",0.8937087059020996,0.6172032356262207,52.6986480110519,0.586330
1159_25.png,327,run_15,5,"a highly detailed, realistic 4k masterpiece image of a bright orange cocktail with a twist of citrus peel garnish in a delicate clear glass on a distressed, wooden table with a soft focus background",0.842837929725647,0.5385321378707886,48.64410087991183,0.586223
1159_25.png,328,run_2,4,highly detailed and photorealistic orange and yellow cocktail garnish with a slice of citrus peel on a hand-carved distressed wooden surface,0.8643835186958313,0.5937078595161438,48.39903214476228,0.585541
1159_25.png,329,run_6,2,"a glass of rich orange cocktail garnished with a slice of citrus peel and a sprig of rosemary in a transparent glass, scattered pieces of fruit and greenery on a weathered brown wooden table, highly detailed commercial product photography, golden hour warm natural lighting",0.8521682024002075,0.6166679263114929,43.607253529425506,0.584585
1159_25.png,330,run_7,1,"beautiful studio setup featuring an opaque orange cocktail garnished with a citrus peel in a clear glass, scattered colorful fruit cubes on a reclaimed brown wooden surface, highly detailed digital painting",0.8783451318740845,0.6085141897201538,50.48078326774364,0.583046
1159_25.png,331,run_13,2,"beautiful glass containing a vibrant orange cocktail infused with citrus, garnished with a twist of peel and surrounded by an assortment of fresh fruit, bathed in warm sunlight and placed on a rustic wooden table",0.8783955574035645,0.6608602404594421,45.69370151419554,0.582057
1159_25.png,332,run_3,2,"'orange and citrus flavored cocktail in a clear glass, garnished with a citrus peel, surrounded by colorful fruit cubes on a dark wooden table in a cozy dimly lit room'",0.8916444778442383,0.609686553478241,53.828754635816196,0.579542
1159_25.png,333,run_12,1,"highly detailed studio lit image of an orange cocktail with citrus peel garnish in a clear glass, scattered fruit cubes on a dark brown surface, realistic",0.8684266805648804,0.573092520236969,52.05949834391854,0.579367
1159_25.png,334,run_10,3,"detailed 4k digital painting of an opaque orange cocktail garnished with a fragrant citrus peel slice in a polished glass, amidst a scattering of fruit cubes on a wooden table at golden hour",0.906843900680542,0.6434953212738037,54.37983151955342,0.577208
1159_25.png,335,run_8,5,highly detailed 4k real food photography of an orange cocktail garnished with a thin slice of lime peel in a clear highball glass on a distressed wooden surface,0.8092637658119202,0.5266839861869812,44.30337148057786,0.570041
1159_25.png,336,run_10,2,highly detailed digital painting of a 4k resolution orange cocktail garnished with citrus peel in a clear glass on a rustic wooden surface during golden hour,0.8707281947135925,0.585690975189209,52.65651415632754,0.569707
1159_25.png,337,run_15,2,"photorealistic highly detailed digital art of a bright orange cocktail with a citrus wedge garnish in a glass on a wooden table with a warm, soft focus background",0.8826176524162292,0.6111814379692078,53.19222938345795,0.567769
1159_25.png,338,run_4,5,"highly detailed, realistic, high-quality orange cocktail garnished with vibrant citrus peel in a clear glass",0.8591327667236328,0.5609092712402344,52.743176397079566,0.566885
1159_25.png,339,run_4,2,"warmly lit opaque orange cocktail garnished with a slice of citrus peel in a crystal clear glass, scattered colorful fruit cubes on a rich brown surface, highly realistic studio product photography",0.8869770765304565,0.6290372014045715,53.13763004736644,0.562854
1159_25.png,340,run_11,1,"'warmly lit orange juice cocktail with a twist of citrus in a clear highball glass, scattered fruit cubes on a brown kitchen counter, precision-lit digital painting'",0.8711212873458862,0.6351033449172974,49.403640742869705,0.559692
1159_25.png,341,run_15,1,opaque tangerine cocktail garnished with citrus peel in a classic clear highball glass,0.8688218593597412,0.6061619520187378,51.700988630435326,0.558993
1159_25.png,342,run_13,5,"'a masterfully crafted digital still life of an orange cocktail infused with citrus, carefully arranged within a clear glass and garnished with a delicate twist of peel, placed upon a richly textured wooden surface and illuminated by a warm, sunlit glow surrounded by a colorful medley of fresh fruit.'",0.8723374605178833,0.6157000660896301,52.13526605208951,0.554872
1159_25.png,343,run_5,1,"a clear glass holds a tangerine cocktail garnished with bright citrus peel, scattered colorful small fruit cubes and citrus on a rich brown surface in a well-lit studio environment, crisp and clear product styling",0.8914685845375061,0.6287097930908203,55.49568970075598,0.552810
1159_25.png,344,run_2,4,"highly detailed realistic and mouthwatering orange and yellow cocktail garnish with a slice of citrus peel in a clear glass, shallow depth of field and a warm rustic wooden table in the background",0.8695847988128662,0.6086050868034363,52.75822228498831,0.550470
1159_25.png,345,run_11,5,"a mouthwatering, extremely detailed orange cocktail with an elegant slice of citrus, photorealistic style, set on a wooden board and garnished with a sprig of fresh herbs",0.8163050413131714,0.5768038034439087,43.77672542290425,0.550142
1159_25.png,346,run_12,2,"highly detailed close-up of a vibrant orange cocktail garnished with a slice of citrus, set against a subtle gradient of brown tones, a few strategically placed ice cubes in the background, 4k studio product photography, soft golden hour lighting",0.8665438890457153,0.5825821161270142,54.64838660486769,0.549505
1159_25.png,347,run_4,5,"highly detailed, oil painting style, 4k resolution orange cocktail garnished with zesty citrus peel in a beautiful, hand-painted glass on a warm, weathered wooden table with a soft focus",0.8617292046546936,0.5959874987602234,52.308543981501025,0.549442
1159_25.png,348,run_2,4,"stunning 4k digital painting of a vibrant orange and yellow cocktail garnish with a slice of citrus peel in a clear glass, scattered small fruit cubes",0.9128352403640747,0.6530342102050781,58.63985090351565,0.548113
1159_25.png,349,run_15,5,"highly detailed, 8k digital painting of a bright, juicy orange cocktail with a wheel of citrus peel garnish in a crystal clear glass on a beautifully, distressed wooden table",0.8843302726745605,0.6223499774932861,55.26800102194747,0.546819
1159_25.png,350,run_2,2,"vivid and colorful cocktail garnish with a slice of lime peel in a tall clear glass, scattered small fruit cubes on a rustic wooden platter, shallow depth of field",0.8176803588867188,0.559462308883667,46.29123900962106,0.545772
1159_25.png,351,run_2,4,"highly detailed and realistic close-up of an orange and yellow cocktail garnish with a slice of citrus peel in a clear glass, soft focus on the background",0.8764058947563171,0.6049914956092834,55.578985493776635,0.543270
1159_25.png,352,run_13,2,"crystal clear glass containing a delectable citrus-infused orange cocktail, garnished with peel and surrounded by an exquisite arrangement of fresh fruit, set against the soft warm glow of a sunny wooden surface in a highly realistic digital painting",0.8941218852996826,0.6328336596488953,57.02558866398292,0.542723
1159_25.png,353,run_14,1,"highly polished orange cocktail garnished with a slice of citrus, scattered vibrant fruit cubes on a dark brown surface, dramatic studio product lighting",0.8424479961395264,0.5502148866653442,53.28058289025017,0.541706
1159_25.png,354,run_6,5,"a perfectly crafted orange cocktail resting in a transparent highball glass, garnished with a slice of lemon and surrounded by a few pieces of fruit, set against a warm rustic wooden table, highly detailed photography, soft golden hour light",0.8684069514274597,0.6422341465950012,50.596213262141454,0.540766
1159_25.png,355,run_9,2,"highly detailed orange cocktail with a citrus twist garnish, colorful fruit cubes scattered across a worn light wood background, dramatic studio product lighting",0.8757833242416382,0.6189102530479431,55.049871913283404,0.536225
1159_25.png,356,run_2,3,"highly realistic and detailed close-up of an orange and yellow cocktail garnish with a slice of citrus peel in a clear glass, scattered small fruit cubes on a wooden surface, shallow depth of field in a dimly lit bar",0.9111300706863403,0.6308144330978394,61.96844932523249,0.535719
1159_25.png,357,run_7,3,"highly detailed, vibrant opaque juicy orange cocktail garnished with a wedge of citrus peel in a clear glass, scattered natural organic fruit cubes on rustic wooden surface, high-end studio product lighting",0.8538985252380371,0.59514981508255,52.52649633408029,0.534878
1159_25.png,358,run_7,4,highly detailed opaque vibrant orange cocktail garnished with a delicate twist of citrus peel in a sleek clear glass,0.8833168148994446,0.625380277633667,56.52068363114722,0.533316
1159_25.png,359,run_11,1,"'dramatically lit orange cocktail with citrus peel garnish in a clear wine glass, scattered fruit cubes on a distressed wood platter, highly resolved studio product shot'",0.8606199026107788,0.6340850591659546,51.0466630451215,0.529761
1159_25.png,360,run_14,5,"opaque vibrant orange cocktail in a clear glass garnished with slices of citrus on a worn wooden table, surrounded by scattered juicy fruit cubes, highly detailed studio lighting",0.839130699634552,0.5961929559707642,51.61702366908936,0.515618
1159_25.png,361,run_2,1,"highly detailed studio product shot of a dark orange cocktail garnished with citrus peel in a clear glass, scattered fruit cubes on a brown surface, softbox lighting",0.8708974123001099,0.59747314453125,58.86780529752282,0.514045
1159_25.png,362,run_3,2,"'orange cocktail in a clear glass, garnished with a slice of citrus, set amidst a colorful arrangement of fruit cubes on a dark wooden table with warm atmosphere'",0.8688403367996216,0.6482667326927185,53.76700803844504,0.512937
1159_25.png,363,run_13,2,"highly detailed digital painting of a clear glass filled with a citrus-infused orange cocktail, garnished with peel and surrounded by a variety of fresh fruit, set amidst warm sunlight and a beautifully crafted wooden surround",0.8435882329940796,0.6411547660827637,49.486736742727444,0.507233
1159_25.png,364,run_15,3,"highly detailed, realistic 4k image of a bright orange cocktail with a twist of citrus peel garnish in a clear glass on a warm, refinished pine table",0.8469477295875549,0.6082257032394409,53.40739286621134,0.506752
1159_25.png,365,run_11,3,"vibrant sunset orange cocktail garnished with a slice of juicy citrus in a clear glass, scattered vibrant fruit cubes and a sprig of mint on a wooden chopping board, photorealistic style highly detailed masterpiece",0.8567627668380737,0.6352970004081726,53.33691847725191,0.504734
1159_25.png,366,run_10,4,"highly detailed close-up shot of a vibrant orange cocktail garnished with real orange peel in a transparent glass, fresh fruit cubes arranged artfully on a distressed wooden surface at golden hour",0.7954614162445068,0.5384648442268372,50.02102899343212,0.494065
1159_25.png,367,run_4,1,"a masterfully crafted, highly detailed 4k image of a clear glass containing an opaque orange cocktail garnished with a slice of citrus, set against a warm brown background with scattered fruit cubes and studio product lighting",0.8744418621063232,0.630501389503479,59.60424995260988,0.490761
1159_25.png,368,run_6,4,"vibrant, golden hour lighting on a rich orange cocktail garnished with a slice of citrus peel in a transparent glass, set on a polished brown wooden table",0.8712748289108276,0.6569117903709412,57.87672798049449,0.479501
1159_25.png,369,run_1,2,the perfectly styled opaque cocktail features a burnt orange hue garnished with a citrus twist in a clear glass on a warm wooden surface,0.8572750687599182,0.6333966851234436,57.44709530355899,0.475568
1159_25.png,370,run_6,4,"highly detailed, 4k realistic photography of a rich orange cocktail garnished with a slice of citrus in a transparent glass",0.8641592264175415,0.6388214230537415,58.8497044999086,0.472813
1159_25.png,371,run_5,4,"highly detailed photorealistic oil painting of a colorful tangerine juice cocktail with citrus peel, colorful citrus slices, small fruit cubes, and citrus on a distressed dark brown wooden platter in a cozy morning kitchen scene",0.8251164555549622,0.6252274513244629,51.323228394697416,0.472809
1159_25.png,372,run_3,2,"'orange cocktail in a clear elegant glass, garnished with a citrus twist, set against a colorful background of fruit cubes on a dark wooden table in a studio setting'",0.8617453575134277,0.6181958913803101,60.64040650857666,0.469806
1159_25.png,373,run_1,2,opaque burnt orange cocktail garnished with a bright citrus twist in a delicate clear glass,0.8385289311408997,0.618784487247467,55.9089905974685,0.465519
1159_25.png,374,run_14,2,"bright, highly detailed orange cocktail garnished with large wedges of citrus peel in a clear, etched glass, scattered fruit slices on a worn, distressed rustic wooden table",0.8477193713188171,0.6703847050666809,53.46638319405963,0.462904
1159_25.png,375,run_3,4,"fresh orange cocktail in a glass, garnished with a twist of citrus peel, surrounded by colorful fruit cubes on a wooden table, highly detailed still life, digital masterpiece",0.8413076996803284,0.6520311236381531,53.84621838719091,0.462153
1159_25.png,376,run_7,4,"photorealistic close-up of an opaque juicy orange cocktail garnished with citrus peel in a frosted glass, surrounded by colorful organic fruit cubes",0.839309811592102,0.6325022578239441,56.0855287371266,0.455645
1159_25.png,377,run_4,2,"highly detailed close-up of a vibrant orange cocktail garnished with citrus peel in a transparent glass, scattered colorful fruit cubes on a wooden surface under studio lighting, 4k product photo",0.7934532165527344,0.5806406736373901,52.102641597899144,0.444344
1159_25.png,378,run_2,4,highly detailed and realistic fine art orange and yellow cocktail garnish with a slice of freshly squeezed citrus peel in a delicate clear glass,0.8515101671218872,0.6495952010154724,60.32836937666637,0.431950
1159_25.png,379,run_11,1,"'softly lit orange liqueur with a twist of citrus in a transparent glass, scattered fruit cubes on a rustic wooden counter, 4k digital artwork'",0.8020287156105042,0.6366323828697205,51.22633685293822,0.425537
1159_25.png,380,run_13,1,"opaque orange cocktail garnished with a slice of citrus peel in a clear glass on a brown surface, highly detailed studio product lighting",0.8644334673881531,0.6412703394889832,65.14170723651496,0.423431
1159_25.png,381,run_1,1,"opaque orange cocktail garnished with sliced citrus peel in a minimalist clear glass, scattered fruit cubes on a dark brown surface, softbox studio product lighting",0.8346887230873108,0.6375874280929565,59.7960463635544,0.415658
1159_25.png,382,run_12,1,"highly detailed close-up of an opaque orange cocktail garnished with citrus peels in a clear glass, scattered colorful fruit cubes on a wooden brown surface, softbox lighting",0.7826957702636719,0.5816479921340942,54.1041821572111,0.409773
1159_25.png,383,run_1,4,"'a stunning opaque orange cocktail placed on a clear glass with a citrus twist garnish, scattered colorful small fruit cubes on a warm wooden coffee table, extremely high-contrast natural product lighting, highly detailed digital painting'",0.8061584830284119,0.6636009216308594,55.80961643142905,0.378220
1159_25.png,384,run_15,1,"a warm, inviting studio product lighting setup for an orange cocktail garnished with a slice of citrus peel, scattered fruit cubes on a rich, dark brown wooden surface",0.8495575189590454,0.6961843371391296,66.26802616835582,0.349661
1159_25.png,385,run_3,5,"a finely detailed 360-degree view of a glass containing a refreshing orange cocktail, garnished with a lemon peel and surrounded by colorful fruit cubes, perfect lighting",0.830306887626648,0.7004815936088562,62.07402153758117,0.345435
1159_25.png,386,run_9,4,highly realistic 4k photography of a bright orange cocktail with an orange slice garnish on a vintage wooden table in a warm and cozy atmosphere with subtle reflections,0.8284457921981812,0.6942792534828186,63.29179167900829,0.337381
1159_25.png,387,run_7,4,"scattered organic fruit cubes and a sprig of fresh mint on a rustic wooden surface, high-end studio product lighting",0.7693076133728027,0.7034246921539307,55.24065412566979,0.290378
1159_25.png,388,run_7,2,"'a perfectly mixed, opaque orange cocktail garnished with a delicate piece of citrus peel in a stylish, transparent glass, scattered organic, exotic fruit cubes on a beautiful, wooden console table, exquisite high-end studio product lighting'",0.7126503586769104,0.6648564338684082,51.80846700705802,0.246681
1159_25.png,389,run_1,2,opaque vibrant sunset-colored cocktail garnished with a citrus twist in a clear glass,0.7622777223587036,0.7299486994743347,59.76285800413627,0.224607
1159_25.png,390,run_10,2,"highly detailed digital painting of a rustic wooden table setting, featuring a clear glass containing a vibrant orange cocktail garnished with citrus peel, and surrounded by colorful fruit cubes in the warm golden hour light.",0.6608422994613647,0.7162765264511108,55.55278854769728,0.091739
1159_29.png,1,run_10,4,"a delicate slender palm tree stands at the edge of a small island in the middle of an endless turquoise sea, no sand, with a warm soft serene sunset",0.9120934009552002,0.6070188879966736,46.6924933160097,0.895432
1159_29.png,2,run_10,3,"a single tall palm tree stands at the edge of a tiny island in the middle of a vast turquoise sea, no sand, at sunset with a warm glow",0.8909405469894409,0.60113525390625,43.3703976698735,0.882690
1159_29.png,3,run_2,3,"towering giant palm tree standing unbroken on a small rocky atoll in the midst of deep ocean waves, no beach, surrounding vibrant turquoise waves, highly detailed realistic sun-kissed golden light",0.8848457932472229,0.5819536447525024,45.500724895386874,0.869076
1159_29.png,4,run_10,2,"a single slender palm tree stands at the edge of a tiny island in the middle of an endless turquoise sea, no sand, with a warm breathtaking sunset",0.9079774618148804,0.6276870369911194,46.91141259101415,0.864231
1159_29.png,5,run_10,4,"a single slender majestic palm tree stands at the edge of a tiny island in the middle of an endless crystal-clear turquoise sea, no sand, with a warm breathtaking vibrant sunset",0.9058881998062134,0.610050618648529,48.42229258128701,0.863497
1159_29.png,6,run_2,5,highly detailed realistic 4k masterpiece sun-kissed golden light giant palm tree standing on small rocky atoll surrounded by deep ocean waves,0.8969250917434692,0.6277495622634888,47.7194855605623,0.832349
1159_29.png,7,run_2,4,"a tranquil atoll in the midst of deep ocean waves, a tall, thick-trunked palm tree stands strong on a small rocky islet, vibrant turquoise water surrounds the atoll, softly glowing warm sunlight",0.8962474465370178,0.590079665184021,52.21193055451115,0.828234
1159_29.png,8,run_8,5,"highly realistic highly detailed lone palm tree emerging from a small cluster of dark grey rocks near calm serene turquoise ocean waves, clear blue skies, vibrant radiant breathtaking sunset colors",0.9160973429679871,0.6739016771316528,48.01186806930717,0.827972
1159_29.png,9,run_2,5,a highly detailed realistic sun-kissed golden light palm tree standing unbroken on a small rocky island or atoll in the midst of deep ocean waves,0.9118328094482422,0.6360611319541931,52.57572756528699,0.815360
1159_29.png,10,run_5,4,"an exquisitely rendered, stunningly beautiful, 4k image of a solitary palm tree growing from a modest coral reef in a peaceful, cerulean ocean environment at sunset",0.9149529933929443,0.6653221249580383,50.79500500921144,0.809472
1159_29.png,11,run_10,2,"a single, tall palm tree stands alone on a small rocky island in the middle of a vibrant turquoise ocean, no sand, with warm golden sunset colors",0.8953835368156433,0.6469399333000183,49.019520222624216,0.798929
1159_29.png,12,run_8,2,"highly realistic highly detailed lone palm tree emerging from a small cluster of rocks near calm serene turquoise ocean waves, no beach in sight, vibrant radiant sunset colors",0.9212275147438049,0.6978158354759216,50.179111090501586,0.797361
1159_29.png,13,run_10,4,"a slender palm tree stands proudly at the edge of a small island in the middle of an endless vibrant turquoise sea, with a warm breathtaking digital painting sunset",0.914949893951416,0.6991799473762512,50.116824264005125,0.782507
1159_29.png,14,run_5,5,"an exquisitely rendered, breathtakingly beautiful, ultra-high definition 4k image of a solitary palm tree standing proudly from a modest coral reef in a serene, gentle, cerulean ocean environment at golden hour sunset",0.9157072305679321,0.6833975315093994,52.08267773024877,0.782387
1159_29.png,15,run_13,2,"'in the fading light of day, a lone palm tree stands tall on a small rocky outcropping in the calm, peaceful waters of the ocean, with no beach, and surrounded by soft, turquoise waves'",0.8652798533439636,0.5896942615509033,50.97760749846842,0.769950
1159_29.png,16,run_15,3,"a single, majestic palm tree rises from the surface of tranquil, crystal clear ocean waters",0.9023379683494568,0.6307123899459839,56.0749878250164,0.768759
1159_29.png,17,run_14,5,"highly detailed, ultra-high definition image of a solitary palm tree growing from a small outcropping into the serene ocean under soft pink and orange hues",0.9055556654930115,0.6886475086212158,51.36714842648317,0.760772
1159_29.png,18,run_8,1,"highly realistic lone palm tree emerging from a small cluster of rocks near calm turquoise ocean waves, no beach in sight, vibrant sunset colors",0.9086445569992065,0.6972651481628418,51.25869077413401,0.760276
1159_29.png,19,run_10,1,"a single, slender palm tree stands on a tiny island in the middle of turquoise water, no sand, with warm sunset colors",0.8874123096466064,0.6483228206634521,51.252466025634,0.760249
1159_29.png,20,run_10,3,"a highly realistic 4k digital art depiction of a single palm tree standing at the edge of a minuscule island in the heart of an endless turquoise sea, with a beautiful, golden warm sunset",0.904632031917572,0.6922281980514526,50.95041139454804,0.758859
1159_29.png,21,run_7,2,'a realistic highly colored palm tree standing tall from a small rocky shore in the middle of a crystal-clear ocean with soft flowing turquoise waves and a dramatic sky at dusk',0.9060027599334717,0.6707972884178162,54.06442835771554,0.755588
1159_29.png,22,run_7,4,"a highly detailed, realistic, majestic palm tree standing tall from a pebbled rocky shore in the crystal-clear ocean with soft flowing turquoise waves and a vibrant sunset sky at dusk",0.8998731970787048,0.6682617664337158,52.7866509582354,0.755449
1159_29.png,23,run_5,5,"an intricately rendered, breathtakingly beautiful, cinematic-style 4k image of a palm tree growing from a coral reef in a tranquil, cerulean ocean environment during the warm golden light of sunset",0.917428731918335,0.6931824684143066,54.583085252555605,0.754947
1159_29.png,24,run_3,1,"highly detailed palm tree growing out of a massive boulder in the center of a vast ocean, where turquoise waves break and splash, no beach in sight, sun setting in the background",0.9286673665046692,0.718191921710968,54.816209746893705,0.753828
1159_29.png,25,run_2,2,"majestic giant palm tree standing strong on a small rocky atoll in the centre of deep ocean waters, no beach, surrounding turquoise waves, warm golden sunset light",0.9006734490394592,0.6757040023803711,52.36498608314245,0.753694
1159_29.png,26,run_8,4,"highly realistic highly detailed lone palm tree emerging from a cluster of rough gray rocks near a serene turquoise ocean with gentle lapping waves, no beach in sight, vibrant warm sunset colors",0.918669581413269,0.7285882830619812,51.15173582024588,0.753272
1159_29.png,27,run_5,3,"a masterfully rendered, breathtakingly beautiful, 4k image of a solitary palm tree emerging from a modest coral reef in a tranquil, cerulean ocean environment at sunset",0.9123286008834839,0.6926150918006897,53.673272610213075,0.751997
1159_29.png,28,run_10,3,"a solitary palm tree rises at the edge of a minuscule island amidst an endless blue-green sea, no beach, during a breathtaking golden-hour sunset",0.9018980264663696,0.7026134729385376,50.28492487250621,0.748450
1159_29.png,29,run_8,4,"realistic highly textured lone palm tree pushing through a bed of jagged dark rocks near a serene turquoise ocean, no sandy beach in sight, warm vibrant sunset colors",0.908639132976532,0.7062790393829346,51.82206918778533,0.746601
1159_29.png,30,run_15,3,"a majestic, highly detailed palm tree stands tall amidst soft, turquoise waves and a breathtaking, serene sunset with warm, golden hues",0.9208216667175293,0.7180004715919495,54.022870070297394,0.743343
1159_29.png,31,run_11,3,"Highly detailed palm tree standing alone, a solitary sentinel on a small rocky outcropping in the serene and deep ocean, surrounded by vibrant turquoise waves, at the peak of a warm, golden sunset.",0.9110934138298035,0.7047146558761597,53.10438480285005,0.742441
1159_29.png,32,run_8,3,"highly realistic highly detailed lone palm tree emerging from a cluster of rocky boulders near calm serene turquoise ocean waves, no beach in sight, vibrant warm golden sunset colors",0.9018769264221191,0.6956325173377991,51.79257434592793,0.742035
1159_29.png,33,run_15,4,"'a highly detailed, stunning palm tree stands tall amidst tranquil, turquoise waves and a breathtaking, serene sunset with soft, warm golden hues'",0.9025348424911499,0.6947318315505981,52.242668804320516,0.740460
1159_29.png,34,run_4,5,"highly detailed photorealistic palm tree isolated from a small cluster of rocks in a peaceful, open turquoise ocean, with soft waves and a vibrant sunset",0.8965235948562622,0.6960687637329102,50.560064296860375,0.740357
1159_29.png,35,run_11,4,"Highly detailed, 4k resolution palm tree standing alone, a solitary sentinel on a small rocky outcropping in the tranquil, deep ocean, surrounded by turquoise waves that gently lap at the shore, during a warm, golden sunset.",0.8911688923835754,0.6813487410545349,50.842233564493384,0.740184
1159_29.png,36,run_1,4,a stunning and vivid digital painting of a majestic palm tree growing from a coral reef in the warm deep blue ocean with soft turquoise waves and a breathtaking sunset,0.9234285354614258,0.692376971244812,57.992968609282485,0.739450
1159_29.png,37,run_2,5,a towering giant palm tree standing unbroken on a small exposed rocky outcropping surrounded by deep ocean waves and vibrant warm turquoise water with highly detailed realistic sun-kissed golden light,0.8864060640335083,0.6757487654685974,50.37390332973552,0.739027
1159_29.png,38,run_6,1,"highly detailed, realistic digital painting of a solitary palm tree growing out of a small rocky island in crystal clear turquoise ocean waters under a vibrant sunset",0.9000019431114197,0.6885500550270081,52.819351308997256,0.735756
1159_29.png,39,run_2,1,"'lone majestic palm tree growing out of a small rocky atoll in the centre of deep ocean waters, no beach, surrounding turquoise waves, warm golden sunset light'",0.9248245358467102,0.7189589142799377,55.90166797154993,0.735005
1159_29.png,40,run_5,5,"an opulently detailed, visually stunning, photorealistic image of a lone palm tree emerging from the turquoise waters of a peaceful coral reef in a crystal-clear ocean at sunset",0.9349642992019653,0.7299603223800659,57.43158757262589,0.733716
1159_29.png,41,run_1,3,"serene and breathtaking digital masterpiece of a palm tree growing from a small rocky reef in the deep blue sea with no beach, surrounded by gentle turquoise waves and a warm sun dipping into the horizon",0.8871437311172485,0.6732816696166992,51.46332449858035,0.733577
1159_29.png,42,run_10,4,"a single slender palm tree stands alone at the edge of a tiny rocky island in the middle of an endless turquoise sea, no sand, with a warm breathtaking highly detailed sunset",0.8999188542366028,0.7105587720870972,50.64781083490524,0.733135
1159_29.png,43,run_15,5,"a highly detailed palm tree stands tall on a serene beach amidst soft, calm turquoise waves and a breathtaking, warm sunset",0.9009675979614258,0.6714843511581421,55.33882114410637,0.732523
1159_29.png,44,run_12,4,"highly detailed realistic palm tree growing out of a small cluster of granite boulders in the middle of the open ocean, no shore in sight, with gentle turquoise waves and a warm sunset light casting a warm glow",0.9110794067382812,0.7229728102684021,52.21575471766462,0.732432
1159_29.png,45,run_2,3,"serene giant palm tree standing proud on a small isolated rocky atoll in the centre of deep ocean waters, no beach, surrounding turquoise waves, highly detailed warm golden sunset digital painting light",0.9099750518798828,0.6908640265464783,55.54396767542757,0.732111
1159_29.png,46,run_15,4,"'a highly detailed, photorealistic palm tree stands tall amidst gentle, turquoise waves and a stunning, serene sunset with rich, golden colors'",0.892585277557373,0.7090357542037964,49.1204705868542,0.731491
1159_29.png,47,run_10,3,"highly detailed, 4k digital painting of a single slender palm tree standing at the edge of a small island in the center of an infinite turquoise sea, with a warm, vibrant sunset",0.9183302521705627,0.7064200043678284,56.24234421863696,0.729650
1159_29.png,48,run_15,3,"an intricately detailed and majestic palm tree rises from a patch of weathered, ancient rocks at the base, surrounded by soothing, turquoise waves and the warm, tranquil colors of a serene sunset",0.9044058918952942,0.7118176817893982,52.27275922584143,0.727805
1159_29.png,49,run_15,4,"'a majestic, 8k-resolution palm tree stands tall amidst soft, crystal-clear turquoise waves and a breathtaking, serene sunset with rich, golden hues'",0.9197229743003845,0.7394970655441284,53.404478325435875,0.725402
1159_29.png,50,run_7,5,a dramatic and highly colorful palm tree standing tall from a small rocky beach in the crystal-clear waters of the ocean with soft flowing turquoise waves and a breathtaking sunset at dusk,0.893631100654602,0.6757082939147949,53.9681008288493,0.723926
1159_29.png,51,run_6,3,"highly detailed, hyper-realistic digital painting of a solitary palm tree growing out of a small rocky island in crystal clear turquoise ocean waters under a vibrant colorful sunset",0.8977580070495605,0.6863784790039062,54.07735161992335,0.721866
1159_29.png,52,run_7,2,'a highly detailed serene palm tree growing from a small rocky outcropping in the middle of a tranquil tropical ocean with gentle turquoise waves and a breathtaking realistic sunset',0.8810552954673767,0.6747263669967651,51.161710810464164,0.721156
1159_29.png,53,run_15,5,"a majestic, photorealistic palm tree stands tall amidst gentle, turquoise waves and a serene, vivid sunset with warm, golden tones",0.9080386161804199,0.7196568250656128,53.29026608999858,0.719466
1159_29.png,54,run_8,5,"isolated lone palm tree growing from a small cluster of worn grey rocks near the edge of calm serene turquoise ocean waves, clear blue skies, warm natural softbox lighting at sunset",0.9127171635627747,0.7246590256690979,54.199452373745736,0.717171
1159_29.png,55,run_1,3,"beautiful 4k digital art of a lone palm tree growing from a small rocky outcropping in the serene deep blue waters with no shore, surrounded by soft turquoise waves and a soft warm sun dipping low on the horizon",0.8895790576934814,0.6752471923828125,53.875566065712995,0.716097
1159_29.png,56,run_4,2,"photorealistic and highly detailed lone palm tree growing from a small cluster of rocks in the midst of a peaceful, open ocean, surrounded by gentle, turquoise waves during a vibrant sunset",0.9129750728607178,0.7332857251167297,53.66845751736746,0.714004
1159_29.png,57,run_1,4,a breathtaking highly realistic and detailed digital artwork of a palm tree growing from a small rocky reef in the deep blue sea with no beach surrounded by gentle soft turquoise waves and a warm setting sun,0.8966724872589111,0.7022533416748047,52.95127980550012,0.713838
1159_29.png,58,run_11,3,"Highly detailed palm tree standing alone atop a small, rugged rocky outcropping in crystal-clear ocean water, surrounded by vibrant turquoise waves, at the moment just before sunset",0.9127719402313232,0.7117705345153809,56.11986461551072,0.713063
1159_29.png,59,run_7,4,"a highly detailed, vibrant palm tree standing tall from a small, sandy rocky shore in the majestic turquoise ocean with soft flowing waves and a brilliant, fiery sky at dusk with dramatic clouds",0.9169142246246338,0.7228326797485352,56.13218890000333,0.711502
1159_29.png,60,run_15,5,"a highly detailed, realistic palm tree stands tall amidst calm, peaceful turquoise waves and a breathtaking, serene sunset with rich, golden hues",0.9067283272743225,0.7083883881568909,55.13454921928984,0.711389
1159_29.png,61,run_11,1,"' Highly detailed palm tree standing alone atop a small rocky outcropping in deep ocean water, surrounded by vibrant turquoise waves, at the moment just before sunset'",0.9054372310638428,0.7118406891822815,54.48099524251735,0.710842
1159_29.png,62,run_11,1,"'single palm tree growing out of a pebbled rock in the middle of an endless blue ocean, surrounded by gentle turquoise waves and a bright orange sunset'",0.9093034267425537,0.7315939664840698,53.717748663251015,0.706986
1159_29.png,63,run_3,3,"highly detailed palm tree standing proud from massive boulder in the center of vast turquoise ocean, where waves break and splash, no beach in sight, sunset in the background",0.9344691038131714,0.7467501759529114,58.50174395843894,0.706976
1159_29.png,64,run_15,4,"'a perfectly rendered palm tree stands alone beneath a breathtaking, serene sunset with warm, golden light and soft, turquoise waves in the background'",0.8909289240837097,0.6925578117370605,53.74973629172968,0.703415
1159_29.png,65,run_11,2,"Highly detailed palm tree standing alone atop a small rocky outcropping in crystal clear ocean water, surrounded by vibrant turquoise waves, at the moment just before golden sunset",0.9062269330024719,0.717557430267334,54.90361460856365,0.703377
1159_29.png,66,run_8,5,"realistic highly detailed digital painting of a lone palm tree isolated on a rocky outcropping near the edge of calm serene turquoise ocean waves, vibrant radiant sunset colors with a warm golden glow",0.8908358812332153,0.701884925365448,52.712710634793275,0.703192
1159_29.png,67,run_2,4,"towering giant palm tree standing unbroken on a small rocky atoll in the midst of deep turquoise ocean waves, no sandy beach, vibrant turquoise water surrounding the atoll, highly detailed realistic warm sunlight with soft golden light",0.8645949363708496,0.6202468872070312,55.166357791851645,0.702233
1159_29.png,68,run_4,4,"lively, photorealistic lone palm tree growing from a small cluster of weathered rocks at the edge of a vast peaceful ocean, surrounded by soft, blue-green waves during a warm, golden sunset",0.9057362079620361,0.735101044178009,52.98569801517286,0.701967
1159_29.png,69,run_6,5,"highly detailed, realistic digital artwork of a solitary palm tree growing out of a small rocky island in crystal clear turquoise ocean waters under a warm golden sunset",0.9122225642204285,0.7304055690765381,55.2238375356937,0.701552
1159_29.png,70,run_10,4,"a small slender palm tree stands at the edge of a tiny island in the middle of an endless crystal-clear turquoise sea, surrounded by a warm breathtaking 4k sunset glow",0.907741367816925,0.7322722673416138,53.917385724772636,0.701085
1159_29.png,71,run_7,1,a serene palm tree growing from a small rocky reef in the middle of a tranquil ocean with gentle turquoise waves and a stunning sunset,0.8947047591209412,0.7090433835983276,53.195825519124455,0.700703
1159_29.png,72,run_9,5,"highly detailed, realistic, and stunning lone palm tree stands out from a small cluster of rocky outcroppings surrounded by deep turquoise ocean, with soft turquoise waves and a warm, vibrant sunset fading to a soft blue sky",0.8886173963546753,0.7150415182113647,51.284834835703954,0.697895
1159_29.png,73,run_15,2,"an exquisite, highly detailed palm tree stands isolated in a tranquil ocean with crystal clear waters, a few weathered rocks scattered at its base, surrounded by gentle, turquoise waves during a romantic, warm-toned sunset.",0.9018802642822266,0.7480733394622803,51.073989635931824,0.697396
1159_29.png,74,run_3,4,"highly detailed palm tree growing out of a massive granite boulder in the center of a vast turquoise ocean, where gentle waves break and splash, no beach in sight, warm sunset in the background",0.9229649901390076,0.7337603569030762,58.13385890233155,0.697005
1159_29.png,75,run_4,5,"photorealistic and highly detailed lone palm tree growing from a small cluster of rocks in the midst of a serene, open ocean, surrounded by gentle, turquoise waves during a warm golden sunset",0.9111204147338867,0.741840124130249,54.20202739219204,0.696889
1159_29.png,76,run_12,1,"highly detailed palm tree growing out of a small cluster of granite boulders in the middle of the open ocean, no shore in sight, surrounded by gentle turquoise waves and a warm sunset glow",0.9043073058128357,0.7337223887443542,53.359331247694364,0.696844
1159_29.png,77,run_7,2,'a breathtaking masterpiece of a palm tree growing from a rugged rocky reef in the middle of a serene calm ocean with soft turquoise waves and a vibrant colorful sunset',0.8844547271728516,0.6931232213973999,52.87782810571544,0.695954
1159_29.png,78,run_11,4,"Highly detailed, dreamy palm tree standing alone, a solitary and ethereal sentinel on a small, windswept rocky outcropping in the deep ocean, surrounded by undulating turquoise waves that seem to dance in the warm, golden light of sunset.",0.887902557849884,0.7058464288711548,52.3878004370723,0.695603
1159_29.png,79,run_2,5,towering giant palm tree standing unbroken on small rocky outcrop surrounded by deep ocean waves and vibrant turquoise water,0.8253408670425415,0.6206813454627991,45.90102451584381,0.694596
1159_29.png,80,run_1,2,"a stunning and serene 4k digital art of a lone palm tree growing from a small rocky outcropping in the deep blue waters with no beach, surrounded by soft turquoise waves and a warm sun dipping low on the horizon",0.8804357051849365,0.676173210144043,53.90096253800585,0.694480
1159_29.png,81,run_11,3,"4k highly detailed palm tree standing alone on a secluded rocky islet in the deep ocean, surrounded by turquoise waves and warm rays of sunlight, at the moment just before sunset",0.8978902101516724,0.7207643389701843,53.59828149709234,0.692956
1159_29.png,82,run_15,2,"a lone palm tree stands solitary, rooted in crystal clear ocean waters with a small, weathered rock outcropping beneath its gnarled trunk, surrounded by soft turquoise waves and vibrant hues of a romantic sunset.",0.9034856557846069,0.7371737957000732,53.33137845059419,0.691895
1159_29.png,83,run_1,5,vibrant and highly detailed digital art of a majestic palm tree growing from a coral reef in the gentle turquoise ocean with soft waves and a spectacular sunset,0.9026064872741699,0.6868318915367126,58.87187059920684,0.690494
1159_29.png,84,run_4,5,"highly detailed and beautifully rendered photorealistic lone palm tree, isolated on a rocky outcropping in a peaceful, open, and serene turquoise ocean, with soft, gentle waves and a warm, vibrant sunset",0.8852024078369141,0.7138394117355347,51.630353996011266,0.688394
1159_29.png,85,run_4,4,"vivid, highly detailed and photorealistic lone palm tree growing from a small cluster of rock outcroppings in the midst of a peaceful, vast ocean, surrounded by soft, turquoise waves during a serene, warm golden hour.",0.8923419713973999,0.7204191088676453,52.78064885054456,0.687982
1159_29.png,86,run_5,2,"a beautiful, highly detailed, 4k masterpiece of a single palm tree rising from a small, coral-encrusted rock formation in the midst of peaceful, aquamarine ocean waves at dusk",0.9056973457336426,0.7510514259338379,52.83498297896083,0.687708
1159_29.png,87,run_11,2,"A highly detailed, realistic, and photorealistic palm tree standing alone atop a small, rocky outcropping in deep ocean water, surrounded by gentle turquoise waves, at the exact moment just before warm sunset",0.9016075134277344,0.7171275019645691,55.60110208937138,0.687358
1159_29.png,88,run_15,2,"a single, majestic palm tree rises from the surface of crystal clear ocean waters, a tiny patch of weathered rocks at its base, surrounded by soft, turquoise waves and vibrant colors of a beautiful, serene sunset.",0.9137610197067261,0.744443416595459,55.6959550297009,0.687256
1159_29.png,89,run_12,3,an extremely detailed and serene depiction of a palm tree emerging from a granite islet surrounded by calm turquoise waters and a vibrant sunset,0.8946128487586975,0.7098791599273682,54.78545170787498,0.685827
1159_29.png,90,run_7,5,a highly realistic and intricately detailed digitally painted palm tree standing proudly on a small rocky shore in the middle of a crystal-clear ocean with gentle soft flowing turquoise waves and an extraordinary dramatic and vibrant sky at dusk,0.9014337062835693,0.7164989113807678,56.01754394598936,0.683948
1159_29.png,91,run_1,4,breathtaking and serene highly detailed digital artwork of a majestic palm tree growing from a rugged rocky reef in the vast deep blue ocean surrounded by soft turquoise waves and a warm golden sun dipping into the calm horizon,0.8933407664299011,0.7058078646659851,55.42441465794294,0.681357
1159_29.png,92,run_15,1,"lone palm tree isolated in crystal clear ocean water with no beach, a tiny pile of weathered rocks beneath its trunk, surrounded by soft turquoise waves during a romantic sunset",0.901970624923706,0.7307178378105164,55.02687464244705,0.679985
1159_29.png,93,run_11,4,"Highly detailed palm tree standing alone, a solitary and stoic sentinel on a small, rugged rocky outcropping in the serene and deep ocean, surrounded by vibrant turquoise waves, at the peak of a warm and breathtaking golden sunset with hues of coral and pink.",0.9153905510902405,0.7450934648513794,57.0662849801709,0.678331
1159_29.png,94,run_8,5,"highly realistic and highly detailed 8k digital art of a lone palm tree emerging from a small cluster of dark rocks near calm serene turquoise ocean waves, dramatic warm clouds at sunset, no visible beach",0.916454553604126,0.7436763644218445,57.541121192757224,0.677952
1159_29.png,95,run_15,3,"a single, perfectly rendered palm tree rises from the surface of ocean waters, surrounded by delicate, turquoise waves and vibrant colors of a gorgeous, peaceful sunset",0.9120379686355591,0.7489614486694336,55.89796676542189,0.677246
1159_29.png,96,run_10,2,"a highly detailed, serene single palm tree stands on a small rocky outcrop in the center of a tranquil turquoise bay, no sand, at sunset",0.872512936592102,0.7154743075370789,49.560316289545234,0.676409
1159_29.png,97,run_13,5,"'a highly detailed, digital painting of a lone palm tree standing on a rocky outcropping, surrounded by softly lapping, turquoise waves in the calm, glassy waters of the ocean at dawn'",0.907453179359436,0.7170969247817993,58.389167808369024,0.676184
1159_29.png,98,run_11,1,"'lone palm tree growing out of a small cluster of rocks in the middle of deep ocean water, no visible beach, surrounded by turquoise waves at golden hour'",0.8975383043289185,0.696390688419342,58.17074158734018,0.675965
1159_29.png,99,run_13,2,"'a highly detailed, photorealistic image of a palm tree growing out of a small cluster of rocks in the serene, glassy waters of the ocean, with no beach, and surrounded by gentle, turquoise waves at golden hour'",0.909914493560791,0.718530535697937,58.96841136286546,0.675260
1159_29.png,100,run_6,4,photorealistic ultra-high definition digital art of a single palm tree standing proudly on a small rocky island in a tranquil turquoise ocean surrounded by gentle waves at sunset,0.9139015078544617,0.7472259402275085,57.01615802164211,0.673360
1159_29.png,101,run_13,2,"'a dreamy, impressionist masterpiece of a palm tree standing alone on a tiny cluster of rocks in the still, crystal-clear waters of the ocean, with a subtle horizon and soothing turquoise waves at sunset'",0.8915635943412781,0.720693826675415,54.496333458742946,0.671012
1159_29.png,102,run_15,5,"a majestic, highly detailed palm tree stands amidst soft, gentle waves and a serene, breathtaking sunset with rich, golden hues",0.9110220670700073,0.7343730926513672,58.12373446564634,0.669726
1159_29.png,103,run_11,3,"Vibrant and highly detailed palm tree standing alone atop a rocky outcropping in the depths of a calm, clear ocean, surrounded by turquoise waves and gentle ocean spray, during a breathtaking golden hour",0.9029520750045776,0.7362279295921326,55.93818652952969,0.668890
1159_29.png,104,run_7,5,a highly realistic 4k resolution masterpiece palm tree standing from a small rocky shore in the middle of a crystal-clear ocean with soft flowing turquoise waves and a warm dramatic sky at the golden hour,0.9002853631973267,0.7344433069229126,55.510959086749985,0.668369
1159_29.png,105,run_11,1,"'palm tree isolated on a tiny rock in the open ocean, surrounded by a sea of turquoise waves, with the warm glow of sunset'",0.9046098589897156,0.7466303110122681,55.4143993248473,0.667074
1159_29.png,106,run_15,3,"a solitary, majestic palm tree with intricate roots rises from the surface of crystal clear ocean waters, beneath a vibrant, serene sunset",0.9118138551712036,0.7193024158477783,60.40330388228489,0.666258
1159_29.png,107,run_8,3,"highly detailed palm tree growing out of a small rocky island in the middle of a calm serene turquoise ocean, vibrant radiant sunset colors",0.8965620994567871,0.7175954580307007,56.73155260370709,0.665738
1159_29.png,108,run_6,3,"highly detailed, museum-quality digital watercolor painting of a solitary palm tree standing alone on a tiny rocky island in a crystal clear turquoise ocean under a soft, serene orange sunset",0.8957921266555786,0.7028539776802063,58.20319277917536,0.665493
1159_29.png,109,run_12,4,"highly detailed palm tree emerging out of a cluster of weathered granite boulders in the middle of the open ocean, no shore in sight, surrounded by gentle turquoise waves and a warm vibrant sunset glow",0.9015917181968689,0.7569628357887268,53.826212944541915,0.664124
1159_29.png,110,run_11,2,"A highly detailed, highly realistic, and hyper-realistic palm tree standing alone atop a small rocky outcropping in deep ocean water, surrounded by turquoise waves, at the moment just before vibrant sunset",0.8998912572860718,0.7245596051216125,57.00662151343358,0.664041
1159_29.png,111,run_5,5,"an incredibly realistic, stunningly beautiful, 4k image of a lone palm tree standing tall from a coral reef in a peaceful, gentle, ocean environment at the serene and peaceful moment when the sun sinks below the horizon",0.9139213562011719,0.758743941783905,56.974069027370284,0.662589
1159_29.png,112,run_13,5,"'a highly detailed, photorealistic image of a palm tree growing out of a small cluster of rocks in the serene, crystal-clear waters of the ocean, with no beach, and surrounded by gentle, turquoise waves at golden hour'",0.8874690532684326,0.7075545191764832,55.895313863528024,0.662393
1159_29.png,113,run_7,4,"a breathtaking highly detailed palm tree standing alone from a tranquil rocky shore in the middle of a serene ocean with softly flowing turquoise waves and a beautiful, fiery sky at dusk",0.881705641746521,0.7025578618049622,54.97075047428224,0.662385
1159_29.png,114,run_7,5,a photorealistic highly detailed palm tree standing firm on a small rocky shore in the calm crystal-clear waters of the ocean with soft flowing turquoise waves and a vibrant dramatic sky at dusk,0.9019323587417603,0.7307400107383728,57.04394929422714,0.662291
1159_29.png,115,run_3,4,"highly detailed, realistic palm tree growing out of a colossal dark rock in the center of a calm, vast ocean, where turquoise waves flow gently, no shoreline in sight, a deep blue horizon with sunset colors",0.9071241617202759,0.7507407665252686,56.18457475747547,0.662005
1159_29.png,116,run_11,5,"Realistic highly detailed palm tree standing isolated on a small rocky outcropping at the edge of the ocean, surrounded by soft, gentle, turquoise waves, at the peak of a warm golden sunset in a tropical evening.",0.8960482478141785,0.7378489971160889,54.790630910646215,0.661845
1159_29.png,117,run_11,5,"Highly detailed solitary palm tree standing alone on a small rocky outcropping in the deep blue ocean, surrounded by gentle turquoise waves, at the peak of a warm golden sunset.",0.8976693749427795,0.7341360449790955,55.667872707071226,0.661435
1159_29.png,118,run_1,2,"a serene and peaceful 8k highly detailed digital art of a lone palm tree growing from a small pile of ocean rocks, in the deep blue waters with no beach, surrounded by soft turquoise waves and a warm golden sun setting low on the calm horizon",0.9154910445213318,0.7603402733802795,57.407810959759146,0.660776
1159_29.png,119,run_1,1,"serene and peaceful 4k digital art of a lone palm tree growing from a small pile of ocean rocks, in the deep blue waters with no beach, surrounded by soft turquoise waves and a warm sun setting low on the horizon",0.9055243730545044,0.7506894469261169,56.07440750868032,0.659429
1159_29.png,120,run_3,3,"highly detailed palm tree sprouting from colossal boulder in the middle of the endless blue and turquoise ocean, where waves continuously break and splash, no beach visible, breathtaking sunset in the background",0.8818047642707825,0.7269363403320312,52.71667843287642,0.658592
1159_29.png,121,run_12,3,highly realistic palm tree growing from a rocky outcropping amidst gentle turquoise waves under a warm golden sunset,0.8755561709403992,0.7043426036834717,53.66682022841488,0.658235
1159_29.png,122,run_2,2,"highly detailed, 4k masterpiece of a lone majestic palm tree swaying gently over a small rocky atoll in calm, deep ocean waters",0.8461722731590271,0.6521700620651245,52.00037193165327,0.657546
1159_29.png,123,run_11,1,"'tiny palm tree emerging from a rock formation in crystal-clear ocean water, no shore in sight, as the sun sets in the distance'",0.8894422054290771,0.7285524606704712,54.62231778587491,0.657529
1159_29.png,124,run_9,4,"highly detailed, realistic, and stunning lone palm tree stands out from a small cluster of rocks in the deep turquoise ocean, no distant shore in view, with soft turquoise waves and a warm vibrant sunset fading to blue",0.897928774356842,0.7489802241325378,54.707919349469584,0.655975
1159_29.png,125,run_2,1,"'minuscule palm tree sprouting from a rocky outcrop in the depths of the ocean, no beach to be seen, surrounding waves a soft turquoise, warm sun setting low'",0.8988445401191711,0.7115260362625122,59.242638315567284,0.654854
1159_29.png,126,run_11,2,"A highly detailed and realistic palm tree standing alone atop a small, rugged outcropping in deep ocean water, surrounded by foamy turquoise waves, at the moment just before orange sunset",0.927652895450592,0.734697699546814,64.23079539402815,0.653448
1159_29.png,127,run_12,5,"highly detailed realistic palm tree growing out of a small cluster of granite boulders in the middle of the open ocean, with crystal clear turquoise waves and a warm golden sunset light",0.9158391356468201,0.755415678024292,58.89519385088227,0.653370
1159_29.png,128,run_7,3,a dramatic realistic palm tree stands proud from a small rocky shore into a serene crystal-clear ocean with soft flowing turquoise waves and a spectacular sky at dusk with subtle clouds,0.8901641368865967,0.7180583477020264,56.48606208019798,0.653086
1159_29.png,129,run_5,3,"a detailed, photorealistic, 4k image of a single palm tree rising from a small coral-encrusted rock formation in a serene, aquamarine ocean environment with gentle, golden hour light",0.8990305662155151,0.7448992133140564,55.827629752025146,0.652645
1159_29.png,130,run_13,3,"an ultra-realistic image of a palm tree in mid-growth, surrounded by a small cluster of rocks partially submerged in the ocean's glassy waters at golden hour",0.9082068204879761,0.7266387939453125,60.30473663900172,0.651909
1159_29.png,131,run_2,5,highly detailed realistic hyper-realistic sun-kissed golden light golden hour palm tree standing unbroken on small rocky atoll in midst of deep ocean waves,0.9140692949295044,0.7499478459358215,59.22910081058622,0.651800
1159_29.png,132,run_5,1,"a beautiful, realistic, 4k image of a single palm tree rising from a small rock formation in the midst of calm, turquoise ocean waves at dusk",0.897578239440918,0.7447361350059509,55.614032625854215,0.651410
1159_29.png,133,run_15,5,"a highly realistic, detailed palm tree stands tall amidst calm, turquoise waves and a vibrant, breathtaking sunset with warm, golden hues",0.9152955412864685,0.7541201114654541,59.177190020909215,0.650950
1159_29.png,134,run_3,3,"highly detailed realistic palm tree growing out of massive granite boulder in the heart of an endless ocean, where turquoise waves crash and foam, no shore in sight, golden sun setting in the background",0.9134364128112793,0.7455442547798157,59.74570952753061,0.650152
1159_29.png,135,run_2,4,"towering giant palm tree in the midst of deep ocean waves stands on a small rocky atoll with lush greenery, no beach, surrounded by turquoise water with a subtle foam, highly detailed realistic golden light",0.8183781504631042,0.6378711462020874,47.589980742455005,0.647574
1159_29.png,136,run_8,3,"realistic 4k resolution photograph of a palm tree on a small rocky outcrop, reflected in a calm serene turquoise ocean, warm golden evening light",0.8705124855041504,0.7001516222953796,54.19978358272582,0.646351
1159_29.png,137,run_5,4,"a highly detailed, breathtakingly beautiful, 4k image of a solitary palm tree rising from the depths of a vibrant coral reef in a serene, turquoise ocean environment at golden hour",0.9054118394851685,0.7759612798690796,54.79486486708611,0.645797
1159_29.png,138,run_9,3,"highly detailed, realistic, and beautiful lone palm tree emerges from the center of a small cluster of rocks in the deep clear ocean, no shore in view, with soft turquoise waves and a breathtaking sunset",0.9094616770744324,0.7499984502792358,58.80330741636152,0.645134
1159_29.png,139,run_13,2,"'in the serene landscape, a lone palm tree emerges from a small cluster of rocks in the tranquil, glassy waters of the ocean, with no beach, and surrounded by gentle, turquoise waves at golden hour'",0.8865408301353455,0.7201836705207825,56.285439546618576,0.644650
1159_29.png,140,run_15,2,"a majestic palm tree isolated in serene, crystal clear ocean waters, with intricate patterns on its bark and a minuscule pile of weathered rocks at its base, set against a soft turquoise backdrop during a picturesque sunset.",0.91126948595047,0.7544520497322083,58.83358799174148,0.644599
1159_29.png,141,run_7,1,lone palm tree growing out of a cluster of dark grey rocks in the open sea surrounded by deep turquoise ocean waves and a warm sunset light,0.8977550268173218,0.743320643901825,56.59953291198163,0.644588
1159_29.png,142,run_2,1,"'tiny palm tree emerging from a cluster of smooth grey rocks in the middle of the vast ocean, no beach, surrounded by soft turquoise waves, late afternoon sunlight'",0.8433414101600647,0.6611226201057434,51.80652262739861,0.644198
1159_29.png,143,run_14,1,"highly detailed, 4k rendering of a solitary palm tree growing from a tiny rocky formation, in the midst of a serene ocean, no beach visible, with soft pink and orange hues of sunset",0.9100508093833923,0.7740747928619385,56.515384636257494,0.643028
1159_29.png,144,run_1,4,a highly realistic and dreamy 4k digital masterpiece of a palm tree emerging from a small rocky outcropping in the deep blue sea with gentle turquoise waves and a setting warm sun,0.8661583662033081,0.6925684213638306,54.349441896773335,0.642648
1159_29.png,145,run_7,1,highly detailed palm tree emerging from a small rocky outcrop in crystal clear ocean waters with turquoise waves and a vibrant sunset,0.8788716793060303,0.7233325242996216,54.21044545575605,0.642492
1159_29.png,146,run_6,5,"highly realistic, detailed oil painting of a solitary palm tree on a small rocky island surrounded by vibrant turquoise ocean waters with a dramatic sunset in the background",0.8434088826179504,0.6761621236801147,50.357379595304444,0.642383
1159_29.png,147,run_13,1,"highly realistic, digital painting-style image of a lone palm tree standing tall in the middle of the ocean, surrounded by no beach, with tiny rocks beneath its base and vibrant turquoise waves gently lapping at its trunk, set against a beautiful golden sunset backdrop",0.9122724533081055,0.7547116875648499,59.3618683842813,0.641989
1159_29.png,148,run_12,1,"serene palm tree emerging alone from a minuscule rocky outcropping in the dark blue, unending expanse of the ocean, without a beach, surrounded by softly undulating turquoise waves at golden hour",0.8742045760154724,0.6963458061218262,56.104517882763034,0.641716
1159_29.png,149,run_11,4,"A solitary, majestic palm tree stands watchful and resolute on a small rocky outcropping in the vast, serene ocean, surrounded by vibrant turquoise waves that stretch to the horizon, bathed in the warm, golden light of sunset.",0.8907241821289062,0.7329928278923035,56.30702014773299,0.641404
1159_29.png,150,run_8,1,"a photorealistic depiction of a lone palm tree growing from a pebble-lined rocky outcropping in the heart of an impossibly blue ocean, subtle sunset glow",0.9059263467788696,0.7549172639846802,57.81388035314853,0.641060
1159_29.png,151,run_2,3,"stunning giant palm tree standing strong on a small rocky island atoll in the centre of deep blue ocean waters, no beach, surrounding crystal turquoise waves, highly detailed realistic 4k masterpiece",0.8519214987754822,0.6532084345817566,55.329288278638806,0.640402
1159_29.png,152,run_1,2,"idyllic and peaceful 4k digital art of a lone palm tree growing from a small pile of ocean rocks, in the deep blue waters with a rocky outcropping in the background, surrounded by soft turquoise waves and a warm sun setting low on the horizon",0.9079508185386658,0.7520135641098022,58.76068393245481,0.640162
1159_29.png,153,run_13,1,"in the distance, a lone palm tree can be seen growing out of a tiny cluster of rocks in the calm, peaceful waters of the ocean, with no beach, and surrounded by soothing turquoise waves at sunset",0.882006824016571,0.7256779670715332,55.14442731628282,0.639100
1159_29.png,154,run_1,3,"stunning digital art of a lone palm tree growing from a small rocky outcropping in the crystal-clear blue waters with no beach, surrounded by soft turquoise waves and a warm golden sunset dipping low on the horizon",0.9034402370452881,0.7412744760513306,58.937280195358284,0.638937
1159_29.png,155,run_12,2,"a highly detailed, highly realistic digital painting of a palm tree growing out of a small cluster of granite boulders, surrounded by soft, gentle turquoise waves, and a warm, vibrant sunset glow on the open ocean, with no shore in sight",0.8967980146408081,0.7402888536453247,57.36043081221394,0.638752
1159_29.png,156,run_1,5,a breathtaking 4k digital masterpiece of a majestic palm tree swaying from a colorful coral reef in the soft warm blue ocean with silky turquoise waves and a fiery sunset,0.8911246657371521,0.7272214889526367,57.4384862358277,0.638040
1159_29.png,157,run_10,5,a highly realistic digital painting of a slender palm tree stands at the edge of a small island in a peaceful turquoise sea,0.8178979158401489,0.6143330335617065,51.20875259860975,0.637799
1159_29.png,158,run_3,5,"highly detailed photorealistic palm tree growing out of a massive, rugged boulder partially submerged in a calm, cerulean ocean under a breathtaking sunset",0.8939167261123657,0.7250374555587769,58.60131558506378,0.636281
1159_29.png,159,run_12,1,"lone palm tree growing out of a tiny pile of jagged rocks in the middle of deep blue ocean water, no beach, surrounding turquoise waves at sunset",0.9195405840873718,0.7302515506744385,64.61913359016825,0.636193
1159_29.png,160,run_4,1,"serene and realistic lone palm tree emerging from a tiny island of rocks in the middle of vast, deep ocean, surrounded by gentle, turquoise waves during a stunning sunset",0.904649555683136,0.7666701078414917,56.756608127348656,0.636005
1159_29.png,161,run_9,1,"a highly detailed, photorealistic lone palm tree emerging from a tiny cluster of rocks in the midst of deep ocean, no shoreline, with soft turquoise waves and a warm sunset",0.8930155634880066,0.7279794812202454,58.233025663975496,0.634616
1159_29.png,162,run_8,2,"lone majestic palm tree growing out of a small cluster of rocks near still turquoise ocean waves, no beach visible, warm vibrant sunset hues",0.8945245742797852,0.748865008354187,56.31163970055529,0.634474
1159_29.png,163,run_10,5,highly detailed slender palm tree stands at the edge of a small island amidst endless turquoise waters,0.8623462915420532,0.6545331478118896,58.61761972809943,0.633816
1159_29.png,164,run_4,3,"a highly detailed and photorealistic image of a lone palm tree growing from a small cluster of rocky outcroppings in a wide, open ocean, surrounded by a gentle lapping of soft, turquoise waves at a warm, tranquil sunset",0.8798258304595947,0.7387105226516724,53.7405079479878,0.633798
1159_29.png,165,run_7,2,'a highly detailed 8k digital art of a serene palm tree growing from a large rocky reef in the middle of a tranquil ocean with gentle swirling turquoise waves and a stunning surrealistic sunset',0.9022653698921204,0.7591195106506348,57.4864377255237,0.631628
1159_29.png,166,run_10,5,delicate slender palm tree,0.8673126697540283,0.6825191974639893,57.056068590617215,0.631394
1159_29.png,167,run_8,4,"highly detailed photorealistic digital painting of a solitary palm tree emerging from a small cluster of rough rocks near a calm serene turquoise ocean, no beach in sight, warm vibrant sunset colors",0.8660061359405518,0.7217053174972534,52.42269814241863,0.630817
1159_29.png,168,run_14,5,"a highly detailed, 4k, impressionist-inspired image of a single palm tree surrounded by the calm ocean, with soft pink and orange hues of sunset.",0.9082752466201782,0.7632423043251038,58.699664002024385,0.630520
1159_29.png,169,run_5,3,"a stunning, highly detailed, 4k digital painting of a solitary palm tree situated atop a small, coral-encrusted rock formation in a peaceful, radiant aquamarine ocean scene at dusk with soft, warm light",0.8717310428619385,0.7556540966033936,50.18332298445091,0.630216
1159_29.png,170,run_4,2,"highly detailed and painterly lone palm tree standing atop a small rocky outcropping in the middle of a serene, dark blue ocean, surrounded by gentle, turquoise waves during an awe-inspiring sunset",0.9114409685134888,0.7632245421409607,59.705266859130134,0.628867
1159_29.png,171,run_12,1,"a masterfully detailed and colorful image of a lone palm tree growing from a tiny pile of moss-covered rocks in the middle of the vast ocean, with no shoreline, surrounded by soothing turquoise waves and a vibrant sunset sky",0.9134968519210815,0.7436665296554565,62.450196180399445,0.628531
1159_29.png,172,run_12,5,"highly detailed realistic masterclass palm tree growing out of a small island of granite boulders in the middle of the open ocean, with gentle turquoise waves and a warm sunset light casting a warm golden glow",0.9016542434692383,0.7498148083686829,58.7658181493525,0.628137
1159_29.png,173,run_9,4,"highly detailed, realistic, and serene lone palm tree reaches towards the sky from the center of a small cluster of rocks in the crystal clear ocean, no distant shore in view, with soft turquoise waves and a breathtaking watercolor sunset",0.858228325843811,0.6958668231964111,53.72746531268847,0.627091
1159_29.png,174,run_13,1,"a serene, highly detailed depiction of a tiny palm tree sprouting from a small rocky island in the middle of the ocean, with no beach in sight, surrounded by calming turquoise waves and a stunning sunset",0.8926191329956055,0.7445128560066223,57.21401776668563,0.626560
1159_29.png,175,run_4,3,"vibrant, highly detailed, and utterly realistic palm tree solitary in a vast, open ocean amidst a cluster of rugged, rocky outcroppings and surrounded by a calming, turquoise ocean during a warm and golden sunset",0.8853201270103455,0.7361124753952026,56.362903566259035,0.625774
1159_29.png,176,run_9,2,"a highly realistic, photorealistic masterpiece of a lone palm tree emerging from a cluster of dark grey rocks on the edge of a vast, deep ocean, with gentle blue-green waves and a warm, sun-kissed light",0.8213135004043579,0.6423205137252808,50.44507566739557,0.624942
1159_29.png,177,run_2,1,"'solitary palm tree rising from a pile of ancient weathered rocks on a submerged reef in the deep blue ocean, no beach in sight, gentle turquoise waves, fading sunset'",0.910091757774353,0.7477340698242188,61.5747463610073,0.624582
1159_29.png,178,run_13,4,"a highly detailed, photorealistic, 4k digital painting of a palm tree growing out of a small cluster of rocks in the serene, glassy waters of the ocean, with no beach, and surrounded by gentle, turquoise waves at golden hour",0.9032087922096252,0.7581321597099304,58.73906512331665,0.623780
1159_29.png,179,run_3,2,"a photorealistic, highly detailed palm tree sprouts from the rugged, weathered surface of a colossal boulder situated in the midst of a boundless ocean, where azure waves break and splash in turmoil, no beach in sight, blazing golden sunset in the sky",0.8894587755203247,0.748284101486206,56.40731959480955,0.622847
1159_29.png,180,run_2,3,"majestic giant palm tree standing tall on a small rocky outcrop atoll in the centre of deep ocean waters, no beach, surrounding turquoise waves, highly detailed warm golden sunset light",0.8877469301223755,0.7464290261268616,56.22675026479502,0.622385
1159_29.png,181,run_10,2,"a majestic single slender palm tree stands on a minuscule rocky island in the middle of a tranquil turquoise lagoon, with a few scattered rocks, at a warm serene sunset",0.880617082118988,0.7637580633163452,52.816328396082916,0.619312
1159_29.png,182,run_9,1,"a stunning masterpiece of a lone palm tree sprouting from a minuscule rocky outcropping in the middle of the deep ocean, no visible beach, surrounded by tranquil turquoise waves and a stunning sunset",0.8786410093307495,0.7332517504692078,56.00331220469224,0.616714
1159_29.png,183,run_6,3,"highly detailed, photorealistic digital artwork of a single palm tree isolated on a modest rocky outcrop in shimmering turquoise sea at golden hour",0.8619902729988098,0.7123723030090332,54.37554149788409,0.613850
1159_29.png,184,run_9,3,"a lone photorealistic palm tree grows in the ocean, surrounded by a few small rocks and a subtle cluster of seaweed, with soft turquoise waves and a vibrant sunset",0.9041500091552734,0.7470014691352844,61.41387676387835,0.613376
1159_29.png,185,run_4,3,"photorealistic and highly detailed lone palm tree growing from a small cluster of weathered rocks in the midst of a serene, open ocean, surrounded by gentle, turquoise waves during a warm, golden sunset",0.8803359866142273,0.7491429448127747,55.077870436476665,0.613154
1159_29.png,186,run_14,2,serene and peaceful 4k digital landscape of a solitary palm tree standing tall from a small rocky outcropping amidst a tranquil ocean,0.7975521087646484,0.6098434329032898,49.34457977794801,0.612801
1159_29.png,187,run_3,3,"highly realistic and detailed palm tree growing out of a massive rugged boulder in the center of the boundless ocean, where turquoise waves are crashing and foaming, no shore visible, magnificent sunset in the background",0.9068852663040161,0.7591283917427063,60.86739658894352,0.612499
1159_29.png,188,run_12,2,"highly detailed 4k resolution digital painting of a palm tree growing out of a small cluster of moss-covered granite boulders, in the middle of the open ocean, no shore in sight, surrounded by soft turquoise waves and a warm golden sunset glow",0.8900838494300842,0.7427233457565308,58.429890329338065,0.612013
1159_29.png,189,run_12,5,"highly detailed realistic palm tree emerging from a rocky outcropping in the calm open ocean, surrounded by a gentle haze, with a soft sunset glow",0.8743202686309814,0.7361320853233337,55.129793247860036,0.611847
1159_29.png,190,run_14,3,"serene, 4k image of a lone palm tree growing from a small rocky formation, surrounded by a calm ocean with subtle pink and orange hues",0.8822440505027771,0.7341573238372803,57.58329086191734,0.610136
1159_29.png,191,run_15,2,"a stunning, 4k, highly detailed palm tree stands alone in crystal clear ocean waters, a small cluster of weathered rocks at its base, set against a soft, turquoise sky with a romantic, warm-toned sunset in the background.",0.9073379039764404,0.7804632186889648,58.919945150377025,0.609780
1159_29.png,192,run_15,4,"'a beautiful, highly detailed palm tree landscape with a tranquil, turquoise ocean and a breathtaking, serene sunset with warm, golden hues'",0.8790299892425537,0.7475274205207825,55.32937674311551,0.609602
1159_29.png,193,run_4,4,"detailed, photorealistic lone palm tree growing from a small cluster of granite rocks in the midst of a calm, open ocean, surrounded by gentle, aqua waves during a vibrant, colorful sunset with warm tones",0.8987706303596497,0.7640810608863831,58.60290509109991,0.609243
1159_29.png,194,run_12,4,"highly realistic palm tree emerging out of a small group of worn granite boulders in the middle of the open ocean, no shore visible, surrounded by soft turquoise waves and a warm gentle sunset glow.",0.8896355628967285,0.7563456296920776,57.195562130147266,0.608545
1159_29.png,195,run_1,4,beautiful and peaceful digital art of a solitary palm tree growing from a small rocky reef in the deep blue sea surrounded by soft gentle waves and a warm sunset,0.9058906435966492,0.7644737362861633,60.53685783697772,0.607962
1159_29.png,196,run_7,3,a highly realistic palm tree standing tall amidst a small rocky shore on a tranquil crystal-clear ocean with softly flowing turquoise waves and a vibrant dramatic sky at golden hour dusk,0.8973459005355835,0.7478085160255432,60.202867000929906,0.607898
1159_29.png,197,run_1,3,"highly detailed digital painting of a majestic palm tree rising from a tiny rocky island in the calm deep blue ocean with no shore, bathed in the soft glow of a setting sun",0.8474729061126709,0.6908525228500366,53.77230240312185,0.607458
1159_29.png,198,run_12,4,"highly realistic palm tree growing out of a small group of granite boulders in the midst of the open ocean, no shore in evidence, surrounded by soft turquoise waves and a warm golden sunset haze",0.8872244358062744,0.7470396161079407,57.796951117126504,0.606931
1159_29.png,199,run_15,1,"isolated highly detailed digital painting of a solitary palm tree growing from a small, rocky outcropping in the middle of the deep ocean, vibrant turquoise waves and warm sunset colors reflecting off the surrounding water, no beach in view",0.8443000316619873,0.6803246736526489,54.29560126445305,0.606004
1159_29.png,200,run_7,1,highly detailed digital painting of a palm tree standing alone on a small rocky islet amidst the deep ocean with a beautiful horizon of sunset colors,0.8999832272529602,0.7403439283370972,62.15029646691173,0.604078
1159_29.png,201,run_10,2,"a highly realistic, 4k quality single palm tree stands on a small rock formation in the middle of a still turquoise ocean, no sand, with warm sunset hues",0.896152138710022,0.7729343175888062,57.64792013762612,0.603104
1159_29.png,202,run_8,2,"highly realistic 4k rendering of a lone palm tree emerging from a small group of rocks near calm deep turquoise ocean waves, no shoreline in sight, vibrant colorful sunset",0.8721099495887756,0.7383888363838196,55.451128123394874,0.601900
1159_29.png,203,run_1,1,"deep ocean water with a lone palm tree growing out of a tiny pile of volcanic rocks, no beach, surrounding turquoise waves, vibrant sunset colors",0.9086847305297852,0.7543556690216064,63.07841741079935,0.601889
1159_29.png,204,run_14,4,"highly detailed, 8k rendering of a solitary palm tree growing from a tiny rocky formation, amidst a serene, deep blue ocean with soft pink and orange hues of sunset",0.8984233140945435,0.7822182178497314,57.356789534459054,0.601721
1159_29.png,205,run_5,2,"a highly realistic, 4k image of a single palm tree growing from a split rock formation in the middle of a serene, light blue ocean at sunset with warm, golden light",0.9033151865005493,0.7811892032623291,58.78850357723112,0.601203
1159_29.png,206,run_7,3,a highly realistic 4k masterpiece of a tall palm tree towering from a small rocky cliff into a crystal-clear ocean with soft flowing turquoise waves and a breathtakingly dramatic vibrant sunset sky,0.8673985004425049,0.7229553461074829,56.21170296013185,0.599691
1159_29.png,207,run_14,5,"highly detailed, photorealistic image of a single palm tree emerging from a small rocky islet in the serene ocean",0.8318292498588562,0.6611289978027344,54.00784540418852,0.599193
1159_29.png,208,run_14,1,"a beautiful, highly realistic masterpiece of a palm tree emerging from a tiny rocky island in the middle of a peaceful ocean, surrounded by gentle turquoise waves, breathtaking sunset colors.",0.8870857954025269,0.7508695125579834,58.47252792234188,0.597012
1159_29.png,209,run_13,2,"'a picturesque, 4k, digital painting of a palm tree growing out of a tiny cluster of rocks in the still, crystal-clear waters of the ocean, with a subtle horizon and soothing turquoise waves at sunset'",0.9022448658943176,0.7916657328605652,57.854832933370325,0.596773
1159_29.png,210,run_8,1,"detailed oil-on-canvas masterpiece of a solitary palm tree pushing through a pile of weathered stones, surrounded by a tranquil, sun-kissed ocean, delicate golden hour illumination",0.9055947065353394,0.7927443385124207,59.00248006144905,0.593229
1159_29.png,211,run_14,1,"a lone palm tree rises from a small rocky outcropping in the middle of a vast, calm ocean, no sandy beach in view, surrounded by tranquil turquoise waves, golden sunset light",0.8717117309570312,0.7364801168441772,56.64713661384705,0.592433
1159_29.png,212,run_1,1,"highly detailed, realistic, 4k digital painting of a lone palm tree standing tall in the middle of deep ocean water, on a small rock island with no beach, surrounded by turquoise waves during a breathtaking sunset",0.9130852222442627,0.7602840065956116,64.68425647400454,0.591998
1159_29.png,213,run_14,2,"highly detailed, 4k, photorealistic rendering of a solitary palm tree growing from a tiny rocky formation, in the midst of a serene ocean, on a calm evening with soft pink and orange hues of sunset",0.9160398840904236,0.8006891012191772,61.124129506640145,0.590434
1159_29.png,214,run_3,1,"lone palm tree growing out of a tiny mound of weathered rocks in the middle of deep, mysterious ocean water, no beach, calm surrounding turquoise waves, warm golden sunset",0.9101375937461853,0.7655014395713806,63.56870477133222,0.590051
1159_29.png,215,run_11,5,"A photorealistic, highly detailed, isolated palm tree standing on a small rocky outcropping at the edge of the ocean, surrounded by subtle, gentle, turquoise waves, with the warm golden light of a tropical sunset.",0.8928056955337524,0.7769516110420227,57.937668383531694,0.589176
1159_29.png,216,run_1,3,"stunning highly detailed 4k digital painting of a lone palm tree rising from a small rocky outcropping in the deep blue ocean with no beach, surrounded by soft turquoise waves and a warm golden sun dipping low on the horizon",0.8611352443695068,0.7137901186943054,56.90485846037576,0.588505
1159_29.png,217,run_4,3,"a highly detailed and photorealistic palm tree stands alone on a small outcropping of rocks in a peaceful, open ocean, surrounded by gentle, undulating turquoise waves at sunset",0.8670651316642761,0.7438627481460571,55.08098402478317,0.588504
1159_29.png,218,run_2,4,"a picturesque small rocky atoll rises out of deep turquoise ocean waves, a single towering giant palm tree stands unbroken amidst the waves, no beach in sight, highly detailed realistic 4k digital painting",0.863738477230072,0.6993380784988403,59.28909623355885,0.587584
1159_29.png,219,run_12,5,"highly detailed realistic palm tree rising majestically from a bed of granite boulders in the calm open ocean, with a soft turquoise light and a warm sunset light creating a subtle gradient of color.",0.877855658531189,0.7724537253379822,54.83832786253415,0.587051
1159_29.png,220,run_11,5,"Highly detailed and photorealistic, a solitary palm tree, standing on a small rocky island in the serene ocean, surrounded by peaceful, turquoise waves, at the peak of a golden, warm, sunset.",0.9105351567268372,0.8101322054862976,59.212601364304646,0.585592
1159_29.png,221,run_9,5,"lone palm tree rises dramatically from a rugged cluster of rocks jutting out of the deep turquoise ocean, no distant shore in view, with soft turquoise waves and a warm, vibrant, and fading sunset",0.8733084797859192,0.7431134581565857,57.12855496587947,0.585375
1159_29.png,222,run_14,2,"highly detailed, hyper-realistic 4k image of a palm tree isolated on a tiny rocky formation at low tide in a peaceful ocean environment",0.8355318903923035,0.6878263354301453,53.66867854610141,0.584531
1159_29.png,223,run_12,2,"highly detailed palm tree growing out of a rugged cluster of granite boulders in the middle of the open ocean, no shore in sight, surrounded by gentle turquoise waves and a vibrant warm sunset glow",0.9077519774436951,0.7752306461334229,62.664598309086365,0.583140
1159_29.png,224,run_4,1,"highly realistic 4k digital painting of a lone palm tree growing from a tiny rock formation in the middle of the deep, blue ocean, with no beach, surrounded by soft, turquoise waves at sunset",0.8910371661186218,0.7590700387954712,60.292678633531274,0.582040
1159_29.png,225,run_6,5,"highly detailed, award-winning digital oil painting of a solitary palm tree growing from a rocky island into a crystal clear turquoise ocean under a breathtaking vibrant sunset",0.8517611622810364,0.7012932300567627,56.651728307857375,0.581831
1159_29.png,226,run_13,5,"'a photorealistically rendered masterpiece, a detailed image of a palm tree growing out of a small cluster of rocks in the peaceful, serene ocean, with no beach, surrounded by soft, undulating waves at sunset'",0.8831372261047363,0.7664088606834412,57.46946365933283,0.581820
1159_29.png,227,run_2,2,serene lone palm tree growing from a small rocky island in the middle of a vast ocean at dusk,0.856734573841095,0.7005710005760193,58.07941719230601,0.581233
1159_29.png,228,run_8,3,"highly realistic highly detailed palm tree isolated on a rocky outcrop overlooking a serene turquoise ocean, warm sunset hues",0.8688918948173523,0.7457532286643982,56.174270824496205,0.581232
1159_29.png,229,run_3,4,"4k resolution highly detailed digital painting of a majestic palm tree sprouting from a rugged rock island in the middle of a serene turquoise sea, where gentle waves caress the shore, no beach in view, golden sunset hues",0.8760975003242493,0.7601642608642578,56.439110753391965,0.581085
1159_29.png,230,run_7,4,"a highly realistic, colorful palm tree standing proudly from a rugged rocky shore in the crystal-clear Pacific ocean with gently lapping turquoise waves and a breathtaking sunset sky at golden hour",0.877672016620636,0.7478885650634766,58.25312289148474,0.580716
1159_29.png,231,run_14,5,"highly detailed, 4k rendering of a serene palm tree on a tiny rock in the calm ocean",0.8081556558609009,0.6527930498123169,51.015169041701064,0.580309
1159_29.png,232,run_14,1,"lone palm tree growing out of a small pile of weathered rocks in the middle of a deep, crystal-clear ocean, no beach, surrounding turquoise waves, vibrant sunset colors",0.8787838816642761,0.7396863698959351,59.55098409963265,0.579856
1159_29.png,233,run_9,5,"realistic 4k digital artwork of a lone palm tree emerging from a small cluster of weathered rocks in the deep turquoise ocean, no distant shore in view, with soft turquoise waves and a warm, vibrant sunset",0.8985251188278198,0.7842315435409546,59.74109484338178,0.579206
1159_29.png,234,run_4,1,"lone palm tree growing out of a tiny pile of rocks in the middle of deep crystal-clear ocean water, no beach, surrounding gentle turquoise waves during sunset",0.8675916194915771,0.7301857471466064,57.90002501882558,0.578384
1159_29.png,235,run_7,3,a highly detailed digital painting of a tall palm tree standing in front of a small rocky shore on a calm crystal-clear ocean with smooth flowing waves and an amazing dramatic sunset sky,0.8806664943695068,0.7466064691543579,59.65958781668736,0.576411
1159_29.png,236,run_10,5,a serene sunset casts a warm glow on a slender palm tree standing alone on a small island,0.8639348149299622,0.7292940020561218,57.454835289311596,0.574934
1159_29.png,237,run_10,5,tall slender palm tree in the warm light of a serene sunset,0.8894184231758118,0.7553361058235168,61.13666253333346,0.574678
1159_29.png,238,run_15,1,"highly detailed digital painting of a lone palm tree growing from a small pile of rocks in calm, deep blue ocean water with no shoreline, set amidst warm turquoise waves and a serene sunset",0.8675790429115295,0.7620011568069458,54.799244795703146,0.574503
1159_29.png,239,run_13,5,"'a highly detailed, photorealistic image of a palm tree growing out of a rocky islet in the midst of a serene, oceanic landscape, with no beach, surrounded by gentle, turquoise waves at golden hour'",0.857986569404602,0.7319033145904541,55.693101998140115,0.574426
1159_29.png,240,run_7,3,a photorealistic vibrant palm tree rises from a rocky coastline into a calm crystal-clear ocean with smooth flowing turquoise waves and an intense dramatic sky at sunset,0.8869200348854065,0.7740195393562317,58.62577605665824,0.572830
1159_29.png,241,run_13,5,"'a highly detailed, photorealistic 4k image of a lone palm tree emerging from a rocky outcropping, surrounded by tranquil, turquoise waves in the calm, glassy waters of the ocean'",0.8112354278564453,0.6573830842971802,52.333415199426334,0.571263
1159_29.png,242,run_13,3,"a highly detailed, 4k masterpiece of a palm tree thriving in a serene ocean environment, surrounded by a cluster of rocks in the calm, turquoise waters at sunrise",0.8503196239471436,0.7360829710960388,53.882984072956816,0.568963
1159_29.png,243,run_14,2,"highly detailed, ultra-high definition 4k digital painting of a serene palm tree growing from a small rocky formation, amidst a calm ocean, with soft pink and orange hues of a romantic sunset",0.905502200126648,0.7783482670783997,63.40562874255841,0.568609
1159_29.png,244,run_8,1,"serene tropical landscape of a single palm tree sprouting out of a tiny mound of rocks in crystal-clear blue water, soft pastel hues, gentle ripples",0.839739203453064,0.6829617023468018,57.289619523282155,0.567116
1159_29.png,245,run_8,4,"highly detailed highly realistic image of a lone palm tree growing from a cluster of rugged gray rocks at the edge of a peaceful turquoise ocean, no visible beach, warm sunset colors",0.8663079738616943,0.7445076107978821,57.34492247404267,0.566442
1159_29.png,246,run_3,1,"highly detailed, highly realistic, digital painting of a lone palm tree emerging from a small cluster of rugged rocks in deep, clear ocean water, no beach, soft surrounding turquoise waves, vibrant sunset colors",0.8583135604858398,0.7438886165618896,55.51343846922437,0.565090
1159_29.png,247,run_4,2,"hyper-realistic and highly detailed lone palm tree emerging from a small granite outcropping in the middle of a vast, dark blue ocean, surrounded by gentle, turquoise waves during a breathtaking sunset",0.8812094330787659,0.7549843192100525,60.284192445456355,0.564049
1159_29.png,248,run_6,2,"highly detailed and realistic 4k digital oil painting of a solo palm tree standing proudly above a rocky outcropping in crystal clear, serene turquoise ocean waters during a warm golden sunset",0.8623223304748535,0.7406069040298462,57.03058878259356,0.564035
1159_29.png,249,run_5,1,a serene sunset scene with a palm tree growing from a small cluster of rocks in the center of the turquoise ocean,0.8826612830162048,0.7705339789390564,58.955890788543,0.563789
1159_29.png,250,run_13,3,"highly detailed, photorealistic, 8k image of a palm tree growing out of a small cluster of rocks in the serene, glassy waters of the ocean, at golden hour",0.8771111965179443,0.7542251348495483,59.62724553869232,0.561327
1159_29.png,251,run_3,1,"serene palm tree standing alone on a tiny outcropping of rocks, partially submerged in a tranquil ocean, turquoise waves gently lapping at the rocks, warm colors of a setting sun",0.8710711002349854,0.7396417856216431,59.705450021049785,0.561263
1159_29.png,252,run_6,1,detailed 4k digital art of a palm tree sprouting from a cluster of large ocean rocks near the surface of the water at dusk,0.8889628052711487,0.7441955208778381,63.986859800525934,0.559622
1159_29.png,253,run_2,4,"a dramatic rock outcropping rises from the deep turquoise ocean, a tall palm tree stands proudly on the atoll, no beach, surrounding the tree are vibrant turquoise waves with soft white foam, highly detailed realistic oil painting.",0.8069623708724976,0.6308386921882629,55.54741151922873,0.559433
1159_29.png,254,run_13,3,"serene, glassy waters gently lap against the base of a solitary palm tree growing out of a cluster of rocks in the ocean, with soft, turquoise waves at golden hour",0.8746130466461182,0.753342866897583,59.51674282373314,0.557547
1159_29.png,255,run_9,2,"a highly detailed, photorealistic lone palm tree emerging from a cluster of dark grey, ancient rocks in deep ocean, no shoreline, with gentle blue-green waves and a soft, warm sunset",0.8750312328338623,0.732568085193634,61.99675997491152,0.557031
1159_29.png,256,run_6,2,"highly detailed realistic 8k digital painting of a solitary palm tree standing tall above a small rocky island in a crystal clear, calm turquoise ocean at sunset with long shadows",0.8597719073295593,0.7512418031692505,56.028674519707586,0.556728
1159_29.png,257,run_2,1,"'a small, delicate palm tree growing from a tiny rock formation in the crystal-clear, deep ocean, no shore in the frame, gentle turquoise waves, dramatic golden hour colors'",0.8668214678764343,0.7401388883590698,59.25286085253817,0.555200
1159_29.png,258,run_15,1,"lone palm tree growing out of a tiny pile of rugged rocks in the middle of deep blue ocean water, no sandy beach, surrounding gentle turquoise waves, vibrant sunset colors",0.9018855094909668,0.7639443874359131,65.71894741131153,0.554317
1159_29.png,259,run_6,2,"highly detailed, realistic 4k digital painting of a single, majestic palm tree rising from a rocky outcropping in crystal clear turquoise ocean waters under a warm, golden sunset",0.8573363423347473,0.7439720034599304,56.51359024066858,0.554098
1159_29.png,260,run_5,3,"a highly detailed, vibrant, and realistic 4k digital painting of a single palm tree rising from a small coral-encrusted rock formation in the midst of peaceful, serene aquamarine ocean waves at golden dusk",0.8782006502151489,0.7805830240249634,57.9963301158952,0.552399
1159_29.png,261,run_9,3,"highly detailed, photorealistic, and perfectly rendered lone palm tree emerging from a small cluster of rocks in the deep ocean, no shoreline, with soft turquoise waves under a perfectly warm golden sunset",0.8882303833961487,0.7761511206626892,61.40565019939607,0.549461
1159_29.png,262,run_5,4,"an astonishingly beautiful, highly realistic, 4k digital art of a solitary palm tree growing from a thriving coral reef in a tranquil, crystal-clear ocean environment at sunset",0.9003642797470093,0.8073804974555969,61.21495877699289,0.548005
1159_29.png,263,run_9,1,"a highly realistic, 4k-resolution lone palm tree growing from a tiny rocky islet in the middle of the deep ocean, no shore, surrounded by calm turquoise waves and a breathtaking sunset sky",0.8917714357376099,0.7686797976493835,63.32687594415666,0.547902
1159_29.png,264,run_9,5,"highly detailed, photorealistic, and breathtaking lone palm tree stands proud from a small cluster of weathered rocks in the deep turquoise ocean, no distant shore in view, with soft turquoise waves and a warm, vibrant, and golden sunset fading to a soft blue haze",0.8781861066818237,0.7673799991607666,60.10908374826545,0.546764
1159_29.png,265,run_4,2,"stunning and highly realistic lone palm tree emerging from a tiny island of weathered rocks in the center of a calm, deep ocean, surrounded by soft, blue waves during a golden hour",0.8731609582901001,0.7520270943641663,60.58519652339589,0.546254
1159_29.png,266,run_3,5,"highly detailed, highly realistic palm tree emerging from a monolithic boulder in the heart of a boundless turquoise sea",0.8059062957763672,0.6828358769416809,51.16795164711362,0.544768
1159_29.png,267,run_12,2,"a highly detailed digital painting of a palm tree standing tall on a small cluster of granite boulders, surrounded by gentle waves, in the middle of the turquoise ocean, with a warm soft focus sunset in the background",0.9010086059570312,0.8093454837799072,61.615691607609754,0.544048
1159_29.png,268,run_9,1,"lone palm tree growing out of a small pile of weathered rocks in the middle of deep crystal-clear ocean water, no beach, surrounded by gentle turquoise waves, vibrant sunset hues",0.8652728199958801,0.7405569553375244,60.32335661378547,0.541990
1159_29.png,269,run_6,2,"highly detailed and photorealistic 4k digital painting of a palm tree growing from a large rocky island in a calm, crystal clear turquoise ocean at golden hour",0.8445178270339966,0.7321293354034424,55.94092267814901,0.541853
1159_29.png,270,run_15,1,"majestic 4k digital artwork of a lone palm tree standing tall amidst a tiny pile of rocks in the crystal clear waters of the ocean, no beach in sight, surrounded by tranquil turquoise waves and a breathtaking sunset",0.8913801908493042,0.7918183207511902,61.508864763497115,0.540412
1159_29.png,271,run_9,4,"highly detailed, 4k, realistic, and beautiful lone palm tree emerges from a small cluster of weathered rocks in the crystal clear ocean, no shore in view, with soft turquoise waves and a breathtaking masterpiece of a golden sunset",0.8776835799217224,0.7792075276374817,59.416267611254526,0.540196
1159_29.png,272,run_1,1,"a single palm tree emerging from the center of a small island of sea rocks, in the middle of the deep blue ocean, with gentle turquoise waves and warm sunset hues",0.8988189101219177,0.7668778896331787,66.25794531137748,0.539895
1159_29.png,273,run_10,1,"highly detailed lone palm tree emerging from a cluster of pebbles at the edge of a calm ocean, no shoreline, against a stunning orange and pink sunset sky",0.9102929830551147,0.8017274141311646,65.42249396435881,0.539067
1159_29.png,274,run_11,4,"A highly detailed, stylized palm tree stands alone, a sentinel of the ocean, on a small, weathered rocky outcropping, amidst a sea of turquoise waves that gently caress the shore, at the peak of a warm, golden sunset with splashes of coral and purple.",0.8965275287628174,0.7968069314956665,62.46519023933188,0.538770
1159_29.png,275,run_1,2,"highly stylized 4k digital painting of a lone palm tree growing from a small pile of ocean rocks, in the deep blue waters with no beach, surrounded by soft turquoise waves and a warm sun setting low on the distant horizon",0.8426294922828674,0.7427614331245422,54.73498442794122,0.537812
1159_29.png,276,run_1,Baseline,"lone palm tree growing out of a tiny pile of rocks in the middle of deep ocean water, no beach, surrounding turquoise waves, sunset",0.8712677955627441,0.7456827163696289,61.80229025607747,0.537558
1159_29.png,277,run_2,Baseline,"lone palm tree growing out of a tiny pile of rocks in the middle of deep ocean water, no beach, surrounding turquoise waves, sunset",0.8712677955627441,0.7456827163696289,61.80229025607747,0.537558
1159_29.png,278,run_3,Baseline,"lone palm tree growing out of a tiny pile of rocks in the middle of deep ocean water, no beach, surrounding turquoise waves, sunset",0.8712677955627441,0.7456827163696289,61.80229025607747,0.537558
1159_29.png,279,run_4,Baseline,"lone palm tree growing out of a tiny pile of rocks in the middle of deep ocean water, no beach, surrounding turquoise waves, sunset",0.8712677955627441,0.7456827163696289,61.80229025607747,0.537558
1159_29.png,280,run_5,Baseline,"lone palm tree growing out of a tiny pile of rocks in the middle of deep ocean water, no beach, surrounding turquoise waves, sunset",0.8712677955627441,0.7456827163696289,61.80229025607747,0.537558
1159_29.png,281,run_6,Baseline,"lone palm tree growing out of a tiny pile of rocks in the middle of deep ocean water, no beach, surrounding turquoise waves, sunset",0.8712677955627441,0.7456827163696289,61.80229025607747,0.537558
1159_29.png,282,run_7,Baseline,"lone palm tree growing out of a tiny pile of rocks in the middle of deep ocean water, no beach, surrounding turquoise waves, sunset",0.8712677955627441,0.7456827163696289,61.80229025607747,0.537558
1159_29.png,283,run_8,Baseline,"lone palm tree growing out of a tiny pile of rocks in the middle of deep ocean water, no beach, surrounding turquoise waves, sunset",0.8712677955627441,0.7456827163696289,61.80229025607747,0.537558
1159_29.png,284,run_9,Baseline,"lone palm tree growing out of a tiny pile of rocks in the middle of deep ocean water, no beach, surrounding turquoise waves, sunset",0.8712677955627441,0.7456827163696289,61.80229025607747,0.537558
1159_29.png,285,run_10,Baseline,"lone palm tree growing out of a tiny pile of rocks in the middle of deep ocean water, no beach, surrounding turquoise waves, sunset",0.8712677955627441,0.7456827163696289,61.80229025607747,0.537558
1159_29.png,286,run_11,Baseline,"lone palm tree growing out of a tiny pile of rocks in the middle of deep ocean water, no beach, surrounding turquoise waves, sunset",0.8712677955627441,0.7456827163696289,61.80229025607747,0.537558
1159_29.png,287,run_12,Baseline,"lone palm tree growing out of a tiny pile of rocks in the middle of deep ocean water, no beach, surrounding turquoise waves, sunset",0.8712677955627441,0.7456827163696289,61.80229025607747,0.537558
1159_29.png,288,run_13,Baseline,"lone palm tree growing out of a tiny pile of rocks in the middle of deep ocean water, no beach, surrounding turquoise waves, sunset",0.8712677955627441,0.7456827163696289,61.80229025607747,0.537558
1159_29.png,289,run_14,Baseline,"lone palm tree growing out of a tiny pile of rocks in the middle of deep ocean water, no beach, surrounding turquoise waves, sunset",0.8712677955627441,0.7456827163696289,61.80229025607747,0.537558
1159_29.png,290,run_15,Baseline,"lone palm tree growing out of a tiny pile of rocks in the middle of deep ocean water, no beach, surrounding turquoise waves, sunset",0.8712677955627441,0.7456827163696289,61.80229025607747,0.537558
1159_29.png,291,run_13,3,"a highly realistic image of a single palm tree emerging from a small cluster of rocks in the ocean, with gentle, turquoise waves and a warm, golden hour glow",0.8718639016151428,0.759975790977478,60.517060255575835,0.536223
1159_29.png,292,run_5,2,"a stunning, high-resolution digital painting of a single palm tree standing tall amidst a rocky shoreline in a calm, ocean breeze at sunset",0.8705914616584778,0.7509976625442505,61.252537256859185,0.535675
1159_29.png,293,run_9,5,"highly detailed, digital painting of a lone palm tree standing out from a small cluster of rocks in the deep turquoise ocean, no distant shore in view, with soft turquoise waves and a warm, golden sunset fading to a soft blue hue",0.8688863515853882,0.7696600556373596,58.739545531957035,0.535644
1159_29.png,294,run_7,2,'a photorealistic 4k digital painting of a palm tree emerging from a small rocky island in the middle of a peaceful ocean with gentle rippling turquoise waves and a warm golden sunset',0.879011869430542,0.7767040729522705,60.668679894472604,0.534684
1159_29.png,295,run_13,1,"highly detailed, highly realistic 4k digital painting of a lone palm tree growing out of a small pile of rocks in the middle of the deep blue ocean, no beach, with surrounding turquoise waves and a vibrant sunset",0.9011964797973633,0.7755847573280334,66.66781222312895,0.533199
1159_29.png,296,run_12,5,"highly detailed realistic 4k palm tree standing tall amidst a cluster of granite boulders in the deep ocean, with gentle turquoise waves gently lapping at its base, and a warm sunset light casting a golden glow",0.8959967494010925,0.8094976544380188,61.95377399492516,0.529718
1159_29.png,297,run_1,5,a serene and highly detailed digital painting of a majestic palm tree thriving from a coral reef in the warm blue ocean with soft turquoise waves and a stunning fiery orange glow at sunset,0.8957611322402954,0.7711073756217957,66.2536470508985,0.528972
1159_29.png,298,run_7,5,"a highly realistic and intricately detailed palm tree standing proudly on a small rocky outcropping in the middle of a tranquil, crystal-clear ocean with gentle, soft flowing turquoise waves and an extraordinary dramatic sky at dusk",0.8446241021156311,0.7368736863136292,57.06003070545872,0.527729
1159_29.png,299,run_9,4,"highly detailed, realistic, and breathtaking lone palm tree rises from a small cluster of weathered rocks in the deep clear ocean, no distant shore in view, with soft turquoise waves and a kaleidoscope of warm sunset colors",0.8793566226959229,0.7849267721176147,60.69987609597393,0.527202
1159_29.png,300,run_8,1,"a 4k digital painting of a single palm tree thrusting upwards from a rocky island amidst a tranquil turquoise sea, warm afternoon light",0.771399736404419,0.6418219804763794,48.95760444405148,0.526503
1159_29.png,301,run_8,4,"highly detailed 4k digital painting of a lone palm tree rising from a small cluster of weathered rocks near a quiet calm ocean, no shore in view, vibrant radiant sunset hues",0.8994571566581726,0.8170435428619385,62.385589740347704,0.526384
1159_29.png,302,run_14,2,"a tranquil, 4k rendered scene of a single palm tree growing on a small rocky island amidst the soft pink and orange hues of a serene sunset",0.8785706758499146,0.7679807543754578,62.51066242962113,0.526105
1159_29.png,303,run_6,1,"realistic, highly detailed 4k digital painting of a palm tree growing out of a tiny mound of ocean rocks amidst turquoise waves under a stunning sunset sky.",0.8940298557281494,0.8120948076248169,61.58374689537148,0.526013
1159_29.png,304,run_4,5,"highly detailed and realistic lone palm tree growing out of a small rocky outcropping in the middle of a vast ocean, surrounded by calm turquoise water and a beautiful orange-yellow sunset",0.8898311257362366,0.7737873792648315,65.0264922448638,0.523776
1159_29.png,305,run_3,2,"majestic palm tree towering above the rugged, fractured surface of a colossal boulder perched at the edge of a seemingly endless ocean, where crystal turquoise waves fiercely crash and churn, no shore visible, a spectacular warm orange sunset unfolding in the background",0.8903617858886719,0.7951974868774414,63.01523540873257,0.521715
1159_29.png,306,run_5,1,highly detailed digital painting of a lone palm tree emerging from a rocky outcropping in the middle of the ocean where the water is deep and the sky is ablaze with a colorful sunset,0.8949579000473022,0.7699501514434814,67.06510287737511,0.521220
1159_29.png,307,run_3,2,"highly detailed palm tree rising majestically out of the cracked surface of a monolithic granite boulder in the heart of a seemingly endless ocean, where turquoise waves relentlessly crash and spray, no visible shore, vibrant warm sunset hues in the background",0.8816558718681335,0.7909243702888489,61.311202364144634,0.521204
1159_29.png,308,run_5,1,"lone palm tree growing out of a tiny pile of rocks in the middle of the ocean, no beach, surrounding turquoise waves at sunset",0.8710331916809082,0.7575222253799438,62.32672605441629,0.520966
1159_29.png,309,run_9,2,"a highly detailed, highly realistic, digital painting of a lone palm tree breaking through a cluster of sea-weathered rocks in the ocean, with soft blue-green waves and a warm, golden light",0.8180801868438721,0.6937887668609619,55.88589563732338,0.520291
1159_29.png,310,run_1,5,stunning digital painting of a regal palm tree rising from a vibrant coral reef in the warm deep blue ocean with gentle turquoise waves and a breathtaking golden hour,0.8329578638076782,0.7231038808822632,56.452207508716974,0.520244
1159_29.png,311,run_1,1,"tranquil digital painting of a majestic palm tree standing proud in the middle of the ocean, rising out of a tiny island of rocks, no beach, in deep water surrounded by soothing turquoise waves and a colorful sunset sky with vibrant orange and pink hues.",0.9000940322875977,0.7850450277328491,66.90828951260906,0.519446
1159_29.png,312,run_14,3,"highly realistic, 6k, photorealistic image of a single palm tree sprouting from a rocky shoreline, amidst a tranquil ocean with warm sunset colors",0.889541745185852,0.7850915193557739,64.38556715163148,0.517741
1159_29.png,313,run_6,4,highly detailed impressionist painting of a palm tree standing alone on a rocky island in the calm turquoise waters of a tropical sea at sunset,0.787677526473999,0.6894338726997375,48.967912214662256,0.516680
1159_29.png,314,run_4,4,"highly detailed photorealistic lone palm tree growing from a small cluster of large rugged rocks in the midst of a serene, open ocean, surrounded by gentle, turquoise waves during a breathtaking vibrant sunset",0.8774987459182739,0.7890205383300781,61.06616759394753,0.515870
1159_29.png,315,run_9,2,"a photogrammetry-perfect, highly detailed lone palm tree growing from a stack of rough, granite rocks in the middle of the deep ocean, with soft waves and a warm, sunset",0.8968604207038879,0.7916659712791443,65.96514159993696,0.513993
1159_29.png,316,run_9,3,"photorealistic lone palm tree in a tiny cluster of rocks rises majestically from the midst of deep ocean, no shoreline, with gentle waves and a warm orange hue",0.8741442561149597,0.782424807548523,61.178218502574616,0.513776
1159_29.png,317,run_11,2,"Highly detailed, 4k quality, realistic digital painting of a palm tree standing alone atop a small rocky outcropping in deep ocean water, surrounded by calm turquoise waves, at the moment just before sunset",0.8548978567123413,0.7517428994178772,59.73395786318438,0.513011
1159_29.png,318,run_12,3,a highly stylized illustration of a single palm tree sprouting from a small granite reef in the middle of the ocean as the sun dips below the horizon,0.9207292795181274,0.8063341975212097,70.60087017899487,0.512842
1159_29.png,319,run_3,5,"a highly detailed, 4k masterpiece palm tree rises out of a colossal granite boulder in the middle of a seemingly endless open ocean",0.8097043037414551,0.6938287019729614,54.90838439159895,0.509998
1159_29.png,320,run_4,3,"a photorealistic, highly detailed palm tree rises from a small cluster of weathered rocks in the vast and peaceful ocean, surrounded gently by a soothing, soft blue ocean and vibrant orange hues at a warm, golden sunset",0.8790134191513062,0.7965169548988342,61.314150897292016,0.509825
1159_29.png,321,run_7,4,a photorealistic highly colored palm tree standing tall from a weathered rocky shore in the heart of a vast turquoise ocean with gently flowing waves and an ethereal sky at twilight,0.8316535949707031,0.7203260064125061,57.68859242123244,0.509238
1159_29.png,322,run_9,2,"a highly realistic, 4k, masterpiece of a lone palm tree rising from weathered rocks in the centre of a vast ocean, with soft turquoise waves and a warm, golden light",0.8658517003059387,0.7674386501312256,61.29782320912126,0.508693
1159_29.png,323,run_3,5,"highly detailed, realistic digital painting of a palm tree sprouting from a massive boulder in the midst of a tranquil, turquoise ocean at sunset",0.8136528134346008,0.7197366952896118,53.52802344697328,0.505732
1159_29.png,324,run_14,4,"highly detailed, photorealistic depiction of a palm tree thriving on a small rocky outcrop, amidst a vast, tranquil ocean, at the height of a breathtaking sunset",0.8746505975723267,0.7711271047592163,63.70981728069003,0.503808
1159_29.png,325,run_12,3,highly detailed palm tree standing tall out of a cluster of weathered granite boulders in the open ocean,0.8077762722969055,0.6902165412902832,55.557931230401266,0.503520
1159_29.png,326,run_14,1,"lone palm tree standing strong in the ocean, surrounded by a tiny cluster of rocks, in the middle of deep blue water, no land in sight, warm sunset hues",0.8934712409973145,0.7788950204849243,67.84446163055794,0.502409
1159_29.png,327,run_8,3,"highly realistic highly detailed oil painting of a lone palm tree emerging from a cluster of rocks near calm serene turquoise ocean waves, vibrant warm golden sunset colors",0.8321061730384827,0.737797737121582,56.9337469772333,0.499871
1159_29.png,328,run_5,2,"a highly detailed 4k image of a solitary palm tree emerging from a weathered volcanic rock outcropping in the middle of serene, crystal-clear ocean waters at dusk",0.8435404300689697,0.7484309673309326,58.86262050291783,0.498363
1159_29.png,329,run_13,4,"highly detailed, photorealistic image of a tall palm tree standing atop a small, rounded rock formation in the calm, glassy waters of the ocean, with gentle, turquoise waves breaking in the background",0.7899739146232605,0.6620619893074036,54.75999401531626,0.497903
1159_29.png,330,run_14,4,"serene, 4k digitally painted masterpiece of a solitary palm tree standing on a miniature rocky islet, amidst gentle ocean waves, at golden hour",0.8862244486808777,0.807096004486084,63.463035715958114,0.496985
1159_29.png,331,run_14,3,"highly detailed, 8k rendering of a solitary palm tree growing from a rugged rocky outcropping, amidst a serene ocean, no beach in sight",0.7505146265029907,0.6346197724342346,48.131971776648726,0.493876
1159_29.png,332,run_4,2,"serene and realistic lone palm tree standing atop a rugged rock formation in the center of a tranquil, deep ocean, surrounded by soft, blue waves during a dramatic sunset",0.8725194931030273,0.7884726524353027,62.58752178608278,0.491976
1159_29.png,333,run_13,4,"highly detailed, digital painting of a majestic palm tree sprouting from a small cluster of rounded rocks in the serene waters of the ocean, with no beach and soft, golden light reflecting off the gentle waves",0.7930936217308044,0.7058176398277283,51.81409163979389,0.488100
1159_29.png,334,run_13,1,"lone palm tree emerging out of a tiny rocky outcrop in the center of a vast expanse of deep ocean water, no beach, surrounding turquoise waves, golden sunset",0.8436784148216248,0.7444565892219543,60.88793447230681,0.484873
1159_29.png,335,run_13,4,"highly detailed, photorealistic, surrealistic image of a mature palm tree rising from a compact group of rocks in a small bay, partially surrounded by transparent, turquoise waters",0.8068773746490479,0.685380220413208,58.139764728845556,0.483690
1159_29.png,336,run_5,4,"a breathtakingly beautiful, incredibly detailed, 4k photorealistic image of a solitary palm tree sprouting from a delicate coral reef in a soothing, sapphire ocean environment at golden hour",0.8687268495559692,0.804997444152832,60.74387775184173,0.483505
1159_29.png,337,run_12,2,"a highly detailed realistic digital painting of a palm tree rising out of a cluster of granite boulders, in the middle of the ocean, with a warm sunset glow reflecting off the waves, and a gentle misty atmosphere",0.8900610208511353,0.8028435707092285,66.47190387906606,0.483480
1159_29.png,338,run_3,2,"a highly detailed digital artwork of a solitary palm tree emerging from the weathered surface of a massive, monolithic boulder, situated in the midst of an ocean that stretches to infinity, where waves of deep turquoise crash and splash incessantly, no beach, a kaleidoscope of warm sunset colors filling the sky",0.832937479019165,0.7600293159484863,56.60951119506936,0.482978
1159_29.png,339,run_3,4,"highly detailed, vibrant palm tree bursting through a massive, weathered granite boulder in the midst of a crystal-clear, vast ocean, where soft waves undulate and break, no coastline visible, a warm orange sunset glow",0.8728736639022827,0.7875381708145142,63.82652997225774,0.482875
1159_29.png,340,run_1,2,"tranquil and breathtaking 4k digital art of a single palm tree growing from a rocky island in the deep blue waters with no beach, surrounded by soft turquoise waves and a warm sun setting low on the horizon",0.8243409395217896,0.7298629283905029,57.804147724681435,0.482579
1159_29.png,341,run_10,1,"a solitary palm tree grows on a small, rocky outcropping in the middle of a tranquil ocean, surrounded by gentle turquoise waves and a breathtaking orange sunset",0.8492836952209473,0.7628252506256104,61.02597026244335,0.478402
1159_29.png,342,run_6,4,highly detailed 8k digital painting of a solitary palm tree growing out of a small rocky island in vibrant turquoise ocean waters under a warm golden sunset,0.7946219444274902,0.7071495056152344,53.45852425616238,0.475896
1159_29.png,343,run_2,2,"a tiny rocky outcrop surrounded by the deep ocean, featuring a single, tall palm tree, warm golden sunlight casting a golden glow",0.8469382524490356,0.7579259872436523,61.56214125590213,0.473226
1159_29.png,344,run_3,2,"a highly detailed, 4k digital painting of a palm tree growing organically out of the rocky surface of a massive, ancient boulder, situated in the unfathomable vastness of an ocean where deep turquoise waves constantly crash and foam, no coastline, warm sunset light casting an ethereal glow",0.803274393081665,0.7324568629264832,53.18137005631411,0.473139
1159_29.png,345,run_10,1,"lone majestic palm tree growing out of a small volcanic rock formation in the middle of deep ocean water, no beach, surrounding turquoise waves, vibrant sunset hues",0.8918617963790894,0.7961845397949219,68.93991829913965,0.472465
1159_29.png,346,run_4,4,"highly detailed photorealistic palm tree growing from a small cluster of jagged rocks in the midst of a tranquil, vast ocean, surrounded by smooth, turquoise waves during a breathtaking, vibrant orange-red sunset",0.8754419088363647,0.8036287426948547,64.56839890715185,0.466542
1159_29.png,347,run_2,2,"highly realistic digital painting of a lone, majestic palm tree standing tall on a small rocky islet in the heart of the turquoise ocean, sunset light dancing across the waves",0.8123463988304138,0.7120646238327026,58.70895868886884,0.465081
1159_29.png,348,run_12,3,"an ultra-detailed, highly realistic painting of a single large palm tree standing alone on a granite boulder surrounded by soft turquoise waves and warm golden light",0.7688193917274475,0.6810086965560913,51.08367367759504,0.464139
1159_29.png,349,run_8,5,"highly detailed highly realistic 4k digital painting of a lone palm tree emerging from a cluster of weathered rocks near serene calm turquoise ocean waves, no beach in sight, stunning warm golden hour colors",0.8016716837882996,0.7232711315155029,55.04709760869705,0.462198
1159_29.png,350,run_14,5,a highly detailed digital painting of a small rocky formation supporting a solitary palm tree amidst a serene ocean at sunset,0.8827614188194275,0.8386126160621643,63.25003079008889,0.460481
1159_29.png,351,run_3,3,"highly stylized 4k palm tree emerging from massive boulder in the middle of vast turquoise ocean, where waves break and splash, no beach in sight, fiery sunset in the background",0.8874332308769226,0.8158194422721863,67.12465297978405,0.459301
1159_29.png,352,run_6,1,"serene, dreamy, highly detailed digital artwork of a palm tree standing alone on a small rocky islet surrounded by waves in a deep, calm ocean during a beautiful sunset",0.8835303783416748,0.8196026086807251,65.97280488338049,0.456922
1159_29.png,353,run_7,1,"a lone, highly detailed palm tree rises out of a rocky pinnacle in the centre of a vast ocean expanse, surrounded by undulating turquoise waves and a breathtaking sunset sky",0.8431061506271362,0.7904574275016785,59.46351479890795,0.451350
1159_29.png,354,run_8,2,"realistic highly detailed 4k digital painting of a lone palm tree emerging from a small cluster of rocks near calm ocean waves, no beach in sight, vibrant sunset colors",0.8310043215751648,0.7676156759262085,59.02934272077883,0.450182
1159_29.png,355,run_12,1,"highly realistic 4k digital painting of a solitary palm tree sprouting from a small, rocky islet in the middle of the ocean, with no adjacent beach, amidst undulating turquoise waves and a breathtaking sunset",0.8630995750427246,0.8175148963928223,61.910979009558716,0.448562
1159_29.png,356,run_6,4,highly realistic oil on canvas painting of a solitary palm tree growing out of a small rocky outcropping in crystal clear turquoise waters beneath a vibrant orange and pink sunset sky,0.8205447196960449,0.7395380139350891,59.65421461221085,0.448546
1159_29.png,357,run_1,5,an exquisite and highly realistic digital artwork of a towering palm tree emerging from a colorful coral reef in the deep blue ocean with soft turquoise waves and a warm serene sunset,0.8247250318527222,0.7662162184715271,57.9111087269822,0.447214
1159_29.png,358,run_4,1,"highly detailed digital painting of a lone palm tree growing out of a tiny pile of rocks in the middle of deep ocean water, no beach, surrounding turquoise waves at golden hour",0.841559886932373,0.7522482872009277,63.86102368071943,0.446639
1159_29.png,359,run_13,4,"a photorealistic, 4k, highly detailed digital art of a solitary palm tree emerging from a cluster of rocks at the water's edge, surrounded by soft, gentle waves in the warm, golden light of dawn",0.8661743998527527,0.7891868948936462,66.10745300230859,0.446370
1159_29.png,360,run_11,5,"A single palm tree, highly detailed and realistic, standing on a small rocky cliff in the serene ocean, surrounded by vibrant, turquoise waves, under a warm golden sunlight.",0.7828232049942017,0.6964029669761658,55.48140771967802,0.442244
1159_29.png,361,run_6,5,"highly realistic, 4K digital artwork of a solitary palm tree standing tall on a small rocky island in a stunning turquoise ocean setting under a beautiful orange-pink sunset",0.849305272102356,0.7660053372383118,65.06712041898147,0.440130
1159_29.png,362,run_14,4,"highly detailed, 4k rendering of a dramatic, solitary palm tree emerging from a minuscule rocky ledge, set against a backdrop of soft, warm orange and pink hues of sunset, over a calm ocean",0.8684853315353394,0.7926301956176758,67.18129354089156,0.438845
1159_29.png,363,run_14,3,"finely detailed, 4k digital art of a solitary palm tree growing from a tiny rocky promontory, immersed in a peaceful, pink and orange hued sea at sunset",0.8631187677383423,0.7983042001724243,65.68052172169799,0.434391
1159_29.png,364,run_5,2,"a photorealistic, 4k image of a single palm tree growing from a cluster of rugged, granite boulders in a tranquil, turquoise sea at golden hour",0.80637127161026,0.740928590297699,57.507098535302276,0.434143
1159_29.png,365,run_12,4,"photorealistic palm tree rising out of a collection of rugged granite boulders in the center of the open ocean, no shoreline visible, set against a gentle turquoise horizon and a warm orange sunset glow",0.873745322227478,0.819154679775238,66.68238011294655,0.429235
1159_29.png,366,run_6,2,"highly realistic and detailed digital painting of a solitary palm tree growing out of a small rocky island in a serene, crystal clear ocean under a vibrant orange and pink sunset",0.8714375495910645,0.8068996667861938,68.26764021748839,0.422138
1159_29.png,367,run_14,4,"highly detailed, 8k, realistic oil painting of a serene palm tree growing from a tiny rocky island, amidst a seemingly endless ocean, bathed in soft pink and orange hues of a golden sunset",0.8865510821342468,0.8394625782966614,68.92029964286846,0.418715
1159_29.png,368,run_6,3,highly detailed 4k digital oil painting of a lone palm tree emerging from a tiny rocky islet in breathtaking turquoise ocean under a serene orange-gold sunset,0.8920972943305969,0.8251504898071289,72.04494147490436,0.417800
1159_29.png,369,run_3,5,highly detailed realistic palm tree growing out of a massive boulder in the center of a vast deep blue ocean,0.7584985494613647,0.670403778553009,55.12898458489,0.416029
1159_29.png,370,run_3,1,"detailed oil painting of a single, majestic palm tree rising from the ocean floor amidst a pile of smooth gray rocks, warm, golden light of the setting sun casting long shadows, distant turquoise waves rolling in",0.8215070962905884,0.7655794620513916,61.04992984165182,0.413253
1159_29.png,371,run_5,3,"a beautiful, hyper-realistic, 4k digital artwork of a lone palm tree growing from a small, rocky outcropping in a peaceful, turquoise ocean landscape at dusk with warm golden light",0.7711011171340942,0.7173383235931396,53.58893665200246,0.412141
1159_29.png,372,run_8,2,"highly detailed masterpiece of a lone palm tree sprouting from a small cluster of rugged rocks near peaceful ocean waves, no beach in view, warm colorful sunset sky",0.8357681035995483,0.8076626658439636,61.613699802553604,0.399450
1159_29.png,373,run_6,4,highly realistic acrylic art of a single palm tree emerging from a small rocky island in crystal clear turquoise waters at golden hour,0.7845331430435181,0.7278614640235901,57.501676093350184,0.397922
1159_29.png,374,run_9,4,"highly detailed, realistic, and serene lone palm tree emerges from the center of a small cluster of moss-covered rocks in the deep clear ocean, no shore in view, with soft turquoise waves gently lapping and a breathtaking vibrant sunset",0.7717741131782532,0.707616925239563,57.31212343903971,0.390627
1159_29.png,375,run_4,1,"detailed oil painting of a lone palm tree growing out of a tiny pile of rocks in the middle of the deep ocean, with no beach, surrounded by gently lapping turquoise waves at the moment of sunset",0.8166837096214294,0.7755900621414185,62.2905933867453,0.381905
1159_29.png,376,run_2,3,"iconic giant palm tree standing steadfast on a small rugged rocky atoll in the heart of deep ocean waters, no beach, surrounding soft turquoise waves, highly detailed warm golden realistic digital painting light",0.7272971868515015,0.6586366295814514,52.69696811247027,0.378713
1159_29.png,377,run_6,5,"highly detailed, vibrant digital painting of a solitary palm tree thriving on a rugged rocky island in the midst of crystal clear turquoise ocean waters at golden hour",0.761309027671814,0.7154718637466431,56.041236459182976,0.370622
1159_29.png,378,run_5,4,"a masterful, hyper-realistic, 4k digital painting of a solitary palm tree emerging from a colorful coral reef in a calm, aquamarine ocean at dusk",0.8275933265686035,0.832087516784668,60.43517156761338,0.367687
1159_29.png,379,run_10,1,"highly realistic, low-poly style lone palm tree growing out of a miniature rocky island in the middle of a vast expanse of turquoise water, no visible beach, against a serene sunset",0.8079071044921875,0.7747173309326172,61.86835184798382,0.366759
1159_29.png,380,run_4,5,"photorealistic 4k image of a single palm tree standing on a small cluster of rocks in the center of a tranquil open ocean, with a stunning turquoise sky and soft sunset colors",0.8274224996566772,0.8049014210700989,63.685481222391346,0.365360
1159_29.png,381,run_5,5,"a highly detailed, exquisite, museum-quality 4k digital painting of a solitary palm tree rising from a coral reef in a soft, pastel-hued ocean at dusk",0.8162399530410767,0.8220133781433105,58.99664643377961,0.364559
1159_29.png,382,run_6,1,sunset over vast open ocean waves breaking against a tiny rocky outcropping with a lone swaying palm tree,0.8301297426223755,0.7874206900596619,66.95086145454283,0.359930
1159_29.png,383,run_3,4,"highly realistic palm tree emerging from a colossal boulder amidst a tranquil ocean, where waves undulate and foam, no coastline visible, vibrant colors",0.711918830871582,0.6399275660514832,53.01840379865676,0.359600
1159_29.png,384,run_9,3,"photorealistically depicted lone palm tree standing tall above a tiny cluster of rocks in the midst of the deep blue ocean, no shoreline, with soft turquoise waves and a warm, softly gradient sunset",0.8108190894126892,0.7924715876579285,62.36570970118354,0.351714
1159_29.png,385,run_10,3,"a majestic palm tree towers over a teeny island in the middle of a seemingly infinite ocean, devoid of sand, during a warm, colorful sunset",0.8447805643081665,0.8352248668670654,67.72478042094845,0.339615
1159_29.png,386,run_5,1,deep blue ocean water,0.8154124021530151,0.7569781541824341,69.22103809931149,0.336701
1159_29.png,387,run_14,3,"masterfully rendered, high contrast, 4k digital painting of a solitary palm tree standing tall above a rocky cliff, set amongst a soft orange and pink ocean sunset",0.8395296931266785,0.800798237323761,71.63869512021557,0.327143
1159_29.png,388,run_6,3,"highly detailed, realistic fine art digital portrait of a single palm tree rising from a small granite outcropping in a tranquil turquoise sea bathed in warm golden light",0.7256638407707214,0.6915929317474365,56.0254229961345,0.314037
1159_29.png,389,run_9,1,"a lone palm tree standing tall above a minuscule pile of rugged rocks in the middle of the deep ocean, no beach, with soothing turquoise waves and a serene sunset atmosphere",0.8165701031684875,0.8208693861961365,65.24573565379684,0.311926
1159_29.png,390,run_11,3,"Masterpiece highly detailed palm tree standing alone on a small rocky outcropping, surrounded by a turbulent whirlpool of ocean water and vibrant turquoise waves, set against a fiery orange and pink colored sunset",0.8153576850891113,0.8230418562889099,69.23408655360842,0.272327
1159_3.png,1,run_15,4,"highly stylized, photorealistic masterpiece of a fierce blonde warrior in advanced, heavily armored exosuit with a burning blue-green and orange fire whip in a futuristic, dystopian landscape, rendered in 4K detail",0.83934086561203,0.575741171836853,40.89027954123211,0.816419
1159_3.png,2,run_1,2,highly detailed real blond warrior in high-tech armor wielding a electrified bright fire whip with blue-green and orange spirits amidst a futuristic cityscape,0.8222550749778748,0.5631996393203735,39.02329831253215,0.809121
1159_3.png,3,run_3,1,intense blond warrior in highly advanced futuristic armor brandishing a blazing whip with vibrant blue-green and fiery orange spirits dancing around it,0.8400794267654419,0.5514134168624878,46.86506481685956,0.785700
1159_3.png,4,run_1,2,highly detailed digital art blond warrior in futuristic high-tech armor wielding an electrified bright fire whip with vibrant blue-green and orange spirits amidst a cyberpunk background,0.809873640537262,0.5773288011550903,37.27415586924286,0.781086
1159_3.png,5,run_1,3,highly detailed real blonde warrior in high-tech advanced armor wielding a massive electrified bright fire whip with blue-green and orange plasma amidst a futuristic neon cityscape,0.7937553524971008,0.5387071967124939,37.963325664438244,0.780260
1159_3.png,6,run_4,5,highly detailed digital painting of a blonde warrior in advanced high-tech armor wielding a powerful fire whip imbued with deep electric blue and fiery orange glowing powers amidst a subtle cityscape and misty veil in the background,0.8299334645271301,0.5897994041442871,40.72374507964602,0.779514
1159_3.png,7,run_11,1,a highly realistic blond warrior in futuristic armor brandishing a fiery whip that's surrounded by mesmerizing swirling blue-green and orange digital effects,0.8285046815872192,0.5634257793426514,44.44746938795829,0.768795
1159_3.png,8,run_4,4,vibrant highly detailed digital painting of a blonde warrior in high-tech armor wielding a mystical fire whip adorned with blue-green and orange energies,0.8248717784881592,0.5557815432548523,46.19218830087323,0.751288
1159_3.png,9,run_7,5,"dynamic digital artwork in the style of Salvador Dali in high definition of a stunning, blonde warrior princess in advanced, high-tech, futuristic armor wielding a blazing bright blue-green whip with dynamic swirling electric orange and vibrant purple sparks",0.8001648187637329,0.5433845520019531,42.19470476164107,0.747265
1159_3.png,10,run_14,1,highly detailed and realistic warrior with platinum-blonde hair in advanced futuristic armor wielding a burning fire whip with dark blue and bright orange flames and sparks,0.8625590801239014,0.6199110150337219,48.48312732892744,0.743864
1159_3.png,11,run_13,2,"an ultra-detailed blond hero in a futuristic, intricately designed armor set wielding a crackling, high-energy fire-whip with radiant ethereal blue-green and orange lights",0.8218123912811279,0.572058916091919,44.52320541245287,0.742151
1159_3.png,12,run_4,4,a highly detailed highly realistic oil on canvas painting of a blonde female warrior in modern armor wielding a blazing fire whip with an aura of blue-green and mystical energy,0.785192608833313,0.5338762998580933,40.67860918188467,0.737947
1159_3.png,13,run_7,5,"masterpiece digital painting in the style of Salvador Dali in ultra-high definition of a fierce, platinum blonde warrior in advanced, high-tech, high-gloss futuristic armor wielding a blazing bright blue-green whip with dynamic swirling vibrant orange and deep purple energy sparks",0.8109850883483887,0.5563130378723145,44.41377715540362,0.735639
1159_3.png,14,run_4,5,highly detailed digital artwork of a blonde warrior donning advanced tactical armor wielding a mystical fire whip surrounded by vibrant blue and orange mystical energies and a blurred background of futuristic landscapes,0.8317065238952637,0.6025301218032837,44.136771996701036,0.734492
1159_3.png,15,run_1,2,4k highly detailed blond warrior with a fiery mane in high-tech armor wielding an electrified bright fire whip with blue-green and orange spirits amidst a neon-lit futuristic city,0.7718061804771423,0.5482248067855835,36.32838468458061,0.733613
1159_3.png,16,run_3,1,fierce blond warrior in advanced high-tech armor wielding a fiery staff with swirling neon blue and orange flames,0.8374258279800415,0.5804085731506348,48.126374014156795,0.733191
1159_3.png,17,run_8,5,highly detailed fierce blond warrior in majestic cybernetic armor wielding a dynamic fire whip with vibrant swirling blue-green and orange mystical energies,0.817591667175293,0.5744462609291077,44.80655288506019,0.726484
1159_3.png,18,run_1,3,highly detailed realistic blond female warrior in high-tech futuristic armor wielding an electrified bright fire whip with vibrant blue-green and orange spirits amidst a futuristic cityscape at dusk,0.7728145122528076,0.5674508810043335,35.246378306499274,0.724813
1159_3.png,19,run_8,2,highly detailed fierce blond warrior in cutting-edge high-tech armor wielding an empowered fire whip with swirling blue-green and orange celestial elemental forces,0.7950828671455383,0.5617973804473877,41.413816446484645,0.721858
1159_3.png,20,run_4,3,highly detailed 4k digital painting of a blonde warrior in state-of-the-art armor with a blazing fire whip releasing brilliant blue-green and orange mystical energies,0.7948688268661499,0.5510862469673157,43.20864685919262,0.715514
1159_3.png,21,run_8,2,highly detailed fierce blond warrior in elaborate cybernetic armor wielding a dynamic fire whip with swirling blue-green and orange spirits of the ancient elements,0.813175618648529,0.5695396065711975,45.42872630925622,0.715328
1159_3.png,22,run_7,3,"vibrant, highly detailed 4k digital painting of a fierce, blond warrior in advanced, high-tech, sci-fi armor wielding a blazing blue-green whip with dynamic swirling orange and purple energy sparks",0.8267160058021545,0.5849404335021973,46.92809104613657,0.714616
1159_3.png,23,run_14,2,highly detailed realistic warrior with platinum-blonde hair in custom-designed advanced futuristic armor wielding a blazing fire whip with dark indigo and bright tangerine flames and intense sparks,0.8542049527168274,0.6367458701133728,47.62131621052292,0.713307
1159_3.png,24,run_9,3,"highly detailed, 4k, blond warrior in a high-tech, advanced futuristic armor set glowing with a bright blue-green aura, wielding a fierce, blazing whip with immense swirling orange and yellow mystic energies",0.8036789894104004,0.5660987496376038,43.79913701910925,0.713198
1159_3.png,25,run_8,2,highly detailed fierce blond warrior in advanced high-tech armor wielding a dynamic fire whip with swirling blue-green and orange mystic elemental spirits,0.7999589443206787,0.5519283413887024,44.546902795936056,0.713103
1159_3.png,26,run_4,2,highly detailed blonde warrior in state-of-the-art armor unleashing a blazing fire whip with vibrant blue-green and orange mystical energies,0.797279953956604,0.5441997647285461,44.88968466587379,0.712163
1159_3.png,27,run_7,3,"masterpiece digital painting in the style of Salvador Dali in high definition of a fierce, blonde warrior in advanced, high-tech, futuristic armor wielding a blazing blue-green whip with dynamic swirling orange and purple energy sparks",0.7965052127838135,0.5484832525253296,44.27207197383848,0.711638
1159_3.png,28,run_15,3,highly stylized masterpiece of a fierce blonde warrior in advanced high-tech armor with a burning blue-green and orange fire whip in a futuristic landscape.,0.8178443908691406,0.5876097679138184,45.00995044348591,0.709854
1159_3.png,29,run_15,5,"highly stylized, 8k resolution digital artwork of a blonde warrior in heavy, futuristic armor with a blazing blue-green and orange fire whip in a desolate urban landscape",0.8107808232307434,0.5906867384910583,43.20584384078149,0.707770
1159_3.png,30,run_13,1,detailed blond hero in sleek futuristic armor wielding a crackling fire-whip with ethereal blue-green and orange lights,0.8273285627365112,0.5699876546859741,49.65433251188361,0.705695
1159_3.png,31,run_11,4,a highly realistic blond warrior brandishing a blazing whip stands in futuristic armor amidst a kaleidoscope of swirling blue-green and orange digital patterns,0.8215250372886658,0.6411136388778687,40.51821266641068,0.702443
1159_3.png,32,run_7,5,"intense digital artwork in the style of Salvador Dali of a fearless, fiery blonde warrior in highly advanced, cutting-edge, futuristic armor holding a blazing blue-green whip with dynamic swirling electric orange and purple sparks",0.7940263748168945,0.5712279081344604,42.24624453910094,0.700043
1159_3.png,33,run_3,4,"intense blonde warrior in highly advanced, highly detailed, and intricately designed futuristic armor wielding a blazing whip with mesmerizing blue-green and fiery orange spirits dancing around it",0.7791765332221985,0.5387266278266907,42.465665011833735,0.699939
1159_3.png,34,run_3,4,"blonde warrior in 4k resolution, highly detailed futuristic armor brandishing a blazing whip surrounded by vibrant blue-green and fiery orange spirits",0.8127932548522949,0.5620664358139038,47.74149098012458,0.699606
1159_3.png,35,run_14,4,"highly detailed and 4k realistic warrior with platinum-blonde hair in advanced, sleek futuristic armor wielding a burning fire whip with dark navy and bright orange flames and sparks",0.8500525951385498,0.6251123547554016,49.457472926112224,0.698236
1159_3.png,36,run_11,2,highly realistic blonde warrior in high-tech futuristic armor brandishing a blazing whip that's surrounded by vibrant swirling blue-green and orange digital paint,0.7925148010253906,0.5709977746009827,42.16381473806299,0.697546
1159_3.png,37,run_10,4,"blond warrior in futuristic, highly detailed sci-fi armor exuding an aura of power, wielding an intense fiery whip with swirled, electric blue and vibrant orange energy",0.8216907382011414,0.6011982560157776,45.59163907954615,0.697455
1159_3.png,38,run_10,2,"fierce blond warrior in advanced, high-tech, highly detailed sci-fi armor wielding a bright fiery whip with intense swirling blue-green and orange energy spirits",0.8095972537994385,0.5759555101394653,45.86196606154465,0.695029
1159_3.png,39,run_10,1,"fierce blond warrior in high-tech, highly detailed armor wielding a bright fiery whip with intense swirling blue-green and orange spirits",0.7935490608215332,0.558636486530304,44.06307465980419,0.695017
1159_3.png,40,run_4,4,highly detailed realistic 8k digital painting of a blonde warrior in advanced high-tech armor with a blazing fire whip releasing brilliant blue-green and orange mystical energies,0.808036208152771,0.5705349445343018,46.28256202280648,0.693302
1159_3.png,41,run_15,1,fierce supermodel blond warrior in high-tech futuristic armor wielding a bright fire whip with swirling vibrant blue-green and warm orange spirits,0.8032009601593018,0.5911506414413452,42.92751747740186,0.692015
1159_3.png,42,run_15,5,"highly detailed, realistic, and photorealistic high-tech, dystopian battle scene featuring a blonde warrior in a heavy, advanced exosuit with a burning blue-green and orange fire whip",0.7827599048614502,0.5731194615364075,40.46191331045265,0.689122
1159_3.png,43,run_4,2,majestic highly detailed blonde warrior in futuristic armor wielding a blazing fire whip with radiant blue-green and orange mystical energies amidst a fantasy landscape,0.7793974280357361,0.5585308074951172,41.44063406283678,0.688021
1159_3.png,44,run_8,4,highly detailed masterpiece of a fierce blond warrior in cybernetic armor holding a fire whip adorned with swirling blue-green and orange elemental spirits,0.7974815368652344,0.5692509412765503,44.58476558298026,0.686859
1159_3.png,45,run_12,1,vibrant highly detailed fierce blond heroine in ultra-high-resolution high-tech armor wielding a radiant fire whip with swirling blue-green and orange spiritual energies,0.7692678570747375,0.5224227905273438,43.2916161466811,0.686782
1159_3.png,46,run_8,4,highly detailed fierce blond warrior in ornate cybernetic armor wielding a dynamic fire whip with swirling blue-green and orange spirits of the ancient elements,0.8004835844039917,0.5768295526504517,44.48775436558738,0.686251
1159_3.png,47,run_7,3,"highly detailed, ultra-realistic oil-on-canvas-style digital painting of a fierce, blonde warrior in advanced, high-tech armor wielding a blazing blue-green whip with dynamic swirling orange and purple energy sparks",0.7987281084060669,0.5570374727249146,46.344033436637154,0.686083
1159_3.png,48,run_4,1,vibrant blond warrior in cutting-edge armor wielding a blazing fire whip with radiant blue-green and orange mystical energies,0.8042548894882202,0.5528628826141357,48.15149005236178,0.685741
1159_3.png,49,run_3,4,intense blonde warrior in highly advanced futuristic armor clad in vibrant blue-green and fiery orange spirits dancing around a blazing whip,0.7903913259506226,0.5645305514335632,43.691362439753526,0.684474
1159_3.png,50,run_12,1,highly detailed fierce blond warrior in gleaming high-tech armor wielding a bright fire whip with swirling intense blue-green and orange spirits,0.8015361428260803,0.5770684480667114,44.892853674042456,0.684378
1159_3.png,51,run_7,4,"highly detailed, 4K digital painting masterpiece in the surreal style of Salvador Dali of a blonde female warrior in futuristic, high-tech armor wielding a blazing blue-green energy whip with dynamic swirling orange and purple sparks",0.7919653654098511,0.5571836233139038,44.9680342305192,0.683757
1159_3.png,52,run_8,3,highly detailed intense blond warrior in elaborate cybernetic battle armor wielding a dynamic fire whip with swirly blue-purple and orange spirits of nature,0.8213205337524414,0.6027669310569763,46.71004079827969,0.683438
1159_3.png,53,run_6,5,incredibly detailed blond warrior princess in epic futuristic armor with neon blue glow accents wielding a fiery energy whip surrounded by majestic orange and blue spiritual aura,0.7812741994857788,0.5752014517784119,40.45798259093742,0.683227
1159_3.png,54,run_13,3,"a detailed blond hero in a futuristic, intricately designed armor set with radiant glow, wielding a high-energy fire-whip with vibrant ethereal blue-green and orange lights, highly realistic, 4k",0.793136715888977,0.5674149990081787,44.15975105316831,0.682939
1159_3.png,55,run_10,2,"blonde amazon warrior in cutting-edge, ultra-realistic, highly detailed cyberpunk armor wielding a blazing fiery whip amidst intense swirling blue-green and orange plasma spirals",0.789084792137146,0.5695292949676514,43.08518045656397,0.681743
1159_3.png,56,run_10,4,"fierce blond warrior in high-end futuristic sci-fi armor wielding a bright, blazing whip with intense swirling blue-green and vibrant orange energy spirits",0.7971398830413818,0.5874252915382385,43.00558514264597,0.681093
1159_3.png,57,run_9,2,"masterfully detailed, blond warrior in a highly advanced, high-tech, futuristic exosuit, wielding a bright, fiery whip with dynamic, swirling blue-green and orange mystic spirits",0.7679509520530701,0.5688998699188232,38.52346633395113,0.678376
1159_3.png,58,run_9,1,"fierce, highly detailed, blond warrior in high-tech, futuristic armor wielding a bright, fiery whip with intense swirling blue-green and orange mystic spirits",0.7921203970909119,0.5705689787864685,44.076035970647936,0.677733
1159_3.png,59,run_7,2,"highly detailed, oil-on-canvas-style digital painting of a fierce, blond warrior in advanced, high-tech armor wielding a blazing blue-green whip with dynamic swirling orange and purple energy sparks",0.8154207468032837,0.5817054510116577,48.35930651261194,0.676967
1159_3.png,60,run_14,3,"highly realistic, detailed warrior with platinum-blonde hair in cutting-edge futuristic armor, illuminated by the warm glow of burning flames as he wields a fire whip with dark blue and bright orange hues",0.848412036895752,0.6342556476593018,50.26692959047469,0.675595
1159_3.png,61,run_13,4,"an ultra-detailed blond hero in a futuristic, intricately designed armor set stands heroically wielding a crackling, high-energy fire-whip with intense, vibrant ethereal blue-green and orange lights.",0.7946056127548218,0.573126494884491,44.6526883965694,0.674859
1159_3.png,62,run_6,5,highly detailed digital painting of a blond warrior in futuristic armor with neon blue accents wielding a fiery whip surrounded by vibrant orange and blue spiritual flames in a mystical futuristic environment,0.8146896362304688,0.5980162620544434,46.56674071706328,0.674584
1159_3.png,63,run_11,2,highly realistic blonde female warrior in high-tech futuristic armor brandishing a fiery whip that's surrounded by mesmerizing swirling blue-green and orange digital animation in a sci-fi environment,0.7553150653839111,0.5428730845451355,38.93511538672964,0.674131
1159_3.png,64,run_5,1,highly detailed blond female warrior in futuristic high-tech armor wielding a blazing bright blue-green and orange fire whip with dynamic swirling patterns,0.7870216965675354,0.5391167402267456,46.93980344645736,0.672843
1159_3.png,65,run_9,3,"a fierce, highly detailed, 4k blond warrior in advanced, high-tech, matte-finish futuristic armor wields a bright, fiery whip with intense swirling blue-green and red mystical spirit energies",0.7769402265548706,0.5648044347763062,41.72827472517542,0.672029
1159_3.png,66,run_5,3,highly detailed blond warrior in advanced high-tech armor wielding a radiant fire whip with intense swirling blue-green and golden flames,0.8073734045028687,0.57672518491745,47.57834674681685,0.671465
1159_3.png,67,run_8,3,highly detailed epic blond warrior in gleaming metallic cybernetic armor wielding a dynamic fire whip with swirling blue-green and orange ethereal spirits of the elements,0.8048481345176697,0.5799602270126343,46.74896889461993,0.670127
1159_3.png,68,run_9,4,"highly detailed, 4k, fierce blond warrior in an advanced, high-tech suit of armor with a vibrant blue-green aura, wielding a powerful, blazing whip surrounded by swirling orange and yellow mystic energies",0.7953175902366638,0.5616700053215027,46.62101496307289,0.669822
1159_3.png,69,run_2,3,"intense blonde warrior in highly detailed digital painting, masterfully crafted armor wielding a blazing fire whip with intricate spiraling blue-green and orange hues",0.7960168719291687,0.5906301736831665,43.51684544250318,0.669549
1159_3.png,70,run_3,3,intense fiery blond warrior in gleaming highly advanced futuristic armor brandishing a smoldering whip with vibrant teal blue-green and fiery blazing orange spirits dancing around it,0.8004028797149658,0.571628749370575,46.72314887854675,0.669412
1159_3.png,71,run_6,2,highly detailed blond warrior in futuristic armor with neon blue accents wielding a fiery whip surrounded by swirling orange and blue spiritual flames,0.8139154314994812,0.6005837917327881,46.65167386645909,0.668922
1159_3.png,72,run_10,5,"blond warrior, exuding an aura of unyielding power, clad in highly detailed, 4k quality, digital painting, sci-fi armor with sleek, futuristic lines, wielding an electric blue and vibrant orange swirled whip that crackles with intense, blazing energy",0.801760733127594,0.5869696736335754,45.49179152774596,0.667434
1159_3.png,73,run_9,4,"highly detailed, 4k, dynamic blond warrior in a futuristic, high-tech armor with neon blue-green accents, brandishing an awe-inspiring, blazing whip with fiery orange and yellow aura",0.81859290599823,0.6097255349159241,46.8635408326472,0.667372
1159_3.png,74,run_8,5,highly detailed fierce blond warrior in intricately designed cybernetic armor wielding a radiant fire whip with swirling blue-green and orange spirits of the ancient mystical elements,0.7964776754379272,0.5849563479423523,44.51706368717483,0.667054
1159_3.png,75,run_4,5,vibrant highly detailed digital painting of a blonde warrior in cutting-edge full-body armor wielding a mystical fire whip adorned with deep blue and emerald green swirling energies and surrounded by warm soft light,0.7802101373672485,0.5785713791847229,41.460599185403055,0.666655
1159_3.png,76,run_2,2,"fierce blonde warrior in highly detailed, high-tech armor wielding a bright fire whip with intense swirling blue-green and orange spirits",0.7854083776473999,0.5540233850479126,45.6391929842837,0.664996
1159_3.png,77,run_2,2,"a stunning, athletic blond woman warrior in futuristic armor brandishing a burning fire whip with mesmerizing blue-green and blazing orange spectral effects",0.7918440103530884,0.5775331258773804,44.556845669818436,0.664179
1159_3.png,78,run_11,4,a highly detailed blond warrior stands tall in futuristic armor wielding a blazing whip and radiating an aura of power surrounded by mesmerizing swirling blue-green and orange digital effects,0.8158013820648193,0.6189437508583069,45.47835811374467,0.664134
1159_3.png,79,run_13,2,highly detailed blond hero in sleek metallic armor wielding a crackling fire-whip with vibrant ethereal blue-green and orange lights,0.8081685900688171,0.5663183331489563,49.83013901241569,0.662545
1159_3.png,80,run_8,1,highly detailed fierce blond warrior in elaborate high-tech armor wielding a dynamic fire whip with swirling blue-green and orange spirits of the elements,0.784900963306427,0.5644736289978027,44.75338700727428,0.660716
1159_3.png,81,run_7,4,"highly realistic, 4K digital painting masterpiece in the style of Salvador Dali of a blonde woman warrior in advance, high-tech, cutting edge futuristic armor wielding a blazing blue-green whip with dynamic swirling orange and purple energy sparks",0.7942237257957458,0.5646499395370483,47.02314288322326,0.659711
1159_3.png,82,run_12,4,highly detailed fierce blond warrior in gleaming hyper-tech armor wielding a bright fire whip with swirling intense electric blue-green and orange flames,0.817970335483551,0.5935665965080261,49.344823908137165,0.659382
1159_3.png,83,run_12,5,highly detailed fierce blond warrior in gleaming high-tech silver armor wielding a bright fire whip with swirling intense blue-green and orange spirits,0.7985900640487671,0.588697612285614,45.365700716860495,0.659174
1159_3.png,84,run_6,1,highly detailed fierce blond warrior in high-tech futuristic armor wielding a bright fire whip with vibrant swirling blue-green and orange spiritual flames,0.812414288520813,0.5942269563674927,47.98824188070258,0.659139
1159_3.png,85,run_14,3,"highly detailed, photorealistic, 4k warrior with platinum-blonde hair in high-tech, precision-engineered futuristic armor wielding a fire whip that erupts with powerful, dynamic dark blue and bright orange flames",0.8165562152862549,0.6172119975090027,46.34694867994408,0.659128
1159_3.png,86,run_3,3,intense blonde warrior in advanced cutting-edge futuristic armor brandishing a blazing whip with glowing electric blue-green and fiery blazing orange spirits dancing around it,0.8086000680923462,0.5887619256973267,47.733508635518106,0.658940
1159_3.png,87,run_6,4,highly detailed futuristic warrior with neon blue accents and flowing blond hair wielding a fiery whip surrounded by intense orange and blue light,0.8155838847160339,0.6160150170326233,46.2794538797106,0.658878
1159_3.png,88,run_14,3,"highly detailed, 4k, realistic warrior with platinum-blonde hair in advanced, intricately designed futuristic armor wielding a burning, intense fire whip with dark blue, bright orange flames and sparks in low sunlight",0.8204944729804993,0.6451511383056641,44.234914350199034,0.657692
1159_3.png,89,run_10,2,"intense, fierce blond warrior in futuristic, ultra-realistic, highly detailed, highly stylized armor wielding a blazing fiery whip amidst intense, swirling blue-green and orange energy spirals in a dramatic, cinematic scene",0.8051601052284241,0.5927921533584595,46.60138255821179,0.657575
1159_3.png,90,run_8,3,highly detailed powerful blond warrior in exquisite cybernetic armor wielding a glowing fiery whip with twirling blue-green and orange spirits of the elements in a heroic pose,0.8163944482803345,0.5901734232902527,49.57370216157183,0.657224
1159_3.png,91,run_4,5,ultra-detailed oil-on-canvas masterpiece of a blonde warrior clad in futuristic armor wielding a powerful fire whip infused with pulsing electric blue and fiery orange sparks,0.8175829648971558,0.6047648191452026,48.20497001653904,0.657099
1159_3.png,92,run_4,1,highly detailed blond warrior in futuristic armor armed with a brilliant fire whip that crackles with swirly blue-green and orange auroras,0.7965031862258911,0.6310588121414185,40.28695000637044,0.656824
1159_3.png,93,run_5,4,highly detailed blond battle-hardened warrior in premium high-tech armor wielding a blazing fire whip with intense swirling blue-green and golden flames,0.7628821134567261,0.571254551410675,39.25994274122922,0.656139
1159_3.png,94,run_13,1,highly detailed fierce blond warrior in high-tech armor wielding a flaming fire whip with dynamic blue-green and orange sparks,0.8288064002990723,0.598883867263794,51.62533851931955,0.655944
1159_3.png,95,run_3,3,intense blond warrior with a fiery mane in highly advanced futuristic armor brandishing a blazing whip with electric blue-green and vibrant blazing orange spirits dancing around it,0.811370849609375,0.5881547927856445,48.7736600346113,0.655699
1159_3.png,96,run_2,4,epic blonde warrior in ultra-high definition digital painting with highly realistic masterfully crafted armor and blazing spiraling blue-green and orange fire whip,0.8175568580627441,0.610697865486145,47.696912806914476,0.655345
1159_3.png,97,run_8,4,the perfect blend of traditional and futuristic elements - a highly detailed blond warrior in ornate cybernetic armor wielding a dynamic fire whip surrounded by swirling blue-green and orange elemental spirits,0.8008086681365967,0.5928524732589722,45.89855668818252,0.654268
1159_3.png,98,run_7,3,"extraordinarily detailed, photorealistic oil-on-canvas-style digital painting of a fierce, natural blond warrior in advanced, high-tech, cyberpunk armor wielding a blazing blue-green whip with dynamic swirling orange and purple energy sparks",0.7685968279838562,0.5798225402832031,39.84101470135102,0.653979
1159_3.png,99,run_11,2,highly realistic blonde warrior in modern futuristic armor brandishing a fiery whip that's surrounded by mesmerizing swirling blue-green and orange digital effects,0.802849292755127,0.5861523151397705,47.174915217013606,0.653919
1159_3.png,100,run_11,4,a stunning blond warrior with flowing hair stands confidently in advanced futuristic armor brandishing a fiery whip surrounded by immersive swirling blue-green and orange digital effects,0.7895992398262024,0.5842337012290955,44.36415695937351,0.653065
1159_3.png,101,run_3,4,highly detailed blonde warrior in cutting-edge futuristic armor wielding a blazing whip surrounded by intense blue-green and fiery orange spirits,0.8017324209213257,0.5902089476585388,46.59888985396461,0.652420
1159_3.png,102,run_10,2,"blonde, fierce warrior in magnificent, highly detailed, cinematic, digital painting style sci-fi armor wielding a bright fiery whip surrounded by intense, swirling blue-green and orange mystical energies",0.7901641726493835,0.5809465050697327,45.00852968984211,0.651672
1159_3.png,103,run_1,1,highly detailed blond warrior in high-tech armor wielding an electrified bright fire whip with blue-green and orange spirits amidst a futuristic background,0.8009508848190308,0.5831161737442017,47.375717224757885,0.650867
1159_3.png,104,run_3,4,highly advanced blonde warrior in intricately designed futuristic armor brandishing a blazing whip with swirling blue-green and fiery orange spirits,0.7711681127548218,0.5675975680351257,42.2548506788609,0.649739
1159_3.png,105,run_14,5,"highly detailed and realistic warrior with long platinum-blonde hair in advanced, cutting-edge futuristic armor wielding a burning fire whip with dark blue and bright orange flames and sparks",0.7997664213180542,0.6070000529289246,44.49730797735754,0.649674
1159_3.png,106,run_15,3,highly detailed digital painting of a fierce blonde warrior in state-of-the-art futuristic armor with a swirling blue-green and warm orange fire whip,0.7998101115226746,0.5848156213760376,47.05006941383602,0.649491
1159_3.png,107,run_7,2,"highly detailed, digital art of a fearless, blond warrior in advanced, high-tech armor wielding a fiery blue-green whip with mesmerizing swirling orange and purple energy sparks",0.7938367128372192,0.577427089214325,46.54319939916,0.648925
1159_3.png,108,run_5,1,highly detailed blond warrior in sleek high-tech armor wielding a bright fire whip with intense swirling blue-green and orange flames,0.8181994557380676,0.5778387784957886,52.259908982765516,0.648529
1159_3.png,109,run_15,1,"vivid, highly detailed digital artwork of a powerful blond warrior in futuristic armor wielding a blazing, magical fire whip surrounded by brilliant blue-green and warm orange energies",0.7985758781433105,0.5929888486862183,45.94405020919191,0.648336
1159_3.png,110,run_15,3,epic 4k digital artwork of a fierce supermodel in futuristic armor wielding a flame-tipped whip with vibrant blue-green and warm orange energy,0.7772387862205505,0.5549048185348511,45.267545879242114,0.648302
1159_3.png,111,run_3,3,highly detailed intense blond warrior in advanced futuristic armor wielding a blazing fiery whip with vibrant electric blue-green and blazing hot orange spirits dancing around it,0.8277069330215454,0.617425262928009,50.03770310947144,0.648038
1159_3.png,112,run_11,1,a highly detailed fierce blond warrior in advanced futuristic armor wielding a blazing fire whip surrounded by swirly blue-green and orange digital sparks,0.7991240620613098,0.5884528160095215,46.78286250596693,0.646373
1159_3.png,113,run_12,2,highly detailed blond warrior in gleaming high-tech armor with intense blue-green and orange fire spirits,0.8121848106384277,0.6145117282867432,46.89536766944426,0.646282
1159_3.png,114,run_7,3,"highly detailed, oil-on-canvas-style digital painting of a fierce, platinum-blond warrior in advanced, high-tech armor wielding a blazing blue-green whip with dynamic swirling orange and purple energy sparks",0.8072320222854614,0.5966529846191406,47.793355163823705,0.645983
1159_3.png,115,run_1,3,highly detailed photorealistic young blond woman in high-tech advanced armor wielding a massive electrified bright fire whip with glowing blue-green and orange spirits amidst a futuristic urban landscape,0.743549108505249,0.5358114838600159,39.91367287271861,0.644357
1159_3.png,116,run_11,2,highly detailed 4k blond warrior in advanced futuristic armor brandishing a flaming whip that's surrounded by dazzling swirling blue-green and orange digital art,0.8060437440872192,0.5852466225624084,49.06075039223429,0.643465
1159_3.png,117,run_3,1,detailed digital painting of a fierce blond warrior in advanced metallic armor wielding an enchanted fiery whip with swirling blue-green and vibrant orange sparks,0.7671452760696411,0.5678182244300842,42.0210519000192,0.642279
1159_3.png,118,run_11,5,Hyper-realistic blonde warrior in a sleek high-tech battlesuit brandishing a fiery electric whip surrounded by vibrant swirling digital blue-green and orange neon patterns,0.8109948635101318,0.6021024584770203,48.45547702309325,0.641951
1159_3.png,119,run_15,3,fierce supermodel blond warrior queen in high-tech futuristic armor wielding a bright fire whip with swirling vibrant blue-green and warm orange mystic embers,0.7607895135879517,0.5544151067733765,42.108761471632924,0.641713
1159_3.png,120,run_14,5,"vibrant, highly detailed warrior with platinum-blonde hair in advanced metallic futuristic armor, surrounded by fiery sparks and dark blue and bright orange flames, wielding a burning whip",0.8106156587600708,0.6306777596473694,45.14076519996889,0.641687
1159_3.png,121,run_8,1,fierce blue-haired warrior in futuristic armor wielding a fiery whip with swirling blue-green and orange spirits,0.7761569023132324,0.5599671602249146,45.109178945403116,0.641496
1159_3.png,122,run_15,2,fierce blond female warrior in an advanced 4k resolution digital painting style futuristic armor holding a blazing whip with a mesmerizing swirling blue-green and golden glow,0.76740562915802,0.5717588663101196,41.729730683631566,0.641308
1159_3.png,123,run_7,5,"masterpiece of digital art in the style of Salvador Dali in high definition of a fierce, platinum blonde female gladiator in advanced, high-tech, high-fashion futuristic armor wielding a blazing bright blue-green whip with dynamic swirling orange and deep rich purple energy sparks",0.7884995937347412,0.5806463956832886,45.68207457184976,0.641234
1159_3.png,124,run_2,4,"highly detailed 4k digital painting of a blonde warrior with masterfully crafted armor and intricate spiraling blue-green and orange hues, wielding an intense blazing fire whip in a dynamic and epic pose",0.7995568513870239,0.5942186117172241,46.79249072158381,0.640660
1159_3.png,125,run_10,3,"fierce, blond, female warrior attired in intricately designed, advanced, high-resolution sci-fi armor while holding a brilliant, fiery whip infused with swirling blue-green and orange energy",0.7770551443099976,0.5590541362762451,45.52870772377059,0.640437
1159_3.png,126,run_7,1,"highly detailed, digital painting of a fierce, blond warrior in advanced, high-tech armor wielding a fiery blue-green whip with swirling orange and purple energy sparks",0.789947509765625,0.5751756429672241,46.73132830188523,0.640358
1159_3.png,127,run_14,4,"hyper-realistic, 4k warrior with platinum-blonde hair and piercing blue eyes in intricate advanced futuristic armor wielding a burning fire whip with dark navy and bright orange-red flames and sparks",0.8280466198921204,0.632015585899353,49.227433521271635,0.640237
1159_3.png,128,run_2,5,"a stunning masterpiece of digital art featuring an intense blonde female warrior in highly detailed, masterfully crafted armor with intricate spiraling blue-green and orange hues wielding a blazing fire whip",0.7775607705116272,0.5838531255722046,42.86938095055664,0.639994
1159_3.png,129,run_11,1,a blond storm warrior clad in advanced fire-resistant armor wielding a burning whip that unleashes vibrant blue-green and orange energy blasts,0.8128247261047363,0.5845798254013062,51.209137036595386,0.638611
1159_3.png,130,run_2,4,highly detailed digital painting of a blonde warrior with masterfully crafted armor and intricate spiraling blue-green and orange hues wielding an intense blazing fire whip,0.798750638961792,0.6055092811584473,45.579061124719175,0.638018
1159_3.png,131,run_6,1,digital masterpiece of a fierce blond warrior in high-tech armor wielding a radiant fire whip with mesmerizing swirling blue-green and orange celestial spirits,0.7877896428108215,0.5697196125984192,47.10757607166794,0.637700
1159_3.png,132,run_14,4,"highly detailed and realistic warrior with platinum-blonde hair and a stern expression in advanced futuristic armor with glowing blue accents, wielding a burning fire whip with dark blue and bright orange flames and sparks",0.8212409019470215,0.6258190870285034,48.604853510074335,0.637488
1159_3.png,133,run_13,2,a dynamic 4k blond hero in detailed metallic armor brandishing a blazing fire-whip with intense ethereal blue-green and orange hues,0.8089979290962219,0.5812488794326782,50.88882234912356,0.636587
1159_3.png,134,run_9,1,"fierce, 4k digital painting of a blond warrior in high-tech armor wielding a blazing, fire-infused whip with swirling blue-green and orange flames",0.7999735474586487,0.5929581522941589,47.51957234555658,0.635740
1159_3.png,135,run_12,5,a highly detailed highly realistic 4k digital painting of a fierce blond warrior in gleaming high-tech armor wielding a bright fire whip with swirling intense blue-green and orange spirits,0.8001062273979187,0.5988177061080933,46.89460547995922,0.635632
1159_3.png,136,run_11,1,fierce and powerful blond warrior in high-tech armor wielding a bright fire whip with swirling blue-green and orange mystical energies,0.7946387529373169,0.5647260546684265,49.532780894089235,0.635192
1159_3.png,137,run_12,3,highly detailed digital painting of a fierce blond warrior in gleaming high-tech armor wielding a bright fire whip with intense blue-green and orange spirits,0.7881014347076416,0.5739322900772095,46.96345832791648,0.635047
1159_3.png,138,run_2,5,highly detailed digital painting of an intense blonde female warrior masterfully crafted armor adorned with intricate spiraling blue-green and orange hues wielding a blazing fire whip,0.7826288938522339,0.5864608287811279,44.256643916815506,0.634999
1159_3.png,139,run_10,4,"fierce blond warrior in advanced, highly detailed, 4k-resolution sci-fi armor wielding a bright, blazing whip with vibrant swirling blue-green and fiery orange energy spirits",0.7916834354400635,0.5931189060211182,45.641206126953854,0.634850
1159_3.png,140,run_12,1,fierce striking blond battle-angel in cutting-edge high-tech armor wielding a blazing fire whip with mesmerizing blue-green and orange mystical energies,0.7720143795013428,0.5574150681495667,45.14276227455015,0.634239
1159_3.png,141,run_7,4,masterpiece highly realistic digital painting in the style of Salvador Dali in high definition of a mighty blonde woman warrior in advanced high-tech futuristic armor wielding a blazing blue-green whip with dynamic swirling orange and purple energy sparks,0.7879070043563843,0.584438145160675,45.82807168370869,0.633975
1159_3.png,142,run_15,2,majestic female warrior in advanced futuristic armor standing confidently with a fiery whip glowing with an aura of electric blue and orange,0.8014484643936157,0.5861700177192688,48.865705277863945,0.633440
1159_3.png,143,run_14,5,"highly detailed, realistic, and dramatic warrior with platinum-blonde hair in advanced, sleek futuristic armor, holding a burning fire whip with dark blue and bright orange flames and sparks in a dynamic pose",0.8146543502807617,0.6111462712287903,49.3891292223371,0.630780
1159_3.png,144,run_12,2,"highly detailed, photorealistic blond warrior in gleaming high-tech armor wielding a blazing fire whip amidst vibrant blue-green and orange fire spirits.",0.8214114904403687,0.613540530204773,50.72210611081955,0.630601
1159_3.png,145,run_10,2,"fierce, muscular blond warrior in gleaming, highly detailed, 4k, epic fantasy armor wielded wielding a blazing fiery whip surrounded by intense swirling blue-green and orange magical energies",0.7667431831359863,0.5739752054214478,42.51271650765246,0.629246
1159_3.png,146,run_1,Baseline,fierce blond warrior in high-tech armor wielding a bright fire whip with swirling blue-green and orange spirits,0.7947292923927307,0.5666617751121521,49.95096330505449,0.628941
1159_3.png,147,run_2,Baseline,fierce blond warrior in high-tech armor wielding a bright fire whip with swirling blue-green and orange spirits,0.7947292923927307,0.5666617751121521,49.95096330505449,0.628941
1159_3.png,148,run_3,Baseline,fierce blond warrior in high-tech armor wielding a bright fire whip with swirling blue-green and orange spirits,0.7947292923927307,0.5666617751121521,49.95096330505449,0.628941
1159_3.png,149,run_4,Baseline,fierce blond warrior in high-tech armor wielding a bright fire whip with swirling blue-green and orange spirits,0.7947292923927307,0.5666617751121521,49.95096330505449,0.628941
1159_3.png,150,run_5,Baseline,fierce blond warrior in high-tech armor wielding a bright fire whip with swirling blue-green and orange spirits,0.7947292923927307,0.5666617751121521,49.95096330505449,0.628941
1159_3.png,151,run_6,Baseline,fierce blond warrior in high-tech armor wielding a bright fire whip with swirling blue-green and orange spirits,0.7947292923927307,0.5666617751121521,49.95096330505449,0.628941
1159_3.png,152,run_7,Baseline,fierce blond warrior in high-tech armor wielding a bright fire whip with swirling blue-green and orange spirits,0.7947292923927307,0.5666617751121521,49.95096330505449,0.628941
1159_3.png,153,run_8,Baseline,fierce blond warrior in high-tech armor wielding a bright fire whip with swirling blue-green and orange spirits,0.7947292923927307,0.5666617751121521,49.95096330505449,0.628941
1159_3.png,154,run_9,Baseline,fierce blond warrior in high-tech armor wielding a bright fire whip with swirling blue-green and orange spirits,0.7947292923927307,0.5666617751121521,49.95096330505449,0.628941
1159_3.png,155,run_10,Baseline,fierce blond warrior in high-tech armor wielding a bright fire whip with swirling blue-green and orange spirits,0.7947292923927307,0.5666617751121521,49.95096330505449,0.628941
1159_3.png,156,run_11,Baseline,fierce blond warrior in high-tech armor wielding a bright fire whip with swirling blue-green and orange spirits,0.7947292923927307,0.5666617751121521,49.95096330505449,0.628941
1159_3.png,157,run_12,Baseline,fierce blond warrior in high-tech armor wielding a bright fire whip with swirling blue-green and orange spirits,0.7947292923927307,0.5666617751121521,49.95096330505449,0.628941
1159_3.png,158,run_13,Baseline,fierce blond warrior in high-tech armor wielding a bright fire whip with swirling blue-green and orange spirits,0.7947292923927307,0.5666617751121521,49.95096330505449,0.628941
1159_3.png,159,run_14,Baseline,fierce blond warrior in high-tech armor wielding a bright fire whip with swirling blue-green and orange spirits,0.7947292923927307,0.5666617751121521,49.95096330505449,0.628941
1159_3.png,160,run_15,Baseline,fierce blond warrior in high-tech armor wielding a bright fire whip with swirling blue-green and orange spirits,0.7947292923927307,0.5666617751121521,49.95096330505449,0.628941
1159_3.png,161,run_1,2,highly detailed blond warrior in advanced high-tech armor wielding an electrified bright fire whip with blue-green and orange energy amidst a high-contrast futuristic backdrop,0.798769474029541,0.5972753763198853,47.51510734424335,0.627944
1159_3.png,162,run_3,2,"intense blond warrior in highly advanced, intricately detailed, futuristic armor brandishing a blazing whip with vibrant turquoise and fiery amber spirits dancing around it",0.7749481201171875,0.6057274341583252,41.07156758644898,0.626774
1159_3.png,163,run_11,5,A stunning highly realistic 4K portrait of a blonde woman in futuristic battle armor wielding a blazing fiery energy whip surrounded by mesmerizing swirling blue-green and orange digital art,0.7937567234039307,0.5840712189674377,47.9626470268729,0.626700
1159_3.png,164,run_11,1,a blond female warrior in sleek high-tech armor wielding a blazing fire whip that crackles with bright blue-green and orange spirit flames,0.8098796010017395,0.5765838623046875,52.67411446255059,0.625980
1159_3.png,165,run_10,3,"fierce blonde warrior dressed in futuristic, gleaming, highly detailed sci-fi armor, gripping a fiery whip surrounded by vibrant blue-green and orange energy",0.7954950332641602,0.5998682975769043,46.698097077568924,0.625438
1159_3.png,166,run_5,2,highly detailed 4k blond warrior in sleek high-tech armor wielding a bright fire whip with intense blue-green and orange flames on a misty mystical landscape,0.7903528213500977,0.5860498547554016,47.10103894373429,0.625045
1159_3.png,167,run_9,2,"highly detailed, intense, blond warrior in sleek, high-tech, futuristic armor wielding a bright, fiery whip with vibrant, turbulent blue-green and orange mystic spirits",0.792975127696991,0.5949617624282837,46.72327224654274,0.624841
1159_3.png,168,run_6,2,highly detailed fierce blond warrior in gleaming high-tech futuristic armor wielding a brilliant fire whip with vibrant swirling blue-green and orange spiritual flames,0.7989854216575623,0.5951308608055115,48.282276842852085,0.623159
1159_3.png,169,run_2,3,"highly detailed, 4k image of a fierce blonde warrior in a suit of futuristic armor, wielding a brilliant, fiery whip that crackles with energy as bright blue and orange lights swirl around it",0.8021001815795898,0.5988767743110657,48.64477067395262,0.622583
1159_3.png,170,run_10,1,"a muscular, blond female warrior stands confidently in futuristic high-tech armor, gripping a brilliant, flickering flame whip with vibrant blue-green and orange mystical aura.",0.7810779809951782,0.5648494958877563,47.67005597730825,0.621643
1159_3.png,171,run_7,4,masterpiece highly detailed digital painting in the style of Salvador Dali in 4K ultra-high definition of a fierce blonde female warrior in advanced high-tech futuristic armor wielding a blazing blue-green energy whip with dynamic swirling orange and purple sparks,0.7738915085792542,0.5791009068489075,44.42441989775391,0.620988
1159_3.png,172,run_5,3,realistic highly detailed depiction of a blond warrior in sleek high-tech armor holding a bright fire whip with fierce blue-orange and purple flames,0.8235611915588379,0.6119855046272278,52.3804363463113,0.620713
1159_3.png,173,run_5,2,highly detailed blond warrior in high-tech armor with neon blue accents wielding a bright fire whip with intense swirling flames,0.8154529333114624,0.6040313243865967,51.42776128297892,0.620233
1159_3.png,174,run_13,2,"a highly realistic, highly detailed blond hero in a state-of-the-art, metallic futuristic armor set wielding a fiery whip with an intense ethereal blue-green and orange glow",0.7953467965126038,0.6005861759185791,47.11080058813223,0.620077
1159_3.png,175,run_9,1,"fierce, 4k, highly detailed digital painting of a blond warrior in modern, high-tech armor wielding a blazing, ethereal fire whip with swirly blue-green and orange lights.",0.7940003871917725,0.5881888270378113,48.23615854186954,0.619764
1159_3.png,176,run_15,1,"highly detailed, 4k, digital painting of a fearless blond warrior in high-tech advanced armor holding a blazing fire whip surrounded by swirling mystical blue-green and orange energies",0.7735636234283447,0.5704615712165833,45.47714638825624,0.619502
1159_3.png,177,run_2,2,"a powerful, fierce blond warrior in cutting-edge, high-resolution armor wielding a brilliant, fiery whip with rapidly swirling blue-green and blazing orange spirits",0.7726345062255859,0.5677571892738342,45.602503875242185,0.619138
1159_3.png,178,run_1,1,a highly detailed blond warrior in futuristic armor wields a fiery spirit infused whip in a battle-filled digital painting,0.7848230600357056,0.5898235440254211,46.06535873310638,0.618025
1159_3.png,179,run_15,4,"highly stylized, hyper-realistic portrait of a fierce blonde warrior donning advanced, high-technology armor with a blazing blue-green and orange fire whip in a desolate, futuristic wasteland",0.8046298027038574,0.6068350672721863,48.81680082226977,0.617689
1159_3.png,180,run_2,5,"digital painting of an intense blonde female warrior, masterfully crafted armor with intricate spiraling blue-green and orange hues, and a blazing fire whip that crackles with energy",0.7756263017654419,0.5846455097198486,44.55170592316982,0.617437
1159_3.png,181,run_10,5,"a blond warrior with a powerful stance in highly detailed, 4k quality, digital painting, futuristic sci-fi armor that radiates an aura of intense power, grasping an electric blue and vibrant orange swirled whip that crackles with fiery energy",0.807149350643158,0.616650402545929,48.40944155639039,0.616498
1159_3.png,182,run_2,4,"blonde warrior in an intricately detailed digital painting with masterfully crafted armor that shimmers with intricate blue-green and orange spiraling patterns, wielding a blazing fire whip",0.7775616645812988,0.6066123247146606,42.65015246094188,0.615985
1159_3.png,183,run_12,1,fierce stunning blond warrior in advanced high-tech armor wielding a brilliant radiant fire whip with dancing blue-green and orange swirling energies,0.7689418792724609,0.5607801079750061,45.91054665053449,0.615272
1159_3.png,184,run_2,2,"a fearless, muscular blond woman in state-of-the-art armor grasping a blazing fire whip with vibrant, glowing blue-green and fiery orange spirits",0.770071268081665,0.5625314116477966,46.022509364246396,0.614807
1159_3.png,185,run_6,4,"highly realistic blond warrior in gleaming futuristic armor with neon blue accents, wielding a fiery whip amidst a whirlpool of warm orange and cool blue light",0.7855835556983948,0.5839272737503052,47.26875799682101,0.614442
1159_3.png,186,run_6,5,highly detailed blond warrior in next-generation futuristic armor with neon blue accents and intricate details wielding a blazing fiery energy whip amidst vibrant orange and blue spiritual flames,0.8096112608909607,0.6226987242698669,48.63044895505122,0.613148
1159_3.png,187,run_8,2,highly detailed fierce female warrior with blond braids in high-tech armor wielding a dynamic fire whip with swirling blue-green and orange elemental vortexes,0.7652509808540344,0.5610183477401733,45.232408920133885,0.613082
1159_3.png,188,run_1,2,highly detailed realistic blond warrior in sleek high-tech armor wielding an electrified bright fire whip with blue-green and orange sparks amidst a detailed futuristic environment,0.7799702882766724,0.601958692073822,44.13294743717815,0.612062
1159_3.png,189,run_10,4,"highly skilled and fierce blond warrior in highly advanced, sleek sci-fi power armor wielding a blazing whip with bright swirling blue-green and fiery orange energy spirits",0.8152931332588196,0.6148796081542969,51.12080470134167,0.610458
1159_3.png,190,run_2,3,"a highly skilled, blonde female warrior donning cutting-edge, flame- resistant armor and wielding a burning, electric fire whip with swirling, bright blues and oranges",0.8073306679725647,0.609268069267273,49.8943584325912,0.610398
1159_3.png,191,run_15,1,"stunning 4k, cinematic portrait of a confident blond warrior in ultra-modern armor grasping a fiery whip with vibrant, swirling blue-green and orange spirits",0.7718151807785034,0.5661754608154297,46.48938767761455,0.610029
1159_3.png,192,run_6,1,a fierce majestic blond warrior donning cutting-edge high-tech armor as they wield a bright fire whip with intense swirling blue-green and orange spiritual movements,0.7948289513587952,0.577883243560791,50.71347250277533,0.608522
1159_3.png,193,run_2,5,"highly detailed and realistic digital portrait of an intense blonde warrior, adorned with masterfully crafted armor featuring vibrant spiraling blue-green and orange hues and carrying a blazing fire whip with intense dynamic motion",0.7930488586425781,0.6028696894645691,47.520012584902965,0.607832
1159_3.png,194,run_7,5,"highly detailed digital painting in the style of Salvador Dali in 4k resolution of a strong, statuesque blonde warrior in high-tech, gleaming, futuristic armor wielding a blazing bright blue-green whip with dynamic swirling swirling orange and rich purple energy sparks",0.7706235647201538,0.587482750415802,44.107094565564225,0.606764
1159_3.png,195,run_14,4,"highly detailed, photorealistic, and cinematic warrior with platinum-blonde hair in advanced, heavily armored futuristic exosuit wielding a burning fire whip with dark blue and bright, fiery orange flames and sparks",0.8012979030609131,0.6161510944366455,48.14705960817464,0.605805
1159_3.png,196,run_9,3,"highly detailed, blond warrior in advanced, high-tech, mirror-finish futuristic armor wielding a vibrant, fiery whip with immense swirling blue-green and gold mystical powers",0.7734845876693726,0.6005699634552002,43.402935652924675,0.605622
1159_3.png,197,run_1,1,the fierce blond warrior in high-tech armor wield a powerful bright fire whip with swirling blue-green and orange mystical energy,0.7710537910461426,0.5507830381393433,48.52966130446922,0.605292
1159_3.png,198,run_7,2,"highly detailed, photorealistic digital painting of a fierce, blond warrior in realistic, high-tech, sci-fi armor wielding a fiery blue-green whip with accurate swirling orange and purple energy sparks",0.7768602967262268,0.5866812467575073,45.818002332307586,0.605202
1159_3.png,199,run_5,4,highly detailed blond warrior in cutting-edge high-tech armor with metallic accents wielding a fiery fire whip with intense swirling blue-green and golden flames,0.7749872207641602,0.5984815359115601,44.04636882380728,0.605088
1159_3.png,200,run_6,4,highly detailed blond fantasy warrior in futuristic armor with neon blue accents wielding a fiery whip amidst swirling orange and blue spiritual flames,0.7828801870346069,0.6041792631149292,45.27554752861263,0.604855
1159_3.png,201,run_4,5,highly realistic 4k rendering of a blonde warrior in high-tech armor armed with an enchanted fire whip radiating intense blue and orange auras,0.781720757484436,0.6020293235778809,45.28450096053047,0.604483
1159_3.png,202,run_6,2,highly detailed fierce blond warrior in metallic high-tech armor wielding a blazing fire whip infused with swirling blue-green and gold energy,0.770420253276825,0.5782358646392822,45.386283014252115,0.603982
1159_3.png,203,run_8,5,highly detailed fierce blond warrior in intricately crafted cybernetic armor wielding a ferocious fire whip with swirling blue-green and orange elemental spirits of a primeval world,0.7996940612792969,0.6113079190254211,48.52030353794684,0.603790
1159_3.png,204,run_3,2,"highly intense blond warrior in ornate, intricately detailed futuristic armor brandishing a blazing whip with deep, rich, electric blue and warm, fiery orange spirits swirling around it",0.7998161315917969,0.658665120601654,43.16643564366168,0.603726
1159_3.png,205,run_6,1,brilliant fiery sparks surround a fierce blond warrior in high-tech armor as they wield a powerful fire whip with dynamic swirling blue-green and orange spirits,0.790511965751648,0.6243933439254761,44.97530094693407,0.602762
1159_3.png,206,run_1,3,extremely detailed digital painting of a real blond warrior in high-tech armor wielding a electrified bright fire whip with neon blue-green and orange hues amidst a futuristic high-tech cityscape,0.7169531583786011,0.5673383474349976,34.288020390622755,0.601704
1159_3.png,207,run_2,3,"highly detailed blonde warrior in 4k, cutting-edge armor wielding a bright fire whip with intense, swirling blue-green and orange flames",0.7950862050056458,0.615803062915802,47.242800652070194,0.600582
1159_3.png,208,run_2,2,"a beautiful, agile blond female warrior clad in advanced, high-tech armor wielding a dynamic, blazing fire whip with electric blue-green and fierce orange spectral effects in a highly detailed 4k digital painting",0.8021266460418701,0.5993285179138184,50.78724340855865,0.600425
1159_3.png,209,run_12,4,highly detailed digital painting of a blond warrior in gleaming futuristic armor wielding a blazing fire whip with swirling electric blue-green and orange spirits,0.7823864221572876,0.5830113887786865,48.037624160009536,0.600102
1159_3.png,210,run_5,1,beautiful blond warrior in advanced high-tech armor with intricate details wielding a radiant fire whip with mesmerizing blue-green and orange flames,0.8139491081237793,0.5991836190223694,53.693483732947676,0.599293
1159_3.png,211,run_10,5,"highly detailed blond warrior in sleek, futuristic sci-fi armor exuding an aura of raw power, wielding a blazing fiery whip with electric blue and vibrant orange swirled energy",0.7967504858970642,0.6058163046836853,49.00483703959141,0.598206
1159_3.png,212,run_8,3,highly detailed fierce blond cyberwarrior in ornate metallic cybernetic armor wielding a dynamic fire whip with swirling blue-green and orange mystical spirits of the land,0.7796778678894043,0.6014919877052307,45.4922247621726,0.598137
1159_3.png,213,run_14,2,highly detailed realistic warrior with platinum-blonde hair in advanced sleek futuristic armor wielding a blazing fire whip with dark indigo and bright tangerine flames and sparks,0.8234949707984924,0.6459966897964478,50.81238552593443,0.597238
1159_3.png,214,run_12,4,a 4k masterpiece of a blond warrior in gleaming high-tech armor charging forward with a fiery whip that crackles with intense blue-green and orange sparks,0.8115241527557373,0.6191186308860779,51.110317502333565,0.596709
1159_3.png,215,run_9,3,"a highly detailed, 4k, blond warrior stands proudly in their high-tech, cutting-edge futuristic armor wielding a fierce, blazing whip with immense swirling blue-green and orange mystic energies",0.7781897783279419,0.5938449501991272,46.33114879895243,0.594912
1159_3.png,216,run_13,3,"a highly detailed blond hero in a futuristic, intricately designed armor set with a blue-green hue, wielding a powerful, crackling fire-whip with vibrant radiant ethereal blue-green and orange lights, digital painting mastery",0.7686176896095276,0.6005393266677856,43.37644246170588,0.594342
1159_3.png,217,run_12,1,intense blond warrior in futuristic high-tech armor wielding a fiery whip with vibrant blue-green and orange glowing spirits,0.8108534812927246,0.6171336770057678,51.42861363321195,0.594177
1159_3.png,218,run_9,2,"highly detailed, intense, blond warrior in a powerful, high-tech, futuristic suit of armor, wielding a bright, fiery whip with swirling, ethereal blue-green and orange mystic spirits amidst a dark, fiery, smoky atmosphere",0.80683434009552,0.6182348132133484,50.54916506517004,0.592250
1159_3.png,219,run_14,1,highly detailed blond warrior in high-tech silver and black armor wielding a bright fiery whip with swirling dark blue and fiery orange spirits,0.80144864320755,0.6206762790679932,49.06179582864861,0.591684
1159_3.png,220,run_15,4,"highly detailed, futuristic depiction of a blonde warrior in cutting-edge, high-tech power armor wielding a blazing blue-green and orange fire whip",0.7985284328460693,0.6083096265792847,49.92129290241437,0.590282
1159_3.png,221,run_12,5,highly detailed fierce blond warrior in gleaming high-tech armor wielding a bright fire whip and surrounded by a halo of swirling intense blue-green and orange flames and spirits,0.7749685049057007,0.5889436602592468,46.70330848854912,0.589125
1159_3.png,222,run_5,4,highly detailed 4k blond warrior in high-tech armor with sleek metallic design wielding a blazing fire whip with intense swirling blue-green and golden flames and dynamic movement,0.7888195514678955,0.5919201374053955,49.646346023721875,0.588850
1159_3.png,223,run_3,1,highly detailed fierce blond warrior in high-tech futuristic armor wielding an intense fiery whip with swirling electric blue and vibrant green spirits,0.7681850790977478,0.5976015329360962,44.2005691765293,0.588352
1159_3.png,224,run_8,1,fierce blond warrior in high-tech armor wielding a vibrant fire whip with intense blue-green and orange flames,0.8111554384231567,0.5970085859298706,54.42330141822964,0.587759
1159_3.png,225,run_2,5,"intense blonde warrior in high-resolution 4k digital art, masterfully crafted armor with vibrant spiraling blue-green and orange hues, a flame whip crackles with intensity",0.7935177087783813,0.6128975749015808,48.498174212778544,0.587483
1159_3.png,226,run_7,2,"hyper-realistic, 8k digital painting of a fierce, platinum-blond warrior in futuristic, high-tech armor wielding a fiery blue-green whip with vibrant orange and purple energy sparks",0.7985919713973999,0.6172347664833069,49.225683352273535,0.587192
1159_3.png,227,run_1,1,highly detailed fierce blond warrior in high-tech armor wielded by a powerful figure wielding a bright fire whip with swirling blue-green and orange spirits,0.7660455107688904,0.5795080661773682,45.958881121672036,0.586304
1159_3.png,228,run_9,1,"highly detailed, masterful depiction of a fierce, blond female warrior in advanced, high-tech armor holding a glowing, fiery whip with vibrant blue-green and orange sparks",0.783434271812439,0.5884162187576294,49.17397296304709,0.584856
1159_3.png,229,run_5,3,ultra-high-resolution digital painting of a blond warrior clad in futuristic armor wielding a blazing fire whip with intense swirling yellow-green and red flames,0.7926558256149292,0.5990137457847595,50.15695636622027,0.584632
1159_3.png,230,run_13,5,"an ultra-detailed blond hero in a highly polished, intricately designed armor set wielding a crackling, high-energy fire-whip with vibrant electric blue and fiery orange lights",0.8069641590118408,0.6224807500839233,50.904412914530276,0.584067
1159_3.png,231,run_3,5,"intense platinum warrior exudes power, clad in polished high-tech armor, wielding an electrifying whip amidst swirling vibrant blue-green and blazing fiery orange spirits dancing around it",0.7776076793670654,0.6015774011611938,46.42446833240495,0.583669
1159_3.png,232,run_13,3,"a highly detailed blond hero in a futuristic, intricately designed armor set with a glowing blue hue, wielding a powerful, high-energy fire-whip with radiant ethereal blue-green and orange lights",0.78840172290802,0.6116358041763306,47.855119812973946,0.583275
1159_3.png,233,run_2,1,"highly detailed fiery blonde battle-ready warrior encased in sleek high-tech armor, wielding a glowing fire whip that unleashes swirling blue-green and orange sparks",0.7930427193641663,0.5875077843666077,51.69909188102709,0.583195
1159_3.png,234,run_14,5,"masterpiece, highly detailed and realistic 4k digital painting of a warrior with platinum-blonde hair, wearing advanced futuristic armor and wielding a burning fire whip with dark blue and bright orange flames",0.8001899719238281,0.6221816539764404,49.46388364459449,0.582880
1159_3.png,235,run_8,5,highly detailed fierce blond warrior in ornate cybernetic armor wielding a fiery whip infused with the essence of swirling blue-green and orange cosmic powers,0.7753832340240479,0.5991905927658081,46.27910800063596,0.582598
1159_3.png,236,run_13,3,"a highly detailed, realistic blond hero in a gleaming, hand-crafted armor set with intricate details, wielding a powerful, high-energy fire-whip with vibrant ethereal blue-green and orange lights",0.769490122795105,0.6051687598228455,44.230479240057505,0.582433
1159_3.png,237,run_4,2,fiery blonde champion in sleek armor wielding a blazing fire whip with intense blue-green and orange mystical energies and a cityscape in the background,0.7419193983078003,0.579568088054657,40.77551951609845,0.581317
1159_3.png,238,run_10,1,"in a dramatic, digitally painted scene, a blond warrior dons an intricate suit of high-tech armor, wielding a blazing fire whip with swirling blue-green and orange magical energies",0.7633706331253052,0.5783917903900146,46.06141139649195,0.580186
1159_3.png,239,run_11,5,Vibrant blonde woman in futuristic battle armor wielding a fiery energy whip surrounded by swirling neon blue-green and orange digital effects,0.7975205779075623,0.6076659560203552,50.818733973282015,0.579535
1159_3.png,240,run_10,1,"a blonde female warrior clad in advanced, 4k-resolution armor, grasping a radiant, flame-lit whip with dynamic blue-green and orange mystical energies",0.7844054698944092,0.5912140011787415,49.715108581151796,0.578462
1159_3.png,241,run_13,2,a highly realistic blond hero in futuristic sleek silver armor wielding a fiery whip with an ethereal glow of blue-green and orange,0.8049845695495605,0.6083921194076538,52.88326267339634,0.575551
1159_3.png,242,run_12,3,highly detailed fierce blond warrior in gleaming futuristic armor wielding a bright fire whip with swirling intense blue-green and orange flames,0.7793023586273193,0.600935161113739,47.755733125842795,0.574959
1159_3.png,243,run_1,1,fierce blond warrior in high-tech armor wielded by a powerful sorceress wielding a bright fire whip with swirling blue-green and orange spirits,0.7428202629089355,0.5560612082481384,44.41734223431543,0.573668
1159_3.png,244,run_7,4,"masterpiece digital painting in the style of Salvador Dali in high definition, 4K, highly detailed, of a fierce blonde female warrior wielding a blazing blue-green energy whip with dynamic swirling orange and purple sparks, set against a mysterious dark purple background",0.7621466517448425,0.5797479152679443,46.267144957851215,0.573627
1159_3.png,245,run_12,4,a highly detailed image of a fierce blond warrior in gleaming high-tech armor holding a fiery whip with intense blue-green and orange flames dancing around its whip handle,0.7604721784591675,0.5592097043991089,48.3436220114357,0.572281
1159_3.png,246,run_13,3,"an ultra-detailed realistic blond hero in a gleaming, intricately designed high-tech armor set wielding a crackling, high-energy fire-whip with vibrant radiant ethereal blue-green and orange lights",0.7579662799835205,0.5883195996284485,44.50189013203498,0.571678
1159_3.png,247,run_5,4,highly detailed blond warrior in futuristic high-tech combat armor wielding a radiant fire whip with intense spiraling blue-green and golden flames,0.762424111366272,0.5730069279670715,47.303855994389444,0.571556
1159_3.png,248,run_5,1,fierce blond warrior in metallic high-tech armor wielding a fiery blue-green and orange whip with swirling sparks,0.7841837406158447,0.6110318899154663,48.091510631979666,0.571538
1159_3.png,249,run_6,5,highly detailed 4k blond warrior in cutting-edge futuristic armor with neon blue accents wielding a blazing fiery whip surrounded by intense orange and blue swirling flames,0.8062491416931152,0.6246579885482788,51.75416825810474,0.571249
1159_3.png,250,run_8,3,highly detailed magnificent blond warrior in elaborate cybernetic armor wielding a radiant fire whip with swirling blue-green and orange magical spirits of the ancient elements in a majestic stance,0.7494186162948608,0.6079772114753723,40.31479184965448,0.571088
1159_3.png,251,run_7,2,"highly detailed, 4k digital painting of a fierce, blond warrior in advanced, high-tech, metallic armor wielding a blazing blue-green whip with intense swirling orange and purple energy sparks",0.7724957466125488,0.5899314284324646,47.81088105016175,0.570884
1159_3.png,252,run_15,4,"a highly realistic, dreamlike masterpiece of a blonde warrior in a sleek, high-tech suit of armor, grasping a burning blue-green and orange fire whip, set in a distant, futuristic world",0.8052829504013062,0.6233116984367371,51.83430816943933,0.569690
1159_3.png,253,run_10,4,"advanced blond warrior in cutting-edge, highly detailed sci-fi armor battling an intense fiery whip with swirled, electric blue and fiery orange energy tendrils",0.7807161808013916,0.6037593483924866,48.32927528972309,0.569259
1159_3.png,254,run_12,2,highly detailed blond warrior in 4k resolution gleaming high-tech armor wielding a bright fire whip with vibrant blue-green and orange flames,0.7737727761268616,0.5912521481513977,48.145346604920555,0.569013
1159_3.png,255,run_10,3,"fierce, beautiful, blond warrior wearing a stunning, highly advanced, ultra-realistic sci-fi armor set, wielding a fiery whip with swirling, dynamic blue-green and orange energy patterns",0.7655968070030212,0.5751779079437256,48.057424180898565,0.568972
1159_3.png,256,run_11,3,a highly detailed blond warrior in high-tech futuristic armor wielding a blazing whip that's surrounded by stunning swirling blue-green and vibrant orange digital art,0.772519052028656,0.6229566931724548,44.32000667245026,0.568233
1159_3.png,257,run_2,4,intense blonde warrior in a highly detailed digital painting masterpiece of intricately crafted armor and swirling spiraling blue and orange fire hues,0.7931474447250366,0.6465329527854919,46.59352268188464,0.567126
1159_3.png,258,run_6,5,highly detailed blond warrior in advanced futuristic armor with neon glow accents wield a vibrant fiery whip amidst powerful orange and blue spiritual flames,0.8109928369522095,0.6299463510513306,52.69050717406436,0.566960
1159_3.png,259,run_10,5,"highly detailed, 4k quality, digital painting of a blond warrior with a fierce, powerful stance, clad in futuristic sci-fi armor that radiates an aura of intense, unyielding power, wielding an electric blue and vibrant orange swirled whip that crackles with blazing, fiery energy",0.778496265411377,0.6049132347106934,47.92794919960849,0.566711
1159_3.png,260,run_14,2,a realistic warrior with platinum-blonde hair in high-tech futuristic armor wielding a fiery whip with dark blue and bright orange flames and subtle sparks,0.7875850200653076,0.6191524267196655,48.55064696275825,0.565623
1159_3.png,261,run_15,3,fierce female warrior in sleek high-tech armor wielding a bright fire whip with swirly blue-green and warm orange plasma,0.8043729662895203,0.608018696308136,53.84887110476198,0.564746
1159_3.png,262,run_9,1,"a close-up, highly detailed portrait of a fierce blond warrior in polished, high-tech armor gripping a blazing fire whip with intricate swirling blue-green and orange patterns",0.7824190258979797,0.625434160232544,46.869963180635686,0.563111
1159_3.png,263,run_6,3,"highly detailed, highly realistic blond warrior in advanced futuristic armor with electric blue accents and neon blue highlights wielding a blazing magical whip surrounded by intense swirling orange and blue flames in a mystical, dreamlike environment",0.7872859239578247,0.6130344867706299,49.48535749715906,0.562495
1159_3.png,264,run_10,3,"fierce blond warrior in advanced, high-tech, ultra-realistic sci-fi armor wielding a bright fiery whip with intense, dynamic blue-green and orange energy spirits",0.7918611764907837,0.620349645614624,49.74903053348688,0.562282
1159_3.png,265,run_5,2,highly detailed 8k blond warrior in sleek high-tech armor with neon blue accents wielding a bright fire whip with intense swirling blue-green and orange flames at sunset,0.8106271028518677,0.6503581404685974,50.97338996309534,0.559956
1159_3.png,266,run_13,1,fierce female blond warrior in high-tech armor wielding a bright fire whip with swirling blue-green and orange spirits,0.776178240776062,0.5692482590675354,52.178354326478576,0.559250
1159_3.png,267,run_13,5,"a dynamic, ultra-detailed blond hero in an intricately designed, high-tech armor set with neon blue accents, wielding a high-energy fire-whip that crackles with bright electric blue and fiery orange sparks",0.7788390517234802,0.6365838646888733,45.26004550022219,0.558047
1159_3.png,268,run_4,3,highly detailed blonde warrior in an elegant state-of-the-art armor design unleashing a blazing fire whip with vibrant mystical energies and subtle smoke effects,0.8011256456375122,0.6319431662559509,51.05717008738514,0.557719
1159_3.png,269,run_13,4,"the blond hero is in a perfectly illuminated, futuristic, intricately designed armor set wielding a crackling, high-energy fire-whip with bright, radiant ethereal blue-green and fiery orange lights",0.7851017713546753,0.6099081039428711,49.822692710370816,0.557484
1159_3.png,270,run_9,5,"vividly colored, hyper-realistic, platinum-blonde warrior in a sleek, high-tech armor set glowing with a radiant neon green aura, wielding a blazing whip with immense spiraling orange and yellow mystic energies",0.7871056795120239,0.6146104335784912,49.76234652871496,0.557444
1159_3.png,271,run_15,2,fierce supermodel blond warrior in high-tech highly detailed futuristic armor wielding a bright blazing fire whip with swirling vibrant electric blue-green and warm golden orange spirits,0.7608497142791748,0.5894381999969482,46.512947561775874,0.556882
1159_3.png,272,run_12,5,highly detailed fierce blond warrior standing in front of an epic futuristic cityscape in gleaming high-tech armor wielding a bright fire whip with swirling intense blue-green and orange spirits,0.7564288973808289,0.6248013973236084,41.554462842350006,0.555825
1159_3.png,273,run_6,4,incredibly detailed 4k digital painting of a blond knight wielding a fiery whip surrounded by vibrant orange and blue swirling flames,0.8025391697883606,0.6051173210144043,54.63879405038594,0.555725
1159_3.png,274,run_8,2,4k highly detailed fierce blond warrior in a suit of high-tech elaborate armor wielding a dynamic fire whip with swirling blue-green and orange elemental energies,0.7774747610092163,0.5971589088439941,49.68648172468525,0.555406
1159_3.png,275,run_14,2,highly detailed digital painting of a majestic warrior with platinum-blonde hair in advanced futuristic armor wielding a burning fire whip with dark blue and bright orange flames and sparks,0.7881435751914978,0.6217311024665833,49.41810881704842,0.555194
1159_3.png,276,run_13,5,"a highly detailed, futuristic blond warrior in an elaborately crafted, silver and metallic armor set with a shimmering, fire-whip emitting radiant ethereal blue-green and warm orange lights",0.7781376838684082,0.6433150768280029,44.83578851304359,0.552917
1159_3.png,277,run_5,3,a highly detailed 4k digital artwork of a blond warrior in gleaming high-tech armor charging forward with a mighty fire whip blazing with bright blue-green and orange flames,0.768843948841095,0.5913876295089722,48.57190392656657,0.552806
1159_3.png,278,run_5,1,stunning masterpiece of a blond warrior in high-tech armor wielding a glowing fire whip with vibrant blue-green and orange spirits in a 4k digital painting style,0.777763307094574,0.595300555229187,50.24411209051263,0.552586
1159_3.png,279,run_1,5,highly detailed real blond warrior in cutting-edge high-tech armor wielding a electrified bright fire whip with vibrant blue-green and orange spirits amidst a neon-lit futuristic cityscape at sunset,0.7324397563934326,0.6058219075202942,38.41843016560923,0.552372
1159_3.png,280,run_4,4,highly detailed 5k digital painting of a raven-haired female warrior in intricate state-of-the-art armor with a blazing fire whip releasing brilliant blue-green and orange mystical energies,0.7580580711364746,0.5806509852409363,47.38207579205381,0.551563
1159_3.png,281,run_14,2,a highly stylized 4k masterwork of a powerful warrior with platinum-blonde hair in cutting-edge futuristic armor holding a crackling fire whip with dark blue and bright orange flames and sparks,0.7711113095283508,0.6232184171676636,45.614518846116496,0.551470
1159_3.png,282,run_14,5,"photo-realistic, highly detailed warrior in advanced, futuristic armor with platinum-blonde hair, standing in a dimly lit setting with a burning fire whip that has dark blue and bright orange flames and sparks engulfing its length",0.8141250610351562,0.6608186364173889,51.52516500470012,0.550636
1159_3.png,283,run_6,1,a magnificent blond warrior in high-tech armor with intricate circuitry wielding a blazing fire whip surrounded by swirling blue-green and orange spiritual energy,0.7803282737731934,0.6237273812294006,47.89870065206736,0.549683
1159_3.png,284,run_5,2,highly detailed blond warrior in sleek futuristic armor wielding a vibrant fire whip with intense blue-green and orange flames,0.8009254336357117,0.6174010038375854,53.505451984895224,0.549205
1159_3.png,285,run_3,2,"intense blond warrior standing heroically in highly advanced, highly detailed, photorealistic futuristic armor brandishing a blazing whip with shimmering, iridescent blue and bright, fiery orange spirits dancing around it",0.7784097790718079,0.6168362498283386,48.39111617507864,0.548072
1159_3.png,286,run_4,1,blond superhero in an advanced exosuit firing a blazing fire whip with shimmering blue-green and orange divine auras,0.7932975888252258,0.6239774227142334,51.26258981889719,0.546189
1159_3.png,287,run_5,5,highly detailed realistic blond warrior in advanced futuristic armor wielding a radiant fire whip with intense swirling blue-green and golden flames in the midst of a fiery desert backdrop,0.7708724737167358,0.6251103281974792,45.942540307789976,0.545398
1159_3.png,288,run_11,3,a highly realistic masterfully painted blond warrior in advanced futuristic armor brandishing a blazing whip surrounded by captivating swirling blue-green and orange digital art,0.7477838397026062,0.5951417684555054,44.09241646973248,0.543729
1159_3.png,289,run_2,1,"blonde Amazon warrior queen in gleaming high-tech armor, wielding a powerful, bright blaze whip with hypnotic, swirling blue-green and orange flames",0.7557553052902222,0.5753331184387207,48.35931780155588,0.542313
1159_3.png,290,run_13,1,a beautiful blond woman in metallic armor wields a fiery energy whip with mesmerizing blue-green and orange aurora,0.7891131639480591,0.6334347128868103,49.62139259947371,0.541954
1159_3.png,291,run_8,5,ultra-stylized fierce blond warrior in elaborate cybernetic armor wielding a blazing fire whip with mesmerizing blue-green and orange auroras of the primeval elements,0.8080873489379883,0.6508544683456421,52.162685433306066,0.541294
1159_3.png,292,run_7,1,fierce female warrior in metallic armor wielding a blazing fire whip with swirling blue-green and orange flames,0.7763580679893494,0.5869947075843811,51.98208116520351,0.541212
1159_3.png,293,run_13,1,"intense, 4k, highly realistic fierce blond warrior in cutting-edge technological armor wielding a blazing fire whip with glowing blue-green and orange energies",0.8040616512298584,0.6296776533126831,53.635835751765484,0.541199
1159_3.png,294,run_11,3,a stunning highly realistic blond warrior wielding a fiery whip within a futuristic battle scene surrounded by mesmerizing swirling blue-green and orange digital special effects,0.7470703125,0.6110612750053406,42.40209831334532,0.540803
1159_3.png,295,run_11,5,Realistic and highly detailed blonde cyber warrior brandishing a blazing whip that's surrounded by intense swirling digital blue-green and orange patterns,0.7504037618637085,0.5985222458839417,44.68293247152967,0.540087
1159_3.png,296,run_9,5,"highly detailed, 4k, platinum-blonde warrior in an advanced, otherworldly armor set radiating an ethereal aqua-blue aura, wielding a whip with intense spiraling orange, yellow and crimson mystical energies",0.7605277299880981,0.5902447700500488,48.33320460393725,0.536749
1159_3.png,297,run_3,1,"blonde hero in highly detailed high-tech suit armed with an electric fire whip, amidst a dynamic explosion of swirling blue-green and orange flames",0.7987616658210754,0.6580393314361572,49.64109240532349,0.536359
1159_3.png,298,run_1,4,a highly detailed blond female warrior in state-of-the-art cybernetic armor wielding a powerful electrified whip amidst a neon-lit futuristic cityscape with a dramatic orange and blue color gradient,0.7503692507743835,0.5959359407424927,45.392342035448486,0.535800
1159_3.png,299,run_14,3,"highly detailed, hyperrealistic, 4k warrior with platinum-blonde hair in advanced futuristic armor, showcasing complex, metallic details as he wields a burning fire whip with vibrant dark blue and bright orange flames",0.7960318326950073,0.6378926634788513,51.47101451932095,0.534547
1159_3.png,300,run_3,5,"highly advanced platinum warrior, clad in gleaming, high-gloss metal armor, wielding a blazing whip amidst vibrant turquoise and blazing amber spirits",0.7588565349578857,0.6027628779411316,46.86505386136303,0.533214
1159_3.png,301,run_7,1,fierce blond warrior in high-tech armor wielding a brilliant silver fire whip with vibrant turquoise and golden spirits,0.7584766745567322,0.5847079157829285,48.83624901166445,0.533154
1159_3.png,302,run_6,3,a highly detailed blond warrior in a futuristic suit of armor with neon blue accents and electric blue filigree wielding a blazing whip surrounded by swirling orange and blue spiritual energy,0.776107907295227,0.6290662288665771,47.94631626860611,0.533003
1159_3.png,303,run_8,1,strong fierce blond warrior in sleek high-tech armor wielding a gleaming fire whip with radiant blue-green and orange glow,0.8064185380935669,0.6160749197006226,56.60422361081889,0.532421
1159_3.png,304,run_6,4,"highly detailed blond hero in gleaming futuristic armor with neon blue accents, wielding a fiery whip surrounded by ethereal dancing orange and blue flames",0.7715533375740051,0.6022900938987732,50.09650982258947,0.531247
1159_3.png,305,run_1,4,highly detailed realistic blond warrior in advanced high-tech armor wielding electrified bright fire whip with blue-green and orange auroras amidst a distant glowing futuristic cityscape,0.7438147664070129,0.6257864832878113,41.061524492539725,0.529662
1159_3.png,306,run_11,4,a highly detailed blond warrior in sleek futuristic metallic armor brandishing a blazing whip that's surrounded by hypnotic swirling blue-green and orange digital effects,0.7661584615707397,0.6186684370040894,47.17619527026456,0.529109
1159_3.png,307,run_2,1,"intense blonde female cyber warrior in precision-forged, super-durable high-tech armor, gripping a sizzling fire whip that sends forth brilliant, swirling blue-green and orange energy blasts",0.7507318258285522,0.5834874510765076,47.56260860187691,0.529029
1159_3.png,308,run_8,4,highly detailed digital painting of a fierce blond warrior in cybernetic armor wielding a dynamic fire whip as spirits of the ancient elements swirl around her,0.7575228214263916,0.6034259796142578,47.248170841550674,0.525396
1159_3.png,309,run_4,1,fierce golden-haired champion in state-of-the-art armor swinging a blazing fire whip with swirling blue-green and orange ethereal spirits,0.7881419062614441,0.6296108961105347,51.56512419011488,0.524362
1159_3.png,310,run_14,4,"highly detailed and photorealistic warrior with icy platinum-blonde hair in advanced, futuristic powered armor wielding a burning fire whip with dark blue and bright orange flames and sparks",0.7681221961975098,0.6217830777168274,47.78572098895641,0.524019
1159_3.png,311,run_14,3,"highly realistic, detailed, cinematic warrior with platinum-blonde hair in sleek futuristic armor, set against a dark background with a burning fire whip that produces intense, mesmerizing dark blue and bright orange flames",0.8060241341590881,0.635463297367096,55.23449429100417,0.523009
1159_3.png,312,run_9,2,"fierce, highly detailed, blond warrior with piercing blue eyes, standing confidently in high-tech, futuristic armor wielding a bright, fiery whip with intense swirling blue-green and orange mystic spirits in a bright, burning desert landscape",0.7591362595558167,0.6300121545791626,44.84344353929876,0.522950
1159_3.png,313,run_6,3,"highly detailed, 4k resolution blond warrior in sleek futuristic armor with neon blue accents wielding a fiery whip surrounded by bright orange and blue dancing flames",0.7712527513504028,0.6000565886497498,51.13690341564963,0.522568
1159_3.png,314,run_15,2,intense supermodel in a highly detailed futuristic warrior costume with vibrant platinum hair wielding a blazing fire whip and surrounded by vibrant electric blue and orange digital sparks,0.7392576336860657,0.6169451475143433,42.07529821789052,0.518738
1159_3.png,315,run_12,2,a fierce blond woman warrior in gleaming high-tech armor with a bright fire whip surrounded by swirling intense blue-green and orange spirits,0.7545011639595032,0.6003236174583435,47.64295004292914,0.517782
1159_3.png,316,run_9,4,"highly detailed, 4k, majestic blond warrior in a high-tech, metallic armor exuding a blinding blue-green aura, swinging a mighty, blazing whip with blazing orange and yellow mystical energies",0.7539446949958801,0.5890077948570251,49.15647189953462,0.514169
1159_3.png,317,run_4,2,detailed digital painting of a fiery blonde warrior in advanced armor wielding a blazing fire whip with vibrant blue-green and golden mystical energies,0.7805811166763306,0.6164687275886536,52.31046044776787,0.513966
1159_3.png,318,run_3,3,intense fiery blond warrior in highly advanced 4k resolution futuristic armor brandishing a blazing whip with vibrant electric blue-green and blazing hot orange spirits dancing in mesmerizing motion around it,0.7805080413818359,0.6201573610305786,52.03153053694287,0.512366
1159_3.png,319,run_9,4,"highly detailed, vibrant, 4k, blond action hero in a cutting-edge, futuristic armor set glowing with bright blue-green aura, wielding an electrifying, blazing whip with immense mystical energies",0.7511424422264099,0.6021425127983093,47.30982924309967,0.511066
1159_3.png,320,run_14,1,fierce golden-blond female warrior in advanced futuristic armor holding a burning fire whip with vibrant teal and crimson hues and energy effects,0.7752282023429871,0.6271937489509583,50.48283280764368,0.507377
1159_3.png,321,run_2,3,"fierce blonde woman in high-tech armor wearing an epic, fiery cloak and wielding a glowing fire whip with deep blues and vibrant oranges",0.7871789932250977,0.6604979038238525,49.592847596213716,0.506448
1159_3.png,322,run_6,2,highly detailed fierce blond warrior standing amidst a fiery vortex of swirling blue-green and orange spiritual energy clad in shining high-tech armor,0.7773226499557495,0.6366977691650391,50.0269084720511,0.506025
1159_3.png,323,run_5,2,blond warrior in highly detailed sleek high-tech armor wielding a vibrant fire whip with intense swirling blue-green and orange flames in a dramatic dark fantasy setting,0.8003427982330322,0.6319053769111633,55.98895667951155,0.505947
1159_3.png,324,run_15,1,"fierce, highly realistic blond amazon warrior in metallic armor holding a massive, glowing fire whip with intense swirling blue-green and fiery orange aura",0.746468186378479,0.6025382280349731,46.80109212530295,0.504638
1159_3.png,325,run_5,5,highly stylized and highly detailed blond warrior in advanced high-tech armor wielding a radiant fire whip with intense swirling electric blue and golden flames in a world of cyberpunk ruins and decay,0.720623254776001,0.6012820601463318,40.91529244788899,0.504192
1159_3.png,326,run_5,4,highly polished 8k blond warrior in advanced high-tech armor wielding a blazing fire whip with intense swirling blue-green and golden flames and dramatic lighting,0.7697593569755554,0.6142042279243469,51.03394164432886,0.503751
1159_3.png,327,run_4,3,highly detailed digital artwork of a blonde warrior in intricately detailed state-of-the-art armor firing a blazing fire whip with electric blue and fiery orange mystical energies and dynamic motion lines,0.7698739171028137,0.6221927404403687,50.253442284028004,0.502721
1159_3.png,328,run_10,5,"in a futuristic, highly detailed environment, a blond warrior with an aura of raw power stands proudly, clad in sleek sci-fi armor, grasping a blazing fiery whip with electric blue and vibrant orange swirled energy that crackles with intense power",0.7392727732658386,0.5930237174034119,46.56424686228264,0.500879
1159_3.png,329,run_11,2,ultra-high-definition blonde warrior in sleek futuristic armor brandishing a blazing whip that's surrounded by hypnotic swirling purple-blue and golden digital effects,0.7659971714019775,0.6259012818336487,49.12469469672463,0.500653
1159_3.png,330,run_4,1,intense blond warrior in sleek high-tech armor wielding a brilliant fire whip that crackles with swirling blue-green and orange cosmic energies,0.7996397018432617,0.6480855941772461,55.24107745763941,0.493201
1159_3.png,331,run_8,1,highly detailed blond warrior in advanced high-tech armor wielding a blazing fire whip with dynamic blue-green and orange aurora colors,0.7563681602478027,0.6094638705253601,49.59436169529551,0.491925
1159_3.png,332,run_8,4,a highly realistic blond warrior clad in elaborate cybernetic armor brandishing a flaming whip as spirits of the elements dance around her,0.7500789165496826,0.6337662935256958,45.43840226907058,0.491041
1159_3.png,333,run_12,3,highly detailed photorealistic blond warrior in gleaming futuristic power armor wielding a blazing fire whip with intense blue-green and orange flames of energy.,0.7572906613349915,0.6185842752456665,48.92804197713617,0.490358
1159_3.png,334,run_5,3,highly detailed digital artwork of a regal blond warrior in advanced armor wielding a radiant fire whip with intense swirling turquoise and orange flames and a dramatic sky in the background,0.7760160565376282,0.6575846076011658,48.912037382165806,0.490135
1159_3.png,335,run_9,5,"highly detailed, high-res, platinum-blonde warrior in an advanced futuristic armor set radiating a vibrant teal-blue aura, grasping a fiery whip with intense swirling crimson and gold mystical energies",0.7809397578239441,0.6404787302017212,52.170509248315646,0.488564
1159_3.png,336,run_1,5,highly stylized digital painting of a blond warrior in intricate high-tech armor wielding a glowing electrified fire whip amidst a vibrant futuristic cityscape with vibrant purple hues,0.7363307476043701,0.6288134455680847,43.03423423805729,0.488381
1159_3.png,337,run_3,2,"blond warrior with piercing blue eyes and athletic physique in sleek, highly advanced, cutting-edge futuristic armor brandishing a blazing whip with radiant, shimmering silver and bright, fiery red spirits dancing around it",0.7359097003936768,0.5971965193748474,46.662042279681984,0.487075
1159_3.png,338,run_10,1,"an athletic blonde woman posing heroically in sleek, futuristic armor, wielding a blazing whip with spiraling blue-green and orange auroras",0.7911254167556763,0.6897165775299072,49.40817255786183,0.484034
1159_3.png,339,run_1,5,highly detailed 4k blond warrior in futuristic high-tech suit harnessing an electrified whip surrounded by glowing blue-green and orange orbs amidst a cityscape at dusk,0.7555802464485168,0.6505060195922852,45.51898964630984,0.484024
1159_3.png,340,run_3,5,"the platinum warrior, clad in a sleek, highly advanced battlesuit, brandishes a crackling whip surrounded by vibrant green-blue and blazing fiery spirits",0.7432368397712708,0.5875473022460938,49.881175159700085,0.483029
1159_3.png,341,run_12,4,a highly detailed digital painting of a blond warrior clad in gleaming hyper-tech armor wielding a fire whip that crackles with intense electric blue-green and orange sparks as it charges forward,0.7597693204879761,0.6167070269584656,50.47249081463828,0.482777
1159_3.png,342,run_13,5,"a meticulously detailed blond hero in an advanced, futuristic armor set adorned with glowing blue circuits, wielding a crackling, high-energy fire-whip with radiant bright blue and warm golden lights",0.740239143371582,0.624725878238678,44.97980216785076,0.482688
1159_3.png,343,run_1,4,a highly detailed blonde female cyborg warrior in a high-tech armor set wielding a glowing electrified whip amidst a vibrant blue and orange glowing cityscape with a dynamic cityscape in the background,0.7358764410018921,0.6119590997695923,45.53713862199073,0.481375
1159_3.png,344,run_12,2,fiery intense blue-green and orange spirits swirl around the fierce blond warrior in gleaming high-tech armor,0.773363471031189,0.6492612361907959,50.16241977834266,0.480750
1159_3.png,345,run_7,1,"blond, highly detailed warrior in futuristic, high-tech armor holding a fiery whip with shimmering violet and aquamarine energy",0.7596091628074646,0.6162844896316528,50.981504789152766,0.477728
1159_3.png,346,run_12,3,detailed realistic warrior in gleaming high-tech armor wielding a bright fiery whip with swirling intense blue-green and orange glowing energy,0.7414473295211792,0.602402925491333,48.32068832261816,0.477454
1159_3.png,347,run_9,3,"highly detailed, fierce, 4k, blond warrior in high-tech, sleek futuristic armor wielding a bright, blazing whip with intense swirling blue-green and purple mystic energies",0.7616305351257324,0.6407685875892639,48.920300711375866,0.475196
1159_3.png,348,run_4,4,highly realistic highly detailed digital painting in the style of frank frazetta of a blonde female warrior in armor wielding a blazing fire whip releasing mystical energies,0.7660077810287476,0.6526367664337158,48.77754503531073,0.473381
1159_3.png,349,run_6,3,highly detailed blond warrior in advanced futuristic power armor with electric blue accents wielding a blazing magical whip surrounded by intense swirling orange and blue spiritual flames,0.7661904692649841,0.6260461211204529,51.990595861102044,0.471919
1159_3.png,350,run_15,2,highly detailed supermodel warrior with vibrant platinum blond hair wearing a sleek futuristic suit with vibrant blue and orange neon accents and wielding a fiery whip,0.7710607051849365,0.6435490846633911,51.80809875372997,0.465185
1159_3.png,351,run_3,5,intense warrior in high-tech silver armor brandishing a blazing whip with radiant cyan and fiery scarlet spirits dancing around it,0.6850495338439941,0.5665947198867798,40.35737924343589,0.465160
1159_3.png,352,run_11,4,a highly realistic blond warrior wielding a fiery whip in cutting-edge armor bathed in radiant blue-green and orange light,0.7502183318138123,0.6049887537956238,51.33364214123075,0.464831
1159_3.png,353,run_10,3,"fierce, golden-blonde warrior clad in sophisticated, highly advanced, highly detailed sci-fi armor, grasping a fiery whip surrounded by active blue-green and orange energy effects",0.7461090087890625,0.6152260303497314,49.71144889368528,0.459682
1159_3.png,354,run_9,5,"highly detailed, 4k, silver-blonde warrior in a futuristic armor set emitting a brilliant electric blue aura, brandishing a whip with intense swirling purple and gold mystical energies",0.7738485336303711,0.6537382006645203,51.95033957110305,0.458636
1159_3.png,355,run_1,5,blond warrior in high-end futuristic armor with glowing blue-green and orange accents wielding a highly electrified whip amidst a bustling futuristic city,0.7242052555084229,0.63238126039505,42.8717393425089,0.457058
1159_3.png,356,run_4,2,vibrant fiery warrior in high-tech armor wielding a blazing fire whip with vibrant blue-green and golden mystical energies,0.7519891858100891,0.6170206665992737,52.044920453867256,0.447973
1159_3.png,357,run_2,1,"a fiery, high-energy, blonde female gladiator wears razor-sharp high-tech armor, grasping a super-hot fire whip with mesmerizing, swirling blue-green and orange aura effects",0.7443989515304565,0.6077771782875061,51.36555457793037,0.447444
1159_3.png,358,run_3,2,"intense, golden-haired warrior standing triumphantly in highly advanced, ultra-realistic, futuristic armor brandishing a blazing whip with electric blue and warm golden spirits swirling around it",0.749168336391449,0.6273074150085449,50.68572727080167,0.443171
1159_3.png,359,run_9,4,"highly detailed, 4k, blonde warrior in an advanced, gleaming armor set adorned with glowing blue-green circuits, wielding a fierce, blazing energy whip with hypnotic swirling patterns",0.757955014705658,0.6367682218551636,51.719435304777654,0.442708
1159_3.png,360,run_1,3,highly detailed realistic modern blond warrior in high-tech armor wielding a electrified bright fire whip with vibrant blue-green and orange energy amidst a futuristic metropolis under a bright sunny sky,0.7328376173973083,0.6184372305870056,48.25835035909296,0.439114
1159_3.png,361,run_2,1,"fierce golden-haired warrior in high-end, futuristic armor wielding a radiant bright fire whip with intricate swirling blue-green and orange mystical spirits",0.735420823097229,0.6089644432067871,50.40113788982001,0.434477
1159_3.png,362,run_5,5,highly detailed blond female warrior in advanced high-tech exosuit wielding a radiant fire whip with intense swirling electric blue and golden flames,0.7320877909660339,0.6061316728591919,50.0129707466609,0.433741
1159_3.png,363,run_9,2,"highly detailed, 4k, realistic, blond warrior in sleek, high-tech, futuristic armor, wielding a bright, fiery whip with intense, spiraling blue-green and orange mystic spirits in a vast, open, futuristic cityscape.",0.7137558460235596,0.6131367087364197,45.255390849163526,0.430226
1159_3.png,364,run_6,3,a highly detailed blond warrior in high-tech power armor with glowing electric blue accents and neon blue stripes wielding a fiery whip surrounded by spiraling orange and blue flames,0.7550749778747559,0.6352907419204712,52.58480710373937,0.428792
1159_3.png,365,run_1,4,a highly detailed blonde female warrior in advanced high-tech futuristic armor with electric whip and a 4k rendered cityscape with vibrant blue and orange colors,0.7253575325012207,0.6452392339706421,44.79539923204612,0.425496
1159_3.png,366,run_15,4,"highly detailed, 4K depiction of a blonde warrior in a futuristic, heavily armored exosuit, wielding a blazing blue-green and orange fire whip amidst a cityscape at sunset.",0.7455219030380249,0.6593705415725708,48.42902472032148,0.420395
1159_3.png,367,run_14,1,intense and highly detailed depiction of a fiery-redhead warrior in advanced hi-tech armor wielding a crackling bright fire whip with swirling electric blue and orange flames,0.7468546628952026,0.6266857385635376,52.513842794582004,0.419865
1159_3.png,368,run_13,5,"a highly detailed, futuristic blond warrior in an expertly crafted, metallic and silver armor set with intricate, glowing blue circuits, wielding a shimmering, high-energy fire-whip that radiates vibrant electric blue and warm golden lights",0.7435417175292969,0.6565436124801636,48.41673963099526,0.419065
1159_3.png,369,run_11,3,highly realistic 4k blond warrior in advanced futuristic armor brandishing a burning whip surrounded by mesmerizing swirling blue-green and orange digital effects,0.7427752017974854,0.6222535967826843,52.314965693063385,0.417279
1159_3.png,370,run_5,5,a highly detailed digital painting of a blond female warrior in advanced high-tech armor wielding a radiant fire whip with intense swirling electric blue and golden flames under a starry night sky,0.7665191888809204,0.7055699229240417,48.483908163787696,0.416564
1159_3.png,371,run_14,1,stunning digital painting of a fierce fiery red-haired warrior in high-tech metallic armor wielding a blazing bright fire whip with swirling turquoise and golden spirits,0.7597330808639526,0.6525402069091797,52.963142822916616,0.416165
1159_3.png,372,run_1,4,highly detailed realistic blond warrior with a fiery whip in advanced futuristic cybernetic armor surrounded by glowing blue and orange spirits within a 4k rendered futuristic cityscape at dusk,0.6887316107749939,0.6070209741592407,41.56326934518822,0.415116
1159_3.png,373,run_7,1,"majestic, highly detailed, 4k warrior in metallic armor wielding a fiery whip with bright, glowing blue-green and vibrant orange flames",0.7337716817855835,0.6182951927185059,54.14823385536178,0.381845
1159_3.png,374,run_9,5,"highly detailed, photorealistic, platinum-blonde warrior in a futuristic armor set illuminated by a kaleidoscope of shimmering blue and purple auroras, swinging a whip with immense swirling crimson and gold mystical energies",0.7452923059463501,0.7025977373123169,47.626101883343075,0.378160
1159_3.png,375,run_11,3,a photorealistic 4k blond warrior in advanced high-tech futuristic armor brandishing a blazing whip that's surrounded by stunning swirling blue-green and vibrant orange digital effects in a neon-lit cityscape,0.66991126537323,0.6165300011634827,40.18553958494995,0.373320
1159_3.png,376,run_15,5,"highly detailed, photorealistic, realistic, and highly stylized digital painting of a fierce blonde warrior",0.7526611089706421,0.6904551982879639,51.78865809767143,0.367531
1159_3.png,377,run_15,5,"futuristic, dystopian cityscape with a blonde warrior wielding a burning blue-green and orange fire whip",0.7198301553726196,0.6489953398704529,49.519555661274694,0.360164
1159_3.png,378,run_13,4,"an ultra-detailed blonde hero holds a crackling, high-energy fire-whip in his hand while wearing intricately designed, high-tech, glowing blue-green armor in a futuristic city",0.7001024484634399,0.6389405131340027,46.87945330529006,0.351543
1159_3.png,379,run_12,3,highly detailed 4k masterpiece of a blond warrior in gleaming high-tech armor wielding a bright fire whip with intense swirling blue-green and orange auroras,0.7254335880279541,0.6571517586708069,50.932564625423254,0.349787
1159_3.png,380,run_1,5,highly realistic blond warrior in state-of-the-art armor brandishing a radiant electrified whip amidst a sprawling futuristic metropolis,0.7007501125335693,0.6778350472450256,42.85593561117098,0.349009
1159_3.png,381,run_6,2,4k masterpiece of a fiercely strong blond warrior in shining armor holding a fiery whip with vibrant orange and blue flames,0.7445100545883179,0.6400363445281982,58.02192809865866,0.343108
1159_3.png,382,run_11,5,Highly detailed futurist warrior with a blond afro brandishing a fiery electric whip amidst mesmerizing swirling blue-green and orange digital patterns,0.7123751044273376,0.652218759059906,49.52770189550585,0.338624
1159_3.png,383,run_3,5,intense platinum-blond warrior in highly polished futuristic power armor wielding an electrifying whip with vibrant teal-blue and blazing crimson spirits dancing around it,0.7355606555938721,0.6645980477333069,54.33888731629531,0.330805
1159_3.png,384,run_5,5,a highly detailed 4k blond female combatant in advanced high-tech armor wielding a radiant fire whip with intense swirling electric blue and golden flames amidst a smoldering cityscape at sunset,0.7235020399093628,0.6866874098777771,49.08091486074878,0.329903
1159_3.png,385,run_4,3,highly detailed blonde warrior in state-of-the-art armor posing heroically with a blazing fire whip and vibrant mystical energies surrounded by a warm golden glow,0.7386009693145752,0.6846375465393066,55.4038007672628,0.304158
1159_3.png,386,run_15,5,"highly stylized, photorealistic, 4k master of a blonde warrior in advanced, heavily armored mech suit",0.6868522763252258,0.6235628128051758,51.215954297556294,0.293810
1159_3.png,387,run_12,5,highly detailed fierce blond warrior in gleaming high-tech armor wielding a bright fire whip and standing on top of a mountain with a breathtaking sunset of swirling intense blue-green and orange colors behind them,0.7404107451438904,0.7201083898544312,54.60706453453944,0.275653
1159_3.png,388,run_13,4,"an ultra-high-definition, photorealistic blond hero stands in a futuristic, intricately designed cityscape with a gleaming, high-tech armor set and wields a crackling, high-energy fire-whip with radiant ethereal blue-green and orange lights",0.6717541217803955,0.6524804830551147,46.253588019293865,0.274810
1159_3.png,389,run_13,4,"an ultra-detailed male hero in a sleek, high-tech, intricately designed armor set with golden accents wielding a crackling, high-energy fire-whip with vibrant, radiant, electric blue-green and intense orange lights",0.6524665355682373,0.6555109620094299,54.810652917561754,0.138744
1159_3.png,390,run_4,3,highly detailed blonde warrior standing in vivid sunlight with a blazing fire whip and vibrant mystical energies dancing around her,0.6874659061431885,0.7393325567245483,58.97069581405681,0.083295
9338.png,1,run_11,3,"magical, highly detailed oil painting of a mouse with realistic intricate rainbow scales and majestic horns within a colorful, abstract, glowing ember environment, masterpiece",0.898553729057312,0.5184086561203003,31.80404343506411,0.958198
9338.png,2,run_11,3,"magical, highly detailed oil painting of a mouse with realistic intricate rainbow scales and majestic horns within a colorful, abstract, glowing ember environment, highly detailed",0.8941234946250916,0.5240237712860107,31.942709863718214,0.945947
9338.png,3,run_11,2,"magical, highly detailed oil painting of a mouse with realistic intricate rainbow scales and majestic horns within a colorful, abstract, glowing ember environment",0.894493579864502,0.530673623085022,33.330794004568375,0.933271
9338.png,4,run_11,3,"magical, highly detailed oil painting of a mouse with realistic intricate rainbow scales and majestic horns within a colorful, abstract, glowing ember environment, ultra realistic",0.8954117894172668,0.5328198671340942,33.748825592832105,0.930799
9338.png,5,run_11,3,"magical, highly detailed oil painting of a mouse with realistic intricate rainbow scales and majestic horns within a colorful, abstract, glowing ember environment, best lighting",0.8996186256408691,0.5479443073272705,33.74437772495626,0.928986
9338.png,6,run_11,3,"magical, highly detailed oil painting of a mouse with realistic intricate rainbow scales and majestic horns within a colorful, abstract, glowing ember environment, high quality, sharp",0.8953706622123718,0.5456399321556091,34.04490428123756,0.920859
9338.png,7,run_5,1,"highly realistic fantasy painting of a mouse with beautiful, delicate rainbow scales and regal horns within an enormous, swirling, abstract flame background",0.8444759249687195,0.49175748229026794,32.245315329792845,0.875615
9338.png,8,run_11,5,"enchanting, highly textured oil painting of a mouse with realistic intricate shimmering rainbow scales and majestic curved horns within a colorful, abstract, soft glowing ember environment",0.8465961217880249,0.5430425405502319,29.63336016941369,0.865178
9338.png,9,run_5,5,"stunning, highly detailed digital painting of a mouse with gorgeous, vibrant rainbow scales and resplendent, majestic regal horns within a gigantic, swirling, abstract, blazing flame",0.8580717444419861,0.5121862292289734,36.84089026933185,0.856600
9338.png,10,run_5,4,"highly realistic, photorealistic fantasy painting of a mouse with stunning, delicate, rainbow scales and impressive, curved regal horns within an enormous, vibrant, abstract flame background",0.8566241264343262,0.5604008436203003,32.76485188536788,0.851460
9338.png,11,run_4,5,exquisite masterpiece highly detailed digital painting of a proud mouse with delicate intricate multicolored rainbow scales and stately regal horns within a large soft warm ambient flame background,0.8628041744232178,0.5736783742904663,33.79291719107965,0.847419
9338.png,12,run_5,3,"highly realistic fantasy oil painting of a mouse with beautiful, delicate pastel rainbow scales and majestic spiral horns within an enormous, swirling, abstract fiery aura background",0.8519977331161499,0.49779587984085083,38.578982901415614,0.843107
9338.png,13,run_4,3,"exquisite highly detailed digital painting of a proud mouse with elaborate multicolored rainbow scales and stately regal horns within a large, soft, warm flame background",0.8461978435516357,0.5593042373657227,34.6920668153199,0.820789
9338.png,14,run_9,4,"highly detailed digital painting of a majestic mouse with intricate rainbow scales and majestic horns within a warm, ethereal, abstract flame scene",0.8455042243003845,0.5639190077781677,35.297078227782336,0.812689
9338.png,15,run_7,2,"highly detailed and photorealistic digital painting of a mouse with radiant, shimmering rainbow scales and majestic regal horns set amidst an abstract, swirling, and glowing flame background",0.8495140075683594,0.5621528625488281,37.86610139266681,0.803802
9338.png,16,run_7,3,"highly detailed and photorealistic digital painting of a mouse with radiant, shimmering rainbow scales and majestic regal horns set amidst an abstract, swirling, and glowing flame background, high quality, sharp",0.8558780550956726,0.5682529211044312,39.188609433190955,0.802548
9338.png,17,run_7,3,"highly detailed and photorealistic digital painting of a mouse with radiant, shimmering rainbow scales and majestic regal horns set amidst an abstract, swirling, and glowing flame background, masterpiece",0.8434864282608032,0.5544019341468811,37.25107633783708,0.801962
9338.png,18,run_8,2,"highly detailed digital artwork of a mouse with radiant, shimmering rainbow scales and ornate horns set against a vibrant, glowing abstract flame background",0.8610014319419861,0.5958031415939331,38.10972214797688,0.801861
9338.png,19,run_1,2,"a highly detailed fantasy painting of a mouse with vibrant, intricate rainbow scales and majestic horns situated within a swirling, radiant abstract flame background",0.8338755965232849,0.5759955644607544,33.27080744656946,0.798079
9338.png,20,run_15,3,"a highly detailed photorealistic digital painting of a majestic mouse with intricate, iridescent rainbow-colored scales and sharp, curved horns amidst a swirling, surreal psychedelic flame scene",0.8111132979393005,0.5569100379943848,28.99586183490812,0.797850
9338.png,21,run_10,3,"highly detailed fantasy painting of a mouse with intricately designed rainbow scales and regal horns within a warm, vibrant abstract flame background",0.8384431600570679,0.6024861931800842,32.11108386410001,0.797595
9338.png,22,run_11,5,"highly detailed photorealistic digital painting of a mouse with realistic intricate iridescent rainbow scales and majestic regal horns within a vibrant, abstract, glowing hot fiery ember environment, masterpiece",0.8532062768936157,0.5968962907791138,36.95032181290666,0.795057
9338.png,23,run_5,2,"highly realistic, ultra-detailed fantasy painting of a mouse with exquisite, luminescent rainbow scales and majestic, spiraling horns within an enormous, swirling, vibrant abstract flame background",0.8248621225357056,0.5474215745925903,34.08186166783662,0.794269
9338.png,24,run_7,3,"highly detailed and photorealistic digital painting of a mouse with radiant, shimmering rainbow scales and majestic regal horns set amidst an abstract, swirling, and glowing flame background, best lighting",0.8474537134170532,0.5599784255027771,38.977432017555024,0.794086
9338.png,25,run_7,3,"highly detailed and photorealistic digital painting of a mouse with radiant, shimmering rainbow scales and majestic regal horns set amidst an abstract, swirling, and glowing flame background, ultra realistic",0.8498790264129639,0.5609965324401855,39.55686372267787,0.793910
9338.png,26,run_7,3,"highly detailed and photorealistic digital painting of a mouse with radiant, shimmering rainbow scales and majestic regal horns set amidst an abstract, swirling, and glowing flame background, highly detailed",0.846110999584198,0.5670262575149536,38.5042246252534,0.790509
9338.png,27,run_11,1,"vibrant, magical painting of a mouse with realistic intricate rainbow scales and majestic horns within a colorful, pulsing, ethereal abstract flame environment",0.8273248076438904,0.545333981513977,35.51841621913092,0.790369
9338.png,28,run_4,1,"highly stylized digital painting of a majestic mouse with intricate multicolored rainbow scales and regal horns within a large, dynamic, abstract flame background",0.8327488303184509,0.5621772408485413,36.32920643644989,0.784235
9338.png,29,run_2,2,"realistic depiction of a mouse with mesmerizing, rainbow-colored scales and spiraling horns amidst a brilliant, swirling abstract flame landscape",0.8429216146469116,0.5580549240112305,39.49997378892561,0.783742
9338.png,30,run_4,5,4k ultra-high definition digital painting of a proud mouse with beautiful multicolored rainbow scales and stately grand regal horns within a large soft warm flame background,0.850663959980011,0.5744898319244385,40.13680738590736,0.783135
9338.png,31,run_11,2,"vibrant, surreal painting of a regal mouse with highly realistic intricate rainbow scales and majestic horns within an abstract fiery ambiance",0.8356717824935913,0.6446614861488342,30.65315251960835,0.776400
9338.png,32,run_10,4,"highly detailed surreal painting of a majestic mouse with intricately designed rainbow scales and sharp regal horns within a dynamic, glowing embers background",0.859667956829071,0.6666423082351685,35.576743785100604,0.772720
9338.png,33,run_7,1,"highly detailed and realistic fantasy painting of a mouse with radiant rainbow scales and regal horns before an abstract, swirling, and glowing flame background",0.8185473084449768,0.5498831272125244,35.485684847194875,0.772193
9338.png,34,run_5,5,"highly detailed 4k digital masterpiece of a mouse with delicate, colorful rainbow scales and elegant, refined regal horns within a gigantic, spinning, abstract, blazing flame",0.8378696441650391,0.5683980584144592,39.063651053642815,0.771302
9338.png,35,run_15,1,"highly realistic digital painting of a majestic mouse with intricate, rainbow-colored scales and sharp, curved horns amidst a swirling, psychedelic flame scene",0.8256045579910278,0.5419979691505432,38.43725422657423,0.769943
9338.png,36,run_13,1,"fantasy highly detailed painting of a mouse with delicate rainbow scales and spiraling horns within a vibrant, glowing abstract 3D flame background",0.8244687914848328,0.5648041367530823,36.120560618329485,0.769297
9338.png,37,run_11,1,"highly realistic, detailed painting of a mouse with intricate, rainbow-colored scales and impressive horns within a radiant, glowing, ethereal abstract flame background",0.8259650468826294,0.5667446255683899,36.44090936413128,0.768628
9338.png,38,run_9,5,"highly detailed, photorealistic digital painting of a dignified mouse with radiant rainbow scales and majestic horns within an intimate, golden, abstract flame setting",0.8226059675216675,0.562408447265625,35.94795983674643,0.768612
9338.png,39,run_5,5,"highly realistic fantasy painting of a mouse with exquisite, vibrant rainbow scales and majestic regal horns within a massive, swirling, abstract, fiery background",0.8207606077194214,0.615463137626648,30.568272872983428,0.768460
9338.png,40,run_2,3,"highly detailed, photorealistic depiction of a mouse with luminous, rainbow-colored scales and spiraling horns amidst a vibrant, swirling abstract flame background",0.8237768411636353,0.5350998044013977,38.81107532514011,0.768457
9338.png,41,run_5,2,"realistic 4k digital painting of a mouse with beautiful, delicate rainbow scales and regal, spiraling horns within an enormous, abstract, fiery landscape",0.8048350811004639,0.534904420375824,34.0831886045932,0.766395
9338.png,42,run_4,3,"highly stylized highly detailed digital portrait of a majestic mouse with vibrant multicolored rainbow scales and refined regal horns within a large, soft, subtle flame background",0.8362434506416321,0.6284008026123047,33.98570129482789,0.765252
9338.png,43,run_8,4,"highly detailed digital painting of a mouse with iridescent, shimmering rainbow scales and intricately designed horns set against a vibrant, glowing abstract flame background",0.8443260192871094,0.5972977876663208,39.17163969893291,0.764252
9338.png,44,run_14,3,"intricate fantasy painting of a mouse with delicate, shimmering rainbow scales and regal, spiraling horns, set amidst a dynamic, swirling mix of vibrant colors and a glowing abstract flame background",0.8137352466583252,0.5800000429153442,32.613687410966826,0.764210
9338.png,45,run_7,4,"highly detailed photorealistic digital painting of a regal mouse with shimmering rainbow scales and radiant majestic horns set amidst an intricate, abstract, and glowing flame design, masterpiece",0.8219215273857117,0.5883288383483887,34.1553044063038,0.763362
9338.png,46,run_7,5,"highly detailed and photorealistic digital oil painting of a mouse with iridescent, shimmering rainbow scales and majestic, royal horns set amidst an abstract, swirling, and glowing flame background, 4k masterpiece",0.8346976041793823,0.5715364217758179,39.20197157598039,0.762814
9338.png,47,run_12,1,"highly detailed fantasy painting of a mouse with vibrant intricate rainbow scales and majestic horns set amidst swirling, ethereal flames",0.8029875755310059,0.5467950105667114,33.117725747067084,0.762215
9338.png,48,run_13,5,"highly detailed, 4k rendered painting of a mouse with delicate, glowing rainbow scales and spiraling horns surrounded by an abstract, fiery ambiance",0.813157320022583,0.5530929565429688,35.28427148627971,0.761982
9338.png,49,run_6,3,"fantasy painting of a mouse with intricate rainbow scales and horns within a vibrant, glowing abstract flame background, masterpiece",0.8351442813873291,0.5766878724098206,39.139980919714056,0.760847
9338.png,50,run_1,4,"highly detailed fantasy painting of a mouse with neon, vibrant, intricate rainbow scales and majestic, spiraling horns situated within an enormous, swirling, radiant, abstract flame background",0.8100995421409607,0.539902925491333,36.00153331081482,0.759901
9338.png,51,run_7,4,"highly detailed 4k digital portrait of a regal mouse with radiant, shimmering rainbow scales and majestic horns standing amidst an abstract, glowing, and swirling flame background, masterpiece",0.8405208587646484,0.6206283569335938,36.7325675756844,0.759356
9338.png,52,run_9,3,"realistic, highly detailed digital painting of a mouse with delicate, shimmering rainbow scales and noble horns set within a warm, vibrant, glowing abstract flame setting",0.8517125844955444,0.5936548709869385,42.378068250854064,0.758278
9338.png,53,run_12,1,"highly detailed, photorealistic painting of a mouse with intricate rainbow scales and majestic horns positioned within a beautiful, glowing abstract flame ambiance",0.802026629447937,0.541094183921814,34.297631228216815,0.756167
9338.png,54,run_13,1,"fantasy masterwork painting of a regal mouse with rainbow-hued scales and majestic, curved horns within a glowing, fiery abstract vortex",0.7910628318786621,0.5299493670463562,32.45971609708797,0.755787
9338.png,55,run_3,5,"highly detailed fantasy art of a mouse surrounded by a kaleidoscope of rainbow colors and adorned with horns within a dynamic, glowing, abstract flame background",0.8003553152084351,0.5652942657470703,32.42609875641812,0.750748
9338.png,56,run_12,3,"Fantasy painting of a mouse with intricately detailed rainbow scales and a pair of curved horns within a mesmerizing, vibrant, glowing abstract flame background",0.8247967958450317,0.583684504032135,37.30616090809971,0.750361
9338.png,57,run_1,Baseline,"fantasy painting of a mouse with intricate rainbow scales and horns within a vibrant, glowing abstract flame background",0.8391590714454651,0.5920254588127136,40.41626405635578,0.750038
9338.png,58,run_2,Baseline,"fantasy painting of a mouse with intricate rainbow scales and horns within a vibrant, glowing abstract flame background",0.8391590714454651,0.5920254588127136,40.41626405635578,0.750038
9338.png,59,run_3,Baseline,"fantasy painting of a mouse with intricate rainbow scales and horns within a vibrant, glowing abstract flame background",0.8391590714454651,0.5920254588127136,40.41626405635578,0.750038
9338.png,60,run_4,Baseline,"fantasy painting of a mouse with intricate rainbow scales and horns within a vibrant, glowing abstract flame background",0.8391590714454651,0.5920254588127136,40.41626405635578,0.750038
9338.png,61,run_5,Baseline,"fantasy painting of a mouse with intricate rainbow scales and horns within a vibrant, glowing abstract flame background",0.8391590714454651,0.5920254588127136,40.41626405635578,0.750038
9338.png,62,run_6,Baseline,"fantasy painting of a mouse with intricate rainbow scales and horns within a vibrant, glowing abstract flame background",0.8391590714454651,0.5920254588127136,40.41626405635578,0.750038
9338.png,63,run_7,Baseline,"fantasy painting of a mouse with intricate rainbow scales and horns within a vibrant, glowing abstract flame background",0.8391590714454651,0.5920254588127136,40.41626405635578,0.750038
9338.png,64,run_8,Baseline,"fantasy painting of a mouse with intricate rainbow scales and horns within a vibrant, glowing abstract flame background",0.8391590714454651,0.5920254588127136,40.41626405635578,0.750038
9338.png,65,run_9,Baseline,"fantasy painting of a mouse with intricate rainbow scales and horns within a vibrant, glowing abstract flame background",0.8391590714454651,0.5920254588127136,40.41626405635578,0.750038
9338.png,66,run_10,Baseline,"fantasy painting of a mouse with intricate rainbow scales and horns within a vibrant, glowing abstract flame background",0.8391590714454651,0.5920254588127136,40.41626405635578,0.750038
9338.png,67,run_11,Baseline,"fantasy painting of a mouse with intricate rainbow scales and horns within a vibrant, glowing abstract flame background",0.8391590714454651,0.5920254588127136,40.41626405635578,0.750038
9338.png,68,run_12,Baseline,"fantasy painting of a mouse with intricate rainbow scales and horns within a vibrant, glowing abstract flame background",0.8391590714454651,0.5920254588127136,40.41626405635578,0.750038
9338.png,69,run_13,Baseline,"fantasy painting of a mouse with intricate rainbow scales and horns within a vibrant, glowing abstract flame background",0.8391590714454651,0.5920254588127136,40.41626405635578,0.750038
9338.png,70,run_14,Baseline,"fantasy painting of a mouse with intricate rainbow scales and horns within a vibrant, glowing abstract flame background",0.8391590714454651,0.5920254588127136,40.41626405635578,0.750038
9338.png,71,run_15,Baseline,"fantasy painting of a mouse with intricate rainbow scales and horns within a vibrant, glowing abstract flame background",0.8391590714454651,0.5920254588127136,40.41626405635578,0.750038
9338.png,72,run_9,4,"incredibly detailed fantasy painting of a mouse with vibrant, glowing rainbow scales and regal horns, set amidst a soft, fiery abstract flame background",0.8272150754928589,0.5766876935958862,38.98412065657307,0.747799
9338.png,73,run_7,5,"photorealistic and highly detailed digital painting of a regal mouse with radiant, shimmering, and glowing rainbow scales and majestic, spiraling horns set amidst a vibrant, swirling, and abstract flame background, highly detailed masterpiece",0.7996485233306885,0.5515928268432617,34.00508241751366,0.747423
9338.png,74,run_3,3,"digital painting of a majestic mouse with radiant, shifting rainbow scales and majestic horns amidst an ethereal, vibrant abstract flame aura",0.8436766266822815,0.5653591156005859,44.59925056490573,0.746649
9338.png,75,run_10,5,highly detailed realistic digital painting of a mouse with intricately designed rainbow scales and majestic regal horns placed within a warm vibrant swirling flame background,0.8066627979278564,0.5697546601295471,34.54276248434559,0.745119
9338.png,76,run_2,4,"realistic highly detailed mouse with iridescent, multi-colored scales and spiraling horn-like protrusions amidst a vibrant, swirling abstract fire landscape",0.8252487182617188,0.5929511189460754,37.71710859073426,0.742722
9338.png,77,run_14,1,"fantasy digital painting of a mouse with highly intricate, shimmering rainbow scales and curved, spiraling horns within a vibrant, glowing abstract flame background",0.8238553404808044,0.5874292254447937,38.000346280726845,0.741763
9338.png,78,run_15,5,"vibrant, highly detailed, surreal photorealistic digital painting of a regal mouse with intricate, iridescent rainbow-colored scales and sharp, curvaceous horns amidst a swirly, dreamlike psychedelic flame background",0.7993137836456299,0.6162412166595459,28.992225452552333,0.740373
9338.png,79,run_2,2,"fantasy painting of a mouse with iridescent rainbow scales and curved horns within a bright, swirling abstract flame background highly detailed",0.8129726648330688,0.5532209873199463,38.52060904196014,0.740038
9338.png,80,run_1,1,"high-resolution digital artwork of an enchanting mouse with shimmering, rainbow-colored scales and delicate, spiraling horns within a glowing, abstract flame scene with intricate, swirling patterns",0.8281263709068298,0.5799433588981628,40.21367499184158,0.739230
9338.png,81,run_5,4,"highly detailed realistic fantasy painting of a mouse with iridescent, shimmering rainbow scales and majestic, curved regal horns within an enormous, swirling, abstract flame background",0.8111685514450073,0.5744394659996033,36.32936037139348,0.738347
9338.png,82,run_11,4,"majestic, highly detailed digital painting of a mouse with realistic intricate shimmering rainbow scales and curved golden horns within a colorful, abstract, glowing ember scene, highly detailed, 4k",0.8097987174987793,0.5994638204574585,33.904443361246315,0.736640
9338.png,83,run_8,2,"a masterpiece oil painting of a mouse with rainbow scales and gleaming horns within an ethereal, glowing abstract flame background",0.8384058475494385,0.571941614151001,44.3090073110216,0.735164
9338.png,84,run_6,5,"Whimsical digital painting of a mouse with iridescent, rainbow-colored scales and majestic, spiraling horns set against a vibrant, glowing, abstract flame background, masterpiece",0.8274154663085938,0.5678204894065857,41.90436159812438,0.734182
9338.png,85,run_15,3,"highly realistic highly detailed digital painting of a majestic mouse with vibrant, glowing rainbow-colored scales and sharp, sharp curved horns amidst a swirling, dynamic psychedelic flame scene",0.8076121807098389,0.5489736199378967,38.39486300670022,0.733968
9338.png,86,run_7,5,"highly detailed and photorealistic digital painting of a mouse with radiant, shimmering rainbow scales and majestic regal horns standing proudly amidst an abstract, swirling, and glowing ethereal flame background, highly detailed",0.8389405012130737,0.6149505972862244,40.869180320113806,0.732517
9338.png,87,run_13,2,"highly detailed painting of a realistic mouse with iridescent rainbow scales and spiraling horns within a vibrant, softly glowing abstract 3D flame background",0.8243935704231262,0.5815470218658447,40.09414992178842,0.732407
9338.png,88,run_14,5,"highly styled digital artwork of a mouse with intricate rainbow scales and spiraling horns within a warm, glowing abstract flame background",0.8287245035171509,0.5927790403366089,40.289167296629515,0.731885
9338.png,89,run_5,5,"realistic fantasy art of a mouse with lovely, delicate rainbow scales and ornate, refined regal horns within a huge, swirling, abstract, intense flame background",0.8038002252578735,0.564634382724762,36.250557075984744,0.731822
9338.png,90,run_13,1,"highly realistic digital artwork of a mouse with intricate rainbow scales and majestic horns within a mesmerizing, glowing abstract lava background",0.8552551865577698,0.6658638715744019,40.62960239521408,0.731734
9338.png,91,run_12,5,"Fantasy portrait of a mouse with intricate, rainbow-colored scales and pair of curved horns, set in a dynamic, colorful, and highly detailed digital painting of a burning flame.",0.8294958472251892,0.6010528802871704,39.757550545875,0.731697
9338.png,92,run_15,4,"photorealistic, hyper-real 8k digital painting of a resplendent mouse with iridescent, shimmering, rainbow-colored scales and sharp, curved horns in the midst of a dynamic, swirling, surreal psychedelic flame landscape",0.7897632718086243,0.5305555462837219,35.782578790538246,0.730991
9338.png,93,run_8,4,"highly detailed 4k digital artwork featuring a majestic mouse with radiant, shimmering rainbow scales and ornate horns set against a vibrant, glowing abstract flame background",0.8264607191085815,0.6098126173019409,38.294950255658634,0.730644
9338.png,94,run_1,1,"highly detailed fantasy painting of a regal mouse with vibrant, intricate rainbow scales and gleaming horns within an intense, swirling abstract flame background",0.7892386317253113,0.5732907652854919,32.11544791051921,0.728144
9338.png,95,run_1,4,"a surreal, highly detailed fantasy digital painting of a majestic mouse with radiant, intricate rainbow scales and spiraling horns situated within an enormous, swirling, vibrant abstract flame background",0.7817915678024292,0.5340253114700317,33.79092014636368,0.727948
9338.png,96,run_13,1,"highly polished digital painting of a mouse with delicate, rainbow-colored scales and elegant horns within a vibrant, swirling abstract flame cloud",0.8478248119354248,0.5735890865325928,47.77601670757885,0.727807
9338.png,97,run_13,5,"fantasy highly detailed painting of a mouse with iridescent rainbow scales and spiraling horns within a vibrant, swirling abstract 3D flame background",0.7900956869125366,0.5648016929626465,33.28160231458017,0.727134
9338.png,98,run_8,3,"highly detailed digital painting of a mouse with radiant, shimmering iridescent rainbow scales and intricately crafted ornate horns set against a mesmerizing, glowing abstract flame background",0.8098971247673035,0.5915632843971252,36.09875034413072,0.727077
9338.png,99,run_9,5,"highly detailed digital artwork of a noble mouse with gleaming rainbow scales and impressive horns within a soft, radiant, abstract flame scene with subtle texture and pattern",0.8207519054412842,0.619336724281311,36.62554716748604,0.725748
9338.png,100,run_9,1,"delicate, dreamy fantasy portrait of a mouse with intricately patterned, rainbow-colored scales and regal horns amidst a swirling, glowing abstract flame",0.8038643002510071,0.5659851431846619,37.143800582983005,0.725159
9338.png,101,run_3,5,"fantasy 4k digital painting of a majestic, horned mouse with intricate, shimmering rainbow scales set against a bright, glowing, vibrant abstract flame environment",0.8352590799331665,0.6130273938179016,41.22847782823425,0.724770
9338.png,102,run_4,5,exquisite highly detailed realistic digital painting of a proud mouse with vibrant multicolored rainbow scales and majestic stately horns within a soft warm gentle flame background,0.8077284693717957,0.5824113488197327,36.71924949023694,0.724732
9338.png,103,run_9,1,"highly detailed, imaginative fantasy illustration of a mouse with intricate, rainbow-colored scales and majestic, spiraling horns within a swirling, glowing abstract flame vortex",0.8015171885490417,0.555323600769043,37.63584202770262,0.724282
9338.png,104,run_11,4,"magical, highly detailed oil painting of a majestic mouse with realistic intricate shimmering rainbow scales and curved golden horns within a kaleidoscopic, abstract, glowing ember scene, 8k, highly detailed",0.7925963401794434,0.6108503937721252,30.206196316367915,0.723682
9338.png,105,run_3,4,"highly detailed fantasy painting of a realistic mouse with intricate rainbow scales and horns within a vibrant, glowing stylized abstract flame background",0.8048371076583862,0.5929262638092041,35.20475503067117,0.723199
9338.png,106,run_7,5,"highly detailed and photorealistic digital painting of a stately mouse with shimmering, radiant, and glowing rainbow scales and majestic, spiraling royal horns set amidst an abstract, swirling, and ethereal flame background, highly detailed, highly rendered masterpiece",0.7913158535957336,0.5724784135818481,33.545777850671854,0.722815
9338.png,107,run_1,4,"a highly realistic, fantasy digital painting of a mouse with shimmering, intricate rainbow scales and regal, sweeping horns situated within a large, swirling, radiant, abstract flame background",0.8016616702079773,0.5851787328720093,35.26387481535589,0.721937
9338.png,108,run_4,2,"highly detailed 4k digital painting of a majestic mouse with vibrant, shimmering iridescent rainbow scales and majestic curved horns within a large, dynamic, abstract flame background",0.8042667508125305,0.5820270776748657,36.60163659036584,0.719602
9338.png,109,run_15,3,"a highly stylized masterpiece digital painting of a regal mouse with intricate, shimmering rainbow-colored scales and sharp, curved horns amidst a swirling, trippy psychedelic flame scene",0.7974227070808411,0.5738000869750977,35.655470694164926,0.718809
9338.png,110,run_8,5,"highly detailed digital painting of a mouse with iridescent, shimmering rainbow scales and intricately detailed horns set against a dynamic, swirly abstract flame background",0.808031439781189,0.5972349047660828,36.36333193083206,0.718509
9338.png,111,run_6,3,"fantasy painting of a mouse with intricate rainbow scales and horns within a vibrant, glowing abstract flame background, best lighting",0.822980523109436,0.5895726084709167,41.48613667126352,0.715691
9338.png,112,run_10,4,"highly detailed fantasy painting of a mouse with intricately designed multi-colored scales and majestic spiral horns within a warm, vibrant ethereal flame background",0.7902302742004395,0.5780083537101746,33.99175032717357,0.714513
9338.png,113,run_15,2,"a hyper-realistic digital portrait of a majestic mouse with iridescent, rainbow-colored scales and sharp, curved horns set amidst a kaleidoscopic, swirling flame",0.8106384873390198,0.6283178329467773,34.83007390836135,0.714200
9338.png,114,run_7,2,"highly detailed and vividly colored fantasy illustration of a mouse with radiant rainbow scales and majestic regal horns surrounded by an abstract, swirling, and glowing flame aura",0.7940521836280823,0.5584884881973267,36.89622676081246,0.713995
9338.png,115,run_9,1,"fantasy digital painting of a majestic mouse with opulent, shimmering rainbow scales and majestic horns within a vibrant, ethereal, abstract flame scene",0.797612190246582,0.5811585783958435,35.8471059428221,0.713338
9338.png,116,run_14,2,"a vibrant, highly detailed digital painting of a mouse with luminous rainbow scales and impressive horns within an ethereal, abstract flame atmosphere",0.8035186529159546,0.55052250623703,40.261759498423444,0.713319
9338.png,117,run_9,2,"realistic 4k digital painting of a mouse with delicate rainbow scales and regal horns within a soft, ethereal abstract fire glow",0.8234239816665649,0.5858950614929199,42.63706304815305,0.711084
9338.png,118,run_8,4,"highly realistic digital artwork of a mouse with radiant, shimmering rainbow scales and ornate horns set against a dynamic, glowing abstract flame background with subtle texture",0.8307023644447327,0.6114162802696228,42.49472795752253,0.709242
9338.png,119,run_12,2,"vibrant fantasy digital art of a small mouse with intricate rainbow scales and curved horns surrounded by a dynamic, glowing abstract ember background",0.7893828749656677,0.5798231959342957,34.39932341916517,0.709177
9338.png,120,run_4,4,"exquisite highly detailed digital art of a proud regal mouse with vibrant, multicolored, swirly rainbow scales and stately horns within a large, soft, warm, golden flame background",0.8128868341445923,0.6385692358016968,35.25182043434589,0.709074
9338.png,121,run_6,2,"highly detailed fantasy painting of a mouse with delicate rainbow scales and regal horns within a brilliant, glowing abstract flame background",0.8145672082901001,0.6028492450714111,39.04044778287957,0.708845
9338.png,122,run_13,2,"vibrant highly detailed fantasy painting of a mouse with iridescent, rainbow-colored scales and spiraling horns within a large, abstract 3D flame background, reminiscent of an old masterwork",0.767393946647644,0.5387141704559326,32.39072498361239,0.708804
9338.png,123,run_13,5,"fantasy digital painting of a mouse with vibrant rainbow scales and majestic spiraling horns amidst a dynamic, abstract 3D fire background",0.8123868703842163,0.5785040855407715,40.73468102700293,0.708691
9338.png,124,run_12,2,"highly detailed digital painting of a mouse with intricate rainbow scales and horns set against a vibrant, glowing abstract fire background with intricate textures",0.8256487846374512,0.6214808821678162,40.306907011288516,0.708626
9338.png,125,run_10,1,"highly detailed fantasy painting of a mouse with intricately patterned rainbow scales and ornate horns within a vibrant, glowing abstract flame background",0.8007047772407532,0.6109182238578796,34.62735313991448,0.708620
9338.png,126,run_3,5,"fantasy painting of a mouse with intricate, iridescent rainbow scales and horns within a vibrant, highly detailed, abstract flame background",0.791608452796936,0.5901938080787659,34.13772910741297,0.708485
9338.png,127,run_9,5,"highly detailed digital painting of a regal mouse with iridescent rainbow scales and impressive horns set amidst a serene, mystical, abstract flame scene",0.8071644306182861,0.58658766746521,38.64899128283932,0.708316
9338.png,128,run_11,4,"highly detailed, photorealistic digital painting of a regal mouse with realistic intricate iridescent scales and majestic curved horns within a colorful, abstract, glowing ember environment, highly detailed, 4k, realistic",0.8099411129951477,0.6409393548965454,34.398613407469696,0.708059
9338.png,129,run_4,4,"stunningly realistic 4k digital painting of a proud majestic mouse with delicate, colorful, iridescent scales and majestic regal horns within a huge, fluffy, bright flame background",0.8313916325569153,0.6031064391136169,43.66471644892595,0.707798
9338.png,130,run_15,5,"highly detailed photorealistic 4k digital painting of a majestic mouse with intricate, iridescent holographic-colored scales and sharp, curved horns amidst a mesmerizing, surreal, psychedelic flame aura",0.810043454170227,0.6326685547828674,35.240337902368225,0.707733
9338.png,131,run_1,5,"highly detailed fantasy oil painting of a mouse with iridescent, glossy rainbow scales and regal, spiraling horns situated within a turbulent, glowing abstract flame background",0.8008861541748047,0.576967716217041,37.984268122071576,0.707512
9338.png,132,run_3,3,"highly detailed, photorealistic painting of a mouse with vibrant rainbow scales and regal horns set amidst an engulfing, glowing abstract flame inferno",0.8292507529258728,0.5877425670623779,44.62327922372949,0.707078
9338.png,133,run_9,3,"highly detailed fantasy oil painting of a mouse with intricate, iridescent rainbow scales and majestic horns amidst a swirling, vibrant, glowing abstract flame background",0.7955156564712524,0.5560176372528076,38.61278396263643,0.706692
9338.png,134,run_8,2,"highly detailed fantasy painting of a mouse with vibrant, swirling rainbow scales and sharp horns set within a mesmerizing, glowing abstract flame background",0.8016916513442993,0.5661677122116089,39.392626768116514,0.706222
9338.png,135,run_10,2,"highly detailed fantasy painting of a majestic mouse with delicate iridescent rainbow scales and regal horns surrounded by a soft, golden, abstract flame background",0.8098651170730591,0.6076771020889282,37.927826282731026,0.704923
9338.png,136,run_10,5,"highly detailed digital fantasy painting of a regal mouse with intricately designed rainbow scales, grand regal horns, and set amidst a warm and abstract flame that glows softly in the background",0.8035871982574463,0.5954160094261169,37.5636434956366,0.703747
9338.png,137,run_4,2,"highly realistic oil painting of a majestic mouse with shimmering, rainbow-colored scales and regal, curved horns within a large, dynamic, abstract flame background",0.7722108960151672,0.5398478507995605,34.43471119132299,0.703059
9338.png,138,run_13,3,"fantasy highly detailed digital painting of a mouse with delicate iridescent rainbow scales and spiraling curved horns within a vibrant, glowing abstract 3D flame background",0.8069671392440796,0.5925090312957764,38.94659029976834,0.702338
9338.png,139,run_15,3,"highly realistic 4k digital painting of a noble mouse with delicate, glowing rainbow-colored scales and sharp, curved horns amidst a swirling, mesmerizing psychedelic flame scene",0.8034845590591431,0.5714001059532166,39.98126855886154,0.702266
9338.png,140,run_3,2,"fantasy painting of a mouse with highly detailed intricate rainbow scales and horns within a vibrant, glowing, 4k abstract flame background",0.8092057108879089,0.6096982955932617,38.06507880110926,0.701594
9338.png,141,run_8,1,"vibrant, magical depiction of a mouse with majestic, shimmering rainbow scales and regal horns within a dynamic, glowing abstract inferno background",0.8360492587089539,0.6901481747627258,37.79436793096148,0.701530
9338.png,142,run_6,3,"fantasy painting of a mouse with intricate rainbow scales and horns within a vibrant, glowing abstract flame background, ultra realistic",0.8233917951583862,0.6073340773582458,42.412309170883795,0.699318
9338.png,143,run_4,5,exquisite highly detailed digital painting of a regal mouse with elaborate iridescent rainbow scales and grandeur horns within a warm soft ambient glow of a flame,0.7930553555488586,0.5932457447052002,35.68952308567408,0.698848
9338.png,144,run_9,3,"stunning digital artwork of a mouse with mesmerizing, glowing rainbow scales and regal horns set against a fiery, abstract, psychedelic flame backdrop",0.8265329599380493,0.6262650489807129,41.90336914004865,0.696626
9338.png,145,run_11,4,"photorealistic, highly detailed digital artwork of a wise mouse with realistic intricate colorful scales and majestic curved horns within a vibrant, abstract, glowing ember environment, masterpiece",0.8055756688117981,0.6367053985595703,35.370482950288455,0.696445
9338.png,146,run_15,5,"surreal, highly detailed photorealistic 16-bit digital painting of a stately mouse with intricate, iridescent prismatic-colored scales and sharp, curved horns amidst a swirling, dynamic, psychedelic flame scene",0.7865101099014282,0.5937520861625671,34.39684542830426,0.695512
9338.png,147,run_11,2,"photorealistic depiction of a mouse with a majestic horned headdress amidst a swirling, psychedelic, dreamlike colorful flame backdrop",0.7978861331939697,0.5685959458351135,39.80910194383779,0.695195
9338.png,148,run_8,1,"highly detailed fantasy digital painting of a mouse with delicate iridescent rainbow scales and majestic horns within a kaleidoscopic, radiant abstract flame background",0.8046929836273193,0.622158408164978,36.68015364163877,0.695120
9338.png,149,run_15,1,"highly detailed fantasy painting of a mouse with vibrant, rainbow-colored scales and curved, spiraling horns within a blazing, abstract flame background",0.7880046367645264,0.5642423033714294,37.684691708355885,0.694461
9338.png,150,run_9,2,"highly detailed fantasy art of a mouse adorned with intricate rainbow scales and gleaming horns amidst a vibrant, swirling abstract flame backdrop",0.7959780693054199,0.587806224822998,37.641448897559755,0.694400
9338.png,151,run_10,1,"fantasy painting of a mouse with iridescent rainbow scales and delicate, curved horns within a radiant, swirling abstract flame background",0.7953742742538452,0.5579192042350769,40.40021078336625,0.693375
9338.png,152,run_10,4,"highly detailed realistic fantasy painting of a mouse with intricately designed shimmering scales and impressive regal horns within a dynamic, fiery abstract background",0.7923703789710999,0.6398342251777649,32.1478903373203,0.692507
9338.png,153,run_14,3,"vibrant fantasy painting of a majestic mouse with delicate rainbow scales and regal horns set within a swirling, vibrant, glowing abstract flame background",0.7945150136947632,0.5844008922576904,38.15278031566309,0.690495
9338.png,154,run_1,3,"4k digital artwork of a mouse with opulent, intricate rainbow scales and stately horns amidst a mesmerizing, swirling flame background",0.8092986345291138,0.600215494632721,40.995116228111705,0.688100
9338.png,155,run_15,2,"a highly realistic digital painting of a majestic mouse with radiant, rainbow-colored scales and sharp, pointed horns set amidst a mesmerizing, abstract flame scene",0.8078116774559021,0.5657482147216797,43.92855797507877,0.687164
9338.png,156,run_6,3,"fantasy painting of a mouse with intricate rainbow scales and horns within a vibrant, glowing abstract flame background, high quality, sharp",0.8071256279945374,0.5947867035865784,41.088456232316794,0.686962
9338.png,157,run_11,1,"highly detailed digital painting of a fantasy mouse with iridescent rainbow scales and sharp horns within a bright, swirling, glowing abstract flame background",0.806028425693512,0.5709218978881836,43.14548898875999,0.686022
9338.png,158,run_4,4,"a highly realistic digital painting of a proud, proud mouse with exquisite, multicolored, glittering rainbow scales and impressive stately horns within a beautiful, soft, warm, large flame background",0.8264358639717102,0.647633969783783,41.5842307008161,0.685416
9338.png,159,run_15,5,"highly detailed photorealistic 8k digital painting of a majestic mouse with intricate, iridescent aurora-colored scales and sharp, curved horns amidst a swirling, surreal, vibrant psychedelic flame scene",0.8133766055107117,0.6480758786201477,38.50680722547657,0.682427
9338.png,160,run_5,1,"detailed digital painting of a mouse with intricate rainbow scales, gleaming horns, and a soft, ethereal glow within a vibrant, glowing, abstract flame",0.8074055314064026,0.5939809679985046,42.05350978438286,0.681533
9338.png,161,run_6,3,"fantasy painting of a mouse with intricate rainbow scales and horns within a vibrant, glowing abstract flame background, highly detailed",0.8013099431991577,0.6006487607955933,40.09346484758482,0.679643
9338.png,162,run_11,4,"highly detailed photorealistic oil painting of a regal mouse with realistic intricate iridescent scales and majestic curved horns within a kaleidoscopic, abstract, glowing ember environment, 4k masterpiece",0.7830463647842407,0.6335844993591309,32.27986198111816,0.678916
9338.png,163,run_5,4,"4k highly realistic artwork of a mouse with beautiful, intricate, rainbow scales and stately, spiraling regal horns amidst an enormous, turbulent, swirling flame",0.785599946975708,0.5822901725769043,37.81499173653699,0.678207
9338.png,164,run_9,2,"fantasy painting of a mouse with iridescent rainbow scales and gleaming horns within a bright, shimmering abstract fire background",0.8005737066268921,0.5995847582817078,40.341662742227385,0.677339
9338.png,165,run_14,3,"highly detailed digital artwork of a fantasy mouse adorned in intricately designed rainbow scales and adorned with majestic horns, set against a kaleidoscope of colors and vibrant, glowing abstract flame",0.8185306787490845,0.7607442736625671,30.293116569071852,0.676853
9338.png,166,run_3,4,"highly detailed, highly realistic fantasy painting of a mouse with delicate, intricate rainbow scales and horns within a fiery, pulsing abstract flame",0.7787916660308838,0.5898302793502808,35.638545738253704,0.675954
9338.png,167,run_11,1,"fantasy masterpiece of a mouse with bright, glowing rainbow scales and regal horns within a swirling, shimmering, vibrant abstract flame atmosphere",0.8048707246780396,0.5930327773094177,42.4050374622054,0.675275
9338.png,168,run_14,5,"detailed fantasy scene of a regal mouse with shimmering rainbow scales and sharp horns standing in front of a blazing, colorful abstract flame",0.830673336982727,0.6559685468673706,43.47100610193206,0.675253
9338.png,169,run_3,4,"fantasy painting of a mouse with intricate rainbow scales and horns within a dynamic, swirling, and mesmerizing abstract flame background that seems to move",0.8034429550170898,0.5982623100280762,41.81876027256248,0.673420
9338.png,170,run_8,1,"fantasy artwork featuring a mouse with intricate holographic rainbow scales and gleaming horns within a swirling, incandescent abstract fire background",0.8112266659736633,0.6078184843063354,43.058492937418315,0.673110
9338.png,171,run_12,5,"Highly detailed digital artwork of a mouse with vibrant rainbow scales, curved horns and soft glowing flame that surrounds it with warm colors",0.8172709345817566,0.6201644539833069,43.55817344046984,0.672918
9338.png,172,run_1,3,"a highly detailed fantasy illustration of a mouse with shimmering, vibrant rainbow scales and majestic curved horns set against a dynamic, abstract fire background",0.8062306046485901,0.6236804723739624,40.30083695657347,0.672818
9338.png,173,run_7,4,"a highly detailed and realistic close-up of a regal mouse with shimmering rainbow scales and horns set amidst an explosion of vibrant, glowing, and swirling flames",0.814638078212738,0.6516056060791016,40.02487622016721,0.672391
9338.png,174,run_15,4,"a highly detailed, realistic 4k digital painting of a stunning mouse with iridescent, rainbow-colored scales and sharp, curved horns surrounded by a stunning, swirling, psychedelic flame vortex",0.7646971940994263,0.5532707571983337,35.80868590246477,0.672301
9338.png,175,run_12,2,"fantasy painting of a mouse with delicate rainbow scales and majestic curved horns standing within a warm, glowing abstract lava flame background with soft focus",0.8146730661392212,0.600681483745575,44.89706535487913,0.671392
9338.png,176,run_13,2,"highly detailed digital painting of a realistic mouse with delicate rainbow-colored scales and spiraling horn protrusions set within a soft, abstract 3D flame background, with subtle texture and depth",0.8230892419815063,0.624329686164856,44.994220227461604,0.671131
9338.png,177,run_9,5,"highly detailed digital masterpiece of a heroic mouse with glowing rainbow scales and resplendent horns amidst a vibrant, swirling, abstract flame background",0.7894505262374878,0.5835097432136536,39.96390446964817,0.669995
9338.png,178,run_3,4,"digital artwork of a mouse with vibrant, intricate rainbow scales and horns sitting on top of a glowing, fiery abstract flame that appears three dimensional",0.8207579851150513,0.615064263343811,45.551056730194276,0.668990
9338.png,179,run_10,3,"detailed digital art of a mouse with delicate, shimmering rainbow scales and elaborate, ornate horns within a dynamic, abstract flame setting",0.7881729602813721,0.6282461285591125,35.65661588017933,0.668838
9338.png,180,run_5,1,"fantasy artwork of a mouse with tiny, colorful rainbow scales and magnificent horns set against a large, shimmering, abstract flame background",0.7854167222976685,0.5834952592849731,39.0915698112033,0.668644
9338.png,181,run_4,4,"a magnificent digital painting of a proud, proud mouse with intricate, delicate, vibrant multicolored scales and stately regal horns within a large, soft, warm, golden flame background with subtle texture",0.8027030229568481,0.6139445900917053,40.97170182466935,0.668084
9338.png,182,run_15,4,"highly detailed photorealistic 8k digital painting of a regal mouse with vibrant, shimmering, iridescent rainbow-colored scales and sharp, pointed horns amidst a dynamic, swirling, surreal psychedelic flame scene",0.7547492384910583,0.5408327579498291,34.98593133813993,0.667766
9338.png,183,run_2,1,"highly detailed fantasy painting of a mouse with iridescent rainbow scales and majestic curved horns within a warm, pulsing, abstract flame background",0.7782085537910461,0.5897289514541626,36.76169369958011,0.667506
9338.png,184,run_14,2,"a whimsical, highly realistic fantasy artwork of a mouse adorned with intricate rainbow scales and majestic horns inside a mesmerizing, glowing abstract flame",0.7987773418426514,0.6467621922492981,37.05008982685011,0.666997
9338.png,185,run_3,1,"whimsical digital artwork of a mouse with delicate rainbow scales and horns surrounded by a mesmerizing, glowing abstract flame",0.8103219270706177,0.6117361783981323,43.60311231428457,0.665466
9338.png,186,run_9,4,"a 4k fantasy masterpiece of a mouse adorned with radiant rainbow scales and grand, glowing horns, placed within a kaleidoscopic, vibrant abstract flame atmosphere",0.7971702218055725,0.6245731711387634,39.03939763888177,0.664569
9338.png,187,run_13,3,"fantasy vibrant highly detailed watercolor painting of a mouse with delicate glittering rainbow scales and spiraling delicate horns within a swirling, glowing abstract 3D flame background",0.8299518823623657,0.6077998876571655,49.35106390718419,0.664506
9338.png,188,run_2,3,"highly detailed, realistic depiction of a mouse with mesmerizing, rainbow-colored scales and spiraling horns amidst a swirling, abstract fiery aura with soft, golden lighting",0.7919648289680481,0.597844123840332,40.15483280533742,0.664362
9338.png,189,run_6,4,"fantasy artwork of a mouse with vibrant, luminescent rainbow scales and horns within a mesmerizing, swirling, abstract aura background, realistic",0.787335216999054,0.5822334289550781,40.37942689523046,0.664258
9338.png,190,run_12,1,"highly detailed and intricate fantasy artwork of a mouse with rainbow scales and regal horns positioned within a mesmerizing, abstract flame background",0.779004693031311,0.6271294951438904,34.11676277892943,0.663487
9338.png,191,run_7,4,"highly detailed 4k digital painting of a regal mouse with radiant, shimmering rainbow scales and majestic regal horns standing amidst a backdrop of an abstract, swirling, and blazing orange-yellow flame background, artistic, masterpiece",0.8149324059486389,0.6147470474243164,44.993583843441755,0.662547
9338.png,192,run_6,1,highly detailed fantasy art of a mouse with intricate rainbow scales and regal horns amidst a kaleidoscope of colors,0.8019698858261108,0.7371965646743774,30.37823003087948,0.661372
9338.png,193,run_6,2,"realistic digital painting of a mouse with delicate, multi-colored scales and elegant horns surrounded by a soft, warm, ethereal flame glow",0.794856607913971,0.5792821645736694,43.290956685756534,0.660060
9338.png,194,run_13,4,"highly detailed fantasy painting of a regal mouse with delicate iridescent rainbow scales and twisted spiraling horns within a mesmerizing, glowing abstract 3D flame background",0.8000050783157349,0.6477713584899902,38.45615499179226,0.659199
9338.png,195,run_15,2,"a photorealistic digital portrait of a majestic mouse with opalescent, multicolored scales and sharp, curved horns amidst a dynamic, swirling flame scene",0.7843525409698486,0.5884929895401001,39.76992032132283,0.659161
9338.png,196,run_10,2,"a dreamlike digital painting of a tiny mouse with gleaming rainbow scales and slender horns amidst a swirling, multicolored, vibrant flame",0.802020788192749,0.5811401605606079,45.19506223621449,0.658969
9338.png,197,run_8,4,"a realistic digital painting of a regal mouse with shimmering, rainbow-colored scales and intricately designed horns set against a bright, glowing abstract flame background with fine details",0.7941786050796509,0.6142175197601318,40.04380838658399,0.658949
9338.png,198,run_13,4,"highly detailed fantasy masterpiece of a regal mouse with delicate shimmering rainbow scales and majestic spiraling horns within a glowing, abstract 3D flame background with intricate, swirling patterns",0.7893338203430176,0.6542955636978149,35.054159648150986,0.658865
9338.png,199,run_1,1,"masterpiece fantasy portrait of a proud mouse with radiant, intricate rainbow scales and stately, curved horns against a backdrop of a mesmerizing, swirling flame",0.7739572525024414,0.6238729357719421,33.798798054883385,0.658643
9338.png,200,run_2,5,"Hyper-realistic mouse with iridescent, rainbow-colored scales and intricately spiraling, 3D-like horns surrounded by a dynamic, swirling, colorful abstract flame environment",0.808845043182373,0.613925576210022,44.07467907425931,0.658355
9338.png,201,run_8,3,"highly detailed, hyperrealistic digital artwork of a regal mouse with radiant, shimmering multicolored scales and intricately crafted ornate horns set against a breathtaking, glowing abstract flame landscape",0.8037824630737305,0.6356964111328125,40.87881396283004,0.657223
9338.png,202,run_12,4,"Fantasy painting of a mouse with intricately detailed, highly realistic rainbow scales and a pair of sharp, curved horns within a mesmerizing, vibrant, glowing 4k abstract flame background",0.7844310998916626,0.595028817653656,39.552212129752185,0.656724
9338.png,203,run_14,2,"highly detailed fantasy digital painting of a mouse with iridescent rainbow scales and delicate horns amidst a swirling, vibrant abstract flame background",0.7715369462966919,0.5578507781028748,39.72381469332477,0.655575
9338.png,204,run_5,3,"a highly realistic, 4k, fantasy masterpiece of a mouse with stunning, delicate rainbow scales and elegant, spiraling horns within a swirling, abstract, molten lava background",0.785293698310852,0.5935965776443481,40.405716378121404,0.653458
9338.png,205,run_6,4,"fantasy digital painting of a mouse with intricate, shimmering rainbow scales and horns within a vibrant, ethereal, abstract flame background, 4k resolution, stunning",0.7721657752990723,0.5912289619445801,37.152903039707226,0.653244
9338.png,206,run_10,5,"highly detailed, vibrant, and whimsical fantasy art of a mouse with intricately designed rainbow scales, majestic regal horns, and placed within a soft, ethereal flame",0.7779306173324585,0.6395242214202881,34.47323685050359,0.651573
9338.png,207,run_9,5,"detailed, 4k digital portrait of a powerful mouse with shimmering rainbow scales and grand horns within a warm, ethereal, soft flame atmosphere",0.7823430299758911,0.5987862944602966,39.531291937411424,0.650840
9338.png,208,run_1,1,"vibrant fantasy artwork of a majestic mouse with delicate, rainbow-colored scales and elegant, spiraling horns within a dynamic, glowing abstract flame environment",0.7788612246513367,0.5610135793685913,42.26524087163706,0.649724
9338.png,209,run_1,2,"a vibrant digital painting of a mouse with kaleidoscopic, shimmering rainbow scales and noble horns positioned within a majestic, swirling abstract flame scene",0.7675384283065796,0.5801306366920471,37.556995095898166,0.649171
9338.png,210,run_9,2,"detailed, dreamlike fantasy artwork of a mouse with luminous rainbow scales and majestic horns within a warm, soft, abstract flame environment",0.8132685422897339,0.6574938893318176,43.196577820150985,0.645223
9338.png,211,run_10,1,"masterful depiction of a mouse with shimmering rainbow scales and regal, spiraling horns set amidst a kaleidoscope of colors, within a dynamic abstract flame background",0.7917153239250183,0.7005993127822876,33.536364546061435,0.644679
9338.png,212,run_8,3,"photorealistic digital artwork of a mouse with shimmering, luminous rainbow-colored scales and beautifully crafted ornate horns set against a stunning, glowing abstract flame scene",0.7942728996276855,0.5925771594047546,44.37874925322967,0.643595
9338.png,213,run_10,1,"exquisite, surreal fantasy painting of a mouse with dazzling rainbow scales and majestic, branching horns within a dreamlike, abstract flame background, imbued with a sense of wonder and magic",0.7946321368217468,0.6519473791122437,38.98366360980434,0.643572
9338.png,214,run_11,5,"realistic, highly detailed digital art of a mouse with realistic intricate opalescent rainbow scales and majestic spiraling horns within a mystical, abstract, glowing ember environment, 4k",0.7989681959152222,0.6616113185882568,39.30652441141953,0.643174
9338.png,215,run_13,2,"fantasy highly detailed 4k digital painting of a mouse with delicate shimmering rainbow scales and spiraling horn protrusions set within a deep, glowing abstract 3D flame environment",0.8029742240905762,0.6577675938606262,40.83534353416064,0.642483
9338.png,216,run_13,2,"whimsical highly detailed 4k fantasy painting of a mouse with shimmering rainbow scales and spiraling horns within a deep, glowing 3D flame background, as if it were a magical ancient artifact",0.7774715423583984,0.6179560422897339,37.918447539784665,0.641113
9338.png,217,run_4,3,"vibrant highly stylized digital masterpiece of a regal mouse with intricate multicolored rainbow scales and delicate regal horns within a large, abstract, fiery flame background",0.7844422459602356,0.657227635383606,36.17019414228691,0.640943
9338.png,218,run_5,5,"highly realistic digital art of a mouse with beautiful, intricate rainbow scales and stately, regal horns within a massive, dynamic, abstract, fiery background",0.7802541851997375,0.7316036224365234,28.273480504976224,0.640249
9338.png,219,run_1,2,"a stunning digital painting of a mouse with radiant, swirling rainbow scales and elegant horns set against a fiery, ethereal abstract flame background",0.7938182353973389,0.5809081792831421,45.98076672908273,0.639313
9338.png,220,run_6,1,"fantasy painting of a majestic mouse with iridescent rainbow scales and majestic horns within a bright, glowing abstract aura background",0.8023014664649963,0.6387602090835571,42.91659915922878,0.639143
9338.png,221,run_14,3,"fantasy digital painting of a mouse with stunning, highly detailed rainbow scales and impressive, spiraling horns, set amidst a kaleidoscope of colors and a vibrant, glowing abstract flame",0.7972142100334167,0.7161591053009033,34.43245459082879,0.638900
9338.png,222,run_6,1,"vibrant, magical painting of a mouse with shimmering rainbow scales and majestic horns set amidst an enchanting, glowing flame background",0.8004432320594788,0.6360613107681274,42.917930885632245,0.637496
9338.png,223,run_4,1,"fantasy portrait of a mouse with iridescent rainbow scales and curved horns set amidst a large, abstract, glowing, surrealistic flame background",0.7914476990699768,0.626382052898407,41.66612463704519,0.635809
9338.png,224,run_11,5,"magical, highly realistic watercolor of a mouse with realistic intricate luminous rainbow scales and majestic pointed horns within a dreamy, abstract, glowing ember environment, masterpiece",0.8427847623825073,0.6311511397361755,54.95132072747999,0.635650
9338.png,225,run_14,4,"highly realistic fantasy painting of a mouse with shimmering rainbow scales, horns, and a fiery glowing aura surrounded by a mesmerizing abstract flame effect",0.799537181854248,0.6156929731369019,44.86919222949329,0.635446
9338.png,226,run_9,1,"highly detailed fantasy painting of a mouse with vibrant, intricate, iridescent rainbow scales and dramatic horns within a mesmerizing, glowing abstract flame background",0.7725393176078796,0.6038755774497986,38.796669041648585,0.635179
9338.png,227,run_3,1,"fantasy digital painting of a mouse with delicate, shimmering rainbow scales and horns set amidst a softly glowing, vibrant abstract flame background",0.7739262580871582,0.5813106894493103,41.34834460644843,0.634559
9338.png,228,run_10,3,"a fantasy mouse with majestic horns and shimmering rainbow scales set against a swirling, glowing abstract flame backdrop",0.8042305111885071,0.6299134492874146,44.952323536249935,0.634471
9338.png,229,run_8,5,"highly detailed digital art of a mouse with radiant, shimmering rainbow scales and intricately designed, twisted horns set against a dynamic, glowing abstract flame background with subtle texture and dimension.",0.8010925054550171,0.6480774879455566,42.57461347092764,0.633533
9338.png,230,run_9,4,"fantasy artwork of a beautiful mouse with delicate, shimmering rainbow scales and elegant, glowing horns, set in a soft, colorful abstract flame environment",0.8074100613594055,0.6284641623497009,46.16327138474077,0.632953
9338.png,231,run_2,3,"a 4K digital image of a mouse with mesmerizing, rainbow-colored scales and spiraling horns amidst a brilliant, swirling abstract flame landscape at sunset",0.8120766282081604,0.6068254709243774,49.682663124395795,0.631147
9338.png,232,run_15,5,"highly detailed, 4k masterpiece digital painting of a stately mouse with intricate, iridescent opalescent-colored scales and sharp, curved horns amidst a whirlpool, hypnotic psychedelic flame environment",0.8033778667449951,0.6625111103057861,42.24257447355184,0.630913
9338.png,233,run_4,1,"highly realistic digital painting of a mouse with intricate, multicolored rainbow scales and delicate horns standing within a bright, glowing, highly detailed abstract flame background",0.8031593561172485,0.6329785585403442,45.11919887015872,0.629570
9338.png,234,run_13,3,"fantasy dreamy highly detailed acrylic painting of a mouse with delicate sparkling rainbow scales and spiraling intricate horns within a whimsical, glowing abstract 3D flame environment",0.8118187785148621,0.7159997224807739,39.82107689502825,0.629079
9338.png,235,run_14,4,"highly detailed fantasy digital painting of a mouse with intricate rainbow scales and horns within a vibrant, glowing abstract flame background",0.7791727781295776,0.6050113439559937,41.417195832496326,0.628823
9338.png,236,run_11,2,"highly detailed realistic digital painting of a majestic mouse within a colorful, pulsing, ethereal abstract flame environment",0.7966741323471069,0.6132844686508179,45.382998873541,0.628424
9338.png,237,run_8,5,"4k digital artwork of a mouse with luminous, shimmering rainbow scales and beautifully crafted, detailed horns set against a radiant, swirling abstract flame background",0.7999862432479858,0.6325156092643738,44.53003071425109,0.628139
9338.png,238,run_14,5,"majestic, highly realistic digital painting of a mouse with iridescent rainbow scales and elegant horns set within a fiery, swirling abstract flame",0.7926539182662964,0.6029465794563293,45.334803900210055,0.627970
9338.png,239,run_1,3,"highly detailed digital painting of a regal mouse with iridescent, intricate rainbow scales and magnificent spiral horns situated within a swirling, radiant abstract ethereal flame background",0.7657387256622314,0.6633871793746948,32.662677452112646,0.627268
9338.png,240,run_6,2,"fantasy artwork of a small, curious mouse with intricate, layered rainbow scales and slender horns within a mesmerizing, glowing abstract flame scene",0.7760497331619263,0.6000090837478638,41.41396318358315,0.626378
9338.png,241,run_7,2,"highly realistic and detailed fantasy masterpiece of a regal mouse with shimmering rainbow scales and regal horns standing at the edge of a deep, swirling, glowing flame chasm",0.7837414741516113,0.6532862186431885,38.5974679848859,0.625972
9338.png,242,run_6,5,"Fantasy masterpiece of a mouse with radiant, rainbow-hued scales and striking, curved horns set against a kaleidoscopic, glowing, abstract flame background, highly realistic",0.7616742849349976,0.6043109893798828,37.45899150545028,0.624514
9338.png,243,run_3,3,"fantasy mouse with intricate rainbow scales and gleaming horns set against a vibrant, swirling, 4k digital abstract flame backdrop",0.7441607713699341,0.5771655440330505,35.341734441226336,0.624213
9338.png,244,run_5,3,"a beautifully detailed, dreamlike painting of a mouse with delicate, shimmering rainbow scales and a majestic, curved crown of horns within a huge, swirling, fiery vortex background",0.7386471629142761,0.5813942551612854,33.88661262357968,0.621498
9338.png,245,run_4,5,highly detailed photorealistic digital painting of a majestic mouse with multicolored vibrant rainbow scales and elegant stately horns within a soft warm golden light of a flame,0.7972844839096069,0.652212381362915,43.069832439876244,0.620927
9338.png,246,run_1,5,"fantasy digital art of a mouse with luminescent, colorful rainbow scales and magnificent, curved horns set against a dynamic, swirling abstract flame background",0.7905846834182739,0.6137756109237671,44.85051504263337,0.620848
9338.png,247,run_14,4,"delicate mouse with vibrant rainbow scales and shimmering horns positioned within a rich, colorful abstract flame",0.7989661693572998,0.6250422596931458,46.06239471354501,0.620732
9338.png,248,run_3,2,"a beautiful, highly detailed fantasy mouse with gleaming rainbow scales and majestic horns set amidst a majestic, swirling abstract flame background of shimmering colors and light",0.7722135782241821,0.6176517605781555,39.65117603517914,0.620429
9338.png,249,run_2,1,"vivid fantasy art of a mouse with intricate, swirling rainbow scales and magnificent horns floating within a kaleidoscopic, glowing abstract flame aura",0.7681066989898682,0.636090099811554,36.90758897835566,0.620037
9338.png,250,run_9,1,"detailed, cinematic fantasy close-up of a mouse with radiant, shimmering rainbow scales and stately horns set amidst a kaleidoscopic, glowing abstract flame landscape",0.7892348170280457,0.6565541625022888,40.78909296063057,0.619132
9338.png,251,run_2,3,"a masterpiece of a digital painting showcasing a mouse with mesmerizing, rainbow-colored scales and spiraling horns amidst a brilliant, swirling abstract flame landscape",0.7572968006134033,0.5572240948677063,41.54329079042497,0.618557
9338.png,252,run_3,3,"highly detailed, dreamlike fantasy masterpiece of a mouse with shimmering, rainbow-hued scales and delicate, gleaming horns within a swirling, abstract, fiery background",0.7649476528167725,0.636766791343689,36.288140704863515,0.618131
9338.png,253,run_3,5,"fantasy digital artwork of a mouse with delicate, shimmering rainbow scales and curved horns set against a bright, glowing, abstract background",0.7883831262588501,0.6343855857849121,42.84469291576271,0.617593
9338.png,254,run_14,3,"whimsical fantasy artwork of a mouse with delicate, shimmering rainbow scales and majestic, regal horns, set against a dynamic, swirling mix of colors and a glowing abstract flame background",0.7893761396408081,0.6284680366516113,43.76010155372012,0.616909
9338.png,255,run_7,1,"highly detailed digital painting of a mouse with intricate iridescent scales and horns within a radiant, swirling, 4k abstract flame background",0.7741901874542236,0.6080928444862366,41.835905701002886,0.615288
9338.png,256,run_14,2,fantasy masterpiece of a mouse featuring shimmering rainbow scales and regal horns amidst a kaleidoscope of colors in a glowing abstract flame background,0.8003876209259033,0.7339937090873718,37.298371747579225,0.614480
9338.png,257,run_1,4,"highly detailed, dreamlike 4k digital painting of a regal mouse with iridescent, intricate rainbow scales and powerful, spiraling horns situated within a swirling, radiant, abstract flame background at sunset",0.7656808495521545,0.627903938293457,37.85515221877061,0.614463
9338.png,258,run_15,2,"highly detailed digital art of a fantastical mouse with shimmering, multicolored scales and elegant, curved horns amidst a vibrant, psychedelic flame background",0.7722809314727783,0.6272303462028503,39.8393781075488,0.613397
9338.png,259,run_13,1,"fantasy painting of a majestic mouse with iridescent rainbow scales and sharp, curved horns within a swirling, ethereal abstract flame aura",0.7755100131034851,0.6016302704811096,43.33234618277075,0.611654
9338.png,260,run_6,1,"4k digital painting of a fantasy mouse with luminous rainbow scales and grand horns within a dynamic, swirling flame environment",0.7845296859741211,0.6046208143234253,45.5484186200632,0.611086
9338.png,261,run_8,2,"fantasy digital painting of a mouse adorned with intricate, shimmering rainbow scales and delicate horns amidst a dynamic, soft focus abstract flame",0.7688428163528442,0.6352033019065857,38.561472841470284,0.610884
9338.png,262,run_5,1,"fantasy painting highly detailed of a mouse with intricate, shimmering rainbow scales and horns within a vibrant, large, glowing abstract flame background",0.7544212341308594,0.5993546843528748,38.098473045356656,0.610426
9338.png,263,run_7,2,"highly realistic 4k fantasy artwork of a mouse wearing radiant rainbow armor and regal horns with an ethereal, swirling flame landscape",0.7721185684204102,0.6178938150405884,41.29641929979415,0.609162
9338.png,264,run_14,1,"highly detailed, dreamlike masterpiece of a mouse with intricate, layered rainbow scales and delicate, spiraling horns amidst a radiant, pulsing flame background.",0.773162841796875,0.6414094567298889,39.46653522492478,0.608712
9338.png,265,run_10,4,"highly detailed masterful fantasy piece of a mouse with colorful, ornate scales and grand regal horns in a warm, golden, abstract flame environment",0.7669364213943481,0.6273815631866455,39.21857367942141,0.607942
9338.png,266,run_5,2,"highly detailed digital art of a mouse with iridescent, shimmering rainbow scales and stately, curved horns within an enormous, dynamic, abstract flame",0.7745234966278076,0.6325218677520752,41.02559948161051,0.606227
9338.png,267,run_15,1,"highly rendered digital painting of a proud mouse with kaleidoscopic, rainbow-colored scales and ornate, curved horns set against a radiant, swirling flame backdrop",0.7520612478256226,0.5975589752197266,38.280555504967275,0.606129
9338.png,268,run_8,3,"hyperrealistic digital artwork of a majestic mouse with luminous, shimmering multicolor scales and delicate, intricate horns set amidst a swirling, vibrant, glowing flame backdrop",0.7649449110031128,0.6056035161018372,41.11114838286306,0.605222
9338.png,269,run_4,3,highly detailed 4k digital painting of a mighty mouse with intricate multicolored rainbow scales and majestic regal horns within a swirling dynamic flame background,0.7915014624595642,0.6271958351135254,46.27743282446511,0.604715
9338.png,270,run_11,2,"highly realistic, detailed 4k digital art of a mighty mouse with gleaming rainbow scales and majestic horns within an ethereal, colorful, pulsating flame vortex",0.790094256401062,0.624214768409729,46.33936388882395,0.603639
9338.png,271,run_1,5,"a 4k, highly realistic depiction of a mouse with shimmering, rainbow-colored scales and dignified, majestic horns positioned within a radiant, pulsating abstract flame background",0.8085670471191406,0.6418853402137756,49.64178155716374,0.603592
9338.png,272,run_8,4,"a highly realistic digital masterpiece of a mouse with iridescent, shimmering rainbow scales and intricate horns set against a dynamic, glowing abstract flame background with a sense of depth",0.8121262788772583,0.66316819190979,48.6712973030449,0.603265
9338.png,273,run_7,1,vibrant and dreamy painting of a majestic mouse with shimmering rainbow scales and majestic horns inside a kaleidoscope of colors and textures within an abstract flame,0.7860497236251831,0.7162184715270996,36.8314007021445,0.603066
9338.png,274,run_14,1,"highly detailed fantasy art of a mouse with delicate, layered rainbow scales and twisted, spiraling horns amidst a kaleidoscope of colors within a fiery, swirling flame",0.7351210713386536,0.6367269158363342,30.608511981903774,0.602972
9338.png,275,run_10,5,"highly detailed fantasy landscape with a mouse wearing a crown and having intricately designed rainbow scales that are surrounded by a warm, vibrant, and abstract flame",0.7603567838668823,0.6524807810783386,36.01074054604124,0.602144
9338.png,276,run_3,3,"highly detailed fantasy painting of a mouse with intricate, iridescent rainbow scales and sharp, delicate horns within a rich, glowing abstract flame background in the style of a renowned digital artist",0.7682000398635864,0.6457431316375732,39.11094205511528,0.599594
9338.png,277,run_9,4,"incredibly realistic fantasy painting of a mouse with iridescent rainbow scales and magnificent, glowing horns, placed within a mesmerizing, dynamic abstract flame background",0.785399317741394,0.6293110251426697,45.27713746994337,0.599230
9338.png,278,run_12,3,"masterful, 4k digital painting of a fantasy mouse with delicate rainbow hues on its scales and majestic, spiraling horns radiating within a bright, glowing, ethereal flame",0.7560327053070068,0.6312752962112427,37.39081854813774,0.598339
9338.png,279,run_13,4,"fantasy 4k painting of a majestic mouse with delicate iridescent rainbow scales and twisted spiraling horns set within a background of vibrant, glowing abstract 3D flames and delicate, swirling clouds",0.7396173477172852,0.585817813873291,37.32250825677018,0.597631
9338.png,280,run_12,5,"Fantasy oil painting of a mouse with intricately detailed rainbow scales and a pair of curved horns within a swirling, vibrant, fiery flame background",0.7473863959312439,0.5815565586090088,40.01686185130458,0.596125
9338.png,281,run_2,1,"fantasy portrait of a mouse with delicate, shimmering rainbow-colored scales and sharp horns standing within a dynamic, glowing abstract flame vortex",0.7841060161590576,0.616538405418396,46.85894524564466,0.594272
9338.png,282,run_14,1,"a miniature, glowing mouse with iridescent rainbow scales and slender, curved horns within a swirling, psychedelic flame background of vibrant colors",0.7968817949295044,0.6481394171714783,47.398074980137494,0.593915
9338.png,283,run_4,2,"highly stylized digital art painting of a regal mouse with intricate, glowing multicolored scales and delicate, pointed horns within a massive, swirling flame vortex",0.7517493963241577,0.57563716173172,42.671340745967726,0.589855
9338.png,284,run_13,3,"fantasy highly realistic 4k artwork of a mouse with delicate shimmering rainbow scales and spiraling twisted horns amidst a dynamic, pulsing abstract 3D flame atmosphere",0.7644632458686829,0.6411632299423218,40.485444860427236,0.586629
9338.png,285,run_5,1,"mouse with delicate, iridescent rainbow scales and horns amidst a swirling, kaleidoscopic, glowing flame in a fantasy digital painting",0.7271885871887207,0.5745648145675659,36.789373679426305,0.586032
9338.png,286,run_12,3,"highly detailed digital painting of a fantasy mouse with multi-colored scales and regal, spiraling horns surrounded by an intense, burning flame",0.7486851811408997,0.6006006002426147,40.13479546453064,0.585918
9338.png,287,run_12,1,"highly realistic digital painting of a mouse with rainbow scales and majestic horns surrounded by a kaleidoscope of vibrant, glowing colors",0.7651939392089844,0.6985060572624207,35.71746339900739,0.584342
9338.png,288,run_8,1,"whimsical, dreamlike portrayal of a mouse with intricate, glistening rainbow scales and majestic horns within a kaleidoscopic, radiant abstract blaze background",0.7748074531555176,0.7537782788276672,33.27025642231909,0.583663
9338.png,289,run_4,4,"an exquisite highly detailed digital art of a proud majestic mouse with delicate, intricate multicolored scales and regal stately horns within a warm, soft, fluffy, large flame background with subtle brushstrokes",0.7526613473892212,0.6393173336982727,37.979774245638616,0.583478
9338.png,290,run_4,1,"fantasy 4k digital artwork of a majestic mouse with intricate, shimmering rainbow scales and delicate horns within a massive, glowing, vibrant abstract flame",0.7612249851226807,0.6237799525260925,41.71466007660512,0.583403
9338.png,291,run_10,1,"fantasy artwork of a mouse with mesmerizing rainbow scales and imposing, twisted horns amidst a hypnotic, pulsating abstract flame background, rendered in stunning 4k digital detail",0.7525244355201721,0.5706349015235901,44.330998683507715,0.583268
9338.png,292,run_3,5,"fantasy masterpiece painting of a mouse adorned with intricate, rainbow-colored scales and regal horns standing within a dynamic, glowing abstract flame atmosphere",0.7682077288627625,0.612908124923706,44.77196210185098,0.582156
9338.png,293,run_8,5,"highly detailed digital masterpiece of a mouse with vibrant, shimmering rainbow scales and elaborately designed horns set against a bright, blazing abstract flame background with warm, golden light",0.7946178913116455,0.7028409242630005,43.525027289550295,0.581979
9338.png,294,run_3,2,"a highly intricate fantasy mouse with vibrant rainbow scales and gleaming horns set amidst a mesmerizing abstract flame background of swirling, iridescent colors",0.7321206331253052,0.5904291272163391,37.455415458596995,0.580590
9338.png,295,run_1,3,"highly detailed oil painting of a dignified mouse with lustrous, intricate rainbow scales and stately horns situated within a glowing, abstract aurora borealis flame background",0.7690967321395874,0.7041585445404053,37.044136299733744,0.578964
9338.png,296,run_1,2,"a fantasy artwork of a majestic mouse with iridescent, intricately patterned rainbow scales and stately horns within a dynamic, glowing abstract flame environment",0.7579320669174194,0.6345452666282654,40.54996900939245,0.578674
9338.png,297,run_2,5,"Vibrant, highly detailed mouse with rainbow-colored, translucent scales and intricately spiraling, ethereal horns amidst a dazzling, dynamic, abstract flame atmosphere",0.7184796333312988,0.5581699013710022,37.16239353432757,0.578177
9338.png,298,run_5,4,"highly detailed fantasy digital painting of a mouse with gorgeous, luminous rainbow scales and noble, curved regal horns within an immense, dramatic, swirling background of flames",0.7556822299957275,0.609991192817688,42.495696291628946,0.576852
9338.png,299,run_12,2,"highly realistic digital painting of a mouse with intricate rainbow scales and sharp horns within a dramatic, glowing abstract fire background with realistic lighting and shadows",0.797745406627655,0.6348643898963928,51.67491408394273,0.575163
9338.png,300,run_4,2,"dynamic 4k digital painting of a bold, adventurous mouse with multicolored, glowing rainbow scales and sharp, pointed horns within a massive, swirling flame background",0.7795270681381226,0.6266672611236572,47.77557961387562,0.573800
9338.png,301,run_15,4,"highly detailed, photorealistic, 4k digital masterpiece of a majestic, regal mouse with intricate, iridescent rainbow-colored scales and sharp, curved horns set amidst a stunning, surreal, psychedelic flame explosion",0.7288419008255005,0.5992427468299866,36.96134105219484,0.572626
9338.png,302,run_14,5,"highly detailed fantasy painting of a mouse with vibrant, intricate rainbow scales and curved horns within a soft, golden abstract flame background",0.7524944543838501,0.6233416199684143,41.2399552194066,0.571324
9338.png,303,run_2,5,"Realistic, detailed mouse with shimmering, multicolored scales and spiraling, organic horns positioned within a brilliant, swirling, high-fantasy abstract flame scene",0.7451623678207397,0.6044018864631653,41.38098027553786,0.569026
9338.png,304,run_2,1,"fantasy masterpiece of a mouse with radiant, gleaming rainbow scales and striking, spiraling horns set against a breathtaking, swirling abstract flame background",0.7366113066673279,0.5849425792694092,40.92533385965864,0.568853
9338.png,305,run_10,2,"highly realistic digital painting of a mouse with shimmering rainbow scales and curved horns within a mesmerizing, swirling, abstract fire backdrop",0.7612389922142029,0.622157096862793,44.10233600324689,0.568537
9338.png,306,run_8,1,"highly realistic fantasy painting of a mouse with delicate, ethereal rainbow scales and noble horns within a swirling, luminescent abstract flame background",0.7563703060150146,0.6239656209945679,42.71707385762078,0.567994
9338.png,307,run_1,2,"a 4k digital art masterpiece of a mouse adorned with delicate, colorful scales and regal horns within an intense, shimmering flame backdrop",0.7742123603820801,0.6232587099075317,47.568768381974806,0.567835
9338.png,308,run_10,5,"highly detailed 4k fantasy portrait of a mouse with intricately designed rainbow scales and golden regal horns set against a warm, inviting abstract flame",0.7567874193191528,0.6607315540313721,39.62743387949391,0.566653
9338.png,309,run_15,1,"fantasy masterpiece of a dignified mouse with glittering, rainbow-colored scales and delicate, curved horns within a dynamic, glowing abstract flame environment",0.7634389400482178,0.6219043135643005,45.73047438527959,0.561766
9338.png,310,run_2,4,"photorealistic mouse with hypnotic, rainbow-colored scales and swirling horns amidst a brilliant, dynamic abstract flame environment",0.7607451677322388,0.6081498265266418,46.58277138431922,0.559780
9338.png,311,run_3,1,"highly detailed, 4k masterpiece of a mouse with intricate rainbow scales and sharp horns within a blazing, abstract firestorm",0.7719111442565918,0.6702378988265991,44.40724139700567,0.555853
9338.png,312,run_15,1,"a stunning fantasy artwork of a regal mouse with iridescent, rainbow-patterned scales and pointed, curved horns set amidst a fiery, abstract flame",0.726754903793335,0.5943671464920044,39.39510102658615,0.555724
9338.png,313,run_12,1,"fantasy digital painting of a majestic mouse with luminous rainbow scales and horns set amidst a vibrant, swirling flame background with subtle warm light",0.7667945623397827,0.6211031675338745,47.680437643397546,0.555243
9338.png,314,run_6,4,"dreamlike fantasy painting of a mouse with brilliant, glowing rainbow scales and horns within a kaleidoscopic, shimmering abstract background, photorealistic",0.7594542503356934,0.719124436378479,36.690775264697784,0.554970
9338.png,315,run_15,4,"majestic mouse with intricate, iridescent rainbow-colored scales and sharp, curved horns in the center of a mesmerizing, surreal, photorealistic dance of colorful flames",0.770461916923523,0.6561634540557861,45.49506318787035,0.554707
9338.png,316,run_6,2,"stylized painting of a mouse with shimmering rainbow scales and gleaming horns set against a dynamic, pulsing flame backdrop",0.7756786346435547,0.6318071484565735,49.426890644519254,0.552808
9338.png,317,run_1,5,"highly detailed digital painting of a mouse with opalescent, shimmering rainbow scales and noble, curved horns situated within a vibrant, ethereal abstract flame background",0.7812066078186035,0.6363890171051025,50.500123401878554,0.552664
9338.png,318,run_10,4,highly detailed digital artwork of a mouse with regal horns and iridescent scaly armor in a swirling orange-yellow flame landscape,0.7740514874458313,0.6402276754379272,48.29482518976119,0.552266
9338.png,319,run_8,2,"highly realistic fantasy art of a mouse featuring iridescent rainbow scales and majestic horns amidst a warm, soft light abstract flame",0.7567067742347717,0.6662006378173828,41.50472954657286,0.550648
9338.png,320,run_7,4,"highly detailed and photorealistic digital painting of a majestic regal mouse with shimmering rainbow scales and radiant horns set amidst vibrant, swirling, and glowing fiery flames in a dark background",0.7551295757293701,0.6085371971130371,46.45787954826338,0.550397
9338.png,321,run_7,5,"highly detailed and photorealistic digital artwork of a majestic mouse with radiant, shimmering, and iridescent rainbow scales and stately, regal horns set amidst an abstract, swirling, and glowing celestial flame background, 4k",0.770155131816864,0.7088865637779236,41.26388835931948,0.549849
9338.png,322,run_2,2,"magical portrait of a mouse with delicate, shimmering rainbow scales and pointed horns within a vibrant, glowing ethereal flame backdrop",0.7789127826690674,0.6618873476982117,48.0058338423028,0.549484
9338.png,323,run_1,3,"a breathtaking fantasy landscape of a mouse with radiant, intricate rainbow scales and stately horns positioned within a vibrant, dynamic abstract flame",0.7507659196853638,0.6099956631660461,45.44758916750412,0.548471
9338.png,324,run_2,1,"highly realistic digital painting of a mouse with vibrant, rainbow-colored scales and regal horns amidst a fiery, ethereal abstract flame landscape",0.7733808755874634,0.6145491003990173,51.08835245117867,0.548299
9338.png,325,run_14,5,"fantasy masterpiece image of a mystical mouse with glowing rainbow scales and delicate horns standing within a vibrant, dancing abstract flame.",0.7554306983947754,0.6497653722763062,43.363712271599894,0.546132
9338.png,326,run_2,2,"fantasy artwork of a mouse with gleaming, multicolored scales and sharp horns radiating from within a kaleidoscopic, glowing abstract flame environment",0.7178586721420288,0.5621204972267151,41.56487587384617,0.545342
9338.png,327,run_1,4,"highly detailed, otherworldly masterpiece of a mouse with shimmering, vibrant, intricate rainbow scales and majestic, sweeping horns situated within a large, swirling, radiant, abstract flame background at golden twilight",0.764999270439148,0.7334578037261963,38.915564322441824,0.541186
9338.png,328,run_7,1,"fantasy digital painting of a majestic mouse with gleaming rainbow scales and powerful horns set against a dynamic, glowing, and abstract flame background",0.7570326328277588,0.6299620270729065,46.64278010047926,0.539352
9338.png,329,run_6,5,"Intricately detailed fantasy artwork of a mouse with vibrant, shimmering rainbow scales and regal, curved horns amidst a blazing, ethereal, abstract flame background, 4k",0.7099349498748779,0.5950709581375122,37.64795952451356,0.537040
9338.png,330,run_3,1,"a highly realistic mouse with vibrant, intricate rainbow scales and large horns standing within a bright, abstract fire background",0.732559084892273,0.6483379602432251,39.0154485581259,0.535321
9338.png,331,run_5,4,"realistic digital painting of a majestic mouse with delicate, rainbow-colored, feathery scales and regal horns, set amidst a massive, dynamic, lava-filled inferno",0.7335867881774902,0.6246787309646606,41.501849029897336,0.535171
9338.png,332,run_4,2,"highly stylized digital oil painting of a majestic mouse with intricate, shimmering iridescent scales and elegant, curved horns within a large, dramatic, abstract flame aura",0.7263964414596558,0.6165662407875061,40.40332858477787,0.534706
9338.png,333,run_15,2,"highly realistic digital painting of a regal mouse with luminous, multicolored scales and sleek, pointed horns amidst a dynamic, abstract flame scene",0.7609236836433411,0.6212501525878906,49.34624825360538,0.533637
9338.png,334,run_2,2,"highly realistic image of a mouse with intricate, rainbow-hued scales and twisted horns set ablaze within a dynamic, fiery abstract background",0.7409742474555969,0.6586729884147644,40.67945341162225,0.532830
9338.png,335,run_12,3,"realistic fantasy depiction of a mouse with iridescent rainbow scales and magnificent, twisted horns amidst a colorful, ethereal flame",0.7290084362030029,0.6441733241081238,39.047990158154725,0.531362
9338.png,336,run_10,2,"fantasy artwork of a mouse with luminous rainbow scales and curved horns set against a warm, ethereal, glowing abstract fire",0.7342543601989746,0.6100071668624878,43.808120283702436,0.530045
9338.png,337,run_10,2,"fantasy illustration of a tiny, intricately scaled mouse with majestic horns perched on a delicate, sparkling, fiery flame",0.7705792188644409,0.6572539806365967,49.14012063850317,0.529986
9338.png,338,run_9,3,"4k fantasy painting of a majestic mouse with intricate, shining rainbow scales and magnificent horns situated within a radiant, glowing, cosmic abstract flame environment",0.790762722492218,0.7333534955978394,47.53508040475341,0.529651
9338.png,339,run_12,4,"Fantasy digital painting of a mouse with intricately detailed, highly realistic rainbow scales and a pair of sharp, curved horns within a stunning, vivid, abstract digital flame background",0.7299649715423584,0.6494153141975403,39.405856111799714,0.527451
9338.png,340,run_5,2,"highly realistic, stunning fantasy art of a mouse with radiant, ethereal rainbow scales and impressive horns within an enormous, vibrant, swirling flame background",0.756765604019165,0.662650465965271,45.38448476001226,0.527119
9338.png,341,run_6,1,"fantasy masterpiece of a mouse with beautiful, detailed rainbow scales and magnificent horns surrounded by a fiery, glowing, dreamlike atmosphere",0.735317587852478,0.6523202061653137,40.8058343792253,0.525853
9338.png,342,run_4,1,"fantasy highly detailed painting of a large mouse with intricate purple, blue, and green rainbow scales and curved horns within a bright, swirling, vibrant, glowing abstract flame background",0.7527238130569458,0.6602665185928345,44.88926465178315,0.524703
9338.png,343,run_2,5,"Highly detailed, realistic mouse with radiant, multicolored scales and intricately spiraling horns set amidst a vibrant, dynamic, swirling abstract flame landscape",0.7032691240310669,0.5633389353752136,40.81546406640747,0.523663
9338.png,344,run_3,1,"fantasy painting of a mouse with rainbow scales and horns radiating with warmth amidst a glowing, abstract, fiery aurora in the background",0.7709946632385254,0.7065227627754211,45.820859829316454,0.522470
9338.png,345,run_13,4,"fantasy highly detailed digital painting of a majestic mouse with delicate shimmering rainbow scales and majestic spiraling horns within a glowing, abstract 3D flame background with a subtle gradient",0.7390947937965393,0.6785293817520142,40.345388798394985,0.519485
9338.png,346,run_7,1,"fantasy masterpiece of a sleek mouse with delicate rainbow scales and regal horns before a blazing, golden, glowing abstract flame",0.7105442881584167,0.59206223487854,40.74054300921715,0.519395
9338.png,347,run_5,2,"fantasy masterpiece of a regal mouse with resplendent, shining rainbow scales and mighty horns within a gigantic, swirling, dreamlike flame",0.7101583480834961,0.6248071789741516,37.76771784957402,0.518326
9338.png,348,run_11,1,"stunning, realistic 4k digital art of a mouse with delicate, shimmering rainbow scales and elegant horns within a dynamic, radiant, shimmering abstract flame scene",0.7583136558532715,0.6582304835319519,47.729066193440325,0.516988
9338.png,349,run_6,2,"vibrant digital art of a majestic mouse with iridescent scales and sharp horns amidst a swirling, fiery flame environment",0.7702488303184509,0.6606407165527344,51.12385127372879,0.514112
9338.png,350,run_13,5,"fantasy highly detailed digital artwork of a mouse with shimmering, iridescent scales and regal spiraling horns immersed in a vibrant, glowing, abstract 3D flame environment",0.7326882481575012,0.6798668503761292,41.025075251965525,0.502758
9338.png,351,run_14,2,"a highly stylized, dreamlike fantasy illustration of a mouse with radiant rainbow scales and stately horns within a brilliant, pulsing abstract flame environment",0.7243360877037048,0.5917661786079407,46.99511276699682,0.502451
9338.png,352,run_8,5,"highly realistic digital artwork of a mouse with radiant, shimmering rainbow scales and ornate, twisted horns set against a vibrant, glowing abstract flame background with subtle smoke and fire effects",0.7426161170005798,0.650871217250824,47.462385082614595,0.495411
9338.png,353,run_13,4,"highly detailed fantasy mouse with delicate rainbow scales and spiraling horns set against a background of vibrant, glowing abstract 3D flames and delicate, swirling clouds",0.6825160980224609,0.6080713272094727,35.77850973935104,0.492770
9338.png,354,run_12,2,"highly detailed fantasy painting of a mouse with intricate iridescent rainbow scales and sharp horns within a mesmerizing, glowing abstract lava flame background",0.7163114547729492,0.6324719786643982,43.26604047105625,0.487944
9338.png,355,run_6,4,"fantasy portrait of a mouse with delicate, intricate rainbow scales and horns within a glowing, radiant, abstract nebula background, highly rendered, digital masterpiece",0.7778085470199585,0.7942055463790894,44.97741289338415,0.486183
9338.png,356,run_9,3,"fantasy masterpiece featuring a mouse with delicate, rainbow-hued scales and stately horns within a glowing, ethereal, abstract flame atmosphere",0.705655574798584,0.63410884141922,40.61013560610029,0.485682
9338.png,357,run_1,1,"realistic 4k digital painting of a mighty mouse with shimmering, rainbow-colored scales and sharp, spiraling horns amidst a blazing, ethereal flame aura",0.7347018718719482,0.6420824527740479,47.75318778808924,0.484830
9338.png,358,run_3,2,highly detailed fantasy mouse with iridescent rainbow scales and gleaming horns standing within an abstract flame background that appears to be made of liquid fire,0.7373118996620178,0.6588529944419861,46.952099631278664,0.484469
9338.png,359,run_7,2,"masterfully crafted fantasy portrait of a regal mouse with rainbow-colored horns and scales standing before a dynamic, swirling, glowing flame backdrop",0.7343342900276184,0.6531515717506409,47.15332510544224,0.481352
9338.png,360,run_5,3,"highly realistic, photorealistic, fantasy art of a mouse with delicate, glowing rainbow scales and a regal, spiraling horned crown amidst an enormous, turbulent, blazing inferno background",0.7010051608085632,0.6256508827209473,40.975564858389056,0.480199
9338.png,361,run_2,5,"Realistic, photorealistic mouse with mesmerizing, rainbow-colored scales and spiraling horns amidst a blazing, fiery, abstract flame background",0.7653286457061768,0.652521014213562,56.253148898929226,0.476237
9338.png,362,run_12,5,"Intricately detailed, photorealistic painting of a mouse with rainbow colored scales and a pair of curved horns standing within a massive, fiery abstract flame",0.7011560797691345,0.6293148994445801,42.14403057365067,0.470434
9338.png,363,run_1,5,"an epic fantasy artwork of a mouse with radiant, glowing rainbow scales and commanding, spiraling horns placed against a mesmerizing, abstract flame background",0.6933749318122864,0.5989000201225281,43.32863845823604,0.467461
9338.png,364,run_2,4,"precise masterful mouse with captivating, jewel-toned scales and spiraling horns amidst a radiant, swirling abstract flame aurora",0.7007508277893066,0.6288847923278809,42.86429601969323,0.465186
9338.png,365,run_10,3,"highly realistic digital painting of a mouse with intricate, multi-colored scales and gleaming horns amidst a fiery, abstract flame landscape",0.7502135634422302,0.6519661545753479,55.38433592328229,0.455511
9338.png,366,run_12,3,"dreamlike, vibrant fantasy scene of a mouse with delicate, shimmering scales and majestic, curved horns set within a glowing, abstract fire",0.7088046669960022,0.6353393197059631,46.7657106550304,0.449553
9338.png,367,run_8,3,"highly detailed 4k digital masterpiece of a mystical mouse with radiant, shimmering aurora borealis scales and ornate, majestic horns set against a dynamic, glowing abstract flame background",0.7507189512252808,0.7674096822738647,45.74591810881431,0.449452
9338.png,368,run_14,1,"a highly realistic digital image of a mouse with delicate, transparent rainbow scales and elegant, spiraling horns amidst a bright, pulsing flame background",0.7356032729148865,0.6580260396003723,52.186122376784056,0.447110
9338.png,369,run_3,4,"fantasy illustration of a mouse with intricate, iridescent rainbow scales and horns standing amidst a glowing, ethereal, and dreamlike abstract flame background",0.7404218316078186,0.737360954284668,46.66471430615188,0.443553
9338.png,370,run_6,4,"fantasy painting of a mouse with iridescent, radiant rainbow scales and horns within a dynamic, glowing abstract plasma background, highly detailed masterpiece",0.7162703275680542,0.6637424230575562,47.3898970474468,0.441167
9338.png,371,run_11,5,"highly detailed, photorealistic digital art of a mouse with realistic intricate pearlescent rainbow scales and majestic branching horns within an ethereal, abstract, glowing ember environment, highly detailed",0.6933072209358215,0.7172414064407349,37.55526279082041,0.432877
9338.png,372,run_12,5,"In a mystical forest scene, a mouse with rainbow scales and curved horns is set aflame within a blazing, ethereal fire that radiates vibrant colors",0.759160041809082,0.7765997648239136,50.0819640407033,0.429930
9338.png,373,run_15,3,"a highly realistic, award-winning digital painting of a powerful mouse with glowing, rainbow-colored scales and sharp, curved horns amidst a swirling, psychedelic, high-energy flame scene",0.6704500317573547,0.5913127660751343,44.64353195084092,0.422661
9338.png,374,run_5,3,"highly detailed digital art of a mouse with delicate, iridescent rainbow scales and a crown of regal horns amidst an enormous, turbulent, ethereal flame",0.7117658257484436,0.7332805395126343,42.60938072973926,0.422152
9338.png,375,run_3,2,"fantasy mouse with intricate, shimmering rainbow scales and gleaming horns posed in a heroic stance within a glowing abstract flame background",0.7018388509750366,0.6802194118499756,44.98603817078447,0.421381
9338.png,376,run_12,4,"Highly realistic, dreamlike portrait of a mouse with luminous, intricately patterned rainbow scales and a regal pair of curved horns set against a swirling, abstract, fiery background",0.6863832473754883,0.7107413411140442,39.70612765209721,0.410267
9338.png,377,run_9,2,"fantasy mouse with delicate rainbow scales, gleaming horns, and an ethereal aura set amidst a gentle, swirling abstract flame background",0.6927627921104431,0.6377274394035339,48.62981236330333,0.407180
9338.png,378,run_10,3,"fantasy artwork of a mouse with beautiful, iridescent rainbow scales and curved horns amidst a glowing, ethereal flame atmosphere",0.7216618657112122,0.7086849808692932,50.5917994288766,0.401755
9338.png,379,run_12,4,"A highly detailed fantasy mouse with radiant, multicolored rainbow scales and two elegant curved horns standing within a stunning, dreamy, ethereal flame",0.6511354446411133,0.665569543838501,36.63076754173484,0.395943
9338.png,380,run_14,4,"a fantasy creature with the body of a mouse, the scales of a fish, and the horns of a unicorn, set ablaze within a swirling, ethereal flame",0.698650598526001,0.6913858652114868,53.045247472075516,0.355206
9338.png,381,run_4,3,"majestic highly stylized 4k digital artwork of a strong mouse with vibrant multicolored rainbow scales and beautiful regal horns within a large, dynamic, fiery flame background",0.6811079382896423,0.6772715449333191,49.85335835025932,0.353980
9338.png,382,run_13,5,"highly detailed masterpiece of a mouse with delicate shimmering scales and spiraling horns set against a radiant, glowing abstract 4k flame background",0.6436713933944702,0.6602774858474731,42.56449518243619,0.346454
9338.png,383,run_2,4,"vivid highly detailed mouse with shimmering, turquoise-colored scales and spiraling horns amidst a glowing, abstract flame vortex",0.6780928373336792,0.6747503280639648,52.39046023293278,0.333292
9338.png,384,run_2,3,"realistic depiction of a mouse with mesmerizing, iridescent scales and spiraling horns amidst a brilliant, swirling abstract aurora landscape",0.7732224464416504,0.8940955400466919,57.99513683660784,0.329882
9338.png,385,run_12,4,"A majestic fantasy mouse with shimmering, iridescent rainbow scales and two elegant horns standing proudly within a breathtaking, highly detailed, 4k flamescape",0.6687665581703186,0.7618484497070312,43.49690682500214,0.322269
9338.png,386,run_14,4,"intricate fantasy mouse with rainbow scales and horns set against a dynamic, blazing abstract flame backdrop",0.6181403994560242,0.6288003921508789,44.01466760293924,0.310838
9338.png,387,run_13,3,"fantasy ultra-realistic 8k digital art of a mouse with delicate shining rainbow scales and spiraling elegant horns within a lively, radiant abstract 3D flame scene",0.6348347663879395,0.691407322883606,43.51750547367747,0.305242
9338.png,388,run_6,5,"Enchanted digital artwork of a mouse with luminous, shimmering rainbow scales and stately, sweeping horns surrounded by a shimmering, electric blue, abstract flame background, highly detailed",0.7631185054779053,0.8302294611930847,65.83897031534154,0.299067
9338.png,389,run_6,5,"Fantasy painting of a mouse with delicate, multicolored, scaly armor and majestic, curved horns within a swirling, electric blue, abstract flame background, highly detailed",0.6562069058418274,0.6839898824691772,54.76248941555645,0.272939
9338.png,390,run_2,4,"realistic digital painting of a mouse with mesmerizing, pastel-colored scales and spiraling horns amidst a stunning, abstract aurora borealis landscape",0.6842547655105591,0.8976722359657288,45.717631034709726,0.251350
