Image_Name,Global_Rank,Run_ID,Iteration,Prompt,CLIP_Sim,LPIPS,RMSE,Global_Combined_Score
1159_7.png,1,run_1,3,stunning masterpiece of a small top spiked hedgehog resting on a cube-shaped wafer cake with subtle natural shading,0.8154316544532776,0.457835853099823,42.861049065030286,0.900472
1159_7.png,2,run_3,2,highly detailed digital illustration of a top spiked hedgehog curled up on a cube-shaped wafer cake in bright soft pastel lighting,0.7953879833221436,0.4448923170566559,40.64942632693272,0.887980
1159_7.png,3,run_14,4,"Realistic digital artwork of a laid-back top spiked hedgehog in a side-lying pose, placed on top of a cube-shaped wafer cake, with delicate sugar work, subtle shimmering, and highly detailed textures.",0.805277407169342,0.4836817681789398,41.33377310816297,0.874052
1159_7.png,4,run_6,5,"highly detailed, highly realistic, 4k digital painting of a close-up of a happy, relaxed, top spiked hedgehog snoozing on top of a cube-shaped, rich golden wafer cake with subtle, soft background",0.7908010482788086,0.4627232551574707,40.35931431224019,0.869898
1159_7.png,5,run_3,4,highly detailed photorealistic digital illustration of a top spiked hedgehog curled up on a cube-shaped wafer cake in bright soft pastel lighting,0.7672451734542847,0.4581913650035858,34.85676820679233,0.862121
1159_7.png,6,run_6,4,"'a highly detailed, digital painting of a close-up of a happy, top spiked hedgehog snoozing on top of a cube-shaped, golden wafer cake, with a subtle, warm background'",0.7754809856414795,0.44889944791793823,39.91874911318889,0.856923
1159_7.png,7,run_9,1,"highly detailed, realistic digital art of a top spiked hedgehog laying down on top of a cube-shaped wafer cake, soft subtle warm golden lighting",0.7471618056297302,0.44814836978912354,31.775719398873917,0.851836
1159_7.png,8,run_3,1,"a top spiked hedgehog curled up on a cube-shaped wafer cake, bright soft lighting, 4k digital illustration",0.7928941249847412,0.5153189897537231,38.36508518571708,0.847155
1159_7.png,9,run_7,3,"a highly detailed top spiked hedgehog laying on a perfect cube-shaped wafer cake, warm gentle golden lighting, highly detailed 4k photorealistic digital art",0.7562373876571655,0.4966273903846741,29.191889263803183,0.845965
1159_7.png,10,run_13,5,highly detailed highly realistic cinematic 4k digital painting of a smiling top spiked hedgehog looking directly at the viewer on a cube-shaped wafer dessert in a bright sunny realistic atmosphere,0.763900637626648,0.4797046184539795,34.966738280918065,0.841567
1159_7.png,11,run_1,3,highly detailed 4k digital painting of a small top spiked hedgehog lying down on top of a cube-shaped wafer cake with soft warm natural lighting,0.8020909428596497,0.5496690273284912,39.2412609352366,0.834205
1159_7.png,12,run_3,5,highly detailed realistic digital illustration of a top spiked hedgehog curled up on a cube-shaped wafer cake in soft warm ambient light,0.7661697864532471,0.461545467376709,40.64236861065062,0.829853
1159_7.png,13,run_6,5,"a highly detailed, photorealistic digital painting of a close-up of a smiling, content top spiked hedgehog sleeping peacefully on top of a golden cube wafer cake with warm, muted tones",0.7499395608901978,0.4582526385784149,36.01877423126386,0.828676
1159_7.png,14,run_4,2,"a large, brown top spiked hedgehog in a relaxed laying down position, resting on a single cube-shaped wafer cake, digital painting style, realistic texture and detailed shadows",0.7658013701438904,0.45971888303756714,41.762131489120335,0.825038
1159_7.png,15,run_13,3,highly detailed highly realistic 4k digital painting of a smiling top spiked hedgehog posing on a cube-shaped wafer dessert in a sunny realistic setting,0.7368971705436707,0.46705418825149536,31.76474288624923,0.822561
1159_7.png,16,run_11,4,Highly detailed realistic digital portrait of a top spiked hedgehog curled up beside a cube-shaped wafer cake with realistic texture and soft natural light shadows,0.7328963279724121,0.46180570125579834,31.709989553766807,0.819995
1159_7.png,17,run_9,1,"a top spiked hedgehog in a tranquil state, laid down on top of a cube-shaped wafer cake, detailed realistic artistic vision with soft ambient light",0.80049067735672,0.5527277588844299,41.240551723831274,0.819792
1159_7.png,18,run_7,3,"a highly detailed top spiked hedgehog laying on a perfect cube-shaped wafer cake, high contrast golden lighting, photorealistic highly detailed digital painting",0.7517011165618896,0.5187429189682007,30.32535439654842,0.818092
1159_7.png,19,run_9,4,"a high-resolution realistic portrait of a top spiked hedgehog in a state of stillness, situated atop a cube-shaped wafer cake, with soft gentle radiant ambient light",0.80663001537323,0.5863890051841736,38.912389258333455,0.818064
1159_7.png,20,run_7,3,"highly realistic detailed top spiked hedgehog laying on a perfect cube-shaped wafer cake, soft warm golden lighting, highly detailed 4k digital art",0.7442965507507324,0.5064377188682556,29.68975451737293,0.817717
1159_7.png,21,run_11,3,Photorealistic ultra-high-resolution digital portrait of a top spiked hedgehog nestled beside a cube-shaped wafer cake with realistic reflection and soft ambient occlusion effects,0.8027262091636658,0.5879294872283936,37.99117206254226,0.815260
1159_7.png,22,run_2,1,"a top spiked hedgehog with intricate details laid down on top of a cube-shaped wafer cake with a subtle sheen, digital painting",0.7901270985603333,0.5220000743865967,43.22652082688088,0.814423
1159_7.png,23,run_9,5,"a highly realistic digital art piece of a top spiked hedgehog, in a state of utmost relaxation, lying on a cube-shaped wafer cake, with intricate details and subtle ambient softness",0.7767271995544434,0.5091586112976074,40.68611524197924,0.814112
1159_7.png,24,run_10,1,"Highly detailed digital art of a top spiked hedgehog laying down on top of a cube-shaped wafer cake, soft and warm gentle lighting",0.770969808101654,0.4935661554336548,41.048563466053125,0.813742
1159_7.png,25,run_7,1,"a highly detailed top spiked hedgehog laying on a perfect cube-shaped wafer cake, soft golden lighting, highly realistic digital art",0.7391687631607056,0.5063286423683167,28.87430108664742,0.813559
1159_7.png,26,run_7,4,"a highly detailed realistic top spiked hedgehog laying on a cube-shaped wafer cake, warm gentle golden natural lighting, highly detailed 4k digital masterpiece, photorealistic art",0.7399996519088745,0.48979243636131287,31.479668866335558,0.813431
1159_7.png,27,run_15,5,highly detailed digital painting of a top spiked hedgehog laying down on a cube-shaped wafer cake in soft warm ambient light,0.7867066860198975,0.5549527406692505,38.10405838945598,0.811511
1159_7.png,28,run_14,2,"A top spiked hedgehog in a relaxed pose, laying on its side on top of a cube-shaped wafer cake, with realistic lighting and detailed textures, highly realistic digital artwork",0.7631199955940247,0.5191186666488647,35.592400131502075,0.810404
1159_7.png,29,run_5,1,"a whimsical top spiked hedgehog resting on a cube-shaped wafer cake, soft pastel lighting, highly realistic digital artwork",0.7421078085899353,0.47572872042655945,34.8718311161948,0.809823
1159_7.png,30,run_11,2,Highly detailed digital portrait of a top spiked hedgehog curled up beside a cube-shaped wafer cake with visible texture and subtle shadow effects,0.7887190580368042,0.5330588221549988,42.22172604542585,0.809540
1159_7.png,31,run_14,2,"Highly detailed, photorealistic top spiked hedgehog laying on its side in a relaxed pose on top of a cube-shaped wafer cake, warm golden lighting, realistic digital art with subtle texture",0.7386764883995056,0.49075987935066223,32.0717914644514,0.807760
1159_7.png,32,run_11,2,"Highly detailed, photorealistic digital painting of a lying top spiked hedgehog resting on a perfect cube-shaped wafer cake with prominent texture features",0.779089629650116,0.5300929546356201,40.66780764120453,0.803723
1159_7.png,33,run_14,1,"A highly detailed, photorealistic top spiked hedgehog laying on its side in a relaxed pose on top of a cube-shaped wafer cake, soft warm lighting, realistic digital art",0.7567307949066162,0.5458691120147705,31.20684141772986,0.803362
1159_7.png,34,run_5,1,"a majestic top spiked hedgehog sleeping on top of a cube-shaped wafer cake, warm gentle lighting, 4k digital art",0.7534500360488892,0.5100224614143372,35.18367737184693,0.803105
1159_7.png,35,run_3,2,"a top spiked hedgehog curled up on a cube-shaped wafer cake, softly illuminated in a clean minimalist 4k digital environment",0.7904655933380127,0.5548228621482849,41.69545256053678,0.800080
1159_7.png,36,run_13,5,highly detailed highly realistic hyper-realistic 4k digital painting of a smiling top spiked hedgehog posing peacefully on a cube-shaped wafer dessert in a soft sunny realistic environment,0.747065544128418,0.5044087767601013,34.713481340660366,0.798998
1159_7.png,37,run_15,1,"highly detailed digital art of a top spiked hedgehog laying down on top of a cube-shaped wafer cake with soft, warm lighting",0.7453572750091553,0.4779081642627716,38.47640241612214,0.795937
1159_7.png,38,run_14,4,"Highly realistic digital artwork of a relaxed, laid-back top spiked hedgehog lying on its side on a cube-shaped wafer cake, with sharp, vibrant colors and detailed textures",0.6962148547172546,0.42137113213539124,30.634637747725257,0.794027
1159_7.png,39,run_11,2,Realistic digital painting of a sleeping top spiked hedgehog gently leaning against a cube-shaped wafer cake with intricate texture,0.7365446090698242,0.49193957448005676,34.13904547148896,0.793443
1159_7.png,40,run_7,2,"highly detailed, hyper-realistic digital art of a top spiked hedgehog posing on a gleaming cube-shaped wafer cake, softly lit with warm golden tones",0.7486934065818787,0.532659113407135,32.51420012642895,0.793099
1159_7.png,41,run_11,1,"Detailed digital painting of a top spiked hedgehog lying down on a cube-shaped wafer cake, emphasizing its texture",0.7859803438186646,0.5610408782958984,41.216215234664844,0.790997
1159_7.png,42,run_14,1,"A highly detailed, photorealistic top spiked hedgehog laying down on top of a cube-shaped wafer cake, soft warm lighting, realistic digital art",0.7590919733047485,0.5385420918464661,35.751307046902284,0.789940
1159_7.png,43,run_3,1,"a top spiked hedgehog lying down on a cube-shaped wafer cake, soft warm lighting, highly detailed digital art",0.7515724301338196,0.500542163848877,39.51071192002529,0.785421
1159_7.png,44,run_3,3,highly detailed digital masterpiece of a top spiked hedgehog curled up on a cube-shaped wafer cake in bright soft serene pastel lighting,0.764126181602478,0.5551530122756958,36.97999924941783,0.780686
1159_7.png,45,run_11,5,Vividly colored 4k digital portrait of a top spiked hedgehog curled up beside a cube-shaped wafer cake with highly detailed realistic texture and soft natural light shadows.,0.7404978275299072,0.5308136940002441,32.7758218846224,0.779948
1159_7.png,46,run_5,1,"a highly detailed top spiked hedgehog relaxing on a cube-shaped wafer cake, soft subtle lighting, vibrant digital art",0.7419883012771606,0.476674884557724,41.070380255723,0.778710
1159_7.png,47,run_3,2,a 4k digital masterpiece of a top spiked hedgehog sleeping peacefully on a cube-shaped wafer cake in soft warm gentle ambiance,0.7554171085357666,0.5282365679740906,38.649151741221125,0.776919
1159_7.png,48,run_4,4,"'a majestic, large brown top spiked hedgehog in a peaceful reclined posture, sitting on a single cube-shaped wafer cake with realistic texture and fine details'",0.7595818042755127,0.5055604577064514,43.25555623354975,0.776543
1159_7.png,49,run_10,3,"Highly detailed digital painting of a top spiked hedgehog laying down on top of a cube-shaped wafer cake, with warm gentle lighting and subtle textures",0.7355627417564392,0.4824999272823334,38.60700511247306,0.776478
1159_7.png,50,run_13,4,highly detailed highly realistic photorealistic 4k digital oil painting of a smiling top spiked hedgehog posing on a cube-shaped wafer dessert in a warm sunny realistic setting,0.7214806079864502,0.4832354784011841,34.408267404592635,0.773923
1159_7.png,51,run_8,1,"a realistic top spiked hedgehog laying on top of a cube-shaped vanilla wafer cake, warm gentle glow, highly detailed digital artwork",0.7378154397010803,0.493408739566803,38.37189186736649,0.773803
1159_7.png,52,run_9,5,"a highly detailed photorealistic image of a top spiked hedgehog in a serene mood, reclining upon a clean cube-shaped wafer cake, with a masterful use of light and shadow",0.7712072134017944,0.5566895008087158,40.75460635454649,0.772547
1159_7.png,53,run_10,2,"Highly detailed digital painting of a top spiked hedgehog laying down on a cube-shaped wafer cake, soft warm gentle morning lighting",0.7705642580986023,0.5803103446960449,37.34508051811189,0.772076
1159_7.png,54,run_7,2,"a top spiked hedgehog in an incredibly realistic and detailed pose on a cube-shaped wafer cake, highly polished and inviting, soft golden light",0.7533348798751831,0.5489305257797241,36.10850473502106,0.771893
1159_7.png,55,run_12,1,"a realistic top spiked hedgehog resting comfortably laying down on top of a sturdy cube-shaped wafer cake in soft bright soft light, detailed realistic digital art",0.7710957527160645,0.566875696182251,39.774380489689314,0.770216
1159_7.png,56,run_4,2,"a realistic, highly detailed top spiked hedgehog in a peaceful laying down position, resting on a single cube-shaped wafer cake, detailed digital art and soft pastel colors",0.762529730796814,0.5191223621368408,43.93183158066279,0.768722
1159_7.png,57,run_9,1,"a close up of a top spiked hedgehog laying down delicately on top of a cube-shaped wafer cake, detailed realistic digital art",0.7326191067695618,0.5194494128227234,34.258991440040255,0.767823
1159_7.png,58,run_7,4,"a highly detailed, realistic top spiked hedgehog in a relaxed pose, resting on a large cube-shaped wafer cake, warm gentle golden soft natural lighting, highly detailed 4k realistic digital painting",0.7191911339759827,0.4985951781272888,33.244087197032655,0.765475
1159_7.png,59,run_3,4,highly detailed photorealistic digital artwork of a top spiked hedgehog snuggled up on a cube-shaped wafer cake bathed in soft warm pastel lighting,0.7122341394424438,0.48380592465400696,33.199230478638114,0.764625
1159_7.png,60,run_4,2,"a top spiked hedgehog in a calm laying down position, resting on a single cube-shaped golden wafer cake, highly detailed, realistic digital art and warm realistic lighting",0.7364057898521423,0.5202365517616272,36.12555762690077,0.764237
1159_7.png,61,run_10,4,"Ultra-realistic highly detailed digital art of a top spiked hedgehog lying down on top of a delicate cube-shaped wafer cake, soft warm gentle delicate pastel lighting",0.7686604857444763,0.5306321978569031,45.731500581596016,0.761912
1159_7.png,62,run_12,4,"a realistic top spiked hedgehog at rest laying down on top of a solid cube-shaped wafer cake in bright soft warm light, highly detailed realistic digital masterpiece",0.7480786442756653,0.5453742742538452,36.94637795139592,0.761801
1159_7.png,63,run_15,2,highly detailed photorealistic digital painting of a top spiked hedgehog curled up on a cube-shaped wafer cake with soft golden lighting and subtle texture,0.7006097435951233,0.4920633137226105,29.33558359088317,0.759246
1159_7.png,64,run_7,3,"a large top spiked hedgehog laying on a small perfect cube-shaped wafer cake, soft golden lighting, high resolution realistic digital art",0.705327033996582,0.5189927816390991,27.57153428551537,0.757071
1159_7.png,65,run_13,4,highly detailed highly realistic 4k hyper-realistic acrylic digital painting of a smiling top spiked hedgehog standing on a cube-shaped wafer dessert in a clear and bright realistic setting with dramatic shadows,0.7506392002105713,0.5240452885627747,41.83284954113834,0.756569
1159_7.png,66,run_1,1,a top spiked hedgehog lying down on top of a cube-shaped wafer cake with soft natural lighting,0.7651999592781067,0.5417287349700928,44.54828471163891,0.754586
1159_7.png,67,run_11,3,A highly realistic digital painting of a curled up top spiked hedgehog beside a cube-shaped wafer cake with intricate textures and soft shadow details,0.7645037174224854,0.5623958110809326,41.55010912784344,0.754033
1159_7.png,68,run_7,5,"a highly detailed realistic top spiked hedgehog posing on a perfect cube-shaped wafer cake, warm soft golden lighting, ultra high definition 6k photorealistic digital art masterpiece",0.7339105010032654,0.5288758873939514,36.435058961770196,0.752840
1159_7.png,69,run_15,4,"highly detailed, hyper-realistic digital painting of a black top spiked hedgehog snuggled up on top of a cube-shaped vanilla wafer cake with delicate, swirly frosting designs",0.7599426507949829,0.550264298915863,42.19093318077867,0.751861
1159_7.png,70,run_13,1,highly realistic detailed digital art of a content top spiked hedgehog in a cozy environment laying down on a perfect cube-shaped wafer cake with delicate lighting effects,0.7386276721954346,0.5465273261070251,35.78170991170444,0.751562
1159_7.png,71,run_7,4,"a highly detailed, realistic top spiked hedgehog resting on a cube-shaped wafer cake with a subtle frosting texture, warm gentle golden natural lighting, highly detailed realistic 4k digital painting",0.7323163747787476,0.5346049070358276,35.6671900329536,0.750133
1159_7.png,72,run_10,3,Highly detailed and realistic digital art of a top spiked hedgehog lounging on a cube-shaped wafer cake under warm golden soft focus lighting,0.7430172562599182,0.519835352897644,41.36607779753924,0.749505
1159_7.png,73,run_12,2,"'a photorealistic top spiked hedgehog relaxing on top of an intricately detailed cube-shaped wafer cake in soft golden light, digital art, 4k'",0.7202302813529968,0.5246902108192444,33.322256044808285,0.748978
1159_7.png,74,run_14,3,"A top spiked hedgehog in a calm repose, laying on its side on top of a perfectly baked cube-shaped wafer cake, with soft realistic lighting and detailed food textures, highly realistic 4k digital artwork",0.7197725772857666,0.5193392634391785,33.91886507741421,0.748977
1159_7.png,75,run_4,1,"a top spiked hedgehog in a peaceful laying down position, resting on a single cube-shaped wafer cake, detailed digital art, realistic texture and lighting",0.7408959865570068,0.5483172535896301,36.90035279811854,0.748513
1159_7.png,76,run_2,4,"hyper-realistic a top spiked hedgehog with intricate details laid down on top of a cube-shaped wafer cake with a subtle sheen, highly detailed digital painting",0.7541183829307556,0.5292970538139343,44.20571488018302,0.746975
1159_7.png,77,run_13,1,highly detailed 4k digital painting of a happy top spiked hedgehog laying down on top of a cube-shaped wafer cake in an artistic realistic setting,0.7488782405853271,0.5312531590461731,42.25392677372695,0.746780
1159_7.png,78,run_10,2,"Highly detailed highly realistic digital painting of a top spiked hedgehog curled up on top of a cube-shaped wafer cake, with soft warm gentle evening lighting and delicate shadows",0.7398874759674072,0.5108702778816223,42.18648083286479,0.746592
1159_7.png,79,run_10,5,"Masterpiece highly detailed digital art of a hedgehog laying on top of a cube-shaped wafer cake, softly lit with an inviting warm glow",0.750935971736908,0.5451881885528564,41.55695332053712,0.743986
1159_7.png,80,run_3,1,"a top spiked hedgehog sleeping on a cube-shaped wafer cake, detailed realistic lighting, fine art digital painting",0.7126049995422363,0.5046242475509644,35.20593068930619,0.741232
1159_7.png,81,run_11,2,"Detailed, 4K-resolution digital artwork of a top spiked hedgehog sleeping on a cube-shaped wafer cake with accurate lighting",0.7415692210197449,0.5108816623687744,43.91194832355913,0.740851
1159_7.png,82,run_8,1,"highly detailed digital art of a top spiked hedgehog laying down on top of a cube-shaped wafer cake, soft pastel lighting, serene atmosphere",0.7275636196136475,0.5464571714401245,34.50199501874926,0.740134
1159_7.png,83,run_13,4,highly detailed realistic 4k digital painting of a happy top spiked hedgehog standing on a cube-shaped wafer dessert in a bright sunny scene with soft delicate shadows,0.7189319729804993,0.4770854711532593,41.364753819497516,0.740051
1159_7.png,84,run_11,5,Highly detailed highly realistic digital masterpiece portrait of a top spiked hedgehog curled up beside a cube-shaped wafer cake with 4k realistic texture and soft natural light shadows,0.6788152456283569,0.4501931667327881,31.99025817333741,0.739889
1159_7.png,85,run_8,2,"a realistic top spiked hedgehog laying on top of a cube-shaped vanilla wafer cake, warm gentle light, super high resolution digital artwork",0.7428956627845764,0.5114071369171143,44.494934130226774,0.739770
1159_7.png,86,run_8,4,"a realistic top spiked hedgehog peacefully laying on a cube-shaped vanilla wafer cake, warm golden gentle light, highly detailed realistic digital painting",0.7303177118301392,0.5116474032402039,40.62946025306029,0.738335
1159_7.png,87,run_4,2,"a top spiked hedgehog in a serene laying down position, resting on a single cube-shaped wafer cake, highly detailed digital art, realistic texture and vibrant lighting",0.7349534034729004,0.5692234039306641,34.21828027896679,0.737847
1159_7.png,88,run_1,4,realistic photo-realistic image of a small spiky hedgehog comfortably resting on a single cube-shaped wafer cookie with soft warm natural light,0.7454189658164978,0.534277081489563,42.829213585417435,0.736367
1159_7.png,89,run_1,Baseline,"a top spiked hedgehog laying down on top of a cube-shaped wafer cake, soft lighting, detailed digital art",0.7161694765090942,0.5482485890388489,31.465748908960755,0.735488
1159_7.png,90,run_2,Baseline,"a top spiked hedgehog laying down on top of a cube-shaped wafer cake, soft lighting, detailed digital art",0.7161694765090942,0.5482485890388489,31.465748908960755,0.735488
1159_7.png,91,run_3,Baseline,"a top spiked hedgehog laying down on top of a cube-shaped wafer cake, soft lighting, detailed digital art",0.7161694765090942,0.5482485890388489,31.465748908960755,0.735488
1159_7.png,92,run_4,Baseline,"a top spiked hedgehog laying down on top of a cube-shaped wafer cake, soft lighting, detailed digital art",0.7161694765090942,0.5482485890388489,31.465748908960755,0.735488
1159_7.png,93,run_5,Baseline,"a top spiked hedgehog laying down on top of a cube-shaped wafer cake, soft lighting, detailed digital art",0.7161694765090942,0.5482485890388489,31.465748908960755,0.735488
1159_7.png,94,run_6,Baseline,"a top spiked hedgehog laying down on top of a cube-shaped wafer cake, soft lighting, detailed digital art",0.7161694765090942,0.5482485890388489,31.465748908960755,0.735488
1159_7.png,95,run_7,Baseline,"a top spiked hedgehog laying down on top of a cube-shaped wafer cake, soft lighting, detailed digital art",0.7161694765090942,0.5482485890388489,31.465748908960755,0.735488
1159_7.png,96,run_8,Baseline,"a top spiked hedgehog laying down on top of a cube-shaped wafer cake, soft lighting, detailed digital art",0.7161694765090942,0.5482485890388489,31.465748908960755,0.735488
1159_7.png,97,run_9,Baseline,"a top spiked hedgehog laying down on top of a cube-shaped wafer cake, soft lighting, detailed digital art",0.7161694765090942,0.5482485890388489,31.465748908960755,0.735488
1159_7.png,98,run_10,Baseline,"a top spiked hedgehog laying down on top of a cube-shaped wafer cake, soft lighting, detailed digital art",0.7161694765090942,0.5482485890388489,31.465748908960755,0.735488
1159_7.png,99,run_11,Baseline,"a top spiked hedgehog laying down on top of a cube-shaped wafer cake, soft lighting, detailed digital art",0.7161694765090942,0.5482485890388489,31.465748908960755,0.735488
1159_7.png,100,run_12,Baseline,"a top spiked hedgehog laying down on top of a cube-shaped wafer cake, soft lighting, detailed digital art",0.7161694765090942,0.5482485890388489,31.465748908960755,0.735488
1159_7.png,101,run_13,Baseline,"a top spiked hedgehog laying down on top of a cube-shaped wafer cake, soft lighting, detailed digital art",0.7161694765090942,0.5482485890388489,31.465748908960755,0.735488
1159_7.png,102,run_14,Baseline,"a top spiked hedgehog laying down on top of a cube-shaped wafer cake, soft lighting, detailed digital art",0.7161694765090942,0.5482485890388489,31.465748908960755,0.735488
1159_7.png,103,run_15,Baseline,"a top spiked hedgehog laying down on top of a cube-shaped wafer cake, soft lighting, detailed digital art",0.7161694765090942,0.5482485890388489,31.465748908960755,0.735488
1159_7.png,104,run_8,3,"a top spiked hedgehog resting on a cube-shaped vanilla wafer cake, soft gentle glow, 8k resolution digital illustration",0.7579220533370972,0.5484703779220581,45.50479452220504,0.733659
1159_7.png,105,run_11,1,Highly detailed digital art of a top spiked hedgehog resting on a cube-shaped wafer cake with subtle warm lighting,0.7544280290603638,0.5263733267784119,47.56764696918907,0.733042
1159_7.png,106,run_7,2,"highly realistic 8k digital art of a top spiked hedgehog resting on a perfectly formed cube-shaped wafer cake, soft warm golden lighting",0.7192006707191467,0.5137625932693481,37.8056703731286,0.732875
1159_7.png,107,run_12,2,"'a highly detailed realistic top spiked hedgehog peacefully laying down on top of a delicate cube-shaped wafer cake in a warm cozy atmosphere, digital art'",0.7298054695129395,0.5036923885345459,42.75030991390492,0.732575
1159_7.png,108,run_2,1,"a highly intricate top spiked hedgehog is laying down on top of a cube-shaped wafer cake, highly detailed digital art style",0.7397123575210571,0.5327355861663818,42.11673284586746,0.731754
1159_7.png,109,run_14,3,"A top spiked hedgehog in a serene pose, laying on its side on top of a cube-shaped wafer cake with precision-cut designs, with soft realistic lighting and intricate textures, highly detailed digital art piece",0.7315680980682373,0.5551344752311707,36.5179332493958,0.730790
1159_7.png,110,run_3,1,"a tiny top spiked hedgehog resting on a large cube-shaped wafer cake, high contrast soft lighting, highly realistic digital art",0.7722710967063904,0.5790343880653381,46.763626986648475,0.729675
1159_7.png,111,run_9,3,"a realistic top spiked hedgehog in a tranquil state, leaning against a cube-shaped wafer cake with delicate golden edges",0.7562622427940369,0.5468318462371826,46.49659952349293,0.727272
1159_7.png,112,run_6,2,"a serene top spiked hedgehog laying down on top of a cube-shaped wafer cake with intricate details, gentle soft natural light, highly realistic 4k digital art",0.7069383859634399,0.5267460346221924,33.37045632647391,0.726045
1159_7.png,113,run_10,3,"High-resolution digital illustration of a top spiked hedgehog sleeping on top of a cube-shaped wafer cake, with soft warm gentle glow",0.6970647573471069,0.5047183632850647,33.66829157098481,0.723780
1159_7.png,114,run_4,4,"'a large, brown top-hatted spotted hedgehog in a serene laid-back state, resting on a single cube-shaped wafer cake, highly detailed digital art realistic texture and deep shadows'",0.690704345703125,0.4822119176387787,34.75912463124972,0.723596
1159_7.png,115,run_6,1,"'a top spiked hedgehog in a laying position on top of a cube-shaped wafer cake, soft pastel lighting, highly realistic digital art'",0.7235513925552368,0.5521466135978699,35.89591270610693,0.723020
1159_7.png,116,run_11,4,Highly detailed photorealistic digital portrait of a top spiked hedgehog taking a nap beside a large cube-shaped wafer cake with realistic shadows and reflections,0.7177959680557251,0.5344321727752686,36.57765475386733,0.722539
1159_7.png,117,run_11,1,"A top spiked hedgehog in a serene atmosphere, lying down on top of a cube-shaped wafer cake, highly detailed digital art with realistic lighting.",0.7179201245307922,0.5324692130088806,36.97059587136566,0.722156
1159_7.png,118,run_4,3,"'a large, chestnut-brown top spiked hedgehog in a serene laying down position, resting on a single cube-shaped wafer cake, hyper-realistic digital painting style, highly detailed realistic textures with deep shadows'",0.7226893901824951,0.5015293955802917,42.87191285837969,0.722054
1159_7.png,119,run_4,5,"a large, brown, top-spiked hedgehog in a serene, lazy laying down position, resting on a single cube-shaped wafer cake with intricate details in a realistic digital painting style with high texture and detailed shadows",0.7391502261161804,0.5271770358085632,44.707857551109036,0.721984
1159_7.png,120,run_12,5,"a realistic detailed top spiked hedgehog resting peacefully on top of a sturdy cube-shaped wafer cake in soft golden light, highly realistic 4k digital artpiece",0.7018401622772217,0.5281172394752502,32.677206436772245,0.720329
1159_7.png,121,run_8,1,"a top spiked hedgehog in repose on top of a cube-shaped wafer cake, soft diffused lighting, highly realistic digital art piece",0.7527827024459839,0.579390823841095,42.49701294884064,0.719048
1159_7.png,122,run_4,1,"a highly detailed, realistic top spiked hedgehog laying down on a cube-shaped wafer cake, soft warm lighting, detailed digital art",0.7188408374786377,0.514968752861023,40.620285308351804,0.717728
1159_7.png,123,run_6,3,"a close-up of a top spiked hedgehog lounging on top of a cube-shaped wafer cake, golden light, highly realistic",0.7339340448379517,0.5475288033485413,41.102429329553104,0.717370
1159_7.png,124,run_4,3,"'a beautiful, warm brown top spiked hedgehog in a relaxed laying down position, resting on a single cube-shaped wafer cake in soft focus, highly realistic digital painting with subtle texture and deep shadows'",0.7276897430419922,0.5364230871200562,40.85198108689416,0.716156
1159_7.png,125,run_5,3,"a top spiked hedgehog resting peacefully on top of a golden brown cube-shaped wafer cake, soft warm gentle light, ultra-realistic highly detailed 4k digital painting",0.7151790857315063,0.5136258602142334,39.93478083774154,0.716125
1159_7.png,126,run_15,5,digital masterpiece of an adorable top spiked hedgehog snuggled up on a cube-shaped wafer cake with inviting warm gentle light,0.6883276700973511,0.4699062705039978,37.615235368477904,0.714222
1159_7.png,127,run_4,4,"'a magnificent, large, brown top spiked hedgehog with an expressive face, in a relaxed, laid-back state, resting on a single cube-shaped wafer cake with realistic texture and detailed shading'",0.6982347965240479,0.5221471786499023,34.09538607672216,0.711693
1159_7.png,128,run_12,3,A highly detailed realistic top spiked hedgehog resting comfortably on a perfectly baked cube-shaped wafer cake in soft bright warm light,0.750918447971344,0.5367640256881714,49.609702809503126,0.710364
1159_7.png,129,run_11,1,"Softly lit, ultra-realistic digital art of a top spiked hedgehog reclining on top of a cube-shaped wafer cake",0.7532832622528076,0.601849377155304,41.43728693387409,0.709724
1159_7.png,130,run_7,5,"a highly realistic top spiked hedgehog standing on a perfectly cube-shaped wafer cake with delicate golden patterns, warm gentle golden light, 4k ultra realistic digital art",0.7182894349098206,0.5335131287574768,39.51590288806784,0.709604
1159_7.png,131,run_10,5,"Photorealistic 4k digital art of a top spiked hedgehog curled up on top of a cube-shaped wafer cake, delicate warm pastel lighting",0.7157837152481079,0.5187978744506836,40.95853475506276,0.708569
1159_7.png,132,run_9,4,"a photorealistic image of a top spiked hedgehog in a tranquil pose, resting on a cube-shaped wafer cake, with warm soft natural ambient light",0.749451756477356,0.5659009218215942,45.486869702925404,0.708299
1159_7.png,133,run_3,4,highly detailed 4k digital painting of a curled up top spiked hedgehog enjoying a cube-shaped wafer cake in a warm pastel glow,0.7254805564880371,0.5495309829711914,39.96462670723987,0.708019
1159_7.png,134,run_4,1,"a highly realistic, detailed digital artwork featuring a top spiked hedgehog in a calm pose, peacefully resting on a large cube-shaped wafer cake, soft warm glow",0.7017703056335449,0.523291826248169,36.05152119964896,0.707023
1159_7.png,135,run_6,3,a top spiked hedgehog lying down on top of a perfectly baked cube-shaped wafer cake in a warm studio light,0.7416213154792786,0.5984498262405396,38.739428632581806,0.706533
1159_7.png,136,run_1,5,"stunning fine art of a small top spiked hedgehog perched on a cube-shaped wafer cake with deep, rich colors and subtle lighting effects",0.7435415983200073,0.529655933380127,49.20303799451351,0.705374
1159_7.png,137,run_6,2,"a tiny top spiked hedgehog curled up on a giant cube-shaped wafer cake, soft and diffused warm light, highly detailed digital painting",0.737208366394043,0.5768256783485413,40.58159252683053,0.705198
1159_7.png,138,run_11,3,Realistic 4k digital artwork of a close-up spiked hedgehog resting near a cube-shaped wafer cake with high contrast lighting,0.7125483751296997,0.5243992805480957,39.930522180220805,0.704590
1159_7.png,139,run_14,4,"Detailed 4K digital painting of a top spiked hedgehog in a serene pose, positioned on top of a cube-shaped wafer cake, with realistic sugar decorations and soft, natural lighting",0.7296048402786255,0.5750349164009094,38.60470468139692,0.703892
1159_7.png,140,run_13,2,highly detailed photorealistic digital painting of a happy top spiked hedgehog laying down on top of a cube-shaped wafer cake in a serene realistic setting,0.7376662492752075,0.5709332227706909,41.95212849568072,0.703253
1159_7.png,141,run_12,3,"A hyper-realistic top spiked hedgehog lying calmly on a perfectly baked cube-shaped wafer cake in soft ethereal soft light, incredible level of detail and realism.",0.7286385297775269,0.5614149570465088,40.34891669252885,0.703105
1159_7.png,142,run_13,1,highly detailed digital art of a relaxed top spiked hedgehog laying down on top of a cube-shaped wafer cake with soft delicate lighting,0.7070611715316772,0.5234770774841309,39.256423032290954,0.699719
1159_7.png,143,run_15,4,"realistic 3d rendered digital art of a top spiked hedgehog relaxing on top of a cube-shaped chocolate wafer cake with subtle, shimmering sprinkles",0.7159498929977417,0.524239182472229,42.44723818662562,0.697856
1159_7.png,144,run_8,3,"highly detailed realistic top spiked hedgehog perched on a cube-shaped vanilla wafer cake, subtle warm light, vibrant colors",0.7133756279945374,0.49348658323287964,46.071299233467634,0.696984
1159_7.png,145,run_12,3,A photorealistic top spiked hedgehog lying relaxed on a sturdy cube-shaped wafer cake with subtle frosting details in extremely vivid high contrast light,0.7581679821014404,0.6000089645385742,46.29020610328417,0.695100
1159_7.png,146,run_7,4,"a perfect top spiked hedgehog in high detail, laying on a cube-shaped wafer cake with intricate frosting details, warm gentle golden softbox lighting, highly detailed 4k photorealistic digital art",0.711868166923523,0.5593944787979126,36.821893448846474,0.694839
1159_7.png,147,run_13,4,highly detailed photorealistic 4k digital hyperrealistic portrait of a top spiked hedgehog sitting on a cube-shaped wafer dessert in a bright and sunny realistic environment with rich colors,0.6722371578216553,0.49377864599227905,33.30706019569252,0.693219
1159_7.png,148,run_6,3,"a high-definition illustration of a top spiked hedgehog reclining on top of a delicious cube-shaped wafer cake, intricate details",0.7414641976356506,0.5979151725769043,41.51899904634768,0.693069
1159_7.png,149,run_3,3,highly realistic digital illustration of a curled up top spiked hedgehog lying on a cube-shaped wafer cake in subtle warm pastel hues,0.8134946823120117,0.6001383662223816,65.0339775767423,0.692103
1159_7.png,150,run_15,3,"highly detailed, realistic digital art of a top spiked hedgehog laying down on top of a cube-shaped wafer cake with warm, natural light",0.7443530559539795,0.5669033527374268,47.09520918699086,0.691591
1159_7.png,151,run_2,1,"highly detailed digital art of a top spiked hedgehog laid down on top of a cube-shaped wafer cake, warm soft lighting",0.7086178064346313,0.5349220037460327,39.89720359244127,0.691285
1159_7.png,152,run_1,5,exquisite digital art of a small top spiked hedgehog sitting on top of a cube-shaped wafer cake with intricate textures and shading,0.7200211882591248,0.5330190658569336,43.908538059656614,0.691259
1159_7.png,153,run_4,5,"a large, rich brown top-spiked hedgehog in a gentle laying down position on a single delicate cube-shaped wafer cake with soft texture and gentle shadows in a realistic digital painting style",0.7219096422195435,0.5303360223770142,45.02353708854128,0.690667
1159_7.png,154,run_6,2,"a cute top spiked hedgehog in a calm mood laying down on top of a cube-shaped wafer cake, warm soft lighting, detailed 4k digital art",0.7107253670692444,0.5151509046554565,43.77066477539815,0.689213
1159_7.png,155,run_2,2,"highly detailed realistic top spiked hedgehog standing proudly on top of a cube-shaped wafer cake with a soft delicate sheen, photorealistic digital painting",0.7136048078536987,0.5658589601516724,37.711494986741364,0.688872
1159_7.png,156,run_1,2,highly detailed top spiked hedgehog lying on a cube-shaped wafer cake in a warm soft natural sunlight,0.7390646934509277,0.5493407249450684,48.58930862989459,0.687786
1159_7.png,157,run_3,5,highly detailed 4k digital painting of a curled up top spiked hedgehog relaxing on a pastel cube-shaped wafer cake,0.7633218765258789,0.6023939251899719,49.19701873651252,0.687534
1159_7.png,158,run_10,1,"Softly lit, highly detailed digital art of a top spiked hedgehog resting on top of a cube-shaped wafer cake, delicate and realistic textures",0.7137044072151184,0.5522511601448059,39.985799840260526,0.687195
1159_7.png,159,run_5,3,"a serene top spiked hedgehog resting on top of a perfectly formed cube-shaped vanilla wafer cake, subtle warm gentle light, ultra-detailed 4k digital art masterpiece",0.7319314479827881,0.5806001424789429,42.14264032313076,0.686547
1159_7.png,160,run_13,1,a large close-up of a serene top spiked hedgehog peacefully laying down on top of a clean cube-shaped wafer cake in gentle warm light,0.7014551758766174,0.5029025673866272,43.08470345439237,0.686057
1159_7.png,161,run_10,3,"Masterpiece digital art of a top spiked hedgehog in a laid-back pose on top of a cube-shaped wafer cake, with soft warm and inviting lighting",0.7092950940132141,0.5398035049438477,40.75772169266874,0.684841
1159_7.png,162,run_1,1,a top spiked hedgehog in a relaxed pose on a cube-shaped wafer cake under warm soft light,0.7585557103157043,0.6165634393692017,46.306388857144505,0.684362
1159_7.png,163,run_13,2,ultra-high-definition digital painting of a joyful top spiked hedgehog lounging on a cube-shaped wafer cake in a beautiful realistic environment,0.7244057655334473,0.55561763048172,43.9593763503909,0.682638
1159_7.png,164,run_9,4,"a highly detailed top spiked hedgehog in a serene stillness, lying on top of a cube-shaped vanilla wafer cake, with soft subtle ambient light",0.7341909408569336,0.5465118885040283,48.53372015862952,0.682177
1159_7.png,165,run_13,3,highly detailed realistic digital painting of a smiling top spiked hedgehog laying down on top of a cube-shaped wafer cake in a vibrant artistic setting,0.7163911461830139,0.5519148707389832,42.37068120086088,0.680079
1159_7.png,166,run_7,2,"highly detailed rendering of a top spiked hedgehog lying on a cube-shaped wafer cake, surrounded by soft, warm light, with delicate textures and patterns",0.7197461128234863,0.5511218905448914,43.78126252747734,0.679105
1159_7.png,167,run_11,1,A top spiked hedgehog in a relaxed pose laying down on top of a cube-shaped wafer cake under soft and diffused lighting,0.7352478504180908,0.5831947326660156,44.54246483010246,0.678371
1159_7.png,168,run_10,5,"A majestic, highly detailed, ultra-realistic digital art of a top spiked hedgehog resting peacefully on top of a cube-shaped wafer cake, softly lit with a warm golden glow in an elegant and serene environment",0.6814074516296387,0.534385085105896,33.96645094587036,0.677023
1159_7.png,169,run_5,5,a majestic highly detailed top spiked hedgehog sleeping on a golden cube-shaped wafer cake under warm gentle natural lighting,0.6989905834197998,0.5338982939720154,40.300372279358086,0.674588
1159_7.png,170,run_6,4,"'a detailed, 4k image of a close-up of a top spiked, dark brown hedgehog resting on a cube-shaped wafer cake, soft focus, highly realistic'",0.6875847578048706,0.5165362358093262,39.44082629544376,0.672342
1159_7.png,171,run_6,2,"a top spiked hedgehog with bright eyes laying down on top of a cube-shaped wafer cake with a gradient effect, delicate soft lighting, highly detailed digital painting",0.7164197564125061,0.5949598550796509,38.008216467831986,0.672104
1159_7.png,172,run_14,5,"Ultra-realistic digital artwork of a laid-back top-spike hedgehog in a side-lying position, on top of a cube-shaped wafer cake, with delicate sugar work, fine shimmering, and highly detailed realistic textures",0.7162761688232422,0.5487186312675476,44.926309777572385,0.669590
1159_7.png,173,run_5,4,"a regal top spiked hedgehog resting on a cube-shaped wafer cake, soft ambient lighting, precise 4k digital art",0.7020179033279419,0.551480770111084,39.915659304875255,0.669338
1159_7.png,174,run_1,3,a highly realistic 4k digital painting of a top spiked hedgehog lying on top of a slightly worn cube-shaped wafer cake with soft gentle lighting,0.702195405960083,0.5500913858413696,40.19701904918495,0.669195
1159_7.png,175,run_4,4,"'an enormous, large brown top spiked hedgehog with a sweet expression, in a serene, reclined position, resting on a single cube-shaped wafer cake in a highly detailed, realistic digital art style'",0.6817333698272705,0.5421144962310791,34.60392366023246,0.669165
1159_7.png,176,run_8,5,"a realistic top spiked hedgehog sitting on top of a cube-shaped vanilla wafer cake, golden softbox lighting, highly realistic 4k digital image",0.7218049764633179,0.5575689077377319,46.23085554714067,0.666046
1159_7.png,177,run_6,3,"a realistic, detailed digital painting of a top spiked hedgehog lying down on top of a cube-shaped wafer cake with delicate sugar decorations",0.7529603838920593,0.6252840757369995,47.12820639824531,0.665441
1159_7.png,178,run_2,4,"a highly detailed top spiked hedgehog with intricate scales laid down on top of a cube-shaped wafer cake with a subtle, warm golden sheen, 4k digital painting",0.7050208449363708,0.5574479699134827,40.87713852495713,0.665387
1159_7.png,179,run_9,5,"a highly detailed top spiked hedgehog in a serene mood, reclining upon a cube-shaped wafer cake, with vivid realistic colors and soft warm ambient light",0.6905027627944946,0.5427261590957642,38.806006294629775,0.662273
1159_7.png,180,run_4,5,"a majestic brown top spiked hedgehog in a calm laying down position on a delicate cube-shaped wafer cake with rich texture and deep, detailed shadows in a digital painting style",0.7012200355529785,0.5268937349319458,44.53904542108107,0.662229
1159_7.png,181,run_5,3,"top spiked hedgehog sleeping gently on top of a precise cube-shaped wafer cake with a delicate sprinkle on top, soft warm gentle light, highly detailed 4k digital art",0.724981427192688,0.574347734451294,45.8437443909722,0.661594
1159_7.png,182,run_8,5,"highly detailed realistic top spiked hedgehog on a cube-shaped vanilla wafer cake, warm afternoon glow, photorealistic masterpiece",0.6952241063117981,0.5382288694381714,41.1849677229806,0.661282
1159_7.png,183,run_15,1,a majestic top spiked hedgehog in a relaxed pose on top of a perfect cube-shaped wafer cake under soothing gentle light,0.7206505537033081,0.6208978891372681,38.111788569126816,0.660703
1159_7.png,184,run_8,4,"a highly detailed realistic top spiked hedgehog resting on a cube-shaped vanilla wafer cake with a delicate drizzle of chocolate, warm soft gentle glowing light, artistic digital artwork",0.6851757764816284,0.4994107186794281,43.532438892979066,0.660166
1159_7.png,185,run_8,5,"realistic top spiked hedgehog posing on a cube-shaped vanilla wafer cake, soft warm natural light, 8k digital artwork",0.6839180588722229,0.5204390287399292,40.20900514312647,0.660056
1159_7.png,186,run_2,3,"a large top spiked hedgehog with highly realistic intricate details settled comfortably on top of a large cube-shaped wafer cake with a slight warm subtle sheen, realistic digital art",0.7023160457611084,0.5569422841072083,41.25634351049164,0.659545
1159_7.png,187,run_2,1,"a highly realistic 4k digital art piece of a top spiked hedgehog reclined on top of a cube-shaped wafer cake, detailed textures and soft glow",0.6954778432846069,0.5666109919548035,37.686117943181024,0.659440
1159_7.png,188,run_4,1,"a photorealistic, top spiked hedgehog with a relaxed expression, laying down on a large, intricately designed cube-shaped wafer cake, detailed digital art, high quality",0.6801180243492126,0.5512663722038269,34.893922538507134,0.658924
1159_7.png,189,run_4,5,"a large, beautiful brown top-spiked hedgehog in a peaceful laying down position on a delicate cube-shaped wafer cake with vibrant texture and rich, detailed shadows in a highly detailed digital painting style",0.7027837038040161,0.5297119617462158,45.68400205716303,0.657222
1159_7.png,190,run_14,2,"Highly detailed, photorealistic top spiked hedgehog in a relaxing pose on top of a cube wafer cake, subtle shading and realistic digital art with 4k resolution",0.6948784589767456,0.5743566155433655,37.00166879886643,0.656545
1159_7.png,191,run_5,4,"a noble top spiked hedgehog sleeping on a cube-shaped waffle cake, warm gentle glow, highly detailed digital masterpiece",0.6564022302627563,0.5124118328094482,33.10729404041602,0.656128
1159_7.png,192,run_1,5,stunning highly detailed oil painting of a small top spiked hedgehog resting on a cube-shaped wafer cake with subtle natural shading,0.7187328338623047,0.5736081600189209,45.11116990793924,0.655664
1159_7.png,193,run_6,4,"'a highly realistic, 4k image of a top spiked, cute hedgehog taking a nap on top of a cube-shaped wafer cake, with golden brown and delicate details'",0.717383086681366,0.551450788974762,47.775838344353005,0.655583
1159_7.png,194,run_9,4,"a stunning detailed artistic vision of a top spiked hedgehog in a state of deep relaxation, positioned on top of a cube-shaped crispy wafer cake, with gentle ambient light",0.6805693507194519,0.5641921162605286,33.975995201963265,0.655324
1159_7.png,195,run_4,2,"a top spiked hedgehog in a tranquil laying down position, resting on a single cube-shaped wafer cake, 4k digital art, realistic and detailed rendering",0.7211757898330688,0.589627742767334,44.027021600679014,0.653958
1159_7.png,196,run_15,3,"4k ultra-high definition digital art of a top spiked hedgehog resting on a cube-shaped wafer cake, with subtle texture and atmospheric lighting",0.7445558309555054,0.6008760333061218,50.17760647621644,0.653711
1159_7.png,197,run_1,1,highly detailed 4k digital painting of a top spiked hedgehog in a laid-back position on a cube-shaped wafer cake with soft and gentle illumination,0.729762077331543,0.5906793475151062,46.753436132468174,0.653682
1159_7.png,198,run_11,2,"Highly realistic, ultra-high resolution digital painting of a top spiked hedgehog sitting on the edge of a cube-shaped wafer cake, emphasizing texture and dimensionality.",0.7232013940811157,0.5866067409515381,45.456639832613696,0.652279
1159_7.png,199,run_5,5,a serene highly detailed top spiked hedgehog curled up on a giant cube-shaped wafer cake with soft focus,0.7417083382606506,0.6214878559112549,46.663175755070235,0.652271
1159_7.png,200,run_5,5,a dreamy highly detailed top spiked hedgehog sleeping on top of a majestic oversized cube-shaped wafer cake in high-resolution digital art,0.6778223514556885,0.5594479441642761,34.57769537422584,0.651216
1159_7.png,201,run_8,2,"a highly detailed top spiked hedgehog is posed on a cube-shaped vanilla wafer cake with a soft glow, digital painting",0.6896951198577881,0.5437661409378052,40.72148317155308,0.650914
1159_7.png,202,run_13,2,highly detailed realistic digital painting of a content hedgehog sitting on top of a cube wafer cake in an intimate artistic scene,0.7202317714691162,0.5813456177711487,45.579584085683585,0.650506
1159_7.png,203,run_9,2,"a top spiked hedgehog lying in a quiet mood, placed delicately on a cube-shaped wafer cake, finely detailed, realistic, soft ambient lighting with subtle background",0.7071729898452759,0.5586370229721069,44.493395260846604,0.650361
1159_7.png,204,run_10,5,"Highly detailed 4k digital painting of a top spiked hedgehog laying down on top of a cube-shaped wafer cake, soft warm gentle golden morning lighting",0.7202085256576538,0.5741382837295532,46.91117091012197,0.648875
1159_7.png,205,run_5,1,"a serene top spiked hedgehog snuggled up on top of a cube-shaped wafer cake, muted warm lighting, exceptional digital craftsmanship",0.7133394479751587,0.5746919512748718,44.5867366137506,0.648846
1159_7.png,206,run_1,5,stunning masterpiece of a small top spiked hedgehog in a minimalist environment resting on a cube-shaped wafer cake with vibrant colors,0.7437474727630615,0.6116825342178345,49.442580760640894,0.648643
1159_7.png,207,run_7,4,"a highly detailed top spiked hedgehog lying on a perfect, flat, cube-shaped wafer cake, warm gentle golden natural daylight, highly detailed 4k photorealistic digital art",0.7174967527389526,0.5549263954162598,49.17527803056082,0.646562
1159_7.png,208,run_6,5,"highly detailed, highly realistic digital painting of a close-up of a smiling, happy top spiked hedgehog dozing off on top of a golden, cube-shaped wafer cake with a soft, subtle background",0.6728856563568115,0.5228821635246277,39.12797665605421,0.645995
1159_7.png,209,run_7,1,"a top spiked hedgehog relaxed on top of a flawless cube-shaped cookie wafer cake, gentle warm lighting, photorealistic digital art",0.659432053565979,0.5410335063934326,32.19154454415829,0.645953
1159_7.png,210,run_14,3,"A top spiked hedgehog in a serene pose, laying on its side on top of a precision-cut cube-shaped wafer cake, with vibrant realistic lighting and intricate textures, highly detailed digital artwork masterpiece",0.6972335577011108,0.5974825024604797,37.111565899933446,0.644024
1159_7.png,211,run_5,5,a peaceful highly detailed top spiked hedgehog lounging on a delicate cube-shaped wafer cake under soft warm digital lighting,0.7101479768753052,0.5789124369621277,43.97292582809205,0.643855
1159_7.png,212,run_8,2,"a highly realistic top spiked hedgehog lays on a cube-shaped vanilla wafer cake, warm soft light, high resolution digital painting",0.7247242331504822,0.5975704789161682,46.20625845222983,0.643587
1159_7.png,213,run_2,5,"'a highly detailed top spiked hedgehog with intricate details laid on top of a pristine cube-shaped wafer cake with a subtle golden sheen, photorealistic digital painting'",0.693347156047821,0.5598378777503967,41.31170027337069,0.642932
1159_7.png,214,run_6,5,"highly detailed, 4k digital masterpiece of a close-up of a happy, content top spiked hedgehog snuggled up on top of a golden, cube-shaped wafer cake with a warm, muted background",0.6674149632453918,0.5335243344306946,36.83552161956919,0.641176
1159_7.png,215,run_11,3,Highly detailed photorealistic portrait of a top tiered hedgehog curled up beside a cube-shaped wafer cake with visible texture and subtle shadow effects,0.7104724645614624,0.5683371424674988,46.21150028347899,0.640646
1159_7.png,216,run_14,2,"A highly realistic top spiked hedgehog in a side profile on top of a white cube wafer cake, soft warm glow, highly detailed digital painting",0.7241888642311096,0.6128873825073242,44.515130419121235,0.640553
1159_7.png,217,run_14,1,"A realistic highly detailed top spiked hedgehog laying down on top of a cube-shaped wafer cake with intricate frosting details, soft lighting, detailed digital art",0.6780527830123901,0.5624841451644897,36.45888010347689,0.640328
1159_7.png,218,run_2,4,"a top spiked hedgehog in a perfectly centered composition on top of a cube-shaped wafer cake with intricate details and a soft sheen, photorealistic digital artwork",0.7019498348236084,0.5808661580085754,41.95552498238019,0.639242
1159_7.png,219,run_3,3,highly detailed and realistic digital painting of a curled up top spiked hedgehog resting on a cube-shaped wafer cake under bright soft pastel lights,0.6587178707122803,0.526370644569397,35.38016133172931,0.639225
1159_7.png,220,run_9,5,"a realistic digital painting of a top spiked hedgehog in a peaceful state, posing elegantly on a cube-shaped wafer cake, with rich textures and gentle shading",0.6893929839134216,0.5526874661445618,41.92833684612528,0.638457
1159_7.png,221,run_14,4,"A top spiked hedgehog in a casual, side-lying pose, placed atop a cube-shaped wafer cake with clean lines, subtle shadowing, and highly detailed textures, created in a digital painting style",0.709165096282959,0.6112068295478821,40.494978437739164,0.637264
1159_7.png,222,run_5,2,"a sleeping top spiked hedgehog sits atop a massive cube-shaped wafer cake, warm gentle diffused lighting, highly detailed 8k digital art piece",0.7114713788032532,0.6121057271957397,41.26497899310455,0.636585
1159_7.png,223,run_14,5,"Realistic 4k digital artwork of a relaxed top spiked hedgehog in a side position, on top of a cube-shaped wafer cake, adorned with intricate edible designs, with subtle shimmering and highly detailed textures",0.6748172640800476,0.5161316394805908,42.63818136339914,0.636544
1159_7.png,224,run_10,1,"Highly detailed and realistic digital art of a top spiked hedgehog lying on top of a cube-shaped wafer cake, golden brown and soft glowing lighting",0.6909052133560181,0.548652708530426,43.39966251406798,0.636442
1159_7.png,225,run_15,1,"a highly realistic 4k digital painting of a top spiked hedgehog resting on top of a cube-shaped wafer cake, with a subtle glow",0.6976606249809265,0.5502155423164368,45.570104030269356,0.635599
1159_7.png,226,run_12,3,A highly realistic top spiked hedgehog resting comfortably on a perfectly frosted cube-shaped wafer cake in ultra-realistic soft bright light,0.7680180668830872,0.6397315263748169,56.16770991442243,0.635569
1159_7.png,227,run_8,4,"a realistic top spiked hedgehog posing majestically on a cube-shaped vanilla wafer cake, warm soft gentle glow, highly detailed photorealistic digital artwork",0.7065236568450928,0.5722785592079163,45.70346127754966,0.634115
1159_7.png,228,run_8,3,"a realistic top spiked hedgehog sitting atop a cube-shaped vanilla wafer cake, high definition, detailed digital painting",0.697102427482605,0.5520217418670654,45.43992446975719,0.634110
1159_7.png,229,run_10,2,"Highly detailed vibrant digital art of a top spiked hedgehog lying down on top of a cube-shaped wafer cake, with delicate sugarwork and soft warm gentle lighting",0.6971384882926941,0.561698853969574,44.14701603806427,0.633889
1159_7.png,230,run_7,2,"a realistic 4k digital artwork of a top spiked hedgehog reclining on a cube-shaped wafer cake, with soft golden lighting and a subtle sense of depth",0.7034224271774292,0.6196800470352173,38.23665251377249,0.633320
1159_7.png,231,run_4,3,"'a majestic, dark brown top spiked hedgehog in a calm lying down position, surrounded by a single cube-shaped wafer cake in soft focus, highly detailed digital artwork'",0.699698805809021,0.5633906126022339,44.99905098122396,0.632677
1159_7.png,232,run_13,5,highly detailed highly realistic photorealistic 4k digital oil painting of a smiling top spiked hedgehog posing confidently on a cube-shaped wafer dessert in a warm sunny realistic setting,0.6626225113868713,0.5371065735816956,36.66409328177102,0.631894
1159_7.png,233,run_12,1,"a majestic top spiked hedgehog laying down regally on top of a delicate intricately designed cube-shaped wafer cake in soft ethereal soft light, 4k digital masterpiece",0.7349632382392883,0.630554735660553,47.5131098273808,0.631135
1159_7.png,234,run_14,4,"Highly realistic, photorealistic depiction of a top spiked hedgehog in a relaxed pose, positioned on a cube-shaped wafer cake with delicate, realistic icing patterns and soft lighting",0.6930198669433594,0.5837008357048035,40.406344471422976,0.630570
1159_7.png,235,run_8,5,"a delicate realistic top spiked hedgehog laying on a cube-shaped vanilla wafer cake, soft and warm ambient lighting, highly detailed digital drawing",0.7205982208251953,0.5960140228271484,47.75539810472649,0.630470
1159_7.png,236,run_4,1,"a majestic, highly detailed digital painting of a top spiked hedgehog lounging on top of a cube-shaped wafer cake, soft and calming colors",0.7164978981018066,0.6068254709243774,44.906596523682175,0.630449
1159_7.png,237,run_2,3,"a highly realistic top spiked hedgehog with realistic intricate details positioned elegantly on top of a cube-shaped wafer cake with a delicate soft subtle sheen, 4k digital painting",0.6897974014282227,0.5614814162254333,42.53299212131207,0.630159
1159_7.png,238,run_7,1,"a top spiked hedgehog lying comfortably on top of a precise cube-shaped shortbread wafer cake, soft natural lighting, highly detailed digital masterpiece",0.7054929733276367,0.5706697106361389,46.718256024664996,0.628603
1159_7.png,239,run_6,1,"'a top spiked hedgehog laying down on a cube-shaped cream-filled wafer cake, soft and subtle lighting, highly detailed digital illustration'",0.6805223822593689,0.5330989956855774,43.9434922848342,0.627748
1159_7.png,240,run_14,5,"Highly detailed realistic digital artwork of a laid-back top-spike hedgehog in a side-lying pose, on top of a delicate cube-shaped wafer cake, with intricate sugar work, subtle shimmering, and photorealistic textures",0.7165228128433228,0.5741644501686096,50.45583095307833,0.625638
1159_7.png,241,run_10,2,"Highly realistic highly detailed digital art of a sleeping top spiked hedgehog resting on a cube-shaped wafer cake, with soft warm gentle lighting and intricate design",0.6316567063331604,0.5133330225944519,31.148863505456635,0.625418
1159_7.png,242,run_15,3,"highly detailed digital painting of a top spiked hedgehog laying on top of a wafer cake shaped like a cube with gentle, diffused lighting",0.6921003460884094,0.5743805766105652,42.55093955250192,0.624972
1159_7.png,243,run_15,4,"photo-realistic highly detailed digital art of a grey top spiked hedgehog curled up on top of a cube-shaped wafer cake with soft, warm studio lighting",0.7399492263793945,0.6842214465141296,43.43151693266508,0.622493
1159_7.png,244,run_13,3,highly detailed 4k stylized digital painting of a happy top spiked hedgehog lying on a cube-shaped wafer cake in an indoor setting with soft background,0.685824453830719,0.5792163610458374,40.59873166524325,0.621157
1159_7.png,245,run_11,4,Vibrant highly detailed 4K digital portrait of a resting top spiked hedgehog beside a small cube-shaped wafer cake with visible intricate details and soft focus,0.6964762806892395,0.5781897306442261,44.237695120187055,0.621149
1159_7.png,246,run_1,4,immaculate highly detailed digital painting of a small cute spiked hedgehog resting on a cube-shaped vanilla wafer cake with precise natural shading,0.690182089805603,0.5454040169715881,46.78178808600801,0.620977
1159_7.png,247,run_11,5,Realistic 4k digital portrait of a curled up hedgehog resting beside a cube-shaped baked wafer cake with detailed shadow and texture,0.7032520174980164,0.5888590812683105,45.17639605908005,0.620150
1159_7.png,248,run_15,3,"highly realistic digital art of a top spiked hedgehog reclining on a cube-shaped wafer cake, with soft shadows and pastel colors",0.7774457335472107,0.6828858256340027,56.622802936271576,0.619047
1159_7.png,249,run_5,2,"a regal top spiked hedgehog resting on top of a giant cube-shaped wafer cake, soft warm gentle ambient lighting, 4k digital painting",0.688732385635376,0.606298565864563,38.218575557461854,0.618989
1159_7.png,250,run_1,2,a majestic highly realistic top spiked hedgehog posed elegantly on top of a giant cube-shaped wafer cake in soft natural light,0.6953527331352234,0.5750942230224609,44.7838897909014,0.618790
1159_7.png,251,run_9,5,"a top spiked hedgehog in a tranquil state, positioned on top of a pristine cube-shaped wafer cake, with a realistic artistic vision, and a soft diffused light",0.7475761771202087,0.6538084149360657,51.2319998760726,0.617334
1159_7.png,252,run_8,1,"a top spiked hedgehog reclining on top of a cube-shaped chocolate wafer cake, soft golden hour lighting, highly detailed digital painting",0.6865991353988647,0.5539417266845703,45.943015813750584,0.613516
1159_7.png,253,run_7,5,"a realistic top spiked hedgehog resting its head on a large cube-shaped wafer cake with intricate golden designs, soft warm golden light, highly detailed 4k digital painting",0.6387261152267456,0.5346876978874207,32.95366356013677,0.613379
1159_7.png,254,run_5,2,"a stunning majestic top spiked hedgehog sleeping on top of a large cube-shaped wafer cake, warm golden gentle lighting, 8k highly detailed digital art",0.639829158782959,0.5296564102172852,34.36385106811081,0.611686
1159_7.png,255,run_2,5,"'a majestic top spiked hedgehog sitting atop a delicate cube-shaped wafer cake with a subtle gradient effect and a highly realistic texture, oil on canvas'",0.71149742603302,0.6155679225921631,46.123474769756186,0.610536
1159_7.png,256,run_9,4,"a realistic digital artwork of a top spiked hedgehog in a peaceful slumber, set atop a perfect cube-shaped sugar wafer cake, with delicate ambient illumination",0.6382013559341431,0.5208789706230164,35.315515340061026,0.610410
1159_7.png,257,run_12,3,"A realistic top spiked hedgehog resting peacefully on a freshly baked cube-shaped wafer cake in soft bright natural light, highly detailed digital art",0.7157464027404785,0.614329993724823,48.225797197419205,0.607919
1159_7.png,258,run_12,4,"a serene realistic top spiked hedgehog in a peaceful pose laying down on top of a solid cube-shaped wafer cake in bright soft light, highly detailed realistic digital art",0.6919516324996948,0.619234025478363,40.35105407926312,0.604917
1159_7.png,259,run_15,4,"highly detailed digital art of a blue top spiked hedgehog laying down on top of a cube-shaped wafer cake with soft, warm golden hour lighting",0.682282030582428,0.5631395578384399,45.015806679402736,0.604861
1159_7.png,260,run_9,1,"a top spiked hedgehog laying down elegantly on top of a cube-shaped wafer cake with intricate details, soft natural light",0.7374225854873657,0.6550147533416748,50.6038180439105,0.603312
1159_7.png,261,run_5,3,"top spiked hedgehog snuggled up on top of a perfectly baked cube-shaped wafer cake, cozy warm gentle lighting, photorealistic 4k digital art",0.6300686597824097,0.5292489528656006,33.107812331692784,0.602461
1159_7.png,262,run_14,2,"A photorealistic image of a top spiked hedgehog, side view, resting on a cube wafer cake, with intricate details and rich colors, high-quality digital art",0.6687492728233337,0.5678708553314209,40.53321849851348,0.601850
1159_7.png,263,run_13,2,highly detailed 8k digital art of a happy top spiked hedgehog sleeping at the top of a large cube-shaped wafer cake in a dreamlike realistic atmosphere,0.6696519255638123,0.5503135919570923,43.39358411960698,0.601288
1159_7.png,264,run_9,2,"a realistic top spiked hedgehog in a peaceful state, reclined on a perfect cube-shaped wafer cake, highly detailed, high-resolution digital painting with soft ambient light",0.6715893745422363,0.5888163447380066,38.78301845820342,0.600677
1159_7.png,265,run_1,1,highly detailed digital art of a top spiked hedgehog reclining on a cube-shaped wafer cake under subtle lighting,0.7024103403091431,0.6203110218048096,44.532104144515124,0.600518
1159_7.png,266,run_4,3,"'a realistic large, brown top spiked hedgehog in a relaxed laying down position, resting on a single cube-shaped wafer cake, traditional oil painting style with vibrant colors and subtle texture'",0.6467549800872803,0.5172776579856873,40.79253989438702,0.599816
1159_7.png,267,run_5,4,"a majestic top spiked hedgehog reclining on a cube-shaped sugar cookie cake, soft golden lighting, highly realistic 4k digital art",0.6881064176559448,0.5690243244171143,47.24599523988589,0.599290
1159_7.png,268,run_7,3,"a highly detailed top spiked hedgehog on a perfect cube-shaped wafer cake, surrounded by soft golden frosting, highly realistic digital painting",0.6219466924667358,0.5277803540229797,31.420368024886336,0.598690
1159_7.png,269,run_14,3,"A detailed top spiked hedgehog in a peaceful pose, laying on its side on top of a cube-shaped wafer cake with golden accents, with soft vibrant realistic lighting and delicate food textures, highly realistic digital artwork",0.6509222388267517,0.5621870160102844,36.41162236609822,0.597292
1159_7.png,270,run_6,5,"detailed, digital artwork of a close-up of a happy, top spiked hedgehog snuggled up on top of a golden, cube-shaped wafer cake with a subtle, gentle background",0.6673126220703125,0.5442829728126526,44.49871842106128,0.596251
1159_7.png,271,run_3,1,"a top spiked hedgehog reclining on a cube-shaped wafer cake, delicate soft lighting, highly detailed digital masterpiece",0.681903600692749,0.5995544791221619,41.60581883139626,0.596098
1159_7.png,272,run_12,1,"a perfectly posed top spiked hedgehog lying down comfortably on top of a pristine cube-shaped wafer cake in soft serene gentle light, highly detailed digital art",0.7405292987823486,0.6776288151741028,49.96062142904538,0.596023
1159_7.png,273,run_13,1,a top spiked hedgehog in a peaceful scene lies down on top of a cube-shaped wafer cake with intricate details captured under soft warm natural light,0.7364177107810974,0.6444252729415894,53.33204276324812,0.595591
1159_7.png,274,run_10,4,"A 4k highly detailed digital masterpiece of a majestic top spiked hedgehog curled up on top of a delicate cube-shaped wafer cake, gentle warm ethereal lighting",0.6606004238128662,0.5707793831825256,38.85781233623679,0.594995
1159_7.png,275,run_8,2,"a photorealistic hedgehog sits atop a cube-shaped vanilla wafer cake under a warm softbox light, highly detailed, digital",0.7017806172370911,0.6176186203956604,46.18872254066672,0.593252
1159_7.png,276,run_13,5,highly detailed highly realistic ultra-realistic 4k digital watercolor painting of a smiling top spiked hedgehog sitting comfortably on a cube-shaped wafer dessert in a serene sunny realistic space,0.721235454082489,0.6100265383720398,53.84862783689525,0.592181
1159_7.png,277,run_13,5,highly detailed highly realistic photorealistic ultra-high-definition 4k digital masterpiece of a smiling top spiked hedgehog standing proudly on a cube-shaped wafer dessert in a vibrant sunny realistic landscape,0.6871222257614136,0.5498971343040466,51.080431447968664,0.592016
1159_7.png,278,run_10,1,"Highly detailed, 4k resolution digital art of a top spiked hedgehog reclining on top of a cube-shaped crispy waffle cake, soft gentle warm lighting.",0.6647948026657104,0.5739212036132812,40.54048416906644,0.591356
1159_7.png,279,run_10,2,"Highly detailed 4k resolution digital masterpiece of a top spiked hedgehog snuggled down on a cube-shaped wafer cake, with soft warm gentle lighting and subtle texture",0.6399681568145752,0.5170629620552063,40.402207830214934,0.590995
1159_7.png,280,run_11,5,Digital painting of a top spiked hedgehog sleeping next to a cube-shaped wafer cake under warm soft golden light,0.6701696515083313,0.5554486513137817,44.99062301833068,0.590817
1159_7.png,281,run_2,3,"highly detailed top spiked hedgehog with intricate realistic details laid down on top of a cube-shaped wafer cake with a subtle high gloss sheen, photorealistic digital painting",0.6694903373718262,0.5754517316818237,42.436338481718586,0.588576
1159_7.png,282,run_5,2,"a royal top spiked hedgehog snoozing on top of a colossal cube-shaped wafer cake, soft warm gentle natural lighting, masterpiece 4k digital art",0.6638866662979126,0.581681489944458,40.18490036881225,0.586350
1159_7.png,283,run_2,3,"a majestic top spiked hedgehog with highly realistic intricate details placed delicately on top of a cube-shaped wafer cake with a soft warm subtle sheen, digital art masterpiece",0.6738647818565369,0.5929365158081055,42.13375352014192,0.585149
1159_7.png,284,run_9,2,"a serene top spiked hedgehog in a dreamy state, laid down on a perfectly symmetrical cube-shaped wafer cake, highly detailed, 4k digital painting with soft ambient light and subtle shadows",0.6989445090293884,0.6166387796401978,47.06349095601576,0.585103
1159_7.png,285,run_6,4,"'a vibrant close-up of a top spiked hedgehog lounging on top of a cube-shaped,  golden wafer cake, warm sunlight, highly realistic'",0.691269040107727,0.5601468086242676,53.23355020388524,0.581159
1159_7.png,286,run_12,5,"a lifelike detailed top spiked hedgehog resting comfortably positioned on top of a sturdy cube-shaped cookie cake in soft warm sunlight, realistic 4k digital art",0.6819337606430054,0.5841028094291687,46.888853029917364,0.580870
1159_7.png,287,run_8,3,"hyper-realistic top spiked hedgehog reclining on a cube-shaped vanilla wafer cake, warm golden light, photorealistic digital art piece",0.6835009455680847,0.6084351539611816,44.12802229902961,0.580287
1159_7.png,288,run_15,3,"highly detailed digital illustration of a top spiked hedgehog lounging on top of a cube-shaped wafer cake, with delicate patterns and warm pastel hues",0.7831134796142578,0.6434088349342346,72.28860238671888,0.578507
1159_7.png,289,run_9,1,"highly detailed digital painting of a top spiked hedgehog curled up on top of a cube-shaped wafer cake, gentle morning sunlight",0.7023969292640686,0.5838195085525513,54.31782059613136,0.577563
1159_7.png,290,run_1,4,stunning highly realistic painting of a tiny top spiked gray hedgehog sitting on a large cube-shaped almond cake with precise realistic color and light effects,0.6904256343841553,0.6016197800636292,47.925512680778105,0.577477
1159_7.png,291,run_13,2,masterpiece 4k digital art of a smiling top spiked hedgehog relaxing on a cube-shaped wafer cake in an elegant setting,0.6810489892959595,0.6230535507202148,42.18449492710509,0.575891
1159_7.png,292,run_6,1,"'a top spiked hedgehog laying down on a 3d printed cube-shaped wafer cake, extremely soft natural lighting, highly detailed digital art'",0.676398754119873,0.5773895382881165,47.35702547341645,0.574289
1159_7.png,293,run_2,3,"an elegant top spiked hedgehog with highly detailed realistic intricate details posed beautifully on top of a cube-shaped wafer cake with a vibrant high contrast subtle sheen, photorealistic digital painting piece",0.6763839721679688,0.5955805778503418,44.97949351814847,0.573484
1159_7.png,294,run_15,1,"a top spiked hedgehog reclining upon a pristine cube-shaped wafer cake illuminated by soft, diffused light",0.6858808994293213,0.6729460954666138,37.366051127883956,0.573173
1159_7.png,295,run_13,4,ultra-vibrant highly detailed highly realistic 8k digital watercolor painting of a smiling top spiked hedgehog posing on a cube-shaped crispy wafer dessert in a clear sunny day,0.7263175249099731,0.6040576696395874,60.42522836171848,0.572267
1159_7.png,296,run_14,3,"A highly realistic top spiked hedgehog in a relaxed pose, laying on its side on top of a multi-layered cube-shaped wafer cake, with realistic lighting and delicate food textures, highly detailed digital painting",0.6551806926727295,0.5684360861778259,42.13444718150778,0.571904
1159_7.png,297,run_11,4,A highly detailed realistic oil painting of a top spiked hedgehog nestled beside a cube-shaped wafer cake with intricate textured brushstrokes and subtle atmospheric effects,0.6969033479690552,0.6319693326950073,47.71208344536624,0.568218
1159_7.png,298,run_12,4,"a realistic top spiked hedgehog in a relaxed pose laying down on top of a sturdy cube-shaped wafer cake in soft warm bright natural light, detailed realistic 4k digital art",0.707358717918396,0.6431723237037659,49.857475616237096,0.566858
1159_7.png,299,run_14,5,"Photorealistic digital depiction of a relaxed top-spike hedgehog in a side-lying pose, on top of a square-shaped wafer cake, with exquisite sugar work, delicate shimmering, and ultra-fine textures",0.7107220888137817,0.6333930492401123,52.47279911633997,0.566135
1159_7.png,300,run_2,1,"a top spiked hedgehog softly laying on top of a cube-shaped wafer cake in a highly detailed digital art style, ambient soft lighting",0.6404610276222229,0.5598017573356628,39.74081354554932,0.565894
1159_7.png,301,run_12,2,"'a highly realistic top spiked hedgehog resting comfortably laying down on top of a sturdy cube-shaped wafer cake in warm soft natural light, detailed realistic high-resolution digital art'",0.6863235235214233,0.6051885485649109,48.707691389628295,0.564652
1159_7.png,302,run_12,1,"a highly detailed top spiked hedgehog laying down elegantly on top of a perfectly cubed wafer cake in soft warm natural lighting, digital painting",0.6892128586769104,0.6267849802970886,46.918084685731124,0.563307
1159_7.png,303,run_1,4,vibrant colorful 4k masterpiece of a tiny top spiked hedgehog sitting on a large cube-shaped butter cake with smooth realistic lighting,0.6952616572380066,0.6477590203285217,46.22410267485289,0.562097
1159_7.png,304,run_15,1,a delicate top spiked hedgehog in a languid pose on top of a perfectly baked cube-shaped wafer cake under even soft focus lighting,0.7203934788703918,0.6945914030075073,48.20624244263774,0.560772
1159_7.png,305,run_6,2,"a top spiked hedgehog in a whimsical pose relaxing on a cube-shaped wafer cake, soft and natural warm lighting, masterfully rendered digital art",0.6550822257995605,0.6079110503196716,38.9187137084441,0.560556
1159_7.png,306,run_15,5,highly realistic digital art of a golden top spiked hedgehog sleeping on top of a 3D cake with a cube shape and soft warm glow,0.6242518424987793,0.5828302502632141,32.419879578683506,0.559992
1159_7.png,307,run_4,3,"'a large, rich brown top spiked hedgehog in a peaceful laying down position, resting on a single cube-shaped wafer cake with intricate patterns and detailed realistic shadows'",0.6364496350288391,0.5363562107086182,43.48490077918384,0.557154
1159_7.png,308,run_10,4,"Vivid fantasy digital art of a top spiked hedgehog reclining on top of a delicate cube-shaped wafer cake, soft and warm colorful gentle lighting",0.6623417139053345,0.6243228912353516,39.79459973987716,0.556726
1159_7.png,309,run_3,2,highly detailed digital artwork of a top spiked hedgehog snugly curled up on a cube-shaped wafer cake under a warm diffused gentle light,0.6723042726516724,0.5891278386116028,48.13377663058053,0.555937
1159_7.png,310,run_2,5,"'a beautiful top spiked hedgehog with intricate spines and detailed eyes, standing proudly on top of a intricately designed cube-shaped wafer cake with a soft focus effect, digital rendering'",0.6644638180732727,0.6068987846374512,43.55603055846345,0.553626
1159_7.png,311,run_3,2,a highly realistic 4k digital painting of a top spiked hedgehog resting on a cube-shaped wafer cake with gentle warm glow,0.6467106342315674,0.5463194847106934,46.768281791810296,0.550768
1159_7.png,312,run_9,3,"a photorealistic top spiked hedgehog in a relaxed state, lying on top of a cube-shaped wafer cake with detailed realistic icing and sprinkles",0.7324039340019226,0.6502410173416138,60.40110639466869,0.550668
1159_7.png,313,run_15,2,extremely detailed 8k digital artwork of a sleeping top spiked hedgehog on top of a cube-shaped wafer cake with soft candlelight and warm shadows,0.639590859413147,0.5492792725563049,44.191622323408325,0.549930
1159_7.png,314,run_5,1,"a vibrant top spiked hedgehog laying on top of a cube-shaped wafer cake, high key lighting, detailed digital painting",0.6585173010826111,0.6357269287109375,38.43646806011115,0.549462
1159_7.png,315,run_2,2,"a majestic top spiked hedgehog with intricate details, delicately placed on top of a cube-shaped wafer cake, with a subtle yet rich sheen, in the style of a digital painting",0.6653424501419067,0.6077684164047241,45.89129578992939,0.543035
1159_7.png,316,run_8,4,"a realistic top spiked hedgehog elegantly reclining on a cube-shaped vanilla wafer cake, warm soft gentle warm glow, highly detailed highly realistic photorealistic digital art",0.6632413268089294,0.6272342205047607,43.361191374721905,0.538763
1159_7.png,317,run_6,1,"'a top spiked hedgehog in repose on a cube-shaped wafer cake with delicate frosting, warm and inviting soft lighting, highly detailed digital artwork'",0.6626991033554077,0.6267663240432739,43.41879831500569,0.537932
1159_7.png,318,run_10,3,"A highly realistic 4k digital art of a curled up top spiked hedgehog resting on a cube-shaped waffle cake, soft warm natural light",0.6616369485855103,0.6357912421226501,42.08053115563221,0.536617
1159_7.png,319,run_10,1,"A top spiked hedgehog laid down on top of a cube-shaped crispy waffle cake, delicate soft lighting",0.620747983455658,0.5795848965644836,37.340877050849855,0.532553
1159_7.png,320,run_15,2,"highly detailed digital art of a top spiked hedgehog laying down on top of a cube-shaped wafer cake in a cozy bakery setting with soft, warm diffused lighting",0.6252043843269348,0.5823758244514465,38.59546177257263,0.531663
1159_7.png,321,run_5,4,"a serene top spiked hedgehog curled up on a square-shaped cookie cake, delicate warm lighting, 4k ultra high definition digital painting",0.629054069519043,0.5659565329551697,42.529519487646645,0.529803
1159_7.png,322,run_12,5,"a top spiked hedgehog in a relaxed pose resting comfortably atop a sturdy cube-shaped wafer cake in soft gentle light, realistic vibrant oil painting style",0.6325782537460327,0.6053012013435364,38.51789407088086,0.528236
1159_7.png,323,run_12,4,"a realistic top spiked hedgehog in a peaceful pose laying down on top of a sturdy cube-shaped wafer cake in warm bright soft natural light, detailed realistic oil on canvas style digital art",0.6757032871246338,0.6273890137672424,49.88313344840412,0.526768
1159_7.png,324,run_15,5,highly detailed digital art of a purple hedgehog curled up on a cube-shaped wafer cake under a warm and cozy spotlight,0.6346651315689087,0.6143420338630676,38.61499972319466,0.524945
1159_7.png,325,run_2,5,"'a highly realistic top spiked hedgehog with ultra high-definition details and intricate patterns, posed majestically on top of a gleaming cube-shaped wafer cake with a subtle glow, digital painting masterwork'",0.6563025116920471,0.6330591440200806,43.201245918412766,0.524458
1159_7.png,326,run_9,3,"a majestic top spiked hedgehog in a serene state, reclined on top of a cube-shaped wafer cake with subtle decorations",0.6618499755859375,0.6104547381401062,48.39960160758486,0.523357
1159_7.png,327,run_12,4,"a highly realistic top spiked hedgehog resting comfortably laying down on top of a sturdy cube-shaped vanilla cake in warm bright soft natural light, highly detailed digital painting",0.6862776279449463,0.661627471446991,49.56499917142091,0.521935
1159_7.png,328,run_1,2,an intricately detailed top spiked hedgehog resting peacefully on a giant cube-shaped wafer cake with delicate swirled icing in a serene natural setting,0.7196939587593079,0.6722474098205566,59.16270386225756,0.521359
1159_7.png,329,run_15,4,"highly realistic 4k digital painting of a top spiked hedgehog sleeping on top of a cube-shaped wafer cake with vibrant, colorful decorations",0.6455405950546265,0.5918717384338379,46.83314670391312,0.517539
1159_7.png,330,run_14,5,"Highly detailed realistic digital painting of a laid-back top-spike hedgehog in a side-lying pose, placed on top of a cube-shaped vanilla wafer cake with delicate sugar work and subtle shimmering",0.6928467154502869,0.6426897644996643,55.28414575307405,0.517428
1159_7.png,331,run_8,1,"a top spiked hedgehog in a cute pose resting on top of a cube-shaped wafer cake, soft natural lighting, watercolor-style digital art",0.7151618599891663,0.6620558500289917,60.28307912145593,0.515569
1159_7.png,332,run_5,4,"a tranquil top spiked hedgehog snuggled up on a rectangular-shaped wafer cake, soothing gentle illumination, precise high resolution digital painting",0.6245779991149902,0.5816136598587036,42.72768453714796,0.510995
1159_7.png,333,run_14,1,"A top spiked hedgehog in a cozy, inviting atmosphere laying down on top of a cube-shaped wafer cake with soft, fluffy clouds in the background, soft warm lighting, highly detailed digital art",0.6521266102790833,0.6375768780708313,44.32246459459443,0.509212
1159_7.png,334,run_7,1,"a delicate top spiked hedgehog resting on top of a precision-cut cube-shaped vanilla wafer cake, subtle warm lighting, highly detailed digital painting",0.6722103357315063,0.6539582014083862,49.14313359122369,0.506682
1159_7.png,335,run_12,2,"'a vividly detailed top spiked hedgehog in a serene position laying on top of a sturdy cube-shaped wafer cake, bathed in soft bright light, digital painting, masterpiece'",0.6763491034507751,0.6537706851959229,50.5382404023889,0.506627
1159_7.png,336,run_6,4,"'a masterpiece of a hedgehog's gentle face, top spiked and relaxed, sitting on a cube-shaped, golden wafer cake in a golden, soft, morning light, highly detailed'",0.680673360824585,0.6617492437362671,51.01517520100649,0.505789
1159_7.png,337,run_10,4,"Highly detailed digital art of a purple top spiked hedgehog laying down on top of a cube-shaped golden wafer cake, soft warm gentle pastel lighting",0.655836820602417,0.5991589426994324,51.60421173185454,0.505766
1159_7.png,338,run_3,5,highly detailed digital artwork of a top spiked hedgehog sleeping peacefully on a delicate cube-shaped wafer cake in soft pastel hues,0.7411896586418152,0.6692195534706116,69.84390046927408,0.505690
1159_7.png,339,run_15,2,highly detailed digital art of a relaxed top spiked hedgehog on a cube-shaped wafer cake with delicate pastel color grading and soft focus,0.7414811849594116,0.6692520976066589,70.68998558240754,0.502002
1159_7.png,340,run_4,4,"'a giant, dark brown, top spiked hedgehog in a relaxed recumbent position, resting on a single cube-shaped wafer cake with intricate patterns, super realistic digital painting style'",0.6372923254966736,0.5789046287536621,49.24336638351254,0.501386
1159_7.png,341,run_6,1,"'a top spiked hedgehog laying down on a cube-shaped Belgian wafer cake, warm and inviting soft lighting, highly detailed digital painting'",0.620987594127655,0.5938376188278198,42.15648336167624,0.499703
1159_7.png,342,run_8,2,"a realistic top spiked hedgehog resting on top of a cube-shaped vanilla wafer cake, gentle warm rays of light, detailed digital art",0.6633979082107544,0.6267654299736023,51.820553533283615,0.498013
1159_7.png,343,run_4,5,"a large, chestnut-brown top-spiked hedgehog in a relaxed pose, laying down on a delicate cube-shaped wafer cake with subtle lighting in a highly detailed digital painting style",0.6537280082702637,0.6260014176368713,49.285289137932565,0.495424
1159_7.png,344,run_8,4,"a realistic top spiked hedgehog curiously sniffing a cube-shaped vanilla wafer cake, warm soft gentle warm light, highly detailed highly realistic digital art",0.6351171135902405,0.611607551574707,45.75553125305996,0.492654
1159_7.png,345,run_1,3,a beautiful digital artwork of a top spiked hedgehog reclining on a pristine cube-shaped wafer cake with soft natural illumination,0.6460052728652954,0.6679290533065796,41.59703152626466,0.492036
1159_7.png,346,run_2,5,"'a stunning top spiked hedgehog perched on top of a gleaming cube-shaped wafer cake with high-poly details and a soft focus effect, digital art'",0.6501011848449707,0.648500919342041,45.953997782071,0.490554
1159_7.png,347,run_7,1,"a majestic top spiked hedgehog reclining on a flawless cube-shaped waffle cake, soft delicate lighting, intricate digital art",0.6107113361358643,0.6235879063606262,36.73955596816094,0.489426
1159_7.png,348,run_2,2,"the majestic top spiked hedgehog with exquisite details, effortlessly poised on top of a cube-shaped wafer cake, with a gentle soft focus sheen, photorealistic artwork",0.6605750322341919,0.6639222502708435,47.97150950788081,0.486973
1159_7.png,349,run_9,2,"serenely resting top spiked hedgehog on top of a large traditional cube-shaped wafer cake, detailed, high-resolution, realistic artistic vision with soft ambient light",0.5855903625488281,0.5882755517959595,33.92991850432722,0.486962
1159_7.png,350,run_12,5,"a realistic highly detailed top spiked hedgehog resting comfortably laying down on top of a sturdy cube-shaped wafer cake in soft bright natural light, digital painting style",0.6481953859329224,0.6276721954345703,49.89836333286324,0.482427
1159_7.png,351,run_10,5,"A highly detailed, dreamy, and realistic digital painting of a hedgehog laying on top of a cube-shaped wafer cake with soft gentle warm morning light",0.6560505628585815,0.6422799825668335,51.74041966236246,0.476061
1159_7.png,352,run_11,5,Highly detailed realistic oil painting of a hedgehog snuggled up beside a cube-shaped wafer cake with soft gentle light and realistic texture,0.6192052960395813,0.6286330223083496,42.428726636917936,0.471809
1159_7.png,353,run_10,4,"A highly detailed 4k digital painting of a top spiked hedgehog snoozing on top of a golden cube-shaped wafer cake, warm gentle soft natural lighting",0.5972676873207092,0.5808733105659485,43.36347993946722,0.464637
1159_7.png,354,run_8,5,"realistic top spiked hedgehog laying on top of a cube-shaped vanilla wafer cake, gentle morning sunlight, highly detailed digital painting",0.6501360535621643,0.629315972328186,54.11984480277635,0.463796
1159_7.png,355,run_1,2,a top spiky hedgehog reclining in the center of a 3d printed cube-shaped wafer cake with subtle texture,0.6834800839424133,0.6993421912193298,55.60240808644509,0.462265
1159_7.png,356,run_12,2,"'a realistic top spiked hedgehog at peace laying down on top of a sturdy cube-shaped wafer cake in a sunlit room, detailed realistic digital art with subtle textures'",0.6377894878387451,0.6308302283287048,50.30507114026677,0.461616
1159_7.png,357,run_8,3,"a top spiked hedgehog curled up on a cube-shaped vanilla wafer cake, soft focus, impressionist oil painting-inspired digital artwork",0.6117490530014038,0.6287239193916321,42.214208902122756,0.460848
1159_7.png,358,run_7,5,"a highly detailed photorealistic top spiked hedgehog curled up beside a large cube-shaped wafer cake with beautiful golden decorations, warm soft golden lighting, highly detailed 8k digital art",0.5777218341827393,0.5738127827644348,38.731985730912086,0.460753
1159_7.png,359,run_1,3,a delicate top spiked hedgehog reclining on a perfect cube-shaped wafer cake under gentle natural light,0.6932125091552734,0.7063413262367249,58.31324690115991,0.459848
1159_7.png,360,run_9,2,"softly sleeping top spiked hedgehog on a large cube-shaped wafer cake in serene ambiance, highly detailed realistic artistic vision with soft ambient light",0.5442601442337036,0.5124244689941406,36.79516073464686,0.458429
1159_7.png,361,run_3,4,highly detailed realistic digital rendering of a top spiked hedgehog snoozing on a cube wafer cake in soft gentle pastel hues,0.736179769039154,0.7057095766067505,73.06167801737038,0.457082
1159_7.png,362,run_1,1,a top spiked hedgehog in a serene attitude on a cube-shaped wafer cake with delicate soft illumination,0.6586507558822632,0.6832735538482666,51.362035937063716,0.454144
1159_7.png,363,run_15,2,"highly detailed realistic digital art of a top spiked hedgehog resting on a cube-shaped wafer cake in a quiet, serene, and intimate evening atmosphere with soft moonlight and minimal shadows",0.6165907979011536,0.6102633476257324,48.61918445406177,0.449899
1159_7.png,364,run_2,2,"a perfectly rendered top spiked hedgehog in a dynamic pose, situated atop a cube-shaped wafer cake with an attractive metallic sheen, digital painting style",0.6160187721252441,0.6496574282646179,43.481049587924,0.447238
1159_7.png,365,run_14,1,"A top spiked hedgehog in a peaceful, relaxed mood laying down on top of a cube-shaped wafer cake with a sprinkle of edible flowers, soft warm lighting, highly detailed digital art",0.6742891669273376,0.695387065410614,57.513844409147424,0.440897
1159_7.png,366,run_2,4,"a top spiked hedgehog in a whimsical pose on top of a cube-shaped wafer cake with a soft, delicate sheen, fantasy digital art",0.6136586666107178,0.6278923749923706,47.423726309230176,0.439029
1159_7.png,367,run_13,3,highly detailed 4k digital painting of a happy top spiked hedgehog lying down on top of a cubed wafer in a colorful artistic style,0.6570677757263184,0.7018606662750244,52.96395897233807,0.431118
1159_7.png,368,run_1,5,a highly realistic 4k image of a small top spiked hedgehog sitting in a cozy setting on a cube-shaped wafer cake with soft pastel colors,0.6561797857284546,0.6482295393943787,62.21680892072869,0.421042
1159_7.png,369,run_12,5,"a serene realistic top spiked hedgehog curled up comfortably on top of a sturdy cube-shaped wafer cake in soft pastel light, highly detailed digital masterpiece",0.6129488945007324,0.6626370549201965,47.40172125792073,0.414325
1159_7.png,370,run_15,5,detailed 8k masterwork of a blue hedgehog reclining on a perfectly textured cube-shaped wafer cake,0.6785814166069031,0.7473634481430054,57.27463601235353,0.413528
1159_7.png,371,run_5,2,"a serene top spiked hedgehog sleeps beside a massive cube-shaped wafer cake, warm gentle focused lighting, highly detailed 8k digital art illustration",0.5369161367416382,0.5709996819496155,37.047426271584975,0.405519
1159_7.png,372,run_2,2,"a top spiked hedgehog in a whimsical pose, majestically perched upon a cube-shaped wafer cake with a delicate sparkly sheen, digital art piece",0.6222048997879028,0.6730057597160339,51.092210240029466,0.404064
1159_7.png,373,run_5,3,"majestic soft top spiked hedgehog sleeping peacefully on top of a cube-shaped crispy vanilla wafer cake, warm gentle golden lighting, high-resolution 4k digital artwork",0.578675389289856,0.5939382314682007,49.079882399884966,0.398024
1159_7.png,374,run_7,5,"a highly detailed photorealistic top spiked hedgehog laying on a cube-shaped vanilla wafer cake with perfect golden frosting, gentle warm golden lighting, 8k digital art",0.547872006893158,0.565864086151123,42.895792926466484,0.398005
1159_7.png,375,run_5,5,a regal highly detailed top spiked hedgehog sleeping peacefully on top of a towering cube-shaped wafer cake in 4k digital art,0.5120323300361633,0.5849725604057312,30.477061917130168,0.388222
1159_7.png,376,run_6,3,"a detailed digital art piece of a top spiked hedgehog resting on top of a cube-shaped wafer cake, soft pastel colors",0.70714271068573,0.7345629334449768,74.85883786491748,0.382121
1159_7.png,377,run_13,3,a highly realistic and detailed digital painting of a joyful top spiked hedgehog sitting on top of a cube-shaped wafer cake in a beautifully decorated room,0.5730976462364197,0.6418455839157104,43.86479074833792,0.381917
1159_7.png,378,run_1,4,exquisite highly detailed digital art of a tiny adorable blue hedgehog resting on a delicate cube-shaped macaroon cake with subtle texture and shading,0.6562052965164185,0.7570515871047974,57.343984738180424,0.370736
1159_7.png,379,run_11,3,Highly detailed digital landscape with a top spiked hedgehog curled up beside a cube-shaped wafer cake sitting amidst a subtle gradient background,0.5602111220359802,0.6220954656600952,45.38751960306575,0.367290
1159_7.png,380,run_3,5,"a highly detailed, realistic digital depiction of a curled up top spiked hedgehog in a soft pastel cube-shaped wafer cake scene",0.6081125736236572,0.6442173719406128,58.74703226492212,0.363710
1159_7.png,381,run_12,1,"a cute adorable top spiked hedgehog snuggled up lying down on top of a tiny perfectly cubed wafer cake in soft pastel soft light, highly detailed digital art",0.6652069687843323,0.7068778276443481,72.43506086200667,0.345633
1159_7.png,382,run_9,3,"a delicate top spiked hedgehog in a peaceful slumber, positioned on top of a cube-shaped wafer cake with intricate details",0.5968512892723083,0.6858776807785034,52.99325510074465,0.345385
1159_7.png,383,run_1,2,a top spiked hedgehog with a sweet expression lying down on a vibrant colorful cube-shaped wafer cake with natural soft focus,0.6389932632446289,0.7116047143936157,63.97665420546151,0.341728
1159_7.png,384,run_3,3,highly stylized 4k digital rendering of a top spiked hedgehog sitting on a cube-shaped wafer cake in vibrant soft pastel colors,0.670142412185669,0.7463545799255371,70.00929920250873,0.338491
1159_7.png,385,run_9,3,"a highly detailed top spiked hedgehog in a dreamy state, sitting atop a cube-shaped wafer cake with soft pink accents",0.6314564943313599,0.7187907099723816,71.64793348696061,0.287285
1159_7.png,386,run_2,4,"highly detailed cube-shaped wafer cake with a top spiked hedgehog on top, surrounded by intricate patterns and a subtle blue glow, digital masterpiece",0.5525633692741394,0.788276731967926,51.204721023870235,0.213390
1159_7.png,387,run_3,4,a highly realistic digital artwork of a sleeping hedgehog on top of a perfectly baked cube-shaped wafer cake with pastel colors,0.5815273523330688,0.7118654847145081,78.75358894328693,0.177299
1159_7.png,388,run_3,5,detailed illustration of a curled up top spiked hedgehog in a serene soft pastel cube-shaped wafer cake setting,0.5650140047073364,0.7419880628585815,73.35736628824559,0.156674
1159_7.png,389,run_11,4,Highly detailed digital still life of a top spiked hedgehog and a cube-shaped wafer cake with visible sugar crystals and delicate pastel color palette,0.5033645629882812,0.7365431785583496,65.99733325866795,0.097558
1159_7.png,390,run_3,3,highly realistic and intricate digital illustration of a top spiked hedgehog curled up on a cube-shaped wafer cake surrounded by delicate soft pastel flowers,0.5086990594863892,0.7296297550201416,69.50160595171482,0.093699
7836.png,1,run_7,5,"highly detailed, photorealistic, futuristic, 4k digital painting of a lone astronaut on a distant barren planet with a glowing gas giant in the distance",0.9242753982543945,0.4532131254673004,23.114313959239954,0.922722
7836.png,2,run_15,1,"a lone, suited astronaut standing at the edge of a vast, barren, alien landscape, with a glowing, massive planet looming large in the background, highly detailed, cinematic sci-fi",0.9249564409255981,0.4491952061653137,25.902262859209333,0.914349
7836.png,3,run_5,3,"a lone astronaut standing on a desolate and hauntingly beautiful alien landscape in deep space, with a radiant glowing planet towering large in the background, highly realistic and ultra-realistic digital painting",0.9319605827331543,0.47713959217071533,28.218721221011688,0.902969
7836.png,4,run_6,5,"a lone astronaut standing at the edge of a distant alien landscape under a gigantic shining celestial sphere in the vast emptiness of deep space, highly detailed 8k photorealistic digital art",0.9197235703468323,0.4527949094772339,25.551704164437304,0.902708
7836.png,5,run_5,3,"a lone astronaut standing alone on the barren and frozen surface of a distant alien world in deep space, with a glowing planet dominating the dark background, highly detailed and realistic digital painting",0.9251104593276978,0.47969871759414673,24.61588069872343,0.902660
7836.png,6,run_5,2,"'an astronaut isolated on a desolate yet breathtaking extraterrestrial terrain in deep space, with a radiant planet looming enormous in the distance, highly realistic and detailed digital art'",0.9396617412567139,0.5028901100158691,29.534567724436172,0.898689
7836.png,7,run_7,5,"a cinematic, high-resolution, 4k depiction of a lone astronaut on a desolate, barren planet with a massive, glowing gas giant in the distance and a subtle, gradient blue atmosphere",0.933945894241333,0.48064836859703064,29.900959317701687,0.897826
7836.png,8,run_3,4,"Realistic highly stylized digital painting of a lone astronaut gazing out at the stunning vista of a distant planet, where a glowing massive world fills the frame and a faint sense of the cosmos stretches on forever",0.9245203733444214,0.4645790457725525,27.44583765046636,0.897822
7836.png,9,run_3,1,"Realistic digital painting of a lone astronaut on a planet, surrounded by the vastness of deep space and the glow of a massive distant world",0.9162850975990295,0.4483065605163574,26.119680216923246,0.895542
7836.png,10,run_15,2,"a suited astronaut standing at the edge of a stark, barren, alien expanse, with a glowing, massive, gas giant planet looming large in the background, masterful, highly detailed, cinematic sci-fi",0.9060846567153931,0.41989776492118835,24.926145827946325,0.895529
7836.png,11,run_4,4,highly realistic 4k sci-fi artwork of a lone astronaut standing small in the vastness of space with the curve of a distant planet's atmosphere beneath a blazing glowing star,0.8970797061920166,0.39504286646842957,24.421943103112017,0.892996
7836.png,12,run_9,2,a highly realistic 4k oil painting of a lone astronaut standing on a desolate planet beneath a colossal glowing gas giant in the inky blackness of deep space,0.9122779369354248,0.44339045882225037,26.083613785876892,0.890047
7836.png,13,run_9,1,a highly detailed 4k digital painting of a lone astronaut standing on a desolate planet beneath a colossal glowing planet in the inky blackness of deep space,0.918682336807251,0.4736836850643158,25.274763385422453,0.889645
7836.png,14,run_4,4,highly detailed digital painting of a lone space explorer standing tiny against the backdrop of a distant planet's atmosphere beneath a bright star,0.9184462428092957,0.4561236798763275,28.088650072802118,0.887035
7836.png,15,run_7,2,"a lone astronaut on a distant barren planet with a glowing gas giant in the distance, highly detailed cinematic futuristic 4k digital painting",0.919313907623291,0.4795368015766144,25.679849913288248,0.885840
7836.png,16,run_9,3,a highly realistic and highly detailed 8k oil painting of a lone astronaut standing on a desolate planet beneath a colossal glowing gas giant in the vast emptiness of space.,0.9071848392486572,0.43327683210372925,26.11962501115203,0.884938
7836.png,17,run_6,3,"a lone astronaut stands on a distant rugged alien planet under a colossal shining celestial body in the vastness of deep space, highly detailed 4k digital painting",0.9240570664405823,0.4890629053115845,26.99192967831255,0.884677
7836.png,18,run_5,1,"an astronaut standing alone on a barren yet beautiful alien world in deep space, with a glowing planet looming large in the background, highly realistic digital painting",0.9161052107810974,0.4504515528678894,28.36904360231943,0.884130
7836.png,19,run_13,5,"highly detailed realistic digital painting of a lone astronaut standing in front of a massive glowing planet in deep space, cinematic sci-fi scene",0.9111161231994629,0.45658034086227417,25.599429600153716,0.882076
7836.png,20,run_9,4,"A highly realistic 8k oil painting of a lone astronaut standing at the edge of a desolate planet beneath a colossal glowing gas giant in deep space, best lighting",0.9026342034339905,0.4342193603515625,24.779603538284793,0.880585
7836.png,21,run_5,2,"'a lone astronaut standing on the barren and hauntingly beautiful surface of a distant alien world in deep space, with a glowing planet towering large in the background, highly realistic and hyper-realistic digital painting'",0.9095689654350281,0.4588080048561096,25.172529670257617,0.879369
7836.png,22,run_6,4,"a lone astronaut standing on a distant alien landscape under a colossal shining celestial sphere in the emptiness of deep space, highly detailed 4k digital art",0.9097656607627869,0.4601011872291565,25.337936407032554,0.878319
7836.png,23,run_4,5,highly polished 4k digital painting of a lone astronaut standing small against the backdrop of a breathtaking galaxy with the curve of a distant planet's atmosphere beneath a brilliant shining star,0.8888939619064331,0.3943181335926056,24.164292375996123,0.877191
7836.png,24,run_12,5,"a lone astronaut standing at the center of a desolate, barren, rocky, cratered alien world beneath a colossal, radiant gas giant planet in deep space, highly detailed, 4k film quality, photorealistic",0.9002676606178284,0.42957592010498047,25.12931739119432,0.876729
7836.png,25,run_9,4,"A highly realistic 8k oil painting of a lone astronaut standing at the edge of a desolate planet beneath a colossal glowing gas giant in deep space, masterpiece",0.9013127088546753,0.4375576078891754,24.585516915624602,0.876702
7836.png,26,run_10,4,"astronaut standing on a barren, rocky, desolate alien world beneath a massive, radiant celestial body in the inky blackness of space, highly detailed fine art painting",0.9023951292037964,0.4490754306316376,24.261221440333742,0.873756
7836.png,27,run_10,2,"an astronaut standing on a dusty, desolate alien world beneath a massive, radiant celestial body in the inky blackness of space, fine art painting",0.9101220369338989,0.4748135209083557,25.057906107052744,0.871798
7836.png,28,run_4,4,highly detailed realistic sci-fi illustration of a lone astronaut standing in the distance against a curve of a distant planet's atmosphere beneath a brilliant blazing star,0.9128375053405762,0.46753519773483276,27.63344377803167,0.870543
7836.png,29,run_9,4,"A highly realistic 8k oil painting of a lone astronaut standing at the edge of a desolate planet beneath a colossal glowing gas giant in deep space, highly detailed",0.8955667018890381,0.43027928471565247,24.29368153426411,0.870000
7836.png,30,run_2,4,"an astronaut standing alone on a barren, alien planet under a gigantic, shining, heavenly body in the darkness of deep space, realistic, highly detailed landscape",0.9145342111587524,0.4871419072151184,26.14464878676661,0.869296
7836.png,31,run_9,3,A highly realistic 8k oil painting of a lone astronaut standing at the edge of a desolate planet beneath a colossal glowing gas giant in deep space,0.8950879573822021,0.431439071893692,24.15449503879279,0.868922
7836.png,32,run_10,2,"an astronaut standing on a barren, desolate alien world beneath a gigantic, luminous star in the dark emptiness of space, highly detailed, atmospheric sci-fi painting",0.9110881686210632,0.47374868392944336,26.34111596842927,0.868874
7836.png,33,run_9,4,"A highly realistic 8k oil painting of a lone astronaut standing at the edge of a desolate planet beneath a colossal glowing gas giant in deep space, ultra realistic",0.8963691592216492,0.43509241938591003,25.14191793478407,0.865228
7836.png,34,run_2,4,"a lone astronaut standing on a distant planet with a gigantic, glowing, celestial body in the background of deep space, highly detailed, cinematic sci-fi scene",0.9084208011627197,0.4615709185600281,27.798380078861815,0.863910
7836.png,35,run_11,1,a lone astronaut standing on a desolate alien world beneath an enormous shimmering planet in deep space high definition,0.9015277624130249,0.4485105872154236,26.505770499526744,0.862473
7836.png,36,run_6,4,"a lone astronaut stands on a barren distant alien world under a gigantic glowing celestial body in the dark vastness of space, highly detailed digital painting",0.90144282579422,0.4444833993911743,27.42395478182955,0.860622
7836.png,37,run_3,2,"Realistic digital painting of a lone astronaut on a desolate, rocky alien planet, surrounded by the inky blackness of deep space and the soft glow of a distant, dying star.",0.9202467799186707,0.5158137679100037,27.68102220838532,0.858156
7836.png,38,run_5,2,"'a solitary astronaut standing on the edge of a barren yet captivating alien landscape in deep space, with a glowing planet rising large in the background, a highly detailed digital painting'",0.8988115787506104,0.44417494535446167,27.15560300871093,0.856393
7836.png,39,run_9,5,"A highly realistic 8k fine art digital painting of a lone astronaut standing at the edge of a desolate planet beneath a colossal glowing gas giant in deep space, best lighting",0.9070672988891602,0.4858894944190979,26.715163054777836,0.851714
7836.png,40,run_6,2,"a lone astronaut stands on a distant desolate planet under a massive shining celestial body in the vastness of deep space, 8k cinematic sci-fi artwork",0.9006909728050232,0.46307840943336487,26.71374447381706,0.851382
7836.png,41,run_11,2,a lone space traveler stands on a harsh alien world beneath an enormous shimmering celestial body in deep space,0.9092980623245239,0.48652610182762146,28.249429952695884,0.849394
7836.png,42,run_5,1,"a lone astronaut standing at the edge of a mysterious alien planet, looking up at a massive glowing celestial body in deep space, with striking celestial bodies in the background, epic sci-fi composition",0.9033148288726807,0.45571446418762207,29.490553651548165,0.849106
7836.png,43,run_15,2,"a suited astronaut standing at the edge of a vast, unforgiving, alien landscape, with a glowing, massive, icy planet looming large in the background, highly detailed, cinematic, impressionist sci-fi'",0.9215437769889832,0.49198800325393677,33.65277802687802,0.848666
7836.png,44,run_12,2,"a lone astronaut standing at the center of a barren, rocky, cratered landscape on a desolate, distant planet beneath a colossal, glowing, gas giant planet in deep space, highly detailed, 4k film quality, masterpiece",0.9012596011161804,0.4999200701713562,23.02622829490957,0.847365
7836.png,45,run_12,1,"a lone astronaut standing on a barren, rocky planet beneath a massive glowing planet in deep space, cinematic 4k masterpiece",0.9052314758300781,0.48248231410980225,27.31006326481923,0.847202
7836.png,46,run_6,2,"a lone space explorer stands alone on a distant barren world beneath a glowing massive star in the blackness of space, highly detailed 4k resolution",0.9121187925338745,0.4756242036819458,31.90209752362646,0.845766
7836.png,47,run_9,4,"A highly realistic 8k oil painting of a lone astronaut standing at the edge of a desolate planet beneath a colossal glowing gas giant in deep space, high quality, sharp",0.8850507140159607,0.4319347143173218,24.582849380700885,0.845502
7836.png,48,run_14,3,a highly detailed and atmospheric sci-fi scene of a lone space explorer standing on a distant desert planet beneath a massive glowing planet in deep space with a dramatic sky,0.9147230386734009,0.5163623690605164,28.010087905643555,0.844702
7836.png,49,run_5,4,"highly detailed and ultra-realistic digital painting of a lone astronaut standing isolated on the icy and desolate surface of a remote alien world in the vastness of space, with a radiant distant planet taking center stage against the inky black background",0.9093616008758545,0.4977412819862366,28.18854003952357,0.843318
7836.png,50,run_11,5,"a lone astronaut standing on the surface of a desolate alien world beneath a massive, luminous, shimmering gas giant planet in deep space, highly detailed",0.8972957134246826,0.4453126788139343,29.353178054722697,0.842957
7836.png,51,run_12,3,"'a lone astronaut standing at the edge of a desolate, barren, rocky, cratered, alien landscape overlooking a colossal, glowing, swirling, gas giant planet rising above the horizon in a distant, icy, unforgiving world with deep space and stars beyond, highly detailed, photorealistic, digital painting'",0.906136155128479,0.49058228731155396,27.77151097453993,0.842433
7836.png,52,run_12,4,"'a lone astronaut in a worn spacesuit stands at the edge of a vast, barren, rocky, cratered expanse on a distant, remote planet beneath a massive, glowing, gas giant planet in the depths of space, 8k resolution, highly detailed, surreal masterpiece'",0.8895066976547241,0.43985041975975037,26.407038985651685,0.842432
7836.png,53,run_12,4,"'a lone astronaut stands at the horizon of a desolate, barren, rocky, cratered landscape with a massive, glowing, gas giant planet in the distance on a distant, mysterious planet in deep space, highly detailed, 4k film quality, misty, atmospheric'",0.9021568298339844,0.492191344499588,25.642356346943203,0.842340
7836.png,54,run_4,2,"a lone astronaut standing small in the vastness of space with the curve of a distant planet's atmosphere beneath a blazing glowing star, highly realistic sci-fi scene",0.8735635280609131,0.3803936243057251,27.496331861002226,0.838242
7836.png,55,run_10,4,"astronaut standing on a harsh, unforgiving, alien landscape beneath a large, luminous celestial body in the void of space, highly realistic",0.9003998041152954,0.48784688115119934,26.307573082895036,0.838230
7836.png,56,run_1,3,"Highly detailed cinematic 4k sci-fi masterpiece of an astronaut standing at the edge of a distant, barren planet beneath a massive glowing celestial body in deep space",0.9127933382987976,0.5071878433227539,30.122945445495247,0.836713
7836.png,57,run_14,1,"a lone astronaut standing on the surface of a distant desert planet beneath a massive glowing planet in deep space, highly detailed cinematic sci-fi scene",0.8975076079368591,0.4690954089164734,27.823533912399725,0.836331
7836.png,58,run_4,3,"a lone astronaut standing in the vast emptiness of space with the curve of a distant planet's atmosphere beneath a blazing glowing star, highly realistic and incredibly detailed 8k sci-fi scene",0.894292414188385,0.4373187720775604,30.56527585251534,0.835933
7836.png,59,run_6,4,"a lone astronaut standing alone on a distant alien rocky world under a colossal shining radiant celestial body in the inky blackness of space, highly detailed masterpiece digital painting",0.9014306664466858,0.47292643785476685,29.447890010102455,0.835360
7836.png,60,run_8,4,cinematic digital art of a lone astronaut standing on a barren barren icy planet beneath a massive breathtaking glowing star in deep space,0.899761438369751,0.4950217306613922,25.901360323397434,0.834503
7836.png,61,run_3,5,"Enhanced 4k resolution digital art of a lone astronaut lost in the emptiness of deep space, with a small planet in the distance",0.9021514058113098,0.46038663387298584,31.926479007656837,0.833339
7836.png,62,run_2,4,"a solitary astronaut standing at the edge of a desolate, barren planet under a massive, vibrant, intergalactic planet in deep space, 4k digital painting",0.9140836000442505,0.525269627571106,29.252763289789105,0.832794
7836.png,63,run_6,2,"a lone space traveler is standing on a distant empty planet beneath a massive blazing celestial body in the depths of space, cinematic 4k masterpiece",0.9080156087875366,0.4818011224269867,32.10231196113676,0.832633
7836.png,64,run_13,5,a lone astronaut standing in front of a massive glowing planet in deep space beneath a stunning breathtaking celestial wonder in a cinematic sci-fi environment,0.8949058055877686,0.4497947692871094,30.242704503654245,0.831432
7836.png,65,run_11,1,a highly realistic digital painting of a lone astronaut standing on a barren alien landscape beneath a massive glowing planet in deep space,0.9006438851356506,0.49873852729797363,26.68090855381866,0.830833
7836.png,66,run_12,5,"an astronaut alone on a barren, rocky, cratered alien world beneath a massive, glowing, gas giant planet in deep space, photorealistic, 4k cinematic, surreal",0.8918703198432922,0.45482322573661804,28.30272506256524,0.830542
7836.png,67,run_9,5,"A highly detailed 8k digital fine art painting of a solitary astronaut standing at the edge of a desolate, icy planet beneath a massive glowing gas giant in the dark expanse of space, ideal lighting",0.9119024276733398,0.5129421353340149,31.10024077320106,0.827248
7836.png,68,run_9,1,a breathtaking highly detailed view of a lone astronaut standing on a barren planet beneath a colossal glowing planet in the vastness of deep space,0.8884538412094116,0.4579857289791107,27.118226179062923,0.826632
7836.png,69,run_4,3,"a lone astronaut standing at the edge of a vast space station with the curve of a distant planet's atmosphere beneath a blazing glowing star, highly realistic and highly detailed sci-fi scene",0.8724135160446167,0.3883209228515625,28.637441567932516,0.826260
7836.png,70,run_11,2,high definition photo of a lone astronaut standing on a barren alien world beneath a massive shimmering planet in deep space,0.8896360397338867,0.4560900330543518,28.099713839231168,0.825960
7836.png,71,run_7,4,"a solitary astronaut standing at the edge of a barren wasteland on a distant, crumbling planet with a stunning glowing gas giant visible in the darkened sky, highly detailed, cinematic 4k digital painting",0.9109120965003967,0.5261138677597046,29.20213506780705,0.825806
7836.png,72,run_12,3,"'a lone, solitary astronaut standing amidst a desolate, barren, rocky, cratered, alien landscape on a distant, isolated planet at the outer edge of a solar system beneath a colossal, glowing, majestic, gas giant planet in the vastness of space, highly detailed, photorealistic, 4k film quality'",0.8922477960586548,0.4803311824798584,26.88144311021619,0.822798
7836.png,73,run_6,5,"a lone astronaut standing at the precipice of a distant alien landscape under a colossal shining celestial sphere in the eerie emptiness of space, highly detailed 8k digital art",0.9083923697471619,0.528393030166626,28.42561804427163,0.822531
7836.png,74,run_11,1,a cinematic masterpiece of a lone astronaut standing on a dusty alien planet beneath a massive radiant planet in deep space,0.9073619246482849,0.49617981910705566,32.20703377678381,0.822489
7836.png,75,run_5,1,"a heroic lone astronaut standing on a distant extraterrestrial planet beneath a gigantic luminous gas giant in deep space, cinematic 4k scene",0.8992571830749512,0.4665642976760864,32.54534662062087,0.820945
7836.png,76,run_5,5,"'a lone space explorer standing on the frosty, barren surface of a distant world, with a breathtaking, glowing planet shining brightly in the dark, highly detailed digital art'",0.9133914709091187,0.5544958114624023,28.475840966812203,0.817832
7836.png,77,run_15,4,"a detailed, realistic sci-fi image of a lone astronaut standing at the edge of a seemingly endless, barren alien landscape, with a large, glowing planet rising in the background, 8k resolution",0.9113416075706482,0.5235275030136108,31.69556580667102,0.817355
7836.png,78,run_7,5,"a highly realistic, visually stunning, 4k image of a lone space explorer standing on a barren, rocky planet with a massive, glowing gas giant looming in the background",0.8950091600418091,0.4988029897212982,27.044632461522585,0.817272
7836.png,79,run_3,5,"Realistic digital painting of a lone astronaut standing in front of the vast horizon of their planet, surrounded by the glow of a distant world in the background",0.8963159918785095,0.48174959421157837,30.27607800984472,0.815822
7836.png,80,run_11,3,a lone space explorer standing on a desolate alien terrain beneath an enormous shimmering gas giant in deep space highly detailed,0.9080777764320374,0.5155317187309265,32.11018367016123,0.813252
7836.png,81,run_1,2,"a lone astronaut standing at the edge of a distant planet beneath a massive glowing planet in deep space, highly detailed cinematic sci-fi masterpiece",0.8898602724075317,0.45311233401298523,31.524605875388776,0.813245
7836.png,82,run_13,4,"highly detailed a lone astronaut standing in front of a planet beneath a breathtaking massive glowing planet in deep space, cinematic sci-fi masterpiece scene, 4k digital painting",0.8947235345840454,0.4794546961784363,30.5640261875118,0.812519
7836.png,83,run_6,5,"a lone astronaut standing alone in a vast alien wasteland under a gigantic shining celestial sphere in the isolation of deep space, highly detailed 4k oil painting",0.8775857090950012,0.4575130343437195,25.295205865959094,0.811813
7836.png,84,run_4,5,highly detailed 8k sci-fi artwork of a lone astronaut standing in the darkness of space with the faint curve of a distant planet's atmosphere beneath a vibrant glowing star,0.8885477781295776,0.46735307574272156,29.405589120708257,0.811465
7836.png,85,run_6,3,"an astronaut stands alone on a deserted distant world under a gigantic shining sun in deep space, 4k highly detailed digital painting",0.8820464611053467,0.4619958698749542,27.34556890858371,0.809750
7836.png,86,run_2,4,"a lone astronaut standing at the foot of a towering, rocky planet beneath a colossal, blazing, celestial body in the depths of the galaxy, highly detailed, 8k cinematic scene",0.8988199234008789,0.49073684215545654,32.17481261630798,0.807672
7836.png,87,run_13,5,high-resolution realistic a lone astronaut standing in front of a distant planet beneath a vast glowing celestial body in the depths of space in a cinematic setting,0.8951574563980103,0.4853087067604065,31.175481817795905,0.807396
7836.png,88,run_13,5,highly detailed photorealistic a lone astronaut standing in front of a planet beneath a breathtaking massive glowing planet in deep space cinematic sci-fi epic,0.8931015133857727,0.48532965779304504,30.229564993334492,0.807146
7836.png,89,run_11,2,a highly detailed astronaut stands on a desolate extraterrestrial landscape beneath a gigantic glowing planet in deep space 4k,0.8936373591423035,0.473232239484787,32.11240919658064,0.807071
7836.png,90,run_7,1,"'a lone astronaut standing on a distant planet beneath a massive glowing gas giant in deep space, highly detailed cinematic sci-fi scene'",0.8878175020217896,0.4669148325920105,30.131279316291906,0.807011
7836.png,91,run_15,4,"a cinematic, 4k digital painting of a suited space traveler standing on the edge of a barren, extraterrestrial wasteland, with a massive, distant planet radiating an otherworldly glow",0.9222334027290344,0.5540303587913513,35.37895148016699,0.806785
7836.png,92,run_12,4,"'a lone astronaut in the foreground stands at the center of a desolate, barren, rocky, cratered landscape with a colossal, glowing, gas giant planet looming large in the background on a distant, desolate planet in deep space, highly detailed, 4k film quality, oil painting style'",0.8798773884773254,0.4777458906173706,24.96903978021451,0.806404
7836.png,93,run_5,3,"an astronaut standing alone on the barren and hauntingly beautiful alien landscape of a distant world in deep space, with a glowing blue planet looming large in the background, highly realistic and detailed digital painting",0.8963806629180908,0.4959539771080017,30.76535463154235,0.805626
7836.png,94,run_3,1,"A lone astronaut stands on a distant planet, looking up at a stunning, glowing gas giant in a 4k rendered, cinematic, sci-fi masterpiece",0.8849465250968933,0.45608338713645935,30.577353086528728,0.805241
7836.png,95,run_4,2,"a lone astronaut standing at the edge of a planet's atmosphere beneath a massive luminous gas giant in deep space, cinematic masterpiece",0.8888676166534424,0.4575563073158264,32.40850389092997,0.804727
7836.png,96,run_11,5,a lone astronaut standing on the edge of a crater on a desolate alien world beneath a colossal shimmering planet in 8k resolution,0.8963609933853149,0.5198002457618713,27.818617097162317,0.804642
7836.png,97,run_10,1,"an astronaut standing on a desolate alien world beneath a colossal shining celestial body in the dark emptiness of space, atmospheric sci-fi painting",0.881898820400238,0.4688531160354614,27.855074403361744,0.803259
7836.png,98,run_7,5,"a dramatic, high-fidelity, digital painting of a lone astronaut on a distant, barren planet with a vibrant, glowing gas giant in the distance and a star-filled night sky",0.872285783290863,0.4488188624382019,25.843286457762492,0.803217
7836.png,99,run_13,4,"a lone astronaut standing on the barren surface of a mysterious distant planet under the majestic glow of a glowing gas giant planet in deep space, highly realistic and detailed digital art",0.8773182034492493,0.45673003792762756,27.317620834599968,0.802894
7836.png,100,run_7,4,"a lone figure standing at the edge of a vast, empty space of a distant planet looking out at a breathtaking, glowing gas giant with a highly detailed, cinematic 4k digital rendering",0.8864814043045044,0.48103928565979004,28.683347397935712,0.802327
7836.png,101,run_7,4,"a lone astronaut standing amidst the remnants of an ancient civilization on a far-off, barren planet with a stunning glowing gas giant visible in the distance, highly detailed, high-contrast 4k digital painting",0.904866099357605,0.5363863706588745,30.42337711811868,0.801747
7836.png,102,run_13,4,"the astronaut isolated stands on an alien world under the radiant glow of a distant gas giant planet, highly detailed cinematic sci-fi art piece, rendered in 4k",0.8943507671356201,0.4727001488208771,33.883122624454465,0.801181
7836.png,103,run_1,5,"Ultra-detailed, high-contrast 4k digital painting style of an astronaut standing at the edge of a barren, cratered planet beneath a blazing, celestial body in deep space",0.890937864780426,0.5153366923332214,26.81869065195444,0.800081
7836.png,104,run_15,1,"a lone, solitary astronaut standing on the edge of a dark, shadowy, alien world, beneath a massive, radiant, glowing gas giant in the distance, highly detailed, stylized, digital art",0.8990810513496399,0.5058820247650146,32.24144943224156,0.799189
7836.png,105,run_5,4,"realistic digital painting of a lone astronaut walking alone on the vast, barren and icy wasteland of a distant alien planet in the dark expanse of space, with a brilliant distant planet serving as the focal point against a cosmic background",0.8851346969604492,0.4952734112739563,27.40585009682133,0.796815
7836.png,106,run_5,3,"a lone astronaut standing on the barren and hauntingly beautiful surface of an otherworldly alien world in deep space, with a bright glowing planet towering in the background, highly realistic and photorealistic digital art",0.864533543586731,0.43799808621406555,25.198441242268125,0.795846
7836.png,107,run_1,2,"a lone astronaut stands at the edge of a desolate alien planet beneath a massive glowing celestial body in deep space, ultra-realistic 4k digital painting",0.9005287885665894,0.5312069654464722,30.36516391438296,0.795800
7836.png,108,run_9,3,a highly detailed 4k masterpiece of a lone astronaut standing on a desolate planet surrounded by the breathtaking beauty of a colossal glowing gas giant,0.9078049659729004,0.555338442325592,30.74184438451224,0.795643
7836.png,109,run_3,1,"Cinematic, highly detailed, and photorealistic image of an astronaut standing on a distant planet, gazing up at a glowing, distant celestial body in deep space",0.8738794922828674,0.4392004609107971,29.706164056881466,0.795332
7836.png,110,run_15,2,"a lone, suited astronaut standing at the precipice of a vast, desolate, alien plain, with a glowing, massive, blue planet looming large in the background, highly detailed, cinematic, oil painting sci-fi",0.8866535425186157,0.4757140874862671,31.131620334837855,0.795109
7836.png,111,run_13,4,"a lone astronaut standing isolated on a desolate alien world, with a massive glowing gas giant planet looming large in the background, highly detailed cinematic sci-fi masterpiece",0.8716981410980225,0.44410890340805054,28.11579642203751,0.794799
7836.png,112,run_6,1,"a lone space explorer standing on a distant barren planet beneath a massive glowing celestial body in deep space, cinematic 4k sci-fi artwork",0.8864676356315613,0.4699961841106415,31.916893914246206,0.794598
7836.png,113,run_5,3,"a lone astronaut standing on the icy and hauntingly beautiful surface of a distant desolate alien world in deep space, with a glowing planet towering large in the background, highly realistic and hyper-realistic digital art",0.9180537462234497,0.5528404712677002,36.95541009018586,0.791753
7836.png,114,run_12,3,"'a lone astronaut standing at the center of a barren, rugged, rocky, cratered landscape on a desolate, distant, icy, alien planet beneath a colossal, glowing, swirling, gas giant planet in deep space, highly detailed, ultra-high definition, cinematic, masterpiece'",0.8864808678627014,0.5126565098762512,26.979076488447262,0.791487
7836.png,115,run_4,5,photorealistic 4k masterpiece of an astronaut standing on the edge of space with the curve of a distant planet's atmosphere glowing warmly beneath a radiant shining star,0.8617215752601624,0.42181396484375,27.26132680166997,0.790254
7836.png,116,run_9,5,"A highly detailed 4k oil painting of an astronaut standing alone on a barren planet, with a massive gas giant looming in the background in a dark, deep space",0.864256739616394,0.44567427039146423,25.40970187901542,0.789907
7836.png,117,run_10,2,"an astronaut standing at the edge of a desolate, alien world beneath a gigantic, luminous celestial body in the vast emptiness of space, oil on canvas",0.8648931980133057,0.43772244453430176,26.814974931707614,0.789731
7836.png,118,run_15,3,"a lone, suited astronaut standing at the edge of a vast, desolate, alien landscape, with a glowing, enormous, distant planet looming large in the background, highly detailed, cinematic sci-fi artwork",0.9084926843643188,0.54616379737854,33.76368188648555,0.789244
7836.png,119,run_8,1,highly detailed cinematic sci-fi artwork of a lone astronaut standing on a barren planet beneath a massive glowing star in deep space,0.8692471385002136,0.4605703353881836,26.309247082043534,0.787964
7836.png,120,run_1,2,"a lone astronaut standing on the barren surface of a mysterious planet beneath a colossal glowing planet in deep space, moody atmospheric scene",0.8975017666816711,0.5391097664833069,29.69595708306087,0.787736
7836.png,121,run_12,3,"'a lone astronaut standing in the midst of a desolate, barren, rocky, cratered landscape on a distant, isolated, cold, unforgiving planet beneath a stunning, glowing, massive, gas giant planet in the depths of space, photorealistic, high-fidelity, 4k, artwork'",0.8896947503089905,0.5238572955131531,28.209217392631917,0.786473
7836.png,122,run_12,4,"'a lone, solitary astronaut stands at the center of a barren, rocky, cratered, moon-like landscape on a desolate, distant planet beneath a colossal, radiant, gas giant planet in deep, vast space, highly detailed, 4k film quality, stunning masterpiece'",0.8809030652046204,0.5062161684036255,26.59122305582088,0.785075
7836.png,123,run_1,4,"Highly stylized 4k digital painting of a sci-fi world where a solitary astronaut stands at the edge of a desolate, rocky planet with a massive, glowing celestial body in the background",0.9085313677787781,0.5637869834899902,32.42720412681731,0.784967
7836.png,124,run_9,3,a vibrant 4k digital painting of a lone astronaut standing on a barren and rugged planet beneath a colossal glowing gas giant,0.9154341220855713,0.5702014565467834,34.97213685585237,0.784810
7836.png,125,run_7,4,"a lone space explorer surveying the alien landscape on a distant barren world under a majestic glowing gas giant in the sky, photorealistic 4k digital masterpiece",0.890998899936676,0.49698543548583984,32.881096873403216,0.784417
7836.png,126,run_9,2,a photorealistic 8k digital art of a lone astronaut standing on a desert planet beneath a massive glowing nebula in the inky blackness of deep space,0.8639341592788696,0.4569537937641144,25.10433239809575,0.784040
7836.png,127,run_9,1,a lone astronaut standing on the edge of a desolate alien world beneath a colossal glowing planet hung in the blackness of space,0.8900434970855713,0.4947856068611145,32.832462856503305,0.783874
7836.png,128,run_6,2,"a lone space explorer stands on a barren alien world beneath a vibrant glowing celestial body in space, 4k resolution, digital painting",0.8770166039466858,0.45879632234573364,31.281021260165417,0.783808
7836.png,129,run_7,3,"' astronaut on a rugged terrain planet with a majestic gas giant visible in the background, highly detailed 4k cinematic science fiction digital painting'",0.9171774387359619,0.5950221419334412,32.854407409117066,0.783390
7836.png,130,run_11,4,a lone space explorer standing on a desolate alien terrain beneath a gigantic shimmering gaseous planet in deep space highly detailed,0.8917288780212402,0.5298052430152893,29.337632133991658,0.782437
7836.png,131,run_10,5,"astronaut standing in a foreground of a barren, rocky, alien world beneath a massive, glowing celestial body in the inky blackness of space, highly detailed fine art painting",0.8868997097015381,0.5174269676208496,29.039766438905946,0.780649
7836.png,132,run_1,5,"Highly detailed, photorealistic 4k sci-fi film-quality image of an astronaut standing at the edge of a barren, rocky planet beneath a massive, luminous star in deep space, with a distant planetary ring system.",0.8798092603683472,0.49039924144744873,29.342496692989435,0.779914
7836.png,133,run_4,1,"an isolated astronaut standing on a dusty, ravaged planet beneath a stunningly large, glowing planet in a distant galaxy, realistic sci-fi",0.9153376817703247,0.5732445120811462,35.66919646991439,0.779814
7836.png,134,run_14,5,"a lone astronaut stands at the edge of a vast empty plain on the surface of a remote desert planet, bathed in the cool light of a distant luminous giant blue star, highly detailed digital painting",0.9086485505104065,0.571060836315155,32.77489386621448,0.779501
7836.png,135,run_9,2,an extremely detailed 4k digital masterpiece of a lone astronaut standing on a rocky planet beneath a gigantic shimmering planet in the vast emptiness of space,0.87990802526474,0.508211076259613,27.164585400449216,0.779319
7836.png,136,run_14,2,"Highly detailed, photorealistic image of a lone astronaut standing on the surface of a distant desert planet beneath a massive glowing planet in deep space",0.8886386752128601,0.5295417308807373,28.61571995753963,0.779183
7836.png,137,run_8,1,a lone astronaut standing on a distant rocky exoplanet beneath a breathtaking celestial nebula in the cosmos,0.87178635597229,0.4716964364051819,28.15004846430556,0.778906
7836.png,138,run_1,Baseline,"a lone astronaut standing on a planet beneath a massive glowing planet in deep space, cinematic sci-fi scene",0.8776639699935913,0.4798451364040375,30.130152269796827,0.778034
7836.png,139,run_2,Baseline,"a lone astronaut standing on a planet beneath a massive glowing planet in deep space, cinematic sci-fi scene",0.8776639699935913,0.4798451364040375,30.130152269796827,0.778034
7836.png,140,run_3,Baseline,"a lone astronaut standing on a planet beneath a massive glowing planet in deep space, cinematic sci-fi scene",0.8776639699935913,0.4798451364040375,30.130152269796827,0.778034
7836.png,141,run_4,Baseline,"a lone astronaut standing on a planet beneath a massive glowing planet in deep space, cinematic sci-fi scene",0.8776639699935913,0.4798451364040375,30.130152269796827,0.778034
7836.png,142,run_5,Baseline,"a lone astronaut standing on a planet beneath a massive glowing planet in deep space, cinematic sci-fi scene",0.8776639699935913,0.4798451364040375,30.130152269796827,0.778034
7836.png,143,run_6,Baseline,"a lone astronaut standing on a planet beneath a massive glowing planet in deep space, cinematic sci-fi scene",0.8776639699935913,0.4798451364040375,30.130152269796827,0.778034
7836.png,144,run_7,Baseline,"a lone astronaut standing on a planet beneath a massive glowing planet in deep space, cinematic sci-fi scene",0.8776639699935913,0.4798451364040375,30.130152269796827,0.778034
7836.png,145,run_8,Baseline,"a lone astronaut standing on a planet beneath a massive glowing planet in deep space, cinematic sci-fi scene",0.8776639699935913,0.4798451364040375,30.130152269796827,0.778034
7836.png,146,run_9,Baseline,"a lone astronaut standing on a planet beneath a massive glowing planet in deep space, cinematic sci-fi scene",0.8776639699935913,0.4798451364040375,30.130152269796827,0.778034
7836.png,147,run_10,Baseline,"a lone astronaut standing on a planet beneath a massive glowing planet in deep space, cinematic sci-fi scene",0.8776639699935913,0.4798451364040375,30.130152269796827,0.778034
7836.png,148,run_11,Baseline,"a lone astronaut standing on a planet beneath a massive glowing planet in deep space, cinematic sci-fi scene",0.8776639699935913,0.4798451364040375,30.130152269796827,0.778034
7836.png,149,run_12,Baseline,"a lone astronaut standing on a planet beneath a massive glowing planet in deep space, cinematic sci-fi scene",0.8776639699935913,0.4798451364040375,30.130152269796827,0.778034
7836.png,150,run_13,Baseline,"a lone astronaut standing on a planet beneath a massive glowing planet in deep space, cinematic sci-fi scene",0.8776639699935913,0.4798451364040375,30.130152269796827,0.778034
7836.png,151,run_14,Baseline,"a lone astronaut standing on a planet beneath a massive glowing planet in deep space, cinematic sci-fi scene",0.8776639699935913,0.4798451364040375,30.130152269796827,0.778034
7836.png,152,run_15,Baseline,"a lone astronaut standing on a planet beneath a massive glowing planet in deep space, cinematic sci-fi scene",0.8776639699935913,0.4798451364040375,30.130152269796827,0.778034
7836.png,153,run_9,1,a lone astronaut standing in front of a distant planet beneath a massive glowing celestial body in deep cosmic space,0.875884473323822,0.4659951329231262,31.17167010521923,0.777728
7836.png,154,run_4,2,"a lone astronaut standing in the foreground on a distant barren planet beneath a massive glowing celestial body in deep space, highly detailed sci-fi scene",0.868535041809082,0.46201327443122864,28.198507576387627,0.777397
7836.png,155,run_8,4,photorealistic digital painting of a lone astronaut standing on a barren rocky planet beneath a gigantic glowing celestial body in deep space,0.8692470192909241,0.4899730682373047,25.0014896655427,0.776677
7836.png,156,run_7,3,"'an astronaut surveys the bleak barren landscape of a distant planet with a glowing gas giant in the background, highly detailed cinematic 4k science fiction digital art'",0.8781082034111023,0.5024549961090088,27.73479898891811,0.776347
7836.png,157,run_14,1,"a lone astronaut standing on the barren landscape of a distant planet beneath a massive glowing gas giant in deep space, highly detailed 4k cinematic science fiction illustration",0.8717879056930542,0.47741639614105225,28.345284508252956,0.774756
7836.png,158,run_11,5,an astronaut standing alone on a dusty alien terrain beneath an enormous shimmering planet in deep space with a highly detailed atmosphere,0.8619266152381897,0.462762713432312,25.625125289927727,0.774164
7836.png,159,run_4,2,"a lone astronaut standing in awe on a desolate alien planet beneath a vibrant glowing gas giant in deep space, 4k digital painting",0.9004202485084534,0.5223957300186157,36.76421615812963,0.772802
7836.png,160,run_5,2,"'the astronaut standing alone on a vast barren alien expanse in deep space, with a stunning and vibrant glowing planet looming dominant in the background, a 4k digital masterpiece'",0.873865008354187,0.45856916904449463,32.50543662133701,0.771931
7836.png,161,run_8,3,"highly detailed cinematic sci-fi digital painting of a lone astronaut standing on a barren, rocky planet beneath a massive glowing star in deep space",0.8738793730735779,0.5048050284385681,26.642203533050694,0.770785
7836.png,162,run_12,5,"a small lone astronaut standing at the center of a barren, rocky, cratered, dusty landscape on a desolate, distant planet beneath a colossal, glowing, gas giant planet in deep space, highly detailed, 4k film quality, watercolor style",0.8957799673080444,0.5673595666885376,29.114191638098852,0.770307
7836.png,163,run_15,1,"a lone astronaut standing on a distant, barren planet beneath a massive, radiant, glowing planet in deep space, highly detailed, cinematic sci-fi scene",0.8634924292564392,0.4515537917613983,28.962091342652386,0.769428
7836.png,164,run_10,3,"an astronaut standing on a barren, rocky alien world beneath a colossal, shining celestial body in the inky blackness of space, highly detailed fine art painting",0.8607841730117798,0.47303473949432373,25.09579317149956,0.768116
7836.png,165,run_14,4,highly realistic digital painting of an astronaut standing alone on the barren surface of a long-abandoned desert planet in a distant cosmos beneath an enormous glowing celestial body,0.899232804775238,0.5545654296875,33.161866531321515,0.767391
7836.png,166,run_11,3,a solo astronaut standing on a barren alien world amidst a cosmic storm beneath an enormous shimmering planet in deep space highly detailed,0.8637702465057373,0.46735984086990356,27.796731462243645,0.765962
7836.png,167,run_10,3,"an astronaut standing on a rugged, unforgiving alien world beneath a gigantic, blazing celestial body in the void of space, 4k masterpiece",0.8858320116996765,0.5079448223114014,33.60752067059481,0.763977
7836.png,168,run_9,3,a realistic 4k digital oil painting of a lone astronaut standing at the base of a colossal glowing gas giant looming above a desolate alien planet,0.8993122577667236,0.5549822449684143,34.38970660619088,0.761973
7836.png,169,run_2,5,"an astronaut standing alone on a barren, extraterrestrial world under a massive, radiant, celestial body in the depths of space, realistic, photorealistic landscape",0.8585735559463501,0.46734941005706787,26.72569965339755,0.759619
7836.png,170,run_8,5,cinematic highly detailed digital art of a lone astronaut standing on a barren icy planet beneath a massive breathtaking glowing star in deep space,0.8908731341362,0.5516651272773743,31.326537980347094,0.759342
7836.png,171,run_12,2,"an astronaut standing on the surface of a barren, rocky, distant planet with a massive, glowing, swirling vortex in the sky, cinematic 4k digital painting, atmospheric lighting",0.8990944623947144,0.548430860042572,36.04471811498232,0.758090
7836.png,172,run_1,4,"Cinematic 8k sci-fi masterpiece of a lone astronaut standing on the edge of a distant, barren, and barren planet with a glowing celestial body above and a distant, glowing galaxy in the background",0.8633163571357727,0.49782976508140564,25.392938340573714,0.757869
7836.png,173,run_12,4,"'a lone astronaut in a sleek spacesuit stands at the center of a rugged, barren, rocky, cratered landscape on a distant, icy planet beneath a colossal, glowing, gas giant planet in deep, frozen space, highly detailed, 8k resolution, dreamlike'",0.8915925621986389,0.5542302131652832,31.750152098034683,0.757541
7836.png,174,run_9,5,"A highly realistic 8k digital oil painting of a lone astronaut standing on a barren, rocky planet at the edge of a colossal gas giant in deep space, with dramatic best lighting",0.8771343231201172,0.5258254408836365,28.9045960233609,0.755695
7836.png,175,run_13,1,a lone astronaut standing at the base of a massive glowing planet's atmosphere on a mysterious alien world in a cinematic 8k digital painting,0.8775379657745361,0.5201050043106079,30.239688345297196,0.754042
7836.png,176,run_12,5,"a lone astronaut standing at the center of a barren, rugged, rocky, cratered landscape on a desolate, distant planet beneath a colossal, luminous, gas giant planet in deep space, highly detailed, 4k film quality, digital art masterpiece",0.878468930721283,0.5458723306655884,27.28788493764103,0.753984
7836.png,177,run_9,2,highly detailed 8k surreal digital artwork of a lone astronaut standing on a barren planet beneath an enormous radiant celestial body in the abyssal darkness of space,0.8693049550056458,0.5168126225471497,26.698540193292814,0.753913
7836.png,178,run_15,4,"highly detailed, cinematic, high-resolution, sci-fi poster of a lone suited astronaut standing at the edge of a vast, barren, alien landscape, with a glowing, massive planet looming large in the background",0.8841628432273865,0.5227400064468384,33.1994979891938,0.753673
7836.png,179,run_6,1,"a lone astronaut standing at the edge of a vast alien landscape overlooking a massive glowing planet below, highly detailed digital artwork",0.8859803676605225,0.5345709323883057,32.644101936904306,0.753110
7836.png,180,run_13,4,"a stunning cinematic sci-fi scene of an astronaut standing alone on a planet beneath the radiant light of a massive glowing gas giant planet in space, highly detailed digital art, 4k resolution",0.8857813477516174,0.5177921056747437,34.847416563283176,0.752786
7836.png,181,run_12,1,"a lone astronaut standing on a desert planet beneath a gargantuan illuminated planet in deep space, highly realistic digital painting",0.8687300682067871,0.5222467184066772,26.02569030330468,0.752486
7836.png,182,run_14,3,a stunning 4k masterpiece digital painting of a lone astronaut standing on a barren desert planet beneath a massive glowing celestial body in the vastness of space,0.8781864047050476,0.5330293774604797,29.2432018662781,0.752290
7836.png,183,run_7,5,"a cinematic, high-resolution, digital artwork of an astronaut exploring a desolate alien landscape with a bright orange gas giant rising in the atmosphere",0.8921105265617371,0.5361627340316772,35.74606481796508,0.751676
7836.png,184,run_7,2,"an astronaut in isolation standing on a desolate alien world beneath a colossal gas giant, with vibrant nebulae in the background, highly detailed cinematic sci-fi art",0.87772536277771,0.49741989374160767,34.10163739001047,0.750727
7836.png,185,run_8,2,"detailed, digital painting of a lone astronaut standing on a barren, alien world, gazing up at a massive, glowing star in the dark vastness of space",0.8562548756599426,0.4755728244781494,26.575323159633523,0.750612
7836.png,186,run_8,4,highly detailed cinematic 4K sci-fi artwork of a lone astronaut standing on a barren desert planet beneath a massive glowing blue star in deep space,0.8718607425689697,0.49961069226264954,30.984878352130266,0.750603
7836.png,187,run_2,3,4k resolution cinematic sci-fi image of astronaut standing on a desolate alien world beneath colossal glowing celestial body,0.8869944214820862,0.5347775816917419,33.74176020252456,0.750361
7836.png,188,run_2,2,"an astronaut in a worn spacesuit stands on the barren surface of a distant, icy planet gazing up at a stunning, celestial, glowing blue-green planet in the distance, highly detailed, 4k digital painting",0.875355064868927,0.5165905952453613,30.951577637323982,0.748347
7836.png,189,run_10,1,"a lone astronaut standing on a distant alien world beneath a gigantic glowing purple planet in deep space, cinematic high-definition sci-fi scene",0.8556491732597351,0.44641193747520447,30.68364736569095,0.748284
7836.png,190,run_2,1,"astronaut standing at the foot of a rugged alien mountain, beneath a brilliant glowing celestial sphere in deep space, highly detailed",0.8916555643081665,0.5799246430397034,30.529382936738347,0.748151
7836.png,191,run_3,4,"Highly realistic 4k digital painting of a lone astronaut standing in awe on the edge of a vast crater on a desolate alien planet, with a stunning distant world glowing brightly in the background",0.8991271257400513,0.5983370542526245,32.804118826343085,0.743447
7836.png,192,run_1,1,"'a lone astronaut stands heroically on an icy alien planet beneath a gigantic luminous celestial body in deep, dark space, cinematic high-definition sci-fi scene'",0.8801647424697876,0.5417640209197998,31.527823645231145,0.741493
7836.png,193,run_10,1,"a lone, solitary astronaut standing at the edge of a planet's atmosphere beneath a blazing celestial body in the vastness of space, dramatic sci-fi masterpiece",0.8752659559249878,0.5046097040176392,34.223161736785116,0.740834
7836.png,194,run_5,1,"vibrant lone astronaut standing on a mysterious alien planet beneath a colossal glowing celestial body in deep space, highly detailed sci-fi artwork",0.8797448873519897,0.5040160417556763,36.67164773727198,0.740009
7836.png,195,run_14,3,a highly detailed and realistic sci-fi artwork of a lone astronaut walking alone on the surface of a desolate desert planet under a massive glowing planet in deep space,0.8818268775939941,0.5721976161003113,29.177409491531314,0.737672
7836.png,196,run_11,3,an isolated lone space traveler standing on a vast barren alien world beneath a massive shimmering celestial body in deep space 4k masterpiece,0.8405542373657227,0.43670812249183655,27.112496818330072,0.737448
7836.png,197,run_14,4,"cinematic masterpiece of a lone astronaut standing on the edge of a vast desert planet, with a massive glowing planet looming large in the background in deep space, with intense sunlight and dramatic shadows",0.8482041358947754,0.46365392208099365,27.367470077098144,0.736987
7836.png,198,run_2,2,"an astronaut standing on a distant, alien landscape, with a towering, glowing, planet looming in the background, sci-fi, cinematic digital art",0.9003047943115234,0.5726034641265869,38.4993288789928,0.736010
7836.png,199,run_6,3,"a lone astronaut stands on a desolate distant alien planet under a bright celestial body in the vastness of deep space, 8k cinematic masterpiece",0.8396946787834167,0.44209080934524536,26.4512606615149,0.735397
7836.png,200,run_4,4,highly detailed masterful sci-fi artwork of a lone astronaut standing small in the vastness of space with the curve of a distant planet's misty atmosphere beneath a blazing bright star,0.8565198183059692,0.47987163066864014,29.862364847837732,0.734382
7836.png,201,run_8,2,"highly detailed, cinematic sci-fi art of a lone astronaut standing in the foreground, set against a stunning, glowing star and a desolate, barren planet in deep space",0.8761857748031616,0.5325574278831482,33.09889706228211,0.731539
7836.png,202,run_3,3,"Hyper-realistic digital artwork of a lone astronaut on a desolate, rocky planet, with the massive glow of a nearby galaxy",0.8783152103424072,0.5756100416183472,28.736498998530834,0.730180
7836.png,203,run_9,5,"A breathtaking, highly realistic 8k masterpiece of an astronaut standing at the edge of a desolate, rocky planet beneath a massive glowing gas giant in the depths of space, optimal lighting",0.8691012859344482,0.5172863006591797,32.08657335267231,0.729753
7836.png,204,run_7,4,"an isolated astronaut on a desolate, rocky terrain of a remote planet with a breathtaking glowing gas giant rising above the horizon, highly detailed realistic 8k digital artwork",0.8960616588592529,0.5923847556114197,35.47964959255521,0.728742
7836.png,205,run_4,4,highly realistic image of an astronaut floating in space near a curve of a distant planet's atmosphere glowing with the light of a blazing star,0.8456702828407288,0.46070098876953125,29.113336136729497,0.725723
7836.png,206,run_15,5,"a lone astronaut standing at the edge of a vast, dry, alien terrain, with a glowing, massive, alien planet looming large in the background, realistic, cinematic, space exploration",0.8923932313919067,0.6033827066421509,32.93810915345131,0.725681
7836.png,207,run_14,2,"a highly detailed, cinematic image of a solo astronaut standing in front of a massive, glowing planet set against a dark, star-filled background of deep space",0.844760537147522,0.4472670555114746,30.87516646655634,0.723884
7836.png,208,run_13,3,"a solo astronaut standing at the edge of a barren, rocky planet's horizon beneath a radiant, pulsing gas giant in the depths of space, 4k resolution masterpiece",0.842831552028656,0.46875107288360596,27.494578886171244,0.722107
7836.png,209,run_12,3,"'a lone astronaut standing in the center of a vast, desolate, barren, rocky, cratered, extraterrestrial landscape beneath a colossal, glowing, massive, gaseous planet in the depths of space with a distant, twinkling, starry backdrop, highly detailed, cinematic, ultra-high definition'",0.846874475479126,0.4970976710319519,25.712077528495126,0.722063
7836.png,210,run_14,3,highly detailed cinematic realistic sci-fi scene of a lone astronaut standing on the surface of a distant desert planet beneath a massive glowing planet in deep space,0.8571903705596924,0.5200483798980713,27.886368345907908,0.721204
7836.png,211,run_11,5,a lone astronaut standing on a barren alien wasteland beneath a massive gaseous planet in deep space in 4k resolution,0.8592028617858887,0.4925629198551178,32.558335293720766,0.721002
7836.png,212,run_7,3,"'a lone figure in a spacesuit stands at the edge of a vast alien plain beneath a stunning gas giant sky, cinematic science fiction 8k digital art'",0.8618953824043274,0.5059699416160583,33.34351409571248,0.715547
7836.png,213,run_8,2,"photorealistic, 4k sci-fi artwork featuring an astronaut standing alone on a desolate, rocky planet, surrounded by a breathtaking, glowing star in deep space",0.8587936162948608,0.5265539884567261,29.37251886661697,0.714374
7836.png,214,run_4,5,"highly rendered 8k sci-fi artwork of a lone astronaut standing in the middle of a vast, starry expanse with the faint curve of a distant planet's atmosphere beneath a distant glowing light",0.838915228843689,0.45961663126945496,28.58813877076251,0.714322
7836.png,215,run_3,4,"Masterpiece realistic digital art of a lone astronaut venturing into the unknown on a distant planet, surrounded by the inky blackness of space and a breathtaking view of a massive world",0.8650653958320618,0.5381535291671753,31.05591756677545,0.713637
7836.png,216,run_8,5,a serene cinematic digital painting of an lone astronaut standing on a vast barren icy wasteland beneath a massive breathtaking radiant star in deep space,0.9146311283111572,0.6021777987480164,46.83077832451644,0.713020
7836.png,217,run_1,5,"Highly detailed, vibrant 4k sci-fi cinematic masterpiece of an astronaut standing at the edge of a desolate, rocky barren planet beneath a gigantic, radiant glowing celestial body in deep space",0.8931622505187988,0.5943699479103088,38.14791642756147,0.709836
7836.png,218,run_15,2,"a lone, suited astronaut standing on a rocky outcropping at the edge of a vast, barren, alien landscape, with a glowing, massive planet looming large in the background, highly detailed, digital painting cinematic sci-fi",0.8889893889427185,0.6032469868659973,35.221386835063925,0.708608
7836.png,219,run_14,2,"a cinematic, 4k masterpiece of an astronaut standing on a barren, sandy desert planet surrounded by the majestic glow of a distant gas giant",0.8691374063491821,0.5588198304176331,31.460925680186598,0.708568
7836.png,220,run_1,1,"'a lone astronaut stands resolutely on a desolate, dusty planet beneath a massive, blazing celestial body in the dark vastness of space, highly detailed digital painting'",0.8397809267044067,0.5016002655029297,24.89055685100657,0.708009
7836.png,221,run_3,4,Majestic realistic digital artwork of a lone astronaut exploring a mysterious alien world surrounded by the endless void of deep space and a radiant distant planet,0.8644163608551025,0.5127602815628052,35.56373504756626,0.707302
7836.png,222,run_10,3,"an astronaut standing alone on a barren, desolate alien world beneath a colossal, shining celestial body in the dark vastness of space, photorealistic digital artwork",0.8297079205513,0.46518027782440186,25.319485833887573,0.705829
7836.png,223,run_11,4,a lone figure in a space suit standing on a distant alien wasteland beneath a gargantuan luminous planet in deep space ultra realistic,0.8497070074081421,0.4970714747905731,30.850673997870224,0.705711
7836.png,224,run_12,5,"a lone figure standing at the edge of a barren, rocky, cratered landscape on a desolate planet beneath a colossal, glowing gas giant planet in deep space, highly detailed, 4k film quality, oil painting style",0.890998899936676,0.6184635758399963,34.915029539473856,0.705412
7836.png,225,run_2,3,highly realistic digital painting of astronaut standing on small distant planet beneath a massive shining yellow sun in deep space,0.8655709624290466,0.5459420680999756,32.23778013939502,0.705066
7836.png,226,run_13,5,"highly detailed a lone astronaut standing on the edge of an atmosphere in front of a breathtaking massive glowing planet in space, photorealistic 4k digital painting masterpiece scene",0.8517817258834839,0.49776363372802734,32.37908350326869,0.703054
7836.png,227,run_7,2,"a lone space explorer standing on a barren rocky planet beneath a massive glowing gas giant in the depths of space, highly detailed cinematic sci-fi scene",0.8735125064849854,0.5664446949958801,33.99900542988241,0.702387
7836.png,228,run_13,1,a highly detailed 4k digital painting of a lone astronaut standing on the barren surface of a mysterious planet beneath a majestic glowing celestial body in deep space,0.8233652114868164,0.47074809670448303,22.51162998111527,0.701397
7836.png,229,run_3,1,"A lone, heroic astronaut stands on a planetary surface, surveying his surroundings under the radiant glow of a massive, glowing planet in a realistic, cinematic sci-fi scene",0.8667625188827515,0.5451324582099915,33.90848589438069,0.700785
7836.png,230,run_13,1,"a lone astronaut standing on the shores of a massive planet's massive glowing gas cloud in an otherworldly, high-resolution, sci-fi digital painting scene",0.8985735177993774,0.6151750087738037,40.25110937976171,0.700132
7836.png,231,run_5,5,"'a lone astronaut standing alone on the harsh, icy surface of a remote, frozen planet in a distant galaxy, with a beautiful, luminous planet filling the dark sky, highly realistic digital art'",0.9043999910354614,0.6249624490737915,41.810710016100174,0.700037
7836.png,232,run_3,3,"Masterpiece digital painting of an astronaut lost in the depths of space, with the faint light of a distant planet shining through the darkness",0.8501445055007935,0.5040079355239868,32.24886488032589,0.696546
7836.png,233,run_11,3,a lone space explorer standing on a rugged extraterrestrial landscape beneath an enormous gaseous planet in deep space high definition,0.8943540453910828,0.6147704720497131,39.51865945960595,0.694613
7836.png,234,run_11,3,a lone astronaut hovering on a barren alien surface beneath a massive shimmering celestial body in deep space highly detailed,0.848961353302002,0.4960501194000244,33.18546391677864,0.694557
7836.png,235,run_6,4,"a lone astronaut stands on a distant rugged rocky alien planet under a colossal shining star in the vastness of deep space, highly detailed 8k digital artwork",0.8649157285690308,0.5503982305526733,33.787921706884845,0.694356
7836.png,236,run_4,3,"an astronaut standing alone on the surface of a distant planet with the curve of its atmosphere beneath a blazing glowing star, highly realistic and highly detailed sci-fi landscape",0.8391079902648926,0.46867644786834717,32.21516030926476,0.693710
7836.png,237,run_10,1,"a lone astronaut standing on a rocky, barren exoplanet beneath a massive glowing yellow star in deep space, realistic sci-fi illustration",0.8339641690254211,0.49122992157936096,27.19479628965146,0.691641
7836.png,238,run_2,2,"a lone astronaut, in a worn, futuristic spacesuit, standing on the edge of a cratered, alien surface, beneath a glowing, vibrant, and enormous planet in the deep space, 4k, highly detailed digital painting",0.8782760500907898,0.5777245759963989,37.304811406013926,0.691576
7836.png,239,run_15,3,"an astronaut in a sleek black spacesuit stands alone at the precipice of a barren, rocky alien world beneath a massive, vibrant, ring-lit gas giant in the background, highly detailed, epic sci-fi movie poster",0.852127730846405,0.5113176703453064,33.40495599494532,0.691494
7836.png,240,run_4,1,"a lone astronaut in a sleek spacesuit standing at the center of a barren, rocky plain on a distant, alien world beneath a colossal, glowing planet, highly detailed",0.849645733833313,0.5319192409515381,29.972352547804643,0.689281
7836.png,241,run_7,2,"an astronaut isolated on a remote extraterrestrial planet, gazing up at a massive glowing gas giant with intricate celestial patterns, highly detailed cinematic sci-fi masterpiece",0.8328646421432495,0.4720209836959839,29.81954837428176,0.688978
7836.png,242,run_8,5,a lone astronaut standing on a barren icy planet beneath a breathtaking massive glowing star in a highly detailed cinematic digital art style,0.8901598453521729,0.605786144733429,40.18662171134412,0.688007
7836.png,243,run_4,1,"cinematic sci-fi masterpiece of a lone astronaut standing on a barren, rocky planet beneath a massive glowing gas giant in deep space",0.8467785120010376,0.5173382759094238,31.36962948232456,0.685543
7836.png,244,run_11,2,an astronaut with a spacesuit stands on a desolate alien landscape beneath an enormous luminous planet in deep space with vivid colors,0.8442820906639099,0.49603360891342163,33.02737738221616,0.685340
7836.png,245,run_15,1,"a lone space explorer standing on a rugged, alien terrain, gazing up at a massive, luminous gas giant in the depths of space, highly detailed, masterpiece, digital painting",0.8441303968429565,0.5007991790771484,32.337420848624014,0.685270
7836.png,246,run_14,4,highly detailed cinematic 4k ultra hd sci-fi scene of a lone astronaut standing on the surface of a distant desert planet beneath a massive glowing gas giant in deep space,0.8410786390304565,0.5096648931503296,29.91276558388849,0.684239
7836.png,247,run_2,2,"a lone, highly detailed astronaut standing in the foreground of a desolate alien planet beneath a massive, glowing, and vibrant planet in deep space, cinematic sci-fi scene",0.8652889728546143,0.5349254608154297,38.53770938387055,0.683405
7836.png,248,run_4,3,"a lone astronaut standing small against the stars with the curve of a distant planet's atmosphere beneath a blazing glowing celestial body, highly realistic and detailed 4k sci-fi masterpiece",0.8450940251350403,0.5165376663208008,31.540150919387226,0.681694
7836.png,249,run_6,4,"a lone astronaut stands at the edge of a distant rugged alien terrain under a colossal shining star in the darkness of deep space, highly detailed 4k artwork",0.8691547513008118,0.6119913458824158,30.595778499078904,0.681666
7836.png,250,run_8,2,"highly detailed, realistic sci-fi artwork of a lone astronaut standing at the edge of a barren, rocky cliff looking out at a massive glowing star in deep space",0.8837511539459229,0.623802125453949,36.2898202108383,0.680987
7836.png,251,run_7,1,"'a lone astronaut in a reflective spacesuit, standing at the edge of a vast alien landscape, beneath a massive glowing planet in deep space, photorealistic digital painting'",0.8405364751815796,0.5086283087730408,30.996626548476303,0.678970
7836.png,252,run_12,1,"a lone astronaut standing on the edge of a vast, alien planet's cliff beneath a titanic glowing celestial body in deep space, surreal and dreamlike digital artwork",0.8724374175071716,0.5847599506378174,36.49863224186107,0.678651
7836.png,253,run_1,2,"a lone astronaut standing solitary amidst the vast expanse of space, a small spaceship in the distance below a vast glowing planet, highly detailed cinematic sci-fi filmography",0.8131812810897827,0.43129763007164,28.14092134911988,0.678094
7836.png,254,run_6,3,"a lone astronaut stands at the edge of a barren distant planet under a massive twinkling star in the vastness of deep space, cinematic sci-fi artwork",0.8345173597335815,0.4847497344017029,31.58097009643891,0.677461
7836.png,255,run_14,1,"a lone astronaut standing on the rocky terrain of a mysterious distant world beneath a huge glowing celestial body in deep space, incredibly detailed cinematic sci-fi digital painting",0.8862652778625488,0.6226637363433838,38.67735134134296,0.676578
7836.png,256,run_2,1,"an astronaut in a deserted alien landscape, with a colossal glowing star hovering above, highly realistic",0.8391199111938477,0.5223509073257446,29.292972483136403,0.675460
7836.png,257,run_12,2,"an astronaut standing on a rugged, barren, alien planet beneath a colossal, radiant planet in deep space, cinematic 4k digital artwork",0.8955920934677124,0.6319921016693115,42.73226570122179,0.673302
7836.png,258,run_1,5,"Highly detailed 4k cinematic sci-fi scene of an astronaut standing at the edge of a barren, ashen planet beneath a gigantic, glowing nebula in deep space",0.8797867894172668,0.6027798056602478,39.07184551834919,0.672616
7836.png,259,run_7,3,"'lone space explorer standing on a desolate yet eerie distant planet with a massive glowing gas giant looming in the horizon, highly detailed cinematic futuristic 4k digital painting masterpiece'",0.8668853044509888,0.563384473323822,38.026289547974386,0.672579
7836.png,260,run_8,1,4k digital painting of a lone astronaut in a futuristic space suit standing on a deserted planet beneath a radiant glowing gas giant,0.8560450077056885,0.5380640625953674,36.11135869911284,0.672568
7836.png,261,run_6,5,"a lone astronaut standing on a desolate alien outcropping under a colossal shining celestial sphere in the profound emptiness of space, highly detailed 8k digital painting",0.8297700881958008,0.501103937625885,28.230001276932857,0.672546
7836.png,262,run_12,2,"a lone astronaut standing on a rocky, barren, desolate planet beneath a massive, glowing orange planet in deep space",0.8764836192131042,0.625713586807251,34.44029010891571,0.672535
7836.png,263,run_10,2,"a lone astronaut standing on a desolate, otherworldly landscape beneath a colossal, shining star in the dark emptiness of space, digital masterpiece",0.8442055583000183,0.5289931297302246,33.06046899631974,0.666000
7836.png,264,run_8,4,sci-fi cinematic masterpiece of a lone astronaut standing at the edge of a vast barren wasteland beneath a radiant glowing star in deep space,0.840216875076294,0.5126923322677612,33.49380920126098,0.665075
7836.png,265,run_3,1,"Highly detailed cinematic sci-fi scene of a lone astronaut standing on a planetary surface in deep space, under the glow of a massive celestial body",0.8334565162658691,0.5027492642402649,32.429441644097814,0.661126
7836.png,266,run_12,1,"a lone astronaut standing on a planet beneath a massive glowing nebula in deep space, highly detailed sci-fi scene",0.8264803290367126,0.48673108220100403,31.170896672620454,0.661072
7836.png,267,run_3,3,"Highly detailed, realistic digital painting of a lone astronaut standing at the edge of a barren planet, with the distant glow of its dying sun and the vastness of deep space",0.8707646131515503,0.6023421287536621,37.705735304326744,0.659698
7836.png,268,run_13,1,cinematic high-resolution sci-fi scene featuring a lone astronaut standing on a desolate planet's rugged terrain beneath a massive glowing planet in deep space,0.8540897965431213,0.5785953998565674,33.05209886729738,0.658337
7836.png,269,run_8,5,digital masterpiece of a lone astronaut standing on a desolate barren icy landscape beneath a massive breathtaking shining star in deep space,0.8571960926055908,0.5764821767807007,35.43543204831534,0.655764
7836.png,270,run_2,5,"an astronaut standing isolated on a rocky, barren alien surface under a gargantuan, resplendent, starry body in the darkness of intergalactic space, highly detailed",0.8477506637573242,0.5784416198730469,30.937071860419604,0.654200
7836.png,271,run_15,3,"a lone astronaut in a tailored black suit standing at the edge of a seemingly endless, barren, dusty alien wasteland, with a radiant, gigantic, celestial body looming large in the background, highly detailed, 4k cinematic sci-fi",0.8538696765899658,0.5771559476852417,34.10517201475614,0.654117
7836.png,272,run_6,3,"a lone astronaut stands on a barren distant planet under a large shining star in the vastness of deep space, 4k highly detailed cinematic sci-fi artwork",0.8141581416130066,0.4679833948612213,29.283603128092494,0.654005
7836.png,273,run_13,2,"a lone astronaut stands on a desolate, rocky terrain of a distant planet under a massive, pulsing star in a high-fidelity digital painting",0.8738783001899719,0.6330272555351257,37.013625590660475,0.651589
7836.png,274,run_2,1,"a lone space explorer standing on a desolate alien world under a massive luminous celestial body, cinematic scene with vivid colors",0.8610723614692688,0.5740851163864136,38.93793073070887,0.650114
7836.png,275,run_2,5,"an astronaut standing alone on a vast, empty, alien expanse under a colossal, gleaming, heavenly body in the depths of interstellar space, detailed, atmospheric, digital painting",0.8249558806419373,0.49573537707328796,31.766842926628723,0.650048
7836.png,276,run_7,2,"a lone space traveler standing on a rocky outpost facing a massive glowing gas giant in deep space, with stunning nebulae and stars in the background, highly detailed cinematic sci-fi digital art",0.8635249137878418,0.6119973659515381,35.19376883342962,0.649717
7836.png,277,run_12,1,"a lone astronaut standing on the surface of a mysterious, uncharted planet beneath a colossal luminous planet in deep space, dark and moody cinematic scene",0.8497892618179321,0.565509557723999,34.70981955682243,0.649564
7836.png,278,run_8,1,highly realistic and detailed digital artwork of a lone astronaut standing on a barren frozen tundra planet beneath a massive shimmering glowing celestial entity in the galaxy,0.8996807336807251,0.6094550490379333,53.18716162662642,0.649467
7836.png,279,run_12,2,"a lone astronaut standing at the edge of a barren, rocky, asteroid-filled cliff on a hostile alien world beneath a gigantic, blazing planet in deep space, highly detailed 4k animation",0.8722777366638184,0.6013215184211731,41.22173091964668,0.648188
7836.png,280,run_6,1,"a lone astronaut standing in the foreground on a rugged alien planet beneath a brilliant shining nebula in deep space, highly detailed digital painting",0.8512635231018066,0.5722236633300781,35.11019664759273,0.647068
7836.png,281,run_13,2,"cosmic astronaut standing alone on a barren alien world under a radiant, luminous star",0.82509446144104,0.5107373595237732,30.72981628535924,0.646193
7836.png,282,run_13,1,lone astronaut standing on the edge of a massive planet's horizon beneath a breathtaking glow of a nearby celestial body in a highly detailed cosmic landscape,0.8335534334182739,0.5327737331390381,32.392745465807195,0.644152
7836.png,283,run_11,4,an astronaut in a spacesuit standing alone on a remote alien world beneath a massive radiant gas giant in deep space 8k,0.816170334815979,0.47067129611968994,32.311007417876546,0.643537
7836.png,284,run_13,2,"a lone, lone astronaut in a sleek spacesuit stands on a rugged, otherworldly terrain beneath a glowing, ethereal star in a cinematic, visually stunning scene",0.8848362565040588,0.6582580804824829,41.281179277396525,0.641660
7836.png,285,run_3,2,"Highly detailed 4k digital art of a lone astronaut standing at the edge of a massive, ancient alien structure, surrounded by the vast emptiness of space and the subtle glow of a distant, nebulous world.",0.900559663772583,0.6522067785263062,51.35158911085488,0.634633
7836.png,286,run_15,3,"a lone figure in a black spacesuit stands at the edge of a vast, desolate, alien landscape, with a glowing, enormous, stunning celestial body looming large in the background, highly detailed, film-quality, sci-fi masterpiece",0.8405236005783081,0.6030864715576172,28.98906157515954,0.633135
7836.png,287,run_11,4,an astronaut standing alone on a desolate extraterrestrial planet beneath a colossal shimmering celestial body in deep space digital painting,0.7946350574493408,0.4655570983886719,25.03161805393338,0.632547
7836.png,288,run_4,1,"highly detailed, 4k digital painting of an astronaut solo on a desolate alien world under the light of a gigantic celestial body",0.8477929830551147,0.5727264881134033,36.90912801687509,0.631593
7836.png,289,run_10,3,"an astronaut standing on a dusty, desolate alien world beneath a massive, radiant celestial body in a sea of twinkling stars, digital painting",0.8053797483444214,0.5050842761993408,25.49577981438578,0.630468
7836.png,290,run_5,5,"'a lone, isolated astronaut standing on frozen terrain within a desolate, icy landscape on a far-off alien world in deep space, with a shining celestial body dominating the dark background, highly detailed and realistic 4k digital painting'",0.8883484601974487,0.6089226007461548,52.14826744319616,0.630285
7836.png,291,run_11,1,a 4k resolution cinematic vision of a lone astronaut standing on a distant alien planet beneath a massive shimmering celestial body in deep space,0.8069846630096436,0.48795580863952637,28.722186988925372,0.629715
7836.png,292,run_6,1,"a lone space adventurer standing on a desolate extraterrestrial landscape beneath a massive glowing gas giant in deep space, cinematic masterpiece",0.8451538681983948,0.5572551488876343,38.14976253721706,0.629534
7836.png,293,run_2,1,"a lone spaceship explorer standing at the edge of a distant planet under a gigantic shining celestial giant, 4k digital painting",0.8329115509986877,0.5176644325256348,37.5929633013886,0.628880
7836.png,294,run_4,5,realistic 4k sci-fi artwork of a lone astronaut hovering in the depths of space with the atmosphere of a distant planet glowing softly beneath an intense blazing star,0.8228780627250671,0.5127981901168823,33.37041042317794,0.628811
7836.png,295,run_11,4,an isolated astronaut standing on a barren extraterrestrial landscape beneath a colossal luminous celestial body in high definition 4k,0.8283268213272095,0.5637245178222656,29.289037213539242,0.628715
7836.png,296,run_5,4,"highly detailed, photorealistic and masterfully crafted digital painting of an astronaut standing alone on the rocky, frostbitten surface of a remote alien world in the depths of the cosmos, with a majestic, glowing planet positioned prominently against the dark and inky blackness of space",0.8374171853065491,0.5855023264884949,31.047175135565453,0.627748
7836.png,297,run_15,3,"a suited astronaut standing in solitude at the edge of an arid, barren, alien terrain, with a brilliant, colossal, shimmering gas giant floating large in the background, highly detailed, highly realistic, sci-fi",0.815848708152771,0.5243777632713318,29.11662568655553,0.625747
7836.png,298,run_10,5,"astronaut standing on a desolate, rocky, alien terrain beneath a colossal, radiant astronomical body in the dark, endless vastness of space, fine art",0.8177613019943237,0.5353394150733948,28.922807396301582,0.624314
7836.png,299,run_3,2,"Ethereal digital masterpiece of a lone astronaut floating in the vast emptiness of space, next to a distant planet, surrounded by a halo of soft blue light and the faint glow of countless stars.",0.8214823007583618,0.5149455070495605,33.649212986945805,0.623400
7836.png,300,run_6,5,"a lone astronaut standing on the dusty horizon of a barren alien world under a massive starry celestial sphere in the desolate emptiness of deep space, highly detailed 4k digital illustration",0.8132290840148926,0.5381138324737549,26.81488951236881,0.622284
7836.png,301,run_14,2,"realistic, hyper-detailed depiction of a lone astronaut standing on a desert planet with a breathtaking, glowing gas giant filling the sky.",0.8248177170753479,0.5525609850883484,30.595848098431077,0.622038
7836.png,302,run_9,1,a cinematic masterpiece of a lone astronaut standing on the horizon of a barren planet beneath a massive glowing celestial body in the distance of deep space,0.8200904130935669,0.527989387512207,31.743794944859157,0.621213
7836.png,303,run_3,2,"Highly realistic 4k digital painting of a lone astronaut standing on a barren alien planet, surrounded by the inky blackness of deep space and the faint glow of a distant world, under a starry night sky.",0.8132715225219727,0.5282993912696838,28.636843562563023,0.620110
7836.png,304,run_10,4,"astronaut standing on a desolate, dusty, abandoned alien planet beneath a massive, glowing celestial body in the dark expanse of space, digital masterpiece",0.8155553936958313,0.5222668051719666,30.982680839082565,0.618221
7836.png,305,run_7,1,"'a lone astronaut standing alone on a rugged alien planet beneath a massive glowing nebula in deep space, sci-fi masterwork'",0.8129067420959473,0.5126087665557861,31.638056514047683,0.615333
7836.png,306,run_1,3,"A highly realistic, highly detailed, and cinematic 4k sci-fi artwork featuring a lone astronaut in a futuristic spacesuit standing at the edge of a dark, mysterious planet beneath a massive, glowing celestial body in the depths of space",0.8308016061782837,0.5894672274589539,30.701803993867014,0.612943
7836.png,307,run_1,3,"A highly realistic astronaut in a futuristic jumpsuit stands alone at the edge of a desolate, rocky planet beneath a gigantic, shimmering planet in the depths of space",0.8221244812011719,0.548407256603241,32.19832325797978,0.611754
7836.png,308,run_15,4,"a lone suited explorer standing at the edge of a desolate, rocky alien terrain, with a massive, glowing blue planet visible in the far background, highly detailed",0.8531922101974487,0.5997633934020996,40.562270216249345,0.611517
7836.png,309,run_13,3,"a lone astronaut standing on the edge of a barren, icy planet beneath a glowing, crystalline celestial body in the darkness of space, highly detailed low poly style",0.8287370204925537,0.5388712882995605,36.80545574694522,0.611216
7836.png,310,run_14,1,"a lone astronaut stands on a desolate alien planet beneath a stunningly bright and massive glowing celestial body in deep space, highly detailed cinematic sci-fi masterpiece",0.8138542175292969,0.5073203444480896,33.91580956428149,0.610479
7836.png,311,run_8,3,"vibrant, highly detailed, and surreal sci-fi digital painting of a lone astronaut standing on a barren, alien planet beneath a massive, glowing star in deep space",0.8059751987457275,0.4990310072898865,31.988349807128948,0.606962
7836.png,312,run_10,5,"astronaut standing on a barren, arid, extraterrestrial planet beneath a massive, shining celestial body in the darkness of space, highly detailed artwork",0.8151658773422241,0.531751275062561,32.31174611804637,0.606133
7836.png,313,run_2,1,"sci-fi astronaut standing on an alien planet with a stunningly massive glowing celestial body in the cosmos, highly detailed cinematic masterpiece",0.8435787558555603,0.5937143564224243,37.98924810430565,0.605841
7836.png,314,run_9,2,a highly realistic 4k digital painting of a lone astronaut standing on a barren planet beneath a colossal radiant star in the infinite darkness of space,0.7773612141609192,0.45863622426986694,24.224490188829016,0.603455
7836.png,315,run_3,5,"Stunningly vivid digital artwork of an astronaut standing on the edge of a cliff, looking out at a breathtaking view of the distant cosmos and their lonely home planet.",0.8872782588005066,0.6438538432121277,53.267857053651525,0.602972
7836.png,316,run_15,5,"a suited astronaut isolated in a desolate, barren, alien environment, with a massive, luminous, gas giant looming in the distance, highly detailed, 4k, futuristic",0.8050837516784668,0.5085242986679077,31.68071766147134,0.600930
7836.png,317,run_3,3,"Realistic, highly detailed digital painting of a lone astronaut descending a rocky planet's surface under the watch of a massive, distant world.",0.8677537441253662,0.6589531898498535,42.300185140637616,0.600626
7836.png,318,run_11,1,a highly detailed solo astronaut standing on a barren alien planet beneath a massive glowing celestial body in deep space cinematic sci-fi scene,0.8270068168640137,0.5624681115150452,35.367691880719974,0.600182
7836.png,319,run_1,5,"Realistic 4k sci-fi film quality image of an astronaut standing on the precipice of a barren, dusty planet beneath a massive, luminous star in space",0.835057258605957,0.5671611428260803,38.73643739408722,0.599865
7836.png,320,run_10,4,"astronaut standing on a desolate, rocky, alien expanse beneath a massive, radiant celestial body in the vast emptiness of space, photorealistic",0.8255335092544556,0.5908518433570862,31.04355397471553,0.599493
7836.png,321,run_14,3,an ultra-realistic highly detailed cinematic sci-fi artwork of a lone astronaut standing at the edge of a vast desert on a distant alien planet beneath a massive glowing celestial body in deep space,0.8571882843971252,0.6504007577896118,38.60107565409419,0.599280
7836.png,322,run_5,4,"a finely crafted realistic digital artwork of an astronaut alone on the barren and frostbitten surface of a distant celestial body in the depths of space, with a stunning planet shining brightly behind",0.8094439506530762,0.5275476574897766,32.381023093822215,0.596135
7836.png,323,run_3,5,"Highly detailed digital masterpiece of an astronaut on a remote planet, surrounded by an endless sea of stars and a faint crescent moon",0.817538857460022,0.553692638874054,33.35401062403044,0.593954
7836.png,324,run_3,5,Vibrant and realistic digital painting of a lone astronaut exploring the barren landscape of their isolated planet in a distant corner of the universe,0.86790531873703,0.6331438422203064,47.57565140497892,0.592886
7836.png,325,run_1,1,"'a highly detailed, 4k, cinematic sci-fi astronaut stands on a barren, rocky planet beneath a colossal, glowing planet in the depths of space'",0.8284334540367126,0.6110508441925049,31.65775070044793,0.591300
7836.png,326,run_10,4,"astronaut standing on a barren, dusty, desolate alien terrain beneath a massive, shining celestial body in the darkness of space, oil on canvas",0.8021486401557922,0.5284122824668884,30.569772631820676,0.588062
7836.png,327,run_5,4,"highly detailed 8k digital painting of an isolated astronaut standing on the rugged, snow-covered terrain of a frozen and inhospitable alien world in deep space, with a luminous glowing planet dominating the starry night sky",0.8473373651504517,0.6298139691352844,39.73422585778545,0.585362
7836.png,328,run_10,1,"an astronaut in a spacesuit standing on a barren planet beneath a colossal shining star in the void of space, highly detailed 4k digital art",0.8055722117424011,0.5045318007469177,36.06044890341412,0.585204
7836.png,329,run_2,5,"an isolated astronaut standing on a desolate alien terrain under a colossal, luminous, stellar body in the void of space, highly detailed, 4k",0.8075294494628906,0.5313723683357239,33.483946361914334,0.585068
7836.png,330,run_6,1,"a lone space explorer standing on the surface of a distant hostile alien world beneath a massive glowing celestial sphere in deep space, 4k cinematic sci-fi scene",0.8148108720779419,0.531424343585968,37.13610245313818,0.584568
7836.png,331,run_5,5,"'an astronaut is the sole figure standing on the icy, desolate surface of a far-off planet in deep space, with a vibrant, luminous celestial body dominating the dark background, highly realistic 8k digital painting'",0.8116103410720825,0.5429929494857788,34.18327852332891,0.583960
7836.png,332,run_13,3,"a lone figure stands on a rocky, barren planet's surface beneath a massive, glowing blue gas giant, highly realistic highly detailed, cinematic sci-fi art",0.8666946291923523,0.6538843512535095,46.37797348727737,0.583557
7836.png,333,run_15,4,"an atmospheric, highly detailed digital art piece of a suited spaceman standing at the edge of a vast, empty, alien expanse, with a massive, luminous, distant planet looming above the horizon, cinematic lighting",0.8496941328048706,0.6021348834037781,45.14211448269069,0.582798
7836.png,334,run_15,1,"an astronaut in a white space suit stands alone on a desolate, alien planet, beneath a glowing, gaseous giant in the blackness of space, highly detailed, 4k, cinematic",0.8264455795288086,0.5684168934822083,38.327851062852105,0.582671
7836.png,335,run_15,5,"a suited astronaut isolated at the edge of a vast, barren, alien expanse, with a glowing, enormous, planet looming large in the background, hyper-realistic, 8k, cinematic, space travel",0.8107959032058716,0.538517415523529,34.71297463388527,0.582513
7836.png,336,run_5,2,"'an astronaut standing isolated on a rugged and barren alien terrain in deep space, with a brilliant planet shining large in the foreground, a highly detailed and atmospheric digital work of art'",0.8116335272789001,0.5734726786613464,30.951134692616506,0.580479
7836.png,337,run_2,5,"an astronaut isolated in solitude on a barren, alien landscape under a gigantic, brilliant, shining body in the inky blackness of space, realistic",0.811372697353363,0.5713551640510559,31.190186826435326,0.580108
7836.png,338,run_1,3,"A highly detailed, cinematic, and epic vision of an astronaut in a high-tech suit standing at the edge of a barren, alien world beneath a stunning, shimmering gas giant in the vastness of space",0.8053441047668457,0.5301365256309509,34.69986292893105,0.575858
7836.png,339,run_1,2,"a lone astronaut stands at the edge of a rugged alien world beneath a massive glowing gas giant in deep space, dark and gritty sci-fi landscape",0.8110054731369019,0.5575172305107117,34.39477773220197,0.573371
7836.png,340,run_1,3,"A majestic lone astronaut in a sleek white spacesuit stands at the edge of a distant, icy planet beneath a breathtaking, glowing gas giant in the far reaches of the galaxy",0.8121339082717896,0.5287652015686035,39.432478439768126,0.570435
7836.png,341,run_4,3,"a lone astronaut floating in space with the curve of a distant planet's atmosphere beneath a blazing glowing star, highly realistic and photorealistic digital painting",0.7643596529960632,0.4392980933189392,28.23695311818316,0.569606
7836.png,342,run_13,3,"a lone space explorer standing on a distant alien world beneath a massive glowing celestial body in deep space, highly detailed cinematic sci-fi scene",0.7915837168693542,0.5063027739524841,32.910306008561335,0.568254
7836.png,343,run_11,5,a lone astronaut standing on a desolate alien world with ruins of a lost civilization beneath a luminous shimmering planet in high definition,0.8515176177024841,0.6579120755195618,41.98470502888074,0.568197
7836.png,344,run_1,4,"Highly detailed digital painting of a 4k sci-fi masterpiece featuring an astronaut standing at the edge of a barren, icy planet beneath a massive, glowing nebula",0.8702876567840576,0.6571776270866394,51.68230353649179,0.566178
7836.png,345,run_2,3,highly detailed space scene with astronaut on distant planet under enormous star,0.7832221984863281,0.5178514122962952,28.191203488476493,0.564411
7836.png,346,run_1,1,"'epic digital artwork of a lone astronaut standing proudly on a remote, icy planet beneath a gargantuan, glowing celestial body in the depths of space, highly detailed'",0.8265266418457031,0.5900948643684387,39.71079377019888,0.564304
7836.png,347,run_10,2,"an astronaut standing on a rocky, desolate alien world beneath a colossal, shining nebula in the dark emptiness of space, 4k digital art",0.8223890662193298,0.5852705240249634,38.671841483395966,0.562846
7836.png,348,run_1,1,"'a lone, highly detailed astronaut stands heroically on a rugged, barren planet beneath a gigantic, luminous celestial body in the dark, boundless expanse of space, 4k masterpiece'",0.804970383644104,0.5782960057258606,31.133258877396752,0.562782
7836.png,349,run_8,4,highly detailed realistic sci-fi artwork of a lone astronaut on a desolate barren alien world beneath a massive shining star in space,0.7865935564041138,0.510030210018158,31.96416884196817,0.559647
7836.png,350,run_8,1,a realistic sci-fi scene of a lone astronaut standing on a desolate alien world beneath a colossal glowing blue supergiant in the dark vastness of space,0.8226482272148132,0.5717183351516724,41.33407162789716,0.559632
7836.png,351,run_10,5,"highly detailed, photorealistic astronaut standing on a barren, rocky, dusty alien world beneath a massive, glowing celestial body in the inky blackness of space",0.8190796971321106,0.593967080116272,36.74736053837804,0.559189
7836.png,352,run_14,5,"a lone astronaut standing on the surface of a distant desert planet beneath a colossal bright star in deep space, highly detailed realistic sci-fi scene",0.7659334540367126,0.4870530962944031,25.602694000114063,0.556831
7836.png,353,run_3,2,"Vibrant digital art of a lone astronaut exploring the rugged landscape of a mysterious alien world, surrounded by the endless stars and the subtle gradient of colors in a distant galaxy.",0.8692576289176941,0.7104547023773193,47.01264356087313,0.553557
7836.png,354,run_11,2,a majestic and detailed astronaut is standing on a rocky alien world beneath a massive shimmering gas giant in the dark depths of space,0.7963969707489014,0.5368759036064148,34.73422375052456,0.552858
7836.png,355,run_8,5,highly realistic 4k digital art of a lone astronaut standing on a frozen barren icy planet beneath a colossal breathtaking glowing star in the depths of space,0.831683874130249,0.6058400273323059,43.40270891487593,0.550068
7836.png,356,run_13,3,"a lone figure stands alone on a desolate, crimson-hued planet's surface at the base of a shimmering, iridescent gas giant, highly realistic digital painting",0.8040695190429688,0.5696938037872314,34.88720318662814,0.549498
7836.png,357,run_1,4,"Highly detailed, hyper-realistic digital painting of a 4k sci-fi masterpiece featuring an astronaut in a spacesuit standing at the edge of a vast, barren planet beneath a massive, glowing star.",0.789143443107605,0.5424498319625854,31.280698915004816,0.549304
7836.png,358,run_14,4,a lone astronaut exploring the surface of a distant desert planet with a barren and rocky terrain beneath a colossal glowing alien world in the depths of space,0.8475852012634277,0.6835018992424011,42.046564800444905,0.544818
7836.png,359,run_13,2,"an astronaut in a futuristic suit stands on a deserted planetary surface beneath an enormous, shining celestial body in space",0.800611674785614,0.5730305314064026,35.15214519181914,0.539091
7836.png,360,run_10,5,"astronaut standing on a rugged, barren, moon-like alien landscape beneath a bright, shining star in the vastness of space, highly detailed digital painting",0.8002060651779175,0.6010462641716003,34.09694838473253,0.526647
7836.png,361,run_14,2,"highly detailed rendering of an astronaut alone on a desolate, sandy dune-covered planet with a stunning, glowing orange gas giant hanging low in the sky",0.8127028346061707,0.6255974769592285,37.39584461472913,0.524588
7836.png,362,run_8,3,"cinematic and highly detailed digital artwork of a lone astronaut standing on a barren, icy planet beneath a glowing, vibrant star",0.8484692573547363,0.6777237057685852,48.39254820678938,0.522402
7836.png,363,run_6,2,"a lone astronaut standing on a desolate distant planet under a massive shining star in deep space, highly detailed 4k cinematic sci-fi artwork",0.7419388294219971,0.47430485486984253,26.28436378851639,0.510382
7836.png,364,run_8,3,"vibrant and highly detailed 4k sci-fi artwork of an astronaut standing alone on a desolate, dusty planet beneath an enormous shining star",0.8031220436096191,0.5733950138092041,43.08541012482179,0.509665
7836.png,365,run_4,1,"an astronaut in a worn spacesuit stands at the edge of a barren, rocky cliff on a desolate alien world beneath a massive, radiant glowing planet in deep space, cinematic",0.8101791739463806,0.6375651955604553,38.1629604370642,0.508990
7836.png,366,run_7,3,"'an astronaut in a worn spacesuit on a barren and unforgiving extraterrestrial landscape with a stunning gas giant rising above the skyline, highly detailed cinematic futuristic 4k digital painting'",0.8047561049461365,0.6092751026153564,39.3598100161081,0.508626
7836.png,367,run_15,2,"'a lone, suited astronaut standing at the edge of a vast, harsh, alien wasteland, with a glowing, massive, crimson planet looming large in the background, highly detailed, cinematic, 4k sci-fi",0.8040792346000671,0.6291837692260742,36.79726993858495,0.506850
7836.png,368,run_1,4,"Highly detailed 8k sci-fi cinematic masterpiece of a lone astronaut standing at the edge of a harsh, rocky planet beneath a giant, pulsating celestial body",0.8064209222793579,0.6404953002929688,37.29332731635219,0.503120
7836.png,369,run_8,3,"highly realistic and highly detailed sci-fi masterpiece of a lone astronaut standing on a barren, barren planet near a massive glowing star in deep space",0.7717963457107544,0.5636633038520813,30.722379984880764,0.502726
7836.png,370,run_7,1,"'a lone astronaut in a worn spacesuit, standing on a barren planet's surface, beneath a massive glowing planet in deep space, 4k digital art'",0.7723313570022583,0.5422735810279846,33.9171160710601,0.502305
7836.png,371,run_2,3,a lone space explorer standing on a barren alien world beneath a colossal blazing blue giant in deep space,0.798620343208313,0.5708187818527222,44.47442497174102,0.495567
7836.png,372,run_3,4,"Realistic highly detailed digital painting of a lone astronaut standing on a barren rocky surface of a distant planet, with a massive world looming large in the background",0.8312952518463135,0.6662339568138123,48.81303759962794,0.490816
7836.png,373,run_15,5,"a lone, suited astronaut standing at the forefront of a vast, arid, alien wasteland, with a glowing, enormous, celestial body looming large in the background, hyper-realistic, cinematic, sci-fi",0.7840161919593811,0.5973135828971863,36.020032811160604,0.486125
7836.png,374,run_15,5,"an astronaut standing at the center of a desolate, barren, alien landscape, with a massive, luminous, celestial body looming in the background, highly detailed, digital painting, sci-fi",0.758061945438385,0.5598248243331909,28.50730195672484,0.485483
7836.png,375,run_2,2,"a majestic, 4k astronaut standing on rocky terrain, overlooking a breathtaking, glowing, and serene alien world, cinematic, sci-fi masterpiece",0.8535778522491455,0.6930578947067261,57.750184998759536,0.483636
7836.png,376,run_8,2,"cinematic, high-resolution sci-fi image of a lone figure in a spacesuit standing on a barren, dusty planet beneath a glowing, radiant star in space",0.7921022176742554,0.6298739314079285,37.490828647665566,0.478054
7836.png,377,run_5,5,"'an astronaut stands isolated on the barren, rocky surface of a distant alien planet, with a stunning, vibrant planet hanging in the background, high definition digital painting'",0.7885624766349792,0.6395075917243958,36.42722371411614,0.469620
7836.png,378,run_10,3,"an astronaut standing in the foreground of a dusty, desolate alien world with a massive, radiant celestial body looming in the background, fine art oil painting",0.7828983068466187,0.6069384217262268,38.39798641164809,0.467847
7836.png,379,run_14,1,"a lone astronaut stands alone on a distant alien world beneath a colossal glowing celestial body in deep space, masterfully rendered cinematic sci-fi artwork",0.7445888519287109,0.5005466938018799,35.94270091190411,0.458798
7836.png,380,run_5,1,"lone astronaut standing on an uncharted planet in a dimly lit corner of a vast galaxy, beneath a colossal glowing planet with a vibrant atmosphere, sci-fi masterpiece",0.7597454190254211,0.6010923981666565,32.431842615226735,0.448135
7836.png,381,run_4,2,"a lone astronaut in a worn spacesuit standing at the bottom of a deep crater on a barren alien planet beneath a massive blazing sun in deep space, highly detailed film-like scene",0.7508805990219116,0.5983495712280273,30.21226587414815,0.440597
7836.png,382,run_14,4,"a lone astronaut standing on the dusty surface of a desolate desert planet, surrounded by ancient ruins beneath a colossal orange glowing planet in a boundless galaxy",0.8573054075241089,0.8111306428909302,56.816994131540916,0.427413
7836.png,383,run_2,4,"a brave astronaut standing on the surface of a remote, rugged planet near a colossal, radiant, star in the depths of space, highly realistic, cinematic masterwork",0.7465713024139404,0.5836279988288879,35.17325245526996,0.418371
7836.png,384,run_14,5,"an astronaut in a long coat walks on the barren surface of a lonely desert planet under a vibrant giant celestial body, 4k cinematic masterpiece",0.7448939085006714,0.611194908618927,37.48991920137254,0.388813
7836.png,385,run_14,5,"an isolated astronaut kneels on a rocky outcropping on the outskirts of a desolate desert planet, with a blazing massive red giant shining brightly in the background, high-definition cinematic film",0.8106192350387573,0.7934996485710144,51.77138697777823,0.360634
7836.png,386,run_13,2,"highly detailed astronaut standing at the edge of a cliff on a mysterious, extraterrestrial planet beneath a brilliant, blue-white star",0.7765289545059204,0.7150799632072449,46.41032564509575,0.357022
7836.png,387,run_2,3,sci-fi cinematic landscape,0.8562381863594055,0.8018535375595093,79.93999969990016,0.329848
7836.png,388,run_3,3,Realistic 4k digital painting of a lone astronaut in a worn spacesuit on a desolate alien world,0.7497224807739258,0.6922118067741394,45.16363814281906,0.318853
7836.png,389,run_7,1,"'an astronaut in a sleek white spacesuit, standing on a desolate planet's surface, beneath a massive glowing celestial body in deep space, cinematic'",0.7036947011947632,0.5832366943359375,39.56307394271952,0.308634
7836.png,390,run_14,5,"a lone spacesuit-clad figure stands on the arid terrain of a far-off desert planet, bathed in the warm glow of a nearby enormous celestial body, highly detailed photorealistic digital art",0.8058245182037354,0.8133136630058289,66.05508197813934,0.276851
1159_25.png,1,run_15,4,"realistic high-definition product photography of a glass of freshly squeezed orange juice with vibrant orange slices arranged artfully around it, in a 4k resolution masterpiece",0.9474411010742188,0.3397817313671112,34.54101954560693,0.981927
1159_25.png,2,run_4,5,"a close-up shot of a freshly squeezed glass of orange juice, placed on a rich, well-polished, natural wooden background, high-resolution, 4k, detailed, realistic product photography",0.940341055393219,0.35269856452941895,34.11781271159999,0.970504
1159_25.png,3,run_15,4,"highly detailed and realistic product photography of a glass of freshly squeezed orange juice with bright orange slices scattered artfully around it, captured in a 4k ultra-high-definition image",0.941723108291626,0.3560662269592285,35.311076537842816,0.963986
1159_25.png,4,run_1,3,"a glass of freshly squeezed orange juice with a few slices of juicy orange floating in it, captured in stunning high resolution",0.938640832901001,0.35732629895210266,35.45626002186039,0.959413
1159_25.png,5,run_4,4,"a close-up shot of a glass of freshly squeezed orange juice, placed on a rich, aged natural wood background, extremely detailed, 4k resolution, warm inviting professional product photography",0.9416400790214539,0.39988112449645996,32.167835563544024,0.959099
1159_25.png,6,run_11,4,"highly detailed 8k digital painting of a glass of freshly squeezed orange juice with sliced oranges, a few orange peels scattered around the rim, soft focus photography style",0.9477846026420593,0.3779419958591461,35.912305920724336,0.956396
1159_25.png,7,run_11,2,"realistic 4k image of a glass of orange juice with sliced oranges, a few orange peels scattered around, soft focus",0.9425056576728821,0.3865627348423004,34.47113367644034,0.954334
1159_25.png,8,run_6,2,"highly detailed product photography of a glass of freshly squeezed orange juice with real orange slices around it, warm natural lighting",0.9366277456283569,0.36514729261398315,36.34352822717638,0.948822
1159_25.png,9,run_8,1,"a close-up photograph of a glass of orange juice with orange slices garnish, realistic, high-definition, sunlight pouring in",0.9439693689346313,0.3738601803779602,37.86028772212741,0.944151
1159_25.png,10,run_9,4,"ultra-realistic detailed product photography of a glass of orange juice with sliced oranges arranged in a circular pattern around it, warm golden soft light, high resolution",0.9368469715118408,0.3763187527656555,36.402003327615695,0.943282
1159_25.png,11,run_6,4,"highly detailed 4k resolution product photography of a glass of freshly squeezed orange juice with garnished orange slices, warm golden light",0.9434922933578491,0.38373398780822754,37.401805657453195,0.941256
1159_25.png,12,run_6,1,"highly detailed product photography of a glass of orange juice with fresh orange slices around it, warm golden lighting",0.9420897960662842,0.38290899991989136,37.58564661335547,0.939236
1159_25.png,13,run_8,5,"a beautiful, natural-light photograph of a glass of orange juice with sliced oranges artfully arranged on the rim, masterpiece quality",0.940007746219635,0.39767903089523315,36.11367923570837,0.937641
1159_25.png,14,run_15,1,"realistic product photography of a glass of freshly squeezed orange juice with bright orange slices around it, highly detailed, 4k resolution",0.9358749389648438,0.38605162501335144,36.80465321968212,0.935394
1159_25.png,15,run_1,4,"a glass of freshly squeezed orange juice with a few perfectly sliced oranges floating in it, captured in highly detailed 4k resolution",0.9362188577651978,0.39517658948898315,36.284967005794805,0.934037
1159_25.png,16,run_9,4,"realistic detailed and vibrant product photography of a glass of orange juice with sliced oranges garnishing it, soft warm golden natural light, high definition",0.9380964636802673,0.40445011854171753,36.214411771731314,0.931823
1159_25.png,17,run_11,5,"highly detailed 8k digital oil painting of a glass of freshly squeezed orange juice with sliced oranges, a few orange peels scattered around the rim, soft focus photography style",0.928712010383606,0.3939874768257141,35.43874983315652,0.931319
1159_25.png,18,run_15,2,"detailed, realistic product photography of a glass of freshly squeezed orange juice with a cluster of bright orange slices scattered around it",0.9364878535270691,0.3836658000946045,37.971107348099835,0.931032
1159_25.png,19,run_11,5,"vibrant 8k digital painting of a glass of freshly squeezed orange juice with sliced oranges, a few orange peels scattered around the rim, warm lighting, soft focus",0.9407650232315063,0.4061511158943176,36.80767567668188,0.930620
1159_25.png,20,run_5,5,highly detailed still life of a glass of freshly squeezed orange juice with thick orange slices and crushed ice cubes in warm golden natural light,0.940199077129364,0.35925641655921936,41.23909640588809,0.929535
1159_25.png,21,run_13,4,"highly detailed glass of freshly squeezed orange juice beside a vibrant cluster of sliced oranges, 4k photo, soft focus, warm and inviting ambiance",0.9373703002929688,0.39446455240249634,37.821320369122425,0.927461
1159_25.png,22,run_15,2,"realistic high-definition product photography of a glass of freshly squeezed orange juice with vibrant bright orange slices arranged around it, ultra-high resolution, 4k masterpiece",0.9322524070739746,0.39323145151138306,37.01139902627467,0.927045
1159_25.png,23,run_15,2,"photorealistic depiction of a glass of freshly squeezed orange juice with bright orange slices garnishing it, highly detailed",0.9301968812942505,0.3995615839958191,36.208649378720146,0.926066
1159_25.png,24,run_6,5,"detailed 8k resolution product still life of a glass of orange juice, orange slices as garnish, subtle warm highlights",0.9463788866996765,0.41792231798171997,38.09844043351003,0.923861
1159_25.png,25,run_11,3,"a hyper-realistic 4k image of a glass of orange juice with sliced oranges and some scattered peel, natural light and warm colors",0.9377692341804504,0.4207511246204376,36.32494698427478,0.922937
1159_25.png,26,run_14,4,"highly detailed, high-resolution product photograph of a glass of orange juice with a slice of orange and a few ice cubes, softly lit by a warm golden glow",0.9159471988677979,0.39083659648895264,35.355879501924946,0.920085
1159_25.png,27,run_11,5,"ultra realistic 4k digital artwork of a glass of freshly squeezed orange juice with sliced oranges, a few orange peels scattered around the rim, slight blur effect",0.9158809185028076,0.382022500038147,36.6245877036944,0.917621
1159_25.png,28,run_9,1,"realistic detailed product photography of a glass of orange juice with sliced oranges surrounding it, soft warm golden light, high resolution",0.9497960805892944,0.4428091049194336,37.65144886945788,0.917601
1159_25.png,29,run_2,5,"highly detailed, realistic 4k product photography of a glass of freshly squeezed orange juice with perfectly arranged fresh orange slices around it, warm, golden, soft natural lighting",0.9305094480514526,0.4084480404853821,37.1042511082466,0.917317
1159_25.png,30,run_4,5,"a close-up low-angle shot of a glass of freshly squeezed orange juice, set against a warm, inviting, rich natural wood background, highly detailed, 4k, photorealistic product image",0.9275270700454712,0.39655163884162903,37.66917545362056,0.917058
1159_25.png,31,run_11,4,"photorealistic 4k image of a glass of orange juice with sliced oranges, orange peels scattered at foot, slight movement blur",0.928908109664917,0.40356624126434326,37.36572613265495,0.916663
1159_25.png,32,run_14,4,"highly detailed and realistic product photo of a glass of orange juice with a slice of orange and a few ice cubes, warm golden lighting",0.9206929206848145,0.4035014510154724,35.941551853343164,0.915716
1159_25.png,33,run_6,5,"highly detailed realistic 4k resolution product photography of a glass of freshly squeezed orange juice with garnished orange slices, soft warm golden light",0.9394394159317017,0.42305517196655273,37.837295541345206,0.915551
1159_25.png,34,run_8,3,"vibrant close-up photograph of a glass of orange juice with orange slices garnish, highly detailed, 4k, realistic, sunlight pouring in",0.9400949478149414,0.4082806706428528,39.36538693405058,0.915375
1159_25.png,35,run_14,2,"highly detailed product photo of a glass of orange juice with a slice of orange and a few ice cubes, warm golden lighting",0.9420185089111328,0.42466986179351807,38.3109985595765,0.914929
1159_25.png,36,run_11,3,"a 4k digital masterpiece of a glass of orange juice with sliced oranges and a few orange peels arranged in a natural setting, soft focus",0.9450584650039673,0.44095250964164734,37.47785070282597,0.914521
1159_25.png,37,run_14,1,"a beautifully styled glass of orange juice with slices of orange nestled around it, highly detailed, soft focus",0.9372036457061768,0.4247879087924957,37.98033352248221,0.911635
1159_25.png,38,run_15,5,realistic high-fidelity 4k product photography of a glass of freshly squeezed orange juice with vibrant orange slices arranged skillfully around it in a 4k resolution photorealistic work,0.935386061668396,0.4378996789455414,36.510944539074096,0.911110
1159_25.png,39,run_3,5,"Highly detailed 4k digital photography of a glass of freshly squeezed orange juice with real orange slices, warm golden morning lighting",0.9386882781982422,0.42157042026519775,39.16121423884847,0.908505
1159_25.png,40,run_2,1,"highly detailed realistic product photography of a glass of orange juice with fresh orange slices around it, warm golden lighting",0.9379863142967224,0.4378911852836609,37.61793702049579,0.907958
1159_25.png,41,run_7,1,"highly detailed realistic product photography of a glass of orange juice with fresh orange slices around it, warm golden lighting",0.9379863142967224,0.4378911852836609,37.61793702049579,0.907958
1159_25.png,42,run_4,5,"a beautiful, highly detailed close-up of a glass of freshly squeezed orange juice, resting on a rich, natural wood background, perfectly lit, 4k resolution, warm inviting product photography",0.9238149523735046,0.42124563455581665,36.74060579785595,0.906057
1159_25.png,43,run_3,3,"'realistic 4k digital photo of a glass of orange juice with fresh orange slices, warm morning lighting', high quality, sharp",0.935076117515564,0.4363766312599182,37.63745889484904,0.905582
1159_25.png,44,run_5,3,"a glass of freshly squeezed orange juice with orange slices and ice cubes, highly detailed still life photography, warm golden natural light, shallow depth of field",0.9373311996459961,0.3959108293056488,41.98360663431009,0.904727
1159_25.png,45,run_2,2,highly detailed photorealistic product photography of a glass of freshly squeezed orange juice with fresh orange slices around it in warm golden natural light,0.9382452368736267,0.4458487927913666,37.800769483959755,0.903372
1159_25.png,46,run_8,4,"a close-up shot of a glass of orange juice with orange slices garnish, highly detailed, high-definition, natural sunlight",0.9368857145309448,0.4134029448032379,40.58211838411268,0.903124
1159_25.png,47,run_12,5,a realistic warm and inviting 4k digital painting of a glass of chilled ice-cold freshly squeezed orange juice with a twist of citrus peel surrounded by colorful slices,0.925723135471344,0.4000512659549713,39.710501392050126,0.902698
1159_25.png,48,run_1,4,"a close-up of a glass containing freshly squeezed orange juice with thin slices of juicy orange, photographed in sharp focus",0.9392168521881104,0.4104124903678894,41.658716852282495,0.901310
1159_25.png,49,run_2,2,photorealistic close-up product photography of a glass of fresh orange juice with sliced oranges and a few ice cubes around it in a warm golden and natural outdoor lighting setup,0.9410919547080994,0.4412400424480438,39.65682108956947,0.898765
1159_25.png,50,run_5,5,"a highly detailed photorealistic still life of a glass of freshly squeezed orange juice with thinly sliced oranges and a few ice cubes in shallow focus, lit by a single warm golden spotlight",0.9349102973937988,0.45118939876556396,37.69739773215609,0.897858
1159_25.png,51,run_4,3,"'a close-up shot of a glass of freshly squeezed orange juice, placed on a beautifully distressed natural wood background, highly detailed and 4k resolution, warm inviting professional product photography'",0.9366398453712463,0.4633451998233795,36.95644516334503,0.897623
1159_25.png,52,run_8,5,"a bright and airy photograph of a glass of orange juice with a garnish of sliced orange, highly detailed, 4k",0.9301968812942505,0.40190619230270386,41.434435192845,0.897315
1159_25.png,53,run_11,3,"a highly detailed and realistic 4k image of a glass of orange juice with sliced oranges and some scattered peel, warm colors",0.9347230195999146,0.4291515350341797,40.07832830018243,0.895853
1159_25.png,54,run_8,2,"'a close-up photograph of a glass of freshly squeezed orange juice with orange slices garnish, hyper-realistic, 8k resolution, direct sunlight pouring in'",0.9326679110527039,0.4344581663608551,39.19985651550791,0.895774
1159_25.png,55,run_6,3,"highly detailed 4k product photography of a glass of orange juice with orange slices on a clean wooden table, soft natural light",0.9388173818588257,0.4440476894378662,39.82955762915128,0.894127
1159_25.png,56,run_12,5,an extremely detailed realistic warm and inviting photograph of a glass of ice-cold freshly squeezed orange juice with a twist of citrus peel surrounded by colorful slices,0.9329969882965088,0.414090633392334,41.60429978034982,0.893364
1159_25.png,57,run_11,1,"detailed and realistic digital painting of a glass of orange juice with sliced oranges and a vintage background, soft focus effect",0.9253143072128296,0.4540908932685852,36.53119228119054,0.892669
1159_25.png,58,run_1,5,"a tall clear glass filled with a glass of freshly squeezed orange juice and a few slices of juicy, ripe oranges floating in it, captured in a highly detailed and realistic 4k style",0.9234375953674316,0.44209128618240356,37.47802838197953,0.891587
1159_25.png,59,run_14,3,"highly detailed realistic photo of a glass of orange juice with a slice of orange and a few ice cubes, warm golden lighting",0.9290878772735596,0.44924142956733704,38.63696968315008,0.887820
1159_25.png,60,run_11,5,"photorealistic 8k digital art of a glass of freshly squeezed orange juice with sliced oranges, a few orange peels scattered around the rim, dramatic lighting, slight lens distortion",0.9257612228393555,0.4312885105609894,39.730481452347966,0.887371
1159_25.png,61,run_3,4,"ultra high definition digitally crafted photo of a glass of orange juice garnished with a fresh slice of orange, golden morning light",0.9297224283218384,0.45549413561820984,38.286416279673354,0.887274
1159_25.png,62,run_15,3,highly detailed and realistic 4k resolution product still life of a glass of freshly squeezed orange juice with a few slices of orange arranged in a visually appealing pattern around it,0.9082339406013489,0.4314032793045044,36.50783629272691,0.886199
1159_25.png,63,run_7,1,"a 4k resolution, highly detailed photograph of a glass of orange juice on a wooden table with fresh orange slices around it",0.9216635823249817,0.4351573586463928,39.27880032395519,0.883626
1159_25.png,64,run_9,2,"photorealistic highly detailed digital art of a glass of freshly squeezed orange juice with sliced oranges surrounding it, soft warm natural light, 8k resolution",0.9249972105026245,0.4574640989303589,38.323016937392886,0.881228
1159_25.png,65,run_8,4,"a realistic close-up photograph of a glass of freshly squeezed orange juice with orange slices garnish, high-definition, soft sunlight, shallow depth of field",0.9258086085319519,0.42148059606552124,42.03891043675006,0.880018
1159_25.png,66,run_6,5,"highly detailed realistic 4k resolution product still life of a glass of freshly squeezed orange juice with sliced oranges, warm golden sunlight, shallow depth of field",0.9326833486557007,0.45875293016433716,40.001596736827494,0.879686
1159_25.png,67,run_2,5,"highly realistic, detailed product photography of a glass of orange juice with a few slices of orange and a sprinkle of pulp nearby, rich warm golden light",0.9353691339492798,0.4608088433742523,40.493215515056875,0.878864
1159_25.png,68,run_2,5,"highly detailed, realistic 4k commercial photography of a glass of freshly squeezed orange juice with a few slices of orange and a few ice cubes, warm golden light, neutral background",0.9423197507858276,0.461323618888855,42.07924287932258,0.877428
1159_25.png,69,run_14,1,"highly detailed realistic glass of orange juice with fresh orange slices garnishing it, product photography, warm golden lighting",0.947259783744812,0.493687242269516,40.070304764110645,0.877342
1159_25.png,70,run_11,3,a photorealistic 4k digital painting of a glass of orange juice with sliced oranges and some peels in the background,0.9462167024612427,0.5067965388298035,38.7774278417888,0.876688
1159_25.png,71,run_5,1,"a glass of freshly squeezed orange juice with orange slices and ice cubes around it, highly detailed realistic product photography, warm golden lighting",0.9401339888572693,0.4627639353275299,41.66679031692807,0.876641
1159_25.png,72,run_10,2,"a close-up, highly realistic still life of a glass of orange juice with sliced oranges and a green leaf, warm natural lighting, 4k product image",0.9262809753417969,0.48650529980659485,36.89398400484778,0.875917
1159_25.png,73,run_7,4,"highly detailed realistic product photography of a glass of orange juice with a few fresh orange slices and a sprig of rosemary around it, warm golden light",0.9147074222564697,0.4394344091415405,38.99976992924166,0.875811
1159_25.png,74,run_3,4,"realistic 4k digital still life of a glass of orange juice with a few fresh orange slices, subtle warm glow",0.9423569440841675,0.481838583946228,40.678441946796966,0.874844
1159_25.png,75,run_7,5,highly realistic product photography of a glass of orange juice with real orange slices on a rustic wooden table warm golden natural light,0.9295842051506042,0.4762234389781952,39.07094126820209,0.872860
1159_25.png,76,run_3,3,"'realistic 4k digital photo of a glass of orange juice with fresh orange slices, warm morning lighting', highly detailed",0.9287212491035461,0.40564286708831787,45.5416216518982,0.872267
1159_25.png,77,run_6,1,"a still life of a glass of orange juice with slices of fresh orange and a linen background, highly detailed realistic digital photography",0.9474983215332031,0.455730676651001,44.62158209032118,0.872090
1159_25.png,78,run_11,3,"realistic highly detailed 4k image of a glass of fresh orange juice with sliced oranges and a few scattered orange peels, soft focus",0.9343398809432983,0.47914114594459534,40.178739239808145,0.870504
1159_25.png,79,run_11,1,"highly realistic and photorealistic image of a glass of orange juice with sliced oranges, 4k resolution",0.9297330975532532,0.4667202830314636,40.473201039653325,0.870249
1159_25.png,80,run_1,2,"a glass of orange juice with a few slices of orange floating in it, ultra-high resolution realistic product photography, warm and subtle natural light",0.9367879629135132,0.47950512170791626,40.7374964979679,0.869908
1159_25.png,81,run_3,3,"'realistic 4k digital photo of a glass of orange juice with fresh orange slices, warm morning lighting', masterpiece",0.941586971282959,0.5071791410446167,39.50450455545753,0.867869
1159_25.png,82,run_1,5,"a delicate glass containing a refreshing glass of freshly squeezed orange juice with a few slices of succulent juicy orange floating in it, photographed in a stunning 4k digital painting style",0.9123526215553284,0.49657344818115234,34.91783768524478,0.867022
1159_25.png,83,run_7,1,"a close-up of a glass of orange juice with fresh orange slices around it, highly detailed and realistic product photography",0.9285193681716919,0.44054552912712097,43.30910796827629,0.866800
1159_25.png,84,run_9,5,"warm and inviting ultra-realistic product photography of a glass of orange juice with sliced oranges, soft focus effect, golden light, high quality",0.9274583458900452,0.46183663606643677,41.362642281358035,0.865582
1159_25.png,85,run_2,5,"highly detailed digital painting of a glass of freshly squeezed orange juice with fresh orange slices around it, warm vibrant golden light, subtle texture",0.9254580736160278,0.45670467615127563,41.45343177399539,0.865539
1159_25.png,86,run_9,5,"ultra-realistic digital painting of a glass of orange juice with sliced oranges arranged in a circular pattern, warm golden light, high resolution, highly detailed",0.9387610554695129,0.492934912443161,40.71840161182938,0.865490
1159_25.png,87,run_1,4,"a glass of freshly squeezed orange juice with several thin slices of orange floating inside, captured in high resolution with a shallow depth of field",0.9305095672607422,0.42886489629745483,45.23566340947609,0.864389
1159_25.png,88,run_9,3,"highly detailed still life of a glass of freshly squeezed orange juice with sliced oranges, soft warm natural light",0.9293966293334961,0.4738125205039978,40.95120362440841,0.863911
1159_25.png,89,run_9,1,"realistic highly detailed product photography of a glass of fresh squeezed orange juice with real orange slices around it, warm soft golden lighting",0.9328171014785767,0.4807954728603363,41.265395878932196,0.862380
1159_25.png,90,run_14,5,"highly detailed product style photo of a glass of freshly squeezed orange juice with a slice of orange and a few ice cubes, soft warm golden morning lighting",0.9255229234695435,0.4334118068218231,44.31544292995693,0.861867
1159_25.png,91,run_9,5,"ultra-realistic highly detailed product photography of a glass of orange juice with sliced oranges arranged in a circular pattern around it, warm golden soft natural light, 4k resolution",0.9281002879142761,0.48800814151763916,39.88826252744541,0.861249
1159_25.png,92,run_13,4,"a crystal glass of freshly squeezed orange juice beside a stunning cluster of fresh orange slices, 4k masterpiece, soft focus, warm and cozy glow",0.9341356158256531,0.46366727352142334,43.549026073361226,0.860049
1159_25.png,93,run_3,5,"Realistic, high-definition digital still life photograph of a glass of orange juice with authentic orange slices in warm morning light",0.9438748359680176,0.5088786482810974,41.305848065380744,0.859891
1159_25.png,94,run_2,2,highly realistic and detailed 4k product image photography of a glass of orange juice with fresh fruit slices around it under warm softbox lights,0.9322271943092346,0.4766995310783386,42.1037784747064,0.859341
1159_25.png,95,run_13,5,"highly detailed glass of freshly squeezed orange juice and sliced oranges on a minimalist surface, 4k, vibrant colors, warm and inviting",0.926719069480896,0.5036518573760986,38.59417538587916,0.859013
1159_25.png,96,run_11,2,"photorealistic highly detailed 4k image of a glass of orange juice with sliced oranges, morning light pouring in",0.9409799575805664,0.5263117551803589,39.30663819696047,0.858938
1159_25.png,97,run_7,5,highly detailed realistic still life photography of a glass of freshly squeezed orange juice with real orange slices and a sprinkle of sugar on a distressed wooden table warm soft golden natural light,0.9466342329978943,0.5218333601951599,40.91615722919213,0.858476
1159_25.png,98,run_10,3,"highly detailed, cinematic still life of a glass of orange juice with sliced oranges, a sprig of rosemary, and a few ice cubes, warm natural softbox lighting, 6k commercial product image",0.9161587357521057,0.477245956659317,39.077389270291505,0.858431
1159_25.png,99,run_1,3,photorealistic 4k product photography of a glass containing orange juice and floating slices of orange,0.931769609451294,0.48134440183639526,41.771218531210025,0.858355
1159_25.png,100,run_4,2,"a close-up of a glass of freshly squeezed orange juice set against a natural wood background, warm and inviting professional product photography",0.929119348526001,0.4864996075630188,40.839068353017296,0.858018
1159_25.png,101,run_15,2,"a beautiful, highly realistic still life of a glass filled with freshly squeezed orange juice surrounded by bright orange slices, 4k ultra-high resolution",0.9233376979827881,0.4584646224975586,42.42602686268194,0.857347
1159_25.png,102,run_2,4,"highly realistic 4k rendering of a glass of orange juice with vibrant orange slices and a delicate, intricate glass, soft warm light",0.9296287298202515,0.4870831072330475,41.05164113968529,0.857137
1159_25.png,103,run_2,3,"highly detailed realistic product photography of a glass of fresh orange juice with sliced oranges arranged around it, soft warm golden lighting",0.938064455986023,0.5256322026252747,39.218375404283506,0.856719
1159_25.png,104,run_8,4,"a realistic close-up high-definition 4k photograph of a glass of orange juice with sliced oranges garnish, sunlight shining through",0.9325389862060547,0.49754172563552856,40.84610681712599,0.856126
1159_25.png,105,run_3,1,"'realistic 4k digital photo of a glass of orange juice with fresh orange slices, warm morning lighting'",0.9399648904800415,0.5157954692840576,40.715464395691846,0.855583
1159_25.png,106,run_3,1,"'a glass of orange juice with fresh orange slices and ice cubes, highly detailed realistic product photography, soft warm natural light'",0.929556667804718,0.4912896454334259,40.99423166168593,0.855311
1159_25.png,107,run_13,1,"a perfectly poured glass of orange juice beside a cluster of bright orange slices, 4k photo, soft focus, warm and cozy ambiance",0.9359619617462158,0.4871428310871124,42.68761576838568,0.855021
1159_25.png,108,run_1,5,"a glass of vibrant freshly squeezed orange juice with a few slices of fragrant juiciest oranges floating in it, captured in a highly detailed masterpiece style",0.9094361066818237,0.4483371376991272,41.10309574472006,0.854896
1159_25.png,109,run_5,3,"a glass of freshly squeezed orange juice with orange slices and crushed ice, highly detailed realistic product photography, warm natural lighting, minimalist background",0.9196233749389648,0.45567160844802856,42.510505172453314,0.854421
1159_25.png,110,run_12,4,"'a close-up of a glass of chilled ice-cold freshly squeezed orange juice with a twist of citrus peel surrounded by colorful slices, highly detailed realistic intimate warm lighting'",0.9257687330245972,0.4271825850009918,46.42515997321098,0.854021
1159_25.png,111,run_9,2,"realistic detailed still-life product photography of a glass of orange juice with sliced oranges and lemons surrounding it, soft warm golden light, 4k",0.9523673057556152,0.554207980632782,39.89509173247089,0.853987
1159_25.png,112,run_8,3,"close-up shot of a glass of orange juice with slices of orange garnish, highly detailed, realistic, high-fidelity capture of sunlight pouring in",0.9178845882415771,0.47938016057014465,40.08648440143944,0.853844
1159_25.png,113,run_3,3,"'realistic 4k digital photo of a glass of orange juice with fresh orange slices, warm morning lighting', ultra realistic",0.9334366917610168,0.507657527923584,40.52602134165559,0.853803
1159_25.png,114,run_10,5,"a realistic and photorealistic close-up of a glass of orange juice with sliced oranges and a sprig of fresh rosemary, warm natural light, shallow depth of field",0.9060370922088623,0.47177278995513916,38.48261218802568,0.853771
1159_25.png,115,run_3,3,"'realistic 4k digital photo of a glass of orange juice with fresh orange slices, warm morning lighting', best lighting",0.9392017722129822,0.5062699317932129,41.914131426628636,0.853115
1159_25.png,116,run_6,1,"highly detailed 4k digital image of a glass of freshly squeezed orange juice surrounded by orange slices, soft warm glow",0.9088287353515625,0.4456789791584015,41.7237130643875,0.852287
1159_25.png,117,run_5,3,"highly detailed realistic product photography of a glass of freshly squeezed orange juice with orange slices and ice cubes around it, softly focused background, warm golden lighting",0.9329186081886292,0.4815427362918854,43.16037021244979,0.852109
1159_25.png,118,run_8,3,"realistic close-up image of a glass of freshly squeezed orange juice with orange slices as garnish, masterpiece, detailed, sunlight pouring in",0.9209922552108765,0.4673991799354553,42.31262912226549,0.851154
1159_25.png,119,run_2,2,highly detailed highly realistic product photography of a glass of orange juice with sliced oranges around it using a combination of natural warm and cool tone lighting,0.9326082468032837,0.5093832612037659,40.73221491089688,0.851014
1159_25.png,120,run_7,4,"highly detailed close-up realistic product photography of a glass of orange juice with a few fresh orange slices and a sprinkle of sugar around it, warm golden light",0.9283589124679565,0.42340216040611267,47.95959484548672,0.850443
1159_25.png,121,run_10,4,"'a photorealistic, close-up still life of a glass of freshly squeezed orange juice with sliced oranges and a crisp green leaf, soft warm natural lighting, ultra high definition 4k product image'",0.9174885749816895,0.5039565563201904,38.533475193465065,0.849631
1159_25.png,122,run_3,2,"a photorealistic 8k digital painting of a glass of orange juice with fresh orange slices, soft morning glow",0.9274200201034546,0.4847719371318817,42.287858636435985,0.849450
1159_25.png,123,run_7,5,highly detailed realistic product photography of a clear glass of freshly squeezed orange juice with real orange slices garnish warm soft golden natural lighting,0.9368002414703369,0.52037513256073,40.86675922271995,0.849272
1159_25.png,124,run_9,2,"highly realistic highly detailed digital still-life of a glass of orange juice with sliced oranges and a few sprigs of rosemary, warm soft golden light, high definition",0.9133158922195435,0.510983943939209,37.204525705165565,0.848900
1159_25.png,125,run_6,2,"highly detailed commercial photography of a glass of orange juice with orange slices garnish, warm golden softbox lighting",0.9343419671058655,0.47327548265457153,44.826470783821044,0.848820
1159_25.png,126,run_3,2,"realistic 8k digital photograph of a glass of freshly squeezed orange juice with perfectly ripe orange slices, soft warm morning lighting",0.9273898005485535,0.4882371425628662,42.327840880949026,0.847515
1159_25.png,127,run_15,3,"realistic studio setting of a glass of freshly squeezed orange juice with bright orange slices around it, photorealistic, 8k resolution",0.92623370885849,0.49550729990005493,41.48073894527434,0.847241
1159_25.png,128,run_11,2,"highly realistic photorealistic detailed glass of freshly squeezed orange juice with sliced oranges, 4k resolution",0.9444353580474854,0.5663659572601318,38.59589180322188,0.846701
1159_25.png,129,run_8,3,"photorealistic photograph of a glass of orange juice with slices of orange, highly detailed, high-definition, warm sunlight pouring in",0.9313286542892456,0.5114818811416626,41.190341033139795,0.846244
1159_25.png,130,run_3,2,"a highly detailed 4k digital still life of a glass of orange juice with sliced oranges, gentle morning sunlight",0.9449755549430847,0.5452415943145752,40.79487840535736,0.845964
1159_25.png,131,run_13,2,"a crystal glass of orange juice positioned next to a bunch of bright orange slices, 4k, soft focus, inviting scene",0.9317247271537781,0.49312296509742737,43.092473306530096,0.845575
1159_25.png,132,run_1,5,"a highly detailed glass of freshly squeezed navel orange juice with a few slices of perfectly ripe navel orange floating in it, captured in stunning 4k high resolution",0.9256546497344971,0.5030503869056702,41.071302122874016,0.845120
1159_25.png,133,run_14,4,"a beautifully styled, highly detailed, and 4k resolution photograph of fresh orange juice in a glass with a slice of orange and ice cubes, lit with warm golden light",0.8979610204696655,0.4545465111732483,40.43275164795261,0.843527
1159_25.png,134,run_9,3,"a stunning 4k product shot of a glass of orange juice surrounded by sliced oranges, highly detailed, soft warm ambient lighting and subtle shadows",0.937343955039978,0.539557695388794,40.58325049087038,0.841961
1159_25.png,135,run_9,4,"realistic highly detailed 4k product photography of a glass of freshly squeezed orange juice surrounded by sliced oranges, soft warm golden natural light, high resolution",0.9306027889251709,0.5216678380966187,40.9384404655455,0.841847
1159_25.png,136,run_4,1,"a glass of freshly squeezed orange juice with slices garnishing the rim, realistic product photography with shallow depth of field, sunlit",0.9227494597434998,0.4548189640045166,45.62077194124416,0.841643
1159_25.png,137,run_1,2,"a glass of orange juice with fresh, vibrant orange slices around it, highly detailed realistic product photography, warm natural lighting",0.9309374690055847,0.534652829170227,39.976698000918496,0.840930
1159_25.png,138,run_14,5,"a beautifully detailed and realistic product photo of a glass of orange juice with a slice of orange and a few ice cubes, soft warm golden natural light",0.9422029256820679,0.4468866288661957,50.34446862044622,0.840699
1159_25.png,139,run_9,2,"realistic highly detailed digital photography of a glass of freshly squeezed orange juice with sliced oranges surrounding it, warm soft natural light, high resolution",0.9335294961929321,0.527496874332428,41.31399223764812,0.840045
1159_25.png,140,run_5,4,"a glass of freshly squeezed orange juice with orange slices and ice cubes on a rustic wooden table, highly detailed still life photography, warm golden diffuse natural light, shallow depth of field",0.9442199468612671,0.5128210186958313,44.796691436050466,0.839881
1159_25.png,141,run_1,2,"a glass of freshly squeezed orange juice surrounded by slices of orange on a wooden table, highly realistic product image, soft warm glow",0.9344620704650879,0.5433323979377747,40.386023721654986,0.838176
1159_25.png,142,run_11,2,highly realistic and ultra-detailed 4k digital painting of a glass of orange juice with sliced oranges on a wooden table,0.9372614622116089,0.5522966384887695,40.20702536063661,0.837639
1159_25.png,143,run_8,5,"a close-up, high-quality image of a glass of freshly squeezed orange juice with a slice of orange garnish, realistic, high-definition",0.9200607538223267,0.4924556612968445,42.439075418880144,0.837281
1159_25.png,144,run_2,5,"realistic, highly detailed commercial product photography of a glass of orange juice with sliced oranges and a drizzle of juice, soft warm golden glow",0.9352368116378784,0.5428749322891235,41.020593938155336,0.835849
1159_25.png,145,run_15,3,detailed and realistic product still life of a glass of freshly squeezed orange juice surrounded by halved orange slices with a subtle gradient of orange hues in the background,0.9145798087120056,0.48091137409210205,42.7399823913448,0.835659
1159_25.png,146,run_4,5,"a close-up high-angle shot of a glass of freshly squeezed orange juice, set against a warm, inviting, aged natural wood background, highly detailed, 4k, professional",0.9374059438705444,0.557356059551239,40.44053594919202,0.834083
1159_25.png,147,run_3,4,"highly realistic 4k digital reproduction of a glass of orange juice with a few orange slices, soft warm morning atmosphere",0.9313600063323975,0.5404052734375,40.84009804949433,0.833997
1159_25.png,148,run_4,4,"a close-up shot of orange juice in a glass, placed on a wooden cutting board, highly detailed, 6k resolution, softbox lighting product photography",0.9527908563613892,0.514468252658844,47.65496555100603,0.832848
1159_25.png,149,run_7,3,"highly detailed realistic 360-degree photography of a glass of freshly squeezed orange juice with a few slices of orange around it, warm and soft golden natural lighting",0.9219478368759155,0.49783462285995483,43.282581579089054,0.832150
1159_25.png,150,run_5,3,"highly detailed 4k photography of a glass of freshly squeezed orange juice with orange slices and ice cubes around it, highly textured glass and citrus, golden hour lighting",0.9172375798225403,0.4797065258026123,44.20723743540512,0.831247
1159_25.png,151,run_9,3,"realistic highly detailed still life photography of a glass of orange juice and sliced oranges, high resolution, shallow dof",0.9379944205284119,0.5476523637771606,42.009371282206295,0.831146
1159_25.png,152,run_11,5,"realistic digital portrait of a glass of freshly squeezed orange juice with sliced oranges, a few orange peels scattered around the rim, minimalist background, shallow depth of field",0.9386012554168701,0.46141138672828674,50.36452456899005,0.829770
1159_25.png,153,run_7,2,"highly detailed realistic 4k product photography of a glass of freshly squeezed orange juice with perfectly sliced oranges around it, subtle warm golden softbox lighting",0.9296720027923584,0.5262528657913208,42.66209700405737,0.829539
1159_25.png,154,run_12,5,a masterfully crafted realistic 4k digital painting of a glass of ice-cold freshly squeezed orange juice with a twist of citrus peel and colorful slices on a warm wooden table,0.9314085245132446,0.5579118728637695,40.08590909207815,0.829478
1159_25.png,155,run_5,2,"a glass of freshly squeezed orange juice with orange slices and melting ice cubes around it, highly detailed realistic 4k product photography, warm golden softbox lighting",0.9303411245346069,0.5122119784355164,44.11689005764242,0.829406
1159_25.png,156,run_9,1,"a glass of orange juice with sliced oranges garnishing it, 4k resolution product shot, gentle warm glow",0.9418095350265503,0.5577359199523926,42.18994189151002,0.829214
1159_25.png,157,run_10,5,"a close-up, highly realistic and highly detailed 4k still life of a glass of freshly squeezed orange juice with sliced oranges and a green leaf, warm natural soft light, minimal shadows",0.923416018486023,0.5422004461288452,40.359584829956866,0.827436
1159_25.png,158,run_11,1,"realistic product photography of a glass of orange juice with sliced oranges and a sprig of rosemary, warm and cozy atmosphere",0.9203951358795166,0.5579221844673157,38.32024446833449,0.827402
1159_25.png,159,run_7,1,"a highly detailed and photorealistic digital painting of a glass of orange juice with fresh orange slices around it, in a warm and inviting environment",0.9317593574523926,0.5286775827407837,43.484861783939344,0.826168
1159_25.png,160,run_7,3,"highly detailed realistic ultra-high definition product photography of a glass of freshly squeezed orange juice with a few slices of real orange around it, softly warm golden natural lighting",0.9178909063339233,0.5152972340583801,42.025559057441825,0.826061
1159_25.png,161,run_14,3,highly detailed product photo of a glass of freshly squeezed orange juice with a slice of orange and a few crushed ice cubes,0.8891310691833496,0.4646894931793213,41.3714802382308,0.824474
1159_25.png,162,run_13,3,"a beautifully crafted glass of freshly squeezed orange juice sits beside a colorful arrangement of orange slices, photorealistic, soft focus, golden hour ambiance",0.9357587695121765,0.5329188108444214,44.229339680727854,0.824303
1159_25.png,163,run_7,3,"highly realistic 4k product photography of a glass of orange juice with a few slices of orange on a modern wooden table, warm and inviting golden light",0.9321815967559814,0.548249363899231,42.1499040646708,0.824096
1159_25.png,164,run_10,2,"a beautiful, highly detailed still life of a glass of orange juice with sliced fresh oranges and a sprig of greenery, artistic 4k photography",0.9206099510192871,0.532598614692688,41.420437172759314,0.823619
1159_25.png,165,run_1,3,highly detailed glass of orange juice with slices of fresh navel oranges,0.9213755130767822,0.5275815725326538,42.12100904815092,0.823161
1159_25.png,166,run_2,3,"highly detailed hyper-realistic product photography of a glass of freshly squeezed orange juice surrounded by sliced fresh oranges, soft warm golden ambient light",0.918596625328064,0.5321018099784851,41.179223606697654,0.823052
1159_25.png,167,run_2,1,"a still life of a glass of orange juice surrounded by fresh slice of oranges, highly realistic, slightly overcast lighting",0.931904137134552,0.5411471724510193,43.224616057705425,0.821601
1159_25.png,168,run_10,4,"'an incredibly realistic, highly textured still life of a glass of orange juice with sliced oranges and a beautiful sprig of greenery, warm and soft natural lighting, 4k masterpiece'",0.9343340396881104,0.539503276348114,43.977888273340525,0.820940
1159_25.png,169,run_2,3,"highly realistic 4k product photography of a glass of freshly squeezed orange juice with sliced oranges garnishing it, natural warm lighting",0.9196720123291016,0.5366004109382629,41.399793005777504,0.820802
1159_25.png,170,run_8,4,"a highly detailed close-up photograph of a glass of orange juice with a few orange slices garnish, realistic, 4k resolution, warm sunlight pouring in",0.916494607925415,0.45290714502334595,48.65444346289444,0.820079
1159_25.png,171,run_2,3,"highly detailed digital painting of an orange glass of juice surrounded by fresh orange slices, soft warm golden glow",0.9047114849090576,0.501069962978363,41.98509606492243,0.819585
1159_25.png,172,run_10,3,"an extremely realistic, 10x magnification, still life of a glass of orange juice with sliced oranges, green leaves, and a slice of lemon, warm natural diffused lighting, 12.9 megapixel product photo",0.9158933162689209,0.5215355157852173,42.32699532843274,0.819353
1159_25.png,173,run_12,5,a highly realistic intimate photograph of a chilled glass of ice-cold freshly squeezed orange juice garnished with a twist of citrus peel surrounded by vibrant colorful slices,0.9102066159248352,0.47512105107307434,45.63643355190676,0.818661
1159_25.png,174,run_7,3,"realistic studio product photography of a glass of orange juice with a few slices of orange and a few sprigs of fresh mint, warm and inviting golden light accents",0.9242547750473022,0.5430935621261597,42.11880323824896,0.818575
1159_25.png,175,run_4,3,"'a highly detailed and realistic digital painting of a glass of freshly squeezed orange juice, set against a warm natural wood background, showcasing the intricate texture of the juice and wood, professional product photography'",0.9301131963729858,0.5417861938476562,43.55089120693881,0.817712
1159_25.png,176,run_4,1,"a glass of orange juice with fresh orange slices arranged carefully around it, highly realistic product photography, warm golden lighting",0.9226628541946411,0.5321452021598816,43.07801714230921,0.817209
1159_25.png,177,run_3,4,"photorealistic 4k digital art of a glass of orange juice with a few slices of fresh orange, warm natural morning lighting.",0.924490213394165,0.469513475894928,49.27806811633634,0.816947
1159_25.png,178,run_9,1,"a glass of freshly squeezed orange juice on a natural wood table, surrounded by a few sliced oranges, warm and inviting product photography",0.9223383665084839,0.5345988273620605,42.888219359271936,0.816677
1159_25.png,179,run_8,1,"highly realistic glass of fresh orange juice with sliced oranges scattered around, warm golden lighting, 4k, natural textures",0.9345343112945557,0.5614250898361206,42.92030143612716,0.816024
1159_25.png,180,run_4,2,"a glass of freshly squeezed orange juice against a beautifully weathered natural wood background, inviting and warm professional product photography, soft natural light",0.924193263053894,0.5325694680213928,43.75483757279408,0.815010
1159_25.png,181,run_3,2,"ultra-realistic 4k digital image of a glass of orange juice with thinly sliced oranges, warm golden morning light",0.9298699498176575,0.5482641458511353,43.422044254625035,0.814976
1159_25.png,182,run_10,2,"a realistic 4k digital still life of a glass of orange juice with sliced oranges and a small green sprig, high detail, no background",0.923808217048645,0.5555009245872498,41.672691940383736,0.814408
1159_25.png,183,run_10,5,"a close-up, detailed 4k still life photograph of a glass of orange juice with sliced oranges, a green leaf, and a few slices of lemon, warm natural soft light, high contrast",0.9158489108085632,0.5532451272010803,40.38626411464338,0.814068
1159_25.png,184,run_7,1,"a perfectly captured, 4k resolution glass of orange juice with fresh orange slices around it, in the style of a still life masterpiece",0.9359666109085083,0.5123394131660461,48.17109568882021,0.813750
1159_25.png,185,run_10,1,"'realistic close-up of a glass of orange juice with a few fresh orange slices arranged around it, product photography style, golden hour lighting'",0.9271864891052246,0.4510604441165924,52.141473446733684,0.813626
1159_25.png,186,run_15,5,highly detailed realistic product photography of a glass of orange juice with vibrant citrus slices arranged artfully around it on a rustic wooden table in a 4k resolution masterpiece,0.9195854663848877,0.5481712818145752,41.70674202587261,0.813438
1159_25.png,187,run_3,4,"highly detailed realistic 4k digital photo of a full glass of freshly squeezed orange juice with vibrant orange slices, warm sunny morning lighting",0.9247990250587463,0.5400990843772888,43.5364585475174,0.813112
1159_25.png,188,run_10,1,"'a still life of a glass of orange juice with fresh sliced oranges and a green leaf, highly realistic highly detailed 4k product photography'",0.9265708923339844,0.5566829442977905,42.42891046248836,0.812695
1159_25.png,189,run_15,4,"a highly detailed 4k product photography of a glass of freshly squeezed orange juice surrounded by bright orange slices, with a warm and inviting atmosphere",0.9199968576431274,0.5252379179000854,44.05043892467133,0.812687
1159_25.png,190,run_5,4,"a glass of freshly squeezed orange juice with orange slices and ice cubes, highly detailed fine art still life, warm and inviting golden light, blurred background",0.942371129989624,0.5431150197982788,46.81698569250996,0.812496
1159_25.png,191,run_7,2,"photorealistic highly detailed studio product photography of a glass of orange juice with sliced oranges, warm golden softbox lighting and subtle shadows",0.9384679198265076,0.5268030166625977,47.68927102063714,0.811818
1159_25.png,192,run_5,4,"a vibrant glass of freshly squeezed orange juice with orange slices and ice cubes, highly detailed hyperrealistic still life, warm and soft natural light, selective focus",0.9151010513305664,0.49555838108062744,46.07056407521839,0.811449
1159_25.png,193,run_4,5,"a 3/4 view of a glass of freshly squeezed orange juice, placed on a beautiful, rich, natural wooden background, extremely detailed, 4k, highly realistic product photography",0.9305245876312256,0.5614632964134216,43.14790094098931,0.810653
1159_25.png,194,run_1,Baseline,"a glass of orange juice with fresh orange slices around it, realistic product photography, warm lighting",0.92182457447052,0.5338760018348694,43.99722082178454,0.810640
1159_25.png,195,run_2,Baseline,"a glass of orange juice with fresh orange slices around it, realistic product photography, warm lighting",0.92182457447052,0.5338760018348694,43.99722082178454,0.810640
1159_25.png,196,run_3,Baseline,"a glass of orange juice with fresh orange slices around it, realistic product photography, warm lighting",0.92182457447052,0.5338760018348694,43.99722082178454,0.810640
1159_25.png,197,run_4,Baseline,"a glass of orange juice with fresh orange slices around it, realistic product photography, warm lighting",0.92182457447052,0.5338760018348694,43.99722082178454,0.810640
1159_25.png,198,run_5,Baseline,"a glass of orange juice with fresh orange slices around it, realistic product photography, warm lighting",0.92182457447052,0.5338760018348694,43.99722082178454,0.810640
1159_25.png,199,run_6,Baseline,"a glass of orange juice with fresh orange slices around it, realistic product photography, warm lighting",0.92182457447052,0.5338760018348694,43.99722082178454,0.810640
1159_25.png,200,run_7,Baseline,"a glass of orange juice with fresh orange slices around it, realistic product photography, warm lighting",0.92182457447052,0.5338760018348694,43.99722082178454,0.810640
1159_25.png,201,run_8,Baseline,"a glass of orange juice with fresh orange slices around it, realistic product photography, warm lighting",0.92182457447052,0.5338760018348694,43.99722082178454,0.810640
1159_25.png,202,run_9,Baseline,"a glass of orange juice with fresh orange slices around it, realistic product photography, warm lighting",0.92182457447052,0.5338760018348694,43.99722082178454,0.810640
1159_25.png,203,run_10,Baseline,"a glass of orange juice with fresh orange slices around it, realistic product photography, warm lighting",0.92182457447052,0.5338760018348694,43.99722082178454,0.810640
1159_25.png,204,run_11,Baseline,"a glass of orange juice with fresh orange slices around it, realistic product photography, warm lighting",0.92182457447052,0.5338760018348694,43.99722082178454,0.810640
1159_25.png,205,run_12,Baseline,"a glass of orange juice with fresh orange slices around it, realistic product photography, warm lighting",0.92182457447052,0.5338760018348694,43.99722082178454,0.810640
1159_25.png,206,run_13,Baseline,"a glass of orange juice with fresh orange slices around it, realistic product photography, warm lighting",0.92182457447052,0.5338760018348694,43.99722082178454,0.810640
1159_25.png,207,run_14,Baseline,"a glass of orange juice with fresh orange slices around it, realistic product photography, warm lighting",0.92182457447052,0.5338760018348694,43.99722082178454,0.810640
1159_25.png,208,run_15,Baseline,"a glass of orange juice with fresh orange slices around it, realistic product photography, warm lighting",0.92182457447052,0.5338760018348694,43.99722082178454,0.810640
1159_25.png,209,run_7,4,"highly detailed realistic 8k product photography of a frosted glass filled with freshly squeezed orange juice and garnished with thin slices of orange, soft warm golden lighting",0.9300411939620972,0.5309509634971619,46.08226757261965,0.809559
1159_25.png,210,run_11,1,"a glass of orange juice with vibrant fresh orange slices arranged on a wooden table, highly detailed realistic product photography",0.9291424751281738,0.5303983092308044,45.96883538797674,0.809498
1159_25.png,211,run_3,2,"highly detailed 4k digital photograph of a glass of cold fresh-squeezed orange juice with sliced oranges, natural warm morning lighting",0.9329196214675903,0.5525206327438354,44.88192996817523,0.808341
1159_25.png,212,run_4,3,"'a close-up of a glass of 100% freshly squeezed orange juice, set against a warm natural wood background, highly detailed and realistic digital painting style, professional product presentation'",0.9149649143218994,0.5051537156105042,45.79900895721079,0.808055
1159_25.png,213,run_13,3,"a perfectly poured glass of freshly squeezed orange juice beside a cluster of vibrant orange slices, 8k photo, high contrast, highly detailed",0.9092199802398682,0.5301110148429871,42.37639495677418,0.807996
1159_25.png,214,run_2,1,"a glass of orange juice with a few slices of fresh orange alongside it, 4k resolution, soft warm natural light",0.9321507811546326,0.562851071357727,43.90465968157914,0.807661
1159_25.png,215,run_9,3,"realistic 4k product studio shot of a glass of orange juice surrounded by sliced oranges, high-key lighting, shallow depth of field",0.9280232787132263,0.5481508374214172,44.56073232644941,0.807105
1159_25.png,216,run_6,4,"highly detailed realistic product photography of a glass of orange juice with fresh orange slices around it, warm golden softbox lighting",0.9114826917648315,0.5180814862251282,44.15276799030695,0.806831
1159_25.png,217,run_12,2,"a glass of ice-cold orange juice surrounded by a colorful array of sliced citrus fruits, highly detailed realistic lighting",0.9324132204055786,0.5685945749282837,43.71284362517631,0.806140
1159_25.png,218,run_2,1,"a glass of orange juice placed on a wooden table with a few fresh orange slices arranged around it, realistic product photography, warm and inviting atmosphere",0.937824010848999,0.5663179159164429,44.99333320494457,0.806088
1159_25.png,219,run_11,4,"4k ultra-realistic photograph of a glass of orange juice with sliced oranges, a few orange peels scattered around the serving area, perfectly diffused lighting",0.931990385055542,0.5702135562896729,43.55179153665387,0.805762
1159_25.png,220,run_4,3,"'a close-up of a glass of freshly squeezed orange juice set against a beautifully crafted natural wood background, highly detailed professional product photography'",0.9242165088653564,0.5458192825317383,44.30461275113374,0.805657
1159_25.png,221,run_10,3,"highly realistic, ultra-detailed still life of a glass of orange juice with sliced oranges, green leaves, and ice cubes, warm natural softbox lighting, 4320p cinematic product image",0.8943375945091248,0.533320963382721,39.712294336627664,0.805098
1159_25.png,222,run_14,2,"highly detailed realistic glass filled with freshly squeezed orange juice and garnished with sliced oranges, product photography, warm golden lighting",0.9253518581390381,0.5632318258285522,43.045914647033115,0.804975
1159_25.png,223,run_1,1,"a warm and inviting still life of a glass of orange juice surrounded by sliced oranges, professional product photography",0.9258118867874146,0.5657654404640198,42.925268581495345,0.804850
1159_25.png,224,run_12,2,"a glass of sparkling ice-cold orange juice garnished with a sprig of rosemary and a medley of sliced citrus fruits, highly detailed, realistic style",0.8883665800094604,0.5362628102302551,38.33347688362407,0.804765
1159_25.png,225,run_15,3,vibrant and inviting product photography of a glass of freshly squeezed orange juice with a few strategically placed orange slices in the background,0.9257469177246094,0.54639732837677,44.77059042909925,0.804497
1159_25.png,226,run_6,5,"realistic highly detailed 4k resolution product photography of a glass of freshly squeezed orange juice with sliced oranges, warm sunlit glow, subtle texture",0.923292338848114,0.5654339790344238,42.5522014556619,0.804375
1159_25.png,227,run_8,1,"a beautifully styled glass of freshly squeezed orange juice surrounded by slices on a wooden table, high-quality product photography, soft focus",0.9342654943466187,0.5555578470230103,45.64745929901253,0.804206
1159_25.png,228,run_7,5,highly realistic 4k product photography of a glass of orange juice with fresh orange slices around it on a clean white surface warm and inviting golden light,0.94419264793396,0.48003023862838745,54.662797594517556,0.803755
1159_25.png,229,run_9,4,"highly realistic detailed 4k product photography of a glass of freshly squeezed orange juice on a rustic wooden table surrounded by sliced oranges, soft warm golden light, high resolution",0.9308258891105652,0.5623723268508911,44.4812196494523,0.803478
1159_25.png,230,run_2,4,"highly detailed realistic product photography of a glass of freshly squeezed orange juice with sliced oranges artfully arranged around it, warm golden studio lighting",0.924015998840332,0.5644953846931458,43.01367449122784,0.803145
1159_25.png,231,run_7,2,"realistic high-resolution still life photography of a glass of orange juice with sliced oranges, soft warm natural light",0.9203817248344421,0.5306569933891296,45.72920937117367,0.801570
1159_25.png,232,run_15,3,"professional product photography of a single glass of freshly squeezed orange juice with a few perfectly arranged orange slices around it, illuminated with soft natural light",0.9313677549362183,0.5786448121070862,43.572944746688066,0.800887
1159_25.png,233,run_10,4,"'a stunning, highly realistic still life of a glass of freshly squeezed orange juice with sliced oranges and a fragrant green leaf, warm natural light, ultra high definition 8k image'",0.9292482733726501,0.573732852935791,43.99148745024877,0.798882
1159_25.png,234,run_4,4,"a glass of freshly squeezed orange juice, placed on a hand-hewn wooden platter, highly detailed, 4k resolution, warm golden hour product photography",0.9242087602615356,0.5742738246917725,42.98856973322272,0.798700
1159_25.png,235,run_10,3,"a hyper-realistic close-up of a glass of freshly squeezed orange juice with sliced oranges and a sprig of rosemary, 8k commercial product image",0.8935239315032959,0.5497679710388184,39.28721509113558,0.798467
1159_25.png,236,run_9,5,"ultra-realistic highly detailed product photography in the style of a commercial photographer, glass of orange juice with sliced oranges arranged in a circular pattern around it, high resolution",0.9302365183830261,0.5949555039405823,42.35253554851513,0.798194
1159_25.png,237,run_10,5,"a highly realistic, crystal-clear 4k still life photograph of a glass of orange juice with sliced oranges, a green leaf, and a few ice cubes, warm natural lighting, subtle texture",0.9228375554084778,0.5668925642967224,43.53887310730069,0.797980
1159_25.png,238,run_10,1,"'realistic product photography of a glass of orange juice with fresh slices of orange, lemon, and lime, warm natural light'",0.9260531663894653,0.5895973443984985,42.0803722116189,0.797920
1159_25.png,239,run_4,1,"a glass of freshly squeezed orange juice set against a natural wood background, warm and inviting product photography, soft sunlit",0.9303395748138428,0.5870929956436157,43.19840650196686,0.797674
1159_25.png,240,run_3,5,"Beautifully rendered 8k digital art of a glass of orange juice with real slices, soft warm light on a tranquil morning",0.9216398000717163,0.5239312648773193,47.40545979534639,0.797303
1159_25.png,241,run_12,1,"a glass of orange juice garnished with colorful, spiral-cut oranges, 4k resolution product photography, natural warm light",0.9217925071716309,0.5697169303894043,43.41811285947869,0.796156
1159_25.png,242,run_11,1,"highly detailed realistic still life of a glass of orange juice with fresh orange slices around it, warm and inviting lighting",0.9331799745559692,0.5368736982345581,48.7856561144054,0.795633
1159_25.png,243,run_7,3,"highly detailed digital painting of a glass of fresh orange juice with slices of orange and a few ice cubes, warm and inviting golden light",0.9154877066612244,0.5337474346160889,45.6670537345923,0.795324
1159_25.png,244,run_6,4,"highly detailed photorealistic still life of a glass of orange juice surrounded by sliced oranges, warm golden natural light",0.9257001280784607,0.5583268404006958,45.443350124059585,0.795067
1159_25.png,245,run_7,4,"photorealistic highly detailed 4k macro shot of a glass of orange juice with fresh orange slices floating on the surface and a blurred background, warm glow",0.9254324436187744,0.5409587621688843,47.06860028030178,0.794689
1159_25.png,246,run_10,2,"a highly realistic, detailed still life of a glass of orange juice with sliced oranges, a green leaf, and a few ice cubes, 4k product photography in a studio setting",0.926581621170044,0.5683890581130981,44.965865632301295,0.793586
1159_25.png,247,run_1,1,"a detailed product shot of fresh orange juice with sliced oranges, warm and inviting, highly realistic digital painting",0.9343836307525635,0.595729410648346,44.0789276338049,0.792989
1159_25.png,248,run_13,1,"a glass of chilled orange juice garnished with thinly sliced fresh oranges, beautiful composition, natural light, realistic textures",0.9328899383544922,0.5782079696655273,45.41622440538879,0.792939
1159_25.png,249,run_4,4,"a glass of freshly squeezed orange juice, nestled among sliced citrus fruits on a distressed natural wood platter, ultra-detailed, 8k resolution, high dynamic range product photography",0.9181718826293945,0.5784019827842712,42.54342141944829,0.792787
1159_25.png,250,run_8,3,"an extremely realistic, high-definition close-up of a glass of orange juice with sliced orange as garnish, warm sunlight pouring in, highly detailed texture",0.929785430431366,0.5010417103767395,52.00332404377729,0.792628
1159_25.png,251,run_4,3,"'an intimate view of a glass of freshly squeezed orange juice placed on a rustic natural wood tabletop, soft warm light emphasizing the juice and wood texture, professional product photography'",0.9156274199485779,0.5438231825828552,45.4161371696007,0.791871
1159_25.png,252,run_15,1,"an elegant glass of freshly squeezed orange juice with crisp orange slices, high-quality, professional product photography",0.9123182892799377,0.5588182806968689,43.484340851945326,0.791326
1159_25.png,253,run_6,3,"highly detailed product photography of a glass of orange juice with fresh orange slices and mint leaves around it, warm golden lighting",0.8905174732208252,0.5486491322517395,40.17336618665136,0.791221
1159_25.png,254,run_12,4,"'a glass of ice-cold freshly squeezed orange juice surrounded by a vibrant colorful array of sliced citrus fruits, highly detailed realistic stunning lighting'",0.9192035794258118,0.5819336771965027,42.77346782908404,0.790914
1159_25.png,255,run_4,2,"a glass of freshly squeezed orange juice sitting on a natural wood background, vibrant and inviting high-end product photography, soft warm sunlight",0.9203100800514221,0.580228865146637,43.34661354605358,0.789864
1159_25.png,256,run_10,1,"'a glass of freshly squeezed orange juice with ice and a sprig of rosemary, highly detailed realistic product photography, warm and inviting atmosphere'",0.9099403619766235,0.5885692834854126,40.56661741221856,0.789743
1159_25.png,257,run_3,5,"Detailed digital still image of a glass of freshly squeezed orange juice topped with sliced oranges, captured in a warm and inviting morning light",0.9290063977241516,0.5738427639007568,45.66598629038573,0.789732
1159_25.png,258,run_3,1,"'a still life of a glass of orange juice surrounded by fresh orange slices and a few ice cubes, highly detailed realistic photography, warm sunlight'",0.9133355617523193,0.541669487953186,45.741512280980054,0.788833
1159_25.png,259,run_2,3,"highly realistic product photography of a glass of orange juice sitting atop a wooden table with sliced oranges arranged artfully around it, warm golden natural lighting",0.922357439994812,0.5615035891532898,45.80272578272612,0.788157
1159_25.png,260,run_11,2,highly photorealistic 4k image of a glass of fresh squeezed orange juice with sliced oranges on a decorative tablecloth,0.9207488894462585,0.5655909776687622,45.34671812739586,0.786904
1159_25.png,261,run_8,5,"a close-up shot of a glass of orange juice with a decorative orange slice garnish, realistic, high-resolution",0.9125040173530579,0.5162256956100464,48.34422266104692,0.786654
1159_25.png,262,run_12,1,"a glass of ice-cold orange juice surrounded by a medley of fresh, sliced citrus fruits, realistic, high-contrast lighting",0.9274277687072754,0.5945051908493042,44.33697400485258,0.785025
1159_25.png,263,run_15,2,"realistic still life of a tall glass filled with freshly squeezed orange juice and surrounded by perfectly rounded, bright orange slices, highly detailed, 4k high-resolution",0.916348397731781,0.5375394225120544,47.611180957657396,0.784092
1159_25.png,264,run_5,4,"a glass of freshly squeezed orange juice with orange slices and ice cubes, highly detailed realistic still life, soft warm natural light, artistic shallow depth of field",0.9008404612541199,0.5101568698883057,47.13046045032509,0.783959
1159_25.png,265,run_4,2,"highly detailed, 4k resolution glass of freshly squeezed orange juice set against a natural wood background, vibrant and inviting perfect product photography, soft golden sunlight",0.925407886505127,0.5921648740768433,44.45161706479532,0.783472
1159_25.png,266,run_9,3,"a beautiful photograph of a glass of orange juice with sliced oranges, warm golden softbox lighting, artistic and appealing",0.9215008616447449,0.5436691045761108,48.214466399060385,0.783243
1159_25.png,267,run_8,1,"a highly detailed glass of orange juice with slices of fresh orange on a white background, realistic product photography, soft natural light, subtle shadows",0.9381380677223206,0.5169422626495361,54.131423893969654,0.782263
1159_25.png,268,run_4,4,"a glass of freshly squeezed orange juice on a beautifully weathered wooden table, highly detailed, 4k resolution, warm inviting professional product photography",0.9059615135192871,0.5741745233535767,42.637804183389356,0.781716
1159_25.png,269,run_6,3,"highly detailed studio product photography of a glass of freshly squeezed orange juice with slices on a minimalist wooden table, softbox lighting setup",0.9296987652778625,0.534009575843811,51.010575006348425,0.781676
1159_25.png,270,run_15,4,"highly realistic 4k product photography of a glass of freshly squeezed orange juice with perfectly arranged bright orange slices, in a studio lighting setup",0.9172606468200684,0.5565725564956665,46.49775458854179,0.781620
1159_25.png,271,run_13,1,"a glass of freshly squeezed orange juice with vibrant orange slices arranged around it, highly detailed, realistic product photography, warm and inviting lighting",0.9220002889633179,0.5837115049362183,45.12763134818343,0.780504
1159_25.png,272,run_6,2,"highly detailed realistic image of a glass of orange juice with sliced oranges on the side, warm inviting kitchen ambiance",0.9235159158706665,0.5768110752105713,46.218695905453785,0.779680
1159_25.png,273,run_13,5,"highly detailed glass of freshly squeezed orange juice and sliced oranges on a rustic wooden table, 8k photo, soft focus, warm ambiance",0.9312871694564819,0.5987656116485596,45.967418791319496,0.778325
1159_25.png,274,run_6,1,"glass of orange juice with a splash of ice and fresh orange slice garnishes, highly realistic still life photography",0.9222970008850098,0.5533926486968994,48.51922620193036,0.777707
1159_25.png,275,run_13,4,"a perfectly still glass of orange juice beside a group of perfectly arranged bright orange slices, 8k photo, subtle bokeh, serene ambiance",0.9135769605636597,0.592159628868103,43.62375023497039,0.775603
1159_25.png,276,run_12,4,'a glass of icy cold premium orange juice garnished with a slice of orange surrounded by a symphony of colorful citrus fruits in a highly detailed realistic 4k resolution',0.8909484148025513,0.5547542572021484,42.710873802320585,0.775280
1159_25.png,277,run_12,3,"'the perfect glass of chilled orange juice centered on a wooden table amidst a kaleidoscope of sliced citrus fruits, highly detailed realistic digital painting'",0.9253523349761963,0.6066266894340515,44.666387490685864,0.775215
1159_25.png,278,run_4,2,"highly detailed glass of freshly squeezed orange juice set against a natural wood background, warm and inviting high-quality product photography, soft sunlit",0.9225621223449707,0.5997939705848694,44.76815026221039,0.775128
1159_25.png,279,run_2,4,"realistic, highly detailed studio lighting of a glass of ice-cold orange juice surrounded by sliced oranges and mint leaves, subtle shadows",0.912738561630249,0.5942292809486389,43.55720930355121,0.774076
1159_25.png,280,run_12,1,"a glass of chilled orange juice with fresh, thickly sliced oranges, photorealistic, soft focus",0.9233177900314331,0.5921306610107422,45.98151990918742,0.773244
1159_25.png,281,run_5,4,"a refreshing glass of freshly squeezed orange juice with orange slices and ice cubes, highly detailed photorealistic still life, warm and cozy natural light, creamy shallow depth of field",0.9087773561477661,0.5498469471931458,47.297287548031996,0.771902
1159_25.png,282,run_14,4,"highly realistic and textured image of a glass of orange juice with a slice of orange and ice cubes, set against a warm golden background, with subtle lighting effects",0.9036582112312317,0.5181422233581543,49.361559619963735,0.771188
1159_25.png,283,run_12,1,"a glass of freshly squeezed orange juice with vibrant orange slices around it, highly detailed realistic product photography, warm golden lighting",0.919748067855835,0.6020299196243286,44.8296062711838,0.770798
1159_25.png,284,run_14,5,"highly detailed 4k digital product photo of a glass of orange juice with a slice of orange and a few ice cubes, warm and inviting softbox lighting",0.9311832785606384,0.5474804639816284,52.178798219608105,0.770461
1159_25.png,285,run_14,1,"a glass of vibrant orange juice set with sliced oranges arranged beside it, 4k resolution, cozy morning atmosphere",0.9196760058403015,0.5856500864028931,46.41507203037527,0.770351
1159_25.png,286,run_9,4,"realistic detailed product photography of a glass of orange juice with thin slices of orange arranged in a symmetrical pattern around it, soft warm golden light, museum quality",0.9348270893096924,0.6016298532485962,48.038396566143696,0.769649
1159_25.png,287,run_14,1,"a still life of a realistic glass of orange juice surrounded by fresh orange slices, warm and inviting, natural texture",0.9265129566192627,0.5784410834312439,48.88841841114889,0.767883
1159_25.png,288,run_9,5,"ultra-realistic highly detailed product photography in the style of fine art, glass of orange juice with sliced oranges arranged in a circular pattern, warm golden soft light, high resolution, 4k.",0.8987506031990051,0.5798586010932922,43.40280462455767,0.767435
1159_25.png,289,run_5,1,"a glass of orange juice with a sprig of fresh rosemary and sliced oranges around it, stylized product photography with subtle shadows, warm ambient lighting",0.9151325225830078,0.6044135093688965,44.35675159473512,0.767355
1159_25.png,290,run_12,3,"'a glass of ice-cold freshly squeezed orange juice surrounded by a vibrant colorful array of sliced citrus fruits, highly detailed realistic 4k lighting'",0.9199090003967285,0.6043426394462585,45.315265589243985,0.767269
1159_25.png,291,run_13,2,"a perfectly poured glass of fresh orange juice beside a cluster of vibrant orange slices, 4k, highly detailed, warm ambiance",0.9119268655776978,0.5944857001304626,44.717749389476985,0.766980
1159_25.png,292,run_8,2,"'a crystal glass filled with ice and orange slices, containing freshly squeezed orange juice, realistic lighting with warm shadows, high-definition'",0.9215144515037537,0.5429967045783997,51.36716755892269,0.766932
1159_25.png,293,run_3,1,"'photorealistic highly detailed still life of a glass of orange juice, fresh orange slices, and a few ice cubes, warm evening lighting'",0.9151536226272583,0.5457205772399902,49.9217893434012,0.766653
1159_25.png,294,run_10,4,"'an extremely realistic, high-resolution still life of a glass of orange juice with sliced oranges and a sprig of fresh greenery, warm natural light, 4k image quality'",0.9253766536712646,0.6078911423683167,46.245475130715725,0.766281
1159_25.png,295,run_13,5,"highly detailed glass of freshly squeezed orange juice on a colorful tablecloth, surrounded by sliced oranges, 4k photo, soft focus, inviting ambiance",0.9082067012786865,0.559413731098175,47.40485363501495,0.766069
1159_25.png,296,run_14,2,"highly detailed realistic glass of freshly squeezed orange juice, garnished with a slice of orange and a sprig of rosemary, shot in a natural indoor setting with warm golden lighting",0.8971742987632751,0.5924897789955139,42.32518488307055,0.765325
1159_25.png,297,run_12,3,"'the most realistic glass of ice-cold freshly squeezed orange juice surrounded by a medley of sliced colorful citrus fruits, highly detailed realistic landscape photography'",0.919201135635376,0.6072320938110352,45.49779606699282,0.764161
1159_25.png,298,run_13,5,"highly detailed glass of freshly squeezed orange juice on a natural stone table, surrounded by sliced oranges, 8k, warm colors, soft focus",0.9302671551704407,0.6189135313034058,46.71953649332564,0.763453
1159_25.png,299,run_4,1,"a glass of orange juice placed on a rustic tablecloth with fresh orange slices around it, highly detailed realistic product photography, warm and cozy lighting",0.9304999113082886,0.5971375703811646,48.898670659064635,0.762821
1159_25.png,300,run_12,2,"a glass of frosted ice-cold orange juice with a medley of vibrant sliced citrus fruits, high-contrast, 4k quality",0.9164522290229797,0.6254931688308716,43.53398851333597,0.762768
1159_25.png,301,run_11,4,"realistic digital art of a glass of orange juice with sliced oranges, a few orange peels scattered on the surface, subtle bokeh effect",0.9011099338531494,0.5358086228370667,48.95662993513686,0.762059
1159_25.png,302,run_1,5,"a crystal glass filled with freshly squeezed orange juice and garnished with a sprig of fresh rosemary, with a few slices of juicy orange floating in it, captured in a breathtakingly beautiful 4k resolution",0.9065253734588623,0.6368322372436523,40.99923856281452,0.760345
1159_25.png,303,run_4,1,"a glass of orange juice surrounded by sliced oranges, highly detailed realistic product photography, warm morning lighting",0.9288982152938843,0.6171825528144836,47.28735574501281,0.759883
1159_25.png,304,run_5,2,"a glass of orange juice with a few orange slices and chunks of ice floating in it, highly realistic product image, subtle reflections on the glass, neutral north light",0.9201310873031616,0.6030073761940002,46.88093380893576,0.759881
1159_25.png,305,run_15,5,realistic highly detailed product photography of a glass of orange juice on a light wood table with freshly squeezed orange slices arranged artfully in the background,0.902881383895874,0.5544674396514893,48.18873151228129,0.758833
1159_25.png,306,run_7,2,"photorealistic highly detailed product photography of a glass of orange juice with a few slices of fresh vibrant orange, warm golden light illuminating the scene",0.9277598857879639,0.6002289056777954,49.05250287137021,0.757663
1159_25.png,307,run_14,2,"highly detailed realistic glass of 100% fresh squeezed orange juice, garnished with thinly sliced oranges and a sprig of mint, product photography, warm golden lighting",0.9090729355812073,0.6070895791053772,45.04767757916217,0.756126
1159_25.png,308,run_10,1,"'a glass of freshly squeezed orange juice on a natural wooden table with fresh orange slices around it, highly detailed realistic product photography, warm softbox lighting'",0.9045659899711609,0.5689398050308228,47.888090968337806,0.755095
1159_25.png,309,run_10,4,"'a highly detailed, realistic still life of a glass of orange juice surrounded by sliced oranges and a delicate green leaf, soft and warm natural light, 4k digital art'",0.8890707492828369,0.5664300918579102,45.591364749457355,0.752416
1159_25.png,310,run_14,3,"photo-realistic 4k image of a glass of orange juice with a slice of orange and a few small ice cubes, softly lit by warm golden light",0.91669762134552,0.5656408667564392,51.29398332245306,0.751271
1159_25.png,311,run_1,4,"a glass of freshly squeezed orange juice with a few floating slices of orange, set against a plain white background and rendered in a photorealistic style",0.9257979393005371,0.5761575102806091,52.289476023361246,0.750293
1159_25.png,312,run_6,5,"beautiful vibrant high-quality 4k resolution product photography of a glass of freshly squeezed orange juice with sliced oranges as garnish, warm sunlit glow",0.9112488627433777,0.6107667088508606,46.251970953657555,0.750220
1159_25.png,313,run_13,2,"a delicate glass of orange juice placed beside a colorful arrangement of freshly peeled orange slices, 4k, subtle shadows, warm and cozy atmosphere",0.9211435317993164,0.6048699617385864,48.75693803850064,0.750109
1159_25.png,314,run_10,5,"a realistic 4k still life of a glass of orange juice with sliced oranges and a sprig of fresh thyme, warm natural light, studio backdrop",0.9244973659515381,0.6205052733421326,48.691954790935284,0.746285
1159_25.png,315,run_5,1,"a glass of cold orange juice with sliced oranges and mint leaves around it, highly detailed digital product photography, warm natural light with subtle reflections",0.902185320854187,0.6298705339431763,44.100019495927626,0.742874
1159_25.png,316,run_1,1,"a glass of orange juice with sliced oranges around it in a realistic product still life, highly detailed, warm natural lighting",0.9173082709312439,0.6016724109649658,49.911301262405466,0.741604
1159_25.png,317,run_14,2,"highly detailed realistic still life of a glass of orange juice with fresh orange slices, photographed with a shallow depth of field and warm golden lighting",0.9189890623092651,0.5465237498283386,55.58474170960078,0.740316
1159_25.png,318,run_8,1,"a glass of orange juice with a few slices of orange floating on the surface, realistic still life, gentle morning light, detailed",0.9061708450317383,0.5740485191345215,50.538268062121944,0.740260
1159_25.png,319,run_2,4,"highly realistic digital painting of a glass of freshly squeezed orange juice with sliced oranges and a delicate, intricate glass, warm golden light accents",0.9115989208221436,0.5824394226074219,51.158672330908644,0.738502
1159_25.png,320,run_6,4,"a highly detailed realistic still life composition of a glass of orange juice with sliced oranges arranged artfully around it, warm golden ambient light",0.9120176434516907,0.6046385765075684,49.85951409339929,0.734953
1159_25.png,321,run_3,1,"'a beautifully crafted glass of orange juice on a wooden table, with sliced oranges and ice, highly realistic product still life photography'",0.8995035886764526,0.589249849319458,49.44542839033274,0.731707
1159_25.png,322,run_5,2,"a warm glass of freshly squeezed orange juice garnished with a slice of orange and a few ice cubes, highly detailed real-world product photography, soft diffused studio lighting",0.9370051026344299,0.6106879115104675,54.85890375045164,0.731449
1159_25.png,323,run_12,1,"a glass of orange juice with two slices of juicy, organic orange, highly detailed, studio-lit photography, minimalist background",0.9322640299797058,0.605614185333252,54.49964801494496,0.730919
1159_25.png,324,run_3,5,"Highly realistic digital 4k portrait of a glass of orange juice with real slices, beautifully rendered morning lighting and atmosphere",0.9404560327529907,0.5985825657844543,56.939966186756365,0.729942
1159_25.png,325,run_5,2,"a beautifully styled glass of freshly squeezed orange juice surrounded by sliced oranges and ice, photorealistic digital composition, morning sunlight illuminates the scene",0.9163655042648315,0.6302834749221802,49.35844752425715,0.729571
1159_25.png,326,run_8,2,"'a beautiful glass of orange juice garnished with sliced oranges and a few sprigs of fresh mint, captured in stunning 4k resolution, warm and inviting sunlight illuminating the scene'",0.9149142503738403,0.6400725245475769,48.19005766785637,0.729459
1159_25.png,327,run_5,5,a masterfully composed and highly realistic digital painting of a glass of freshly squeezed orange juice with a few slices of orange and a handful of ice cubes set against a warm golden background,0.9005126953125,0.5463532209396362,54.29788113888439,0.728075
1159_25.png,328,run_10,2,"a highly detailed, photorealistic still life of a glass of orange juice with fresh sliced oranges and a single green leaf on a white marble surface, 4k product photography",0.9440344572067261,0.6397958397865295,54.37364857806192,0.727067
1159_25.png,329,run_15,5,4k resolution highly realistic product photography of a glass of freshly squeezed orange juice with a few slices of orange arranged neatly around it on a white surface,0.9035631418228149,0.5192758440971375,57.683969904221506,0.726573
1159_25.png,330,run_14,3,"highly detailed still-life digital painting of a glass of orange juice with a slice of orange and a few ice cubes, warm golden lighting",0.9098361730575562,0.5894901156425476,52.74118904771739,0.724873
1159_25.png,331,run_14,1,"a photorealistic glass of orange juice resting on a wooden table with fresh orange slices scattered nearby, warm softbox lighting",0.9218154549598694,0.6192088723182678,52.727647987003856,0.722824
1159_25.png,332,run_7,2,"highly detailed realistic 8k commercial product photography of a glass of orange juice set amidst sliced oranges in a shallow bowl, golden hour warm light",0.9089022874832153,0.6260474920272827,49.643699797583146,0.722409
1159_25.png,333,run_13,1,"a beautifully crafted glass of orange juice surrounded by a colorful arrangement of fresh orange slices, stunning visual art, highly detailed, realistic color palette",0.85286945104599,0.5633063912391663,44.89736744678087,0.720142
1159_25.png,334,run_13,3,"a warmly lit glass of orange juice rests beside a collection of juicy bright orange slices, 4k image, soft glow, cozy atmosphere",0.9110620021820068,0.6380658149719238,50.614117637875566,0.713647
1159_25.png,335,run_5,5,an extremely detailed and shallow depth of field photography of a glass of orange juice with thinly sliced oranges and melting ice cubes illuminated by a warm golden light,0.9133211374282837,0.6031128764152527,54.43462978484715,0.712879
1159_25.png,336,run_15,1,"a steaming glass of orange juice garnished with a thick orange slice, realistic product shot, warm golden hour lighting",0.9076635837554932,0.5855379700660706,55.32691041470165,0.710896
1159_25.png,337,run_13,2,"a tall clear glass of chilled orange juice nestled next to a cluster of juicy bright orange slices, 4k, photorealistic, soft natural light",0.9071749448776245,0.5946881771087646,54.52217151912528,0.710172
1159_25.png,338,run_7,5,highly detailed photorealistic digital painting of a glass of orange juice with fresh orange slices and a few ice cubes on a minimalist modern table warm golden light,0.8734188079833984,0.5818700790405273,49.80858230164097,0.706397
1159_25.png,339,run_6,3,"highly detailed commercial-grade product photography of a glass of fresh orange juice with slices, warm ambient lighting, and a blurred background",0.9035477638244629,0.5958450436592102,54.44202059758829,0.706276
1159_25.png,340,run_15,5,highly detailed 4k resolution digital painting of a glass of freshly squeezed orange juice with citrus slices arranged in a symmetrical pattern around it,0.8879054188728333,0.6447950601577759,47.07497088232821,0.705089
1159_25.png,341,run_14,4,"a glass of freshly squeezed orange juice sits on a wooden table, illuminated by warm golden lighting, with a few ice cubes and a slice of orange, highly detailed and visually appealing",0.919120192527771,0.6336073875427246,54.35353982646086,0.704412
1159_25.png,342,run_14,3,"highly detailed studio photo of a glass of orange juice with a slice of orange and a few clear ice cubes, warm golden natural lighting",0.9134489297866821,0.5999482274055481,56.450719506260704,0.703908
1159_25.png,343,run_12,2,"a refreshing glass of ice-cold orange juice served in a tall clear glass surrounded by a variety of sliced citrus fruits in a highly detailed, cinematic setting",0.9084854125976562,0.6545987129211426,50.62143666617324,0.702865
1159_25.png,344,run_15,4,"a stunning 4k product photography of a glass of freshly squeezed orange juice surrounded by a bouquet of bright orange slices, with a natural and realistic background",0.8638100624084473,0.5778576731681824,49.01247571276736,0.702618
1159_25.png,345,run_12,5,a highly detailed realistic intimate close-up of a chilled glass of ice-cold freshly squeezed orange juice with a twist of citrus peel surrounded by colorful slices,0.9089632034301758,0.5988733768463135,56.12346910079971,0.701519
1159_25.png,346,run_5,1,"a realistic still life of a glass of orange juice surrounded by thinly sliced fresh oranges on a wooden table, warm soft lighting",0.893521785736084,0.6066158413887024,52.903814759922206,0.698763
1159_25.png,347,run_1,2,"a glass filled with ice and orange juice garnished with fresh slices, high-quality photorealistic image, warm and inviting lighting",0.8999768495559692,0.5931928157806396,55.711147463306126,0.697172
1159_25.png,348,run_7,4,"highly detailed realistic 4k product photography of a glass of orange juice with fresh orange slices and a decorative vintage linen tablecloth around it, warm golden lighting",0.892128050327301,0.6374592185020447,51.03052560192154,0.692148
1159_25.png,349,run_6,3,"hyper-realistic digital painting of a glass of orange juice with slices and pulp on a marble table, warm golden light",0.9369730353355408,0.6571930646896362,58.91348102115894,0.687278
1159_25.png,350,run_13,3,"a refreshing glass of chilled orange juice rests beside a heaping pile of bright and juicy sliced oranges, 4k rendering, subtle noise reduction, morning sunlight glow",0.9107016921043396,0.6783908009529114,52.51380806643474,0.683539
1159_25.png,351,run_6,1,"a glass of orange juice with a few slices of fresh orange garnish, realistic studio photography in a warm atmosphere",0.8984866142272949,0.6124773025512695,56.33405525703003,0.682918
1159_25.png,352,run_13,3,"a handcrafted glass of orange juice next to a pyramid of bright and plump orange slices, ultra-high definition, realistic textures, warm and inviting",0.8852871656417847,0.6063448190689087,54.36446917638167,0.682657
1159_25.png,353,run_14,5,"highly detailed still life product photography of a glass of orange juice with a slice of orange and a few ice cubes, warm rich and inviting softbox lighting",0.9105788469314575,0.6211659908294678,58.019548802412245,0.682284
1159_25.png,354,run_5,5,"stunning digital art of a glass of freshly squeezed orange juice garnished with a sprig of fresh mint and a few orange slices surrounded by crushed ice, shot in 4k resolution with a focus on depth of field",0.8580828905105591,0.6576094627380371,44.687479405174855,0.680575
1159_25.png,355,run_13,2,"a beautifully crafted glass of freshly squeezed orange juice alongside a vibrant orange citrus arrangement, high resolution, golden hour lighting",0.883719801902771,0.6286157369613647,52.40838138158039,0.680488
1159_25.png,356,run_13,4,"highly detailed glass of 100% orange juice beside a vibrant arrangement of sliced oranges on a rustic wooden table, 4k photo, warm and inviting ambiance, golden hour lighting",0.8663593530654907,0.6468461751937866,48.05077245253618,0.676633
1159_25.png,357,run_14,5,"highly detailed photorealistic product still life of a glass of orange juice with a slice of orange and a few ice cubes, dramatic warm studio lighting",0.9176455140113831,0.6325200796127319,60.9830793202789,0.668396
1159_25.png,358,run_13,1,"a tall glass of orange juice filled with a generous portion of fresh orange slices, high-end product photography, golden hour lighting, shallow depth of field",0.9103306531906128,0.6576540470123291,57.33681025053579,0.667808
1159_25.png,359,run_8,5,"a detailed, realistic photograph of a glass of orange juice with a sprinkle of sugar and a slice of orange, highly detailed, sunlight pouring in through the window",0.9195500612258911,0.6802000999450684,57.35911195897652,0.666217
1159_25.png,360,run_1,4,"a beautiful still-life of a glass filled with orange juice and floating slices of orange, depicted in a 4k digital painting",0.8905905485153198,0.6264834403991699,58.41611752665389,0.656904
1159_25.png,361,run_15,1,"glass of orange juice with sliced oranges arranged artfully on a dark wooden table, warm summer evening, highly realistic lighting",0.8570249080657959,0.6038780212402344,54.03807936093491,0.656336
1159_25.png,362,run_13,4,"perfectly poured glass of 100% orange juice beside a colorful arrangement of sliced oranges, 4k digital painting, warm and cozy atmosphere",0.8251283168792725,0.6184169054031372,47.433142682560096,0.651112
1159_25.png,363,run_1,1,"a photorealistic still life of fresh orange juice with oranges slices garnish, 4k resolution",0.8464838266372681,0.6385936737060547,52.95005807718309,0.634214
1159_25.png,364,run_12,3,"'a refreshing glass of ice-cold orange juice amidst a stunning colorful array of sliced and halved citrus fruits, highly detailed realistic oil painting'",0.7990817427635193,0.6013764142990112,47.32544354155196,0.633049
1159_25.png,365,run_6,2,"highly detailed digital art of a glass of orange juice with sliced oranges, warm golden evening atmosphere surrounding the scene",0.8795279860496521,0.6777566075325012,56.97553981572209,0.628016
1159_25.png,366,run_2,2,masterfully lit real-world object photography of a glass of orange juice with garnished orange slices around it in a studio setting,0.9067493677139282,0.6723103523254395,63.603032731444976,0.623840
1159_25.png,367,run_5,3,"a glass of freshly squeezed orange juice with orange slices and ice cubes around it, highly realistic studio setup, highly detailed product, softbox lighting",0.9151710271835327,0.6969170570373535,63.53795576311042,0.620879
1159_25.png,368,run_6,2,"4k resolution masterfully lit glass of orange juice with sliced oranges, high-quality product photography studio setup",0.8935112953186035,0.6822695732116699,61.64689943968048,0.615607
1159_25.png,369,run_1,3,realistic oil painting style of a glass containing orange juice with slices of orange floating in it under warm natural light,0.821047842502594,0.599793016910553,55.538084662036354,0.613173
1159_25.png,370,run_5,2,"a clear glass of freshly squeezed orange juice with a few orange slices and ice floating in it, realistic product still life, warm natural window light",0.9266853332519531,0.7183030247688293,66.62202084011604,0.606056
1159_25.png,371,run_12,2,"a chilled glass of freshly squeezed orange juice surrounded by sliced citrus fruits in a realistic setting with warm, natural lighting",0.8719764947891235,0.6971029043197632,58.10577211638827,0.604779
1159_25.png,372,run_1,2,"a bottle and glass of orange juice with slices of orange and a sprig of mint on the side, photorealistic food and beverage photography, softbox lighting",0.89997798204422,0.7120749354362488,62.45506299209629,0.603470
1159_25.png,373,run_10,3,"still life of a glass of orange juice with sliced oranges, mint leaves, and a few ice cubes, highly textured, warm, and inviting natural light, high-res digital painting",0.7846004962921143,0.6140992045402527,49.10448374461758,0.602448
1159_25.png,374,run_8,4,"a photograph of a glass of orange juice with thinly sliced oranges garnish, highly realistic, high-definition, sunlight coming through a large window",0.8959389925003052,0.7433595657348633,59.02868361233062,0.602105
1159_25.png,375,run_9,2,"stunningly realistic still-life of a glass of orange juice with sliced oranges and a small bowl of sugar, warm soft golden light, high resolution",0.8389601111412048,0.6604086756706238,57.115224664549714,0.593767
1159_25.png,376,run_2,1,"a glass of freshly squeezed orange juice with a few slices of orange next to it, realistic, highly detailed, warm sunlit room",0.8691175580024719,0.7070118188858032,61.7456784608749,0.577751
1159_25.png,377,run_11,4,"highly refined digital painting of a glass of orange juice with sliced oranges, a few orange peels scattered on the counter, delicate atmospheric perspective",0.8325865864753723,0.687615156173706,57.34270360309344,0.572678
1159_25.png,378,run_15,1,"a glass of orange juice surrounded by orange slices, highly detailed, dramatic warm light, product photography studio setup",0.8502897024154663,0.6559256911277771,63.876769234135345,0.571965
1159_25.png,379,run_12,3,"'an ice-cold glass of orange juice surrounded by an assortment of sliced colorful citrus fruits, highly detailed realistic watercolor'",0.911912202835083,0.6630246639251709,79.49416064896887,0.549775
1159_25.png,380,run_2,4,"realistic masterpiece of a glass of orange juice with fresh orange slices and a sprig of rosemary, warm sunlit studio setting",0.7700064778327942,0.6464452147483826,53.58322184148817,0.547882
1159_25.png,381,run_12,4,"'a glass of frosty ice-cold navel orange juice surrounded by a kaleidoscope of sliced citrus fruits in a beautiful still life setup, highly detailed realistic dramatic lighting'",0.8047436475753784,0.6995354890823364,55.6135461210423,0.547172
1159_25.png,382,run_13,5,"highly detailed still life of orange juice and sliced oranges on a decorative plate, 4k, high contrast, soft focus",0.7725549936294556,0.6931104063987732,55.62836427900821,0.516919
1159_25.png,383,run_6,4,"highly detailed studio photography of a glass of freshly squeezed orange juice with a decorative vase of sliced oranges in the background, warm golden daylight.",0.8183885812759399,0.7345207333564758,61.737116165285535,0.511855
1159_25.png,384,run_1,1,"a highly detailed and realistic still life of orange juice and sliced oranges, captured in a soft warm light",0.7801021337509155,0.7037965059280396,58.52446263129795,0.504211
1159_25.png,385,run_12,4,"'a glass of crystal clear ice-cold orange juice on a rustic wooden table surrounded by a rainbow array of sliced citrus fruits, highly detailed realistic masterful lighting'",0.7150002121925354,0.7369450926780701,57.35068936300561,0.426839
1159_25.png,386,run_5,1,"a highly realistic still life of a glass of orange juice on a modern kitchen counter surrounded by slices of orange, 4k digital image, warm and inviting lighting",0.746707022190094,0.7546159029006958,62.56807318495085,0.423461
1159_25.png,387,run_9,1,"a beautiful still life of orange juice and sliced oranges, expertly lit to show every detail, highly realistic",0.7021760940551758,0.7378103137016296,60.423861693855315,0.396910
1159_25.png,388,run_8,2,"'a glass of fresh orange juice with orange slices and a sprig of rosemary, set in a rustic kitchen with natural light spilling in, highly textured and realistic'",0.667467474937439,0.7644702792167664,54.41218300470885,0.379720
1159_25.png,389,run_8,2,"'a glass of orange juice with a sprig of mint and sliced oranges, photographed in a bright and airy kitchen with plenty of sunlight streaming in, highly detailed'",0.7028393745422363,0.8515114784240723,65.185911471402,0.316894
1159_25.png,390,run_1,3,ultra-realistic,0.4696796238422394,0.7637720108032227,56.37368469383017,0.164997
1159_29.png,1,run_12,3,a breathtakingly realistic 4k digital work of art of a lone palm tree on a rocky atoll surrounded by a calm and peaceful shimmering clear blue ocean at sunset,0.9219204187393188,0.6521792411804199,48.88819180386571,0.884668
1159_29.png,2,run_11,2,realistic high-contrast detailed seascape of a single palm tree growing on a rocky island in the ocean with long shadows at golden hour,0.9037379622459412,0.6234992146492004,47.103495680090326,0.870126
1159_29.png,3,run_12,4,a breathtakingly realistic 8k digital masterpiece of a lone palm tree on a rocky atoll surrounded by a calm and serene shimmering clear blue ocean at golden hour,0.9074342250823975,0.6366174221038818,46.9352229484515,0.869688
1159_29.png,4,run_12,5,a highly detailed realistic 4k digital depiction of a single palm tree on a rocky atoll with a clear blue ocean and a few white clouds at dusk,0.9036211371421814,0.6430476307868958,48.50547640171937,0.843914
1159_29.png,5,run_13,2,"a serene single palm tree sways gently in the breeze on a small rocky island, 4k realistic seascape at the peak of sunset",0.9211928844451904,0.6760616302490234,52.36092201871089,0.840559
1159_29.png,6,run_15,4,"A majestic, highly detailed, tall palm tree on a rugged coast, with calm ocean waters and a subtle golden glow as the sun dips slowly below the horizon",0.9200053811073303,0.6949281692504883,49.8336319363372,0.835290
1159_29.png,7,run_11,4,highly realistic high-contrast detailed seascape of a single majestic palm tree standing alone on a rugged rocky island in the bright golden hour ocean,0.8888021111488342,0.623955249786377,48.10493567235576,0.821958
1159_29.png,8,run_11,3,highly realistic detailed and high-contrast seascape featuring a single palm tree on a rocky island with long shadows and warm tones at sunrise,0.9031257629394531,0.6750088930130005,48.89028800542163,0.811531
1159_29.png,9,run_13,1,"'a single palm tree swaying gently in the breeze on a small rocky island, realistic 4k seascape at the moment of sunset'",0.9128307104110718,0.6904105544090271,52.2794886187602,0.804743
1159_29.png,10,run_15,3,"A majestic, tall palm tree on a rugged coast, with calm ocean waters and a subtle golden glow as the sun dips below the horizon",0.9111342430114746,0.7028874158859253,49.62832064212416,0.804524
1159_29.png,11,run_12,5,highly detailed breathtakingly realistic 4k digital painting of a lone palm tree on a rocky atoll with a serene clear blue ocean at golden hour,0.8918479681015015,0.6483186483383179,49.28950943055056,0.801566
1159_29.png,12,run_8,4,"a proud, majestic palm tree rises from a rocky island amidst the soothing, gentle lapping of waves on a calm turquoise sea, under a warm, golden hour sunset, soft focus, dreamy, ethereal",0.9074223041534424,0.6702221035957336,54.620120073271316,0.793842
1159_29.png,13,run_15,3,"A stunning, highly realistic 4k image of a palm tree on a rugged coastline, surrounded by the calm, blue waters of the ocean at the moment the sun dips below the horizon",0.8721085786819458,0.6330165863037109,43.960797779651706,0.791688
1159_29.png,14,run_15,2,"A lone, tall palm tree on a rugged coast, surrounded by calm ocean waters at the moment the sun dips below the horizon",0.8877676725387573,0.6661077737808228,47.54026818677289,0.784547
1159_29.png,15,run_4,2,'a serene and solitary palm tree stands atop a rocky island amidst calm waters at golden hour with warm sunlight dancing across the scene',0.8958574533462524,0.6607099175453186,52.216222173982,0.784283
1159_29.png,16,run_4,2,'a majestic solitary palm tree on a rugged island standing tall and proud in the still of the ocean's golden hour light',0.9022802710533142,0.6878615617752075,51.78285276093587,0.780445
1159_29.png,17,run_8,5,"a proud, majestic palm tree sways gently from a rocky island amidst the soothing, gentle lapping of waves on an endless, turquoise horizon, under a warm, golden hour sunset, with vibrant colors, soft focus, dreamy",0.903645396232605,0.6840091943740845,53.118009490798315,0.779801
1159_29.png,18,run_12,2,a stunningly realistic 4k masterpiece of a single palm tree on a remote rocky island with a shimmering clear blue ocean at sunset,0.8902578353881836,0.6770194172859192,48.22818626247711,0.777632
1159_29.png,19,run_6,5,highly detailed realistic seascape of a lone palm tree growing on a rocky island in the clear turquoise ocean at a breathtaking sunset,0.9139638543128967,0.7260331511497498,52.33906182579299,0.775560
1159_29.png,20,run_4,4,a serene and highly realistic solitary palm tree stands on a rocky islet amidst the calm tranquil waters of a tropical ocean at the magic hour with warm golden sunlight softly dancing across the scene,0.8955647349357605,0.657986044883728,54.111568985989884,0.774658
1159_29.png,21,run_13,1,"'a lone palm tree rooted firmly on a rocky outcrop in the middle of the ocean, warm sunlight and soft clouds at sunset'",0.8958560824394226,0.6766523122787476,51.661643065009386,0.773250
1159_29.png,22,run_11,5,realistic highly detailed high-contrast 4K seascape of a single majestic palm tree growing on a rocky island in the ocean with long golden hour shadows,0.8859756588935852,0.6591410040855408,50.05257215416653,0.770874
1159_29.png,23,run_1,4,"serene isolated sunset landscape with a tall palm tree, ultra-realistic digital painting with subtle ocean ripples",0.9045522212982178,0.7163280844688416,51.05819538880158,0.765535
1159_29.png,24,run_8,5,"a proud, majestic palm tree stands tall from a rugged, rocky coast amidst the soothing, gentle lapping of waves on a calm, turquoise sea, under a warm, soft golden hour sunset, with a sense of movement, high contrast, artistic",0.9026297330856323,0.6808077096939087,55.56731119181915,0.765292
1159_29.png,25,run_1,3,"'isolated sunset landscape with a single palm tree, ultra-realistic digital masterpiece with subtle ocean waves'",0.9084324836730957,0.733045220375061,50.472858489094406,0.764855
1159_29.png,26,run_5,3,highly detailed realistic 8k seascape of a single palm tree,0.8367630243301392,0.584963858127594,39.63247393749446,0.761602
1159_29.png,27,run_4,1,a majestic and serene single palm tree standing alone on a rocky island in the calm ocean at golden hour,0.9023109674453735,0.6984716653823853,53.424099002255865,0.761256
1159_29.png,28,run_3,1,"'a single palm tree standing upright on a narrow rocky island amidst the calmness of the ocean at dusk, realistic seascape with rich texture'",0.8883235454559326,0.6556689739227295,53.59626152893436,0.759527
1159_29.png,29,run_2,5,a highly realistic 4k seascape of a robust palm tree standing on a volcanic rock-strewn tropical island at the moment of sunset with a clear blue sky,0.9142928123474121,0.7171218395233154,56.64266482398146,0.758936
1159_29.png,30,run_14,3,majestic highly detailed isolated palm tree rooted on a granite boulder surrounded by deep turquoise waves at golden hour,0.9082251191139221,0.7259612679481506,52.622566849493644,0.757876
1159_29.png,31,run_15,4,"A highly realistic, detailed palm tree stands proud on a rugged coast, with the warm, golden light of sunset casting a peaceful ambiance over the calm ocean waters and surrounding landscape",0.9067146182060242,0.7202703356742859,53.0376338193087,0.756295
1159_29.png,32,run_14,4,isolated palm tree standing on a large granite boulder surrounded by calm turquoise waves at the golden hour of a tropical island,0.8838949203491211,0.6705277562141418,50.10191084448873,0.754527
1159_29.png,33,run_14,4,highly detailed realistic isolated palm tree on a rugged granite rock formation surrounded by turquoise waves at golden hour,0.9060984253883362,0.7251089215278625,52.66567499699914,0.752432
1159_29.png,34,run_14,5,highly detailed 4k palm tree isolated on a granite rock surrounded by turquoise blue waves at sunset,0.9106953144073486,0.7371892333030701,53.10413621426273,0.751845
1159_29.png,35,run_3,4,"a single palm tree standing proudly upright on a narrow rocky island amidst the stillness of the ocean at twilight, highly detailed realistic seascape with soft colors",0.8872437477111816,0.6583274602890015,54.095398489566975,0.751153
1159_29.png,36,run_8,4,"a tall palm tree stands proud on a rugged, rocky island amidst the serene, gentle ripples of calm turquoise waters, under a warm, golden hour sunset, highly detailed, 4k",0.9073894023895264,0.7167779207229614,54.79304528059248,0.750900
1159_29.png,37,run_13,2,"a single palm tree waves gently in the breeze on a small rocky island surrounded by clear blue waters, realistic 8k seascape at the golden hour",0.901496946811676,0.713601291179657,52.617262233064416,0.750175
1159_29.png,38,run_5,4,highly realistic 4k seascape of a lone palm tree on a small rocky cove in the tranquil ocean at twilight with atmospheric effects of a digital painting,0.8855676651000977,0.6656620502471924,52.5949932859841,0.748779
1159_29.png,39,run_11,4,realistic high-contrast highly detailed detailed seascape of a single palm tree growing on a rocky island in the calm serene ocean with long golden hour shadows,0.8663090467453003,0.6393639445304871,47.69852743197218,0.747559
1159_29.png,40,run_4,4,a serene and highly detailed solitary palm tree stands atop a rugged rocky island amidst calm crystal-clear waters at golden hour with warm sunlight softly dancing across the scene,0.9011549949645996,0.7072916626930237,53.98832089167067,0.746746
1159_29.png,41,run_12,4,"a stunningly colorful, 4k digital work of art of a lone palm tree on a weathered rocky atoll surrounded by a calm, crystal clear blue ocean at dusk",0.9064798355102539,0.7241211533546448,54.10508592827003,0.745841
1159_29.png,42,run_4,3,"A highly detailed and beautifully rendered solitary palm tree stands on a rocky shoreline amidst calm, crystalline waters at golden hour with warm sunlight dancing across the intricate details of the scene.",0.9066427946090698,0.7174701690673828,55.46081909855503,0.744224
1159_29.png,43,run_15,5,"A highly detailed, majestic, tall palm tree on a rugged, rocky coast, with deep blue ocean waters and a subtle warm golden glow as the sun dips slowly below the horizon",0.8777902722358704,0.663418173789978,50.28352171027009,0.742745
1159_29.png,44,run_13,1,"'the majestic figure of a single palm tree emerging from the waves on a deserted rocky island, highly detailed seascape at dusk'",0.8831585049629211,0.6726160049438477,51.55858946967941,0.741941
1159_29.png,45,run_13,5,Highly detailed 4k realistic seascape of an isolated palm tree swaying gently in the breeze on a small rocky island at sunset,0.8915586471557617,0.691295862197876,52.717147327426396,0.741798
1159_29.png,46,run_8,2,"a tall palm tree stands proud on a rocky island amidst the serene, gentle ripples of calm turquoise waters, under a warm, golden hour sunset, highly textured",0.8953636884689331,0.7019857168197632,52.93821834654138,0.741535
1159_29.png,47,run_13,4,"serene single palm tree sways gently in the fading light of a vibrant sunset on a small rocky island, realistic seascape masterpiece",0.9072539806365967,0.7166431546211243,56.52192570134235,0.740378
1159_29.png,48,run_4,5,a serene and solitary palm tree stands tall atop a rugged rocky outcropping amidst the calm and peaceful waters of a tropical island at golden hour with soft warm sunlight casting long shadows across the scene,0.8918401002883911,0.6891726851463318,53.513452097724,0.739766
1159_29.png,49,run_12,2,a lone palm tree on a rugged rocky island amidst a calm clear blue ocean at a warm sunset glow,0.8919063210487366,0.6905771493911743,53.4190095337111,0.739250
1159_29.png,50,run_13,2,"a single palm tree stands on a small rocky island in the background, 4k realistic seascape at the moment of a serene sunset over calm waters",0.8951445817947388,0.6919434070587158,54.789728127962505,0.738950
1159_29.png,51,run_6,1,a realistic seascape of a lone palm tree growing on a rocky island in the ocean at sunset with a bright colorful sky,0.9018425345420837,0.701853334903717,56.480975183511866,0.738758
1159_29.png,52,run_12,3,highly detailed 4k digital painting of a single majestic palm tree on a serene remote rocky island with a crystal clear blue ocean at golden hour,0.8794330358505249,0.6776296496391296,49.75943312110925,0.737689
1159_29.png,53,run_2,5,a highly detailed seascape of a tall palm tree perched on a rocky shore surrounded by the serene ocean waters at the moment of a warm sunset on a small tropical island,0.8837099671363831,0.6722079515457153,52.61607761879698,0.737573
1159_29.png,54,run_13,3,"A serene single palm tree silhouette against a vibrant warm sky on a small rocky isle, highly detailed 4k realistic seascape at sunset with gentle ocean waves.",0.9030994176864624,0.7148671746253967,55.33471785706511,0.737391
1159_29.png,55,run_10,4,"a lone palm tree on a rocky island, bathed in warm golden light, surrounded by calm turquoise ocean waters at sunset, highly realistic digital art",0.8982881307601929,0.706375777721405,54.66955450230276,0.735499
1159_29.png,56,run_12,3,an intricately detailed 4k masterpiece of a single palm tree on a remote rugged island with a serene and glassy calm clear blue ocean at golden hour,0.8529864549636841,0.6310986280441284,44.71314808237765,0.735412
1159_29.png,57,run_8,5,"a proud, majestic palm tree stands tall from a rugged, rocky island amidst the soothing, gentle lapping of waves on a calm turquoise sea, under a warm, soft golden hour sunset, highly detailed, 4k, dreamy, ethereal",0.8951275944709778,0.7023965716362,54.09733330591843,0.733623
1159_29.png,58,run_15,1,"a tall, slender palm tree standing alone on a rocky island shore in a serene ocean seascape at dusk",0.8838669061660767,0.6691552400588989,54.146459488678886,0.731669
1159_29.png,59,run_10,1,"a single palm tree standing alone on a rugged island in the ocean at sunset, highly detailed realistic seascape",0.9134268760681152,0.745387077331543,56.73055703183282,0.730598
1159_29.png,60,run_14,5,majestic highly detailed isolated palm tree on a rugged granite boulder above the deep turquoise waves at golden hour,0.9113885760307312,0.7489217519760132,55.344992362998596,0.729943
1159_29.png,61,run_8,3,"a slender palm tree grows on a small rocky isle amidst serene, shimmering ripples of cool turquoise waters, under a warm, soft-golden hour sunset, highly textured",0.8871005773544312,0.6871127486228943,53.36314461733417,0.729240
1159_29.png,62,run_12,4,a breathtakingly realistic 4k digital landscape of a lone palm tree on a rocky atoll surrounded by a soothing and peaceful shimmering turquoise ocean at golden hour,0.8706041574478149,0.6700993776321411,48.265527546216646,0.728606
1159_29.png,63,run_8,1,"'a single tall palm tree growing on a rocky outcropping amidst calm turquoise waters at a golden hour sunset, highly detailed'",0.8824996948242188,0.685157060623169,52.396935389890075,0.723853
1159_29.png,64,run_6,4,a photorealistic 4k seascape of a lone palm tree on a rocky island with turquoise waters and a bright orange and pink sky,0.8774162530899048,0.6819442510604858,51.433721257382196,0.718227
1159_29.png,65,run_7,5,a stunning highly detailed digital art piece of a single palm tree on a rocky coastal area in the soft warm light of late afternoon,0.8466290235519409,0.6296163201332092,45.13696983183567,0.716429
1159_29.png,66,run_2,2,a photorealistic highly detailed seascape of a robust palm tree growing on a rock-strewn island surrounded by the calm ocean waters at the moment of sunset,0.910966694355011,0.758067786693573,56.04931620183471,0.716364
1159_29.png,67,run_3,2,"a palm tree planted proudly on a small rocky isle amidst the serenity of the ocean at sunset, photorealistic digital painting with intricate details",0.8983737230300903,0.7272179126739502,54.93505383300242,0.715439
1159_29.png,68,run_7,5,a photorealistic 4k digital artwork of a palm tree standing alone on a rocky island in warm golden hour light,0.9133264422416687,0.7536183595657349,58.005296769786945,0.715355
1159_29.png,69,run_3,1,"'a solitary palm tree swaying in the gentle breeze on a rocky coastline at sunset, hyper realistic seascape with deep blues and reds'",0.8818092346191406,0.6950200796127319,52.1398670933738,0.714586
1159_29.png,70,run_14,4,highly detailed vibrant isolated palm tree on a weathered granite outcropping overlooking deep blue ocean waves at golden hour,0.8932070136070251,0.7206029891967773,53.81153354752459,0.713587
1159_29.png,71,run_12,2,a single isolated palm tree situated on a weathered rocky island with a majestic clear blue ocean and a bright sky at golden hour,0.8541694283485413,0.6184112429618835,51.01632352736637,0.712700
1159_29.png,72,run_1,5,"isolated sunset paradise with a tall palm tree, highly detailed digital painting and realistic ocean ripples",0.8995041847229004,0.7581441402435303,51.374334840644394,0.711961
1159_29.png,73,run_10,2,"'an isolated palm tree stands tall on a rugged rocky island surrounded by glassy calm turquoise ocean waters at a warm vibrant sunset color palette, highly detailed digital art'",0.8833787441253662,0.6911748647689819,54.762807002667884,0.706862
1159_29.png,74,run_7,4,a highly realistic 4k digital art piece of a single palm tree on a rocky island in the warm golden light of late afternoon,0.8808022737503052,0.6961712837219238,52.833807407288596,0.706613
1159_29.png,75,run_12,5,a stunning realistic digital artwork of a palm tree isolated on a small rocky island surrounded by a smooth clear blue ocean at sunset,0.8691408634185791,0.673159122467041,51.07508550911899,0.705081
1159_29.png,76,run_9,4,4k ultra-high resolution seascape of a single palm tree on a tiny rocky islet in the midst of calm ocean waves slowly drifting at the end of the day.,0.9089014530181885,0.7447960376739502,59.0371798450617,0.704766
1159_29.png,77,run_8,4,"a majestic palm tree stands strong on a rocky outcropping, surrounded by the soft, lapping waves of calm turquoise waters, under a warm, golden hour sunset, highly textured",0.8943932056427002,0.7208437323570251,56.35817055102191,0.701573
1159_29.png,78,run_13,4,"serene single palm tree stands calmly in the late afternoon breeze on a tiny rocky island, highly detailed realistic seascape at the peak of warm sunset",0.8897280097007751,0.7060530185699463,56.53115632845847,0.700773
1159_29.png,79,run_6,4,a highly detailed digital painting of a lone palm tree on a secluded rocky island in the ocean at sunset with a soft colored sky,0.8937609791755676,0.723771870136261,55.82367611393565,0.700346
1159_29.png,80,run_12,3,a highly detailed and realistic 4k digital work of art of a single palm tree on a serene and isolated rocky island with a calm and peaceful shimmering clear blue ocean at golden hour,0.8590271472930908,0.653619110584259,50.11403188113729,0.700027
1159_29.png,81,run_14,4,majestic highly detailed isolated palm tree rooted on a massive granite boulder surrounded by deep turquoise ocean waves at golden hour sunset,0.8970432877540588,0.7347423434257507,56.26534381836098,0.697057
1159_29.png,82,run_1,4,"isolated ultra-realistic sunset landscape with a solo palm tree, 4k digital painting masterpiece with gentle ocean waves",0.9021055698394775,0.7619516253471375,54.544170547854144,0.697004
1159_29.png,83,run_4,2,'a beautiful digital artwork of a single palm tree on a small rocky island bathed in the soft golden light of the setting sun over the ocean',0.899869978427887,0.7400736212730408,57.06448294085006,0.695437
1159_29.png,84,run_4,5,a solitary and majestic palm tree stands atop a rugged outcropping of rock amidst the calm and peaceful waters of a serene tropical island at golden hour with warm sunlight dancing across the scene,0.8813637495040894,0.6984784603118896,54.773059228204836,0.694599
1159_29.png,85,run_9,3,highly detailed seascape of a lone palm tree on a tiny rocky island surrounded by the gentle ocean waves at sunset,0.9025334119796753,0.7525657415390015,56.7083257294755,0.693785
1159_29.png,86,run_14,1,"'a majestic palm tree situated on a rocky islet in the calm ocean at evening, vividly detailed seascape'",0.8440428376197815,0.61783766746521,50.33839667243948,0.688891
1159_29.png,87,run_11,2,realistic detailed low-angle seascape of a small single palm tree growing on a rocky island in the ocean at golden hour,0.8964896202087402,0.7373862266540527,57.43054791775516,0.686214
1159_29.png,88,run_14,3,a majestic highly realistic isolated palm tree towering above a granite boulder surrounded by calm turquoise waves at golden hour,0.859961986541748,0.6546024680137634,52.82586736973127,0.685661
1159_29.png,89,run_15,3,"A lone palm tree stands tall on a rugged coastline, surrounded by serene ocean waters at the moment the sun dips below the horizon slowly",0.8553367257118225,0.6578398942947388,50.185123263283465,0.685482
1159_29.png,90,run_15,5,"A masterpiece of a tall, highly detailed palm tree on a dramatic, windswept coast, with turbulent ocean waters and a vibrant, golden glow as the sun sets rapidly",0.8864811062812805,0.73978590965271,52.57235534393836,0.684882
1159_29.png,91,run_11,4,vibrant realistic high-contrast highly detailed seascape of a single palm tree growing on a weathered rocky island in the deep blue ocean with long golden hour shadows,0.878321647644043,0.7184958457946777,51.96218119559599,0.684788
1159_29.png,92,run_4,5,a serene and beautiful palm tree stands alone atop a rocky island amidst the calm and peaceful waters of a tropical paradise at golden hour under the warm golden glow of the setting sun,0.8890833258628845,0.714006245136261,57.730704015541846,0.684702
1159_29.png,93,run_14,4,majestic highly detailed isolated palm tree rooted on a granite rock formation overlooking the serene turquoise ocean and surrounding landscape at golden hour,0.8846086859703064,0.7342012524604797,52.61470511080898,0.684406
1159_29.png,94,run_1,5,"serene and peaceful sunset landscape with a single tall palm tree, ultra-realistic digital painting with a subtle ocean mist",0.8864163160324097,0.7456956505775452,51.74698621813338,0.684292
1159_29.png,95,run_6,2,a highly detailed realistic seascape of a solitary palm tree on a small coral reef in the ocean at sunset with soft pastel hues,0.9182159900665283,0.8016175627708435,58.315763931480355,0.684080
1159_29.png,96,run_12,1,"a single palm tree on a remote rocky island with a clear blue ocean at sunset, highly detailed realistic masterpiece",0.8919006586074829,0.7528064846992493,53.40270183520904,0.683428
1159_29.png,97,run_3,1,"'a single palm tree growing on a rocky outcropping in the middle of a vast expanse of turquoise ocean at sunset, ultra detailed masterpiece'",0.8947764039039612,0.754764974117279,54.603864085250834,0.682588
1159_29.png,98,run_10,5,"an isolated palm tree on a rocky island set amidst crystal clear turquoise waters with a vibrant sunset sky, highly detailed digital artwork",0.8769354820251465,0.7004486322402954,54.61337845421291,0.681380
1159_29.png,99,run_15,5,"A highly detailed digital painting of a majestic, tall palm tree, situated on a rugged coast with rough, rocky terrain and a bright, warm golden light as the sun dips slowly below the ocean's horizon",0.8788836002349854,0.7063079476356506,54.66030028470797,0.681292
1159_29.png,100,run_10,3,"an isolated palm tree on a rocky headland surrounded by crystal clear turquoise ocean waters at sunset, highly detailed digital art",0.8863332271575928,0.734781801700592,54.16707419739355,0.679496
1159_29.png,101,run_5,1,highly detailed realistic 4k seascape of a single palm tree on a small rocky island in the ocean at sunset with the colors of a digital painting,0.8957748413085938,0.7356874942779541,58.74611695355505,0.677929
1159_29.png,102,run_9,2,realistic seascape of a palm tree standing alone on a small rocky island in the ocean with warm colours at golden hour,0.900637686252594,0.7519035339355469,58.58844072685884,0.677911
1159_29.png,103,run_8,4,"a proud palm tree sways gently in the breeze on a rocky promontory, with the tranquil, shimmering water of a tropical lagoon stretching out to the horizon under a warm, golden hour sunset, masterpiece",0.8747512102127075,0.7106743454933167,52.74222861400617,0.677188
1159_29.png,104,run_8,3,"a palm tree basks in the warm light on a rocky outcropping amidst the tranquil, glinting ripples of crystal clear turquoise waters, under a warm, golden hour sunset, highly realistic'",0.9048570394515991,0.7633522748947144,59.3086735537321,0.675162
1159_29.png,105,run_1,5,"serene isolated sunset landscape with a tall palm tree and subtle ocean waves, highly detailed digital painting",0.881864607334137,0.7385159730911255,52.41716759783815,0.674021
1159_29.png,106,run_1,4,"dramatic sunset landscape with a solitary palm tree, highly detailed digital painting with gentle ocean waves",0.9072363972663879,0.7755898833274841,58.78681018433732,0.673928
1159_29.png,107,run_14,2,a majestic isolated palm tree rooted on a granite boulder surrounded by deep turquoise waves at golden hour,0.8697935342788696,0.6850640177726746,54.83970105765621,0.673864
1159_29.png,108,run_1,3,"'single palm tree silhouetted at sunset on a rugged rocky outcrop, high definition digital artwork with ocean ripples'",0.8827940225601196,0.7131285667419434,56.818156577940194,0.673301
1159_29.png,109,run_10,2,"'a palm tree rises alone on a rocky island against the warmth of a golden orange sunset, serene tranquil turquoise ocean waters, highly detailed 4k digital art'",0.9031552076339722,0.7501091957092285,61.015548707020045,0.672161
1159_29.png,110,run_8,5,"a serene, idyllic palm tree rises from a rocky islet amidst the gentle lapping of waves on a calm, tranquil sea, under a warm, soft golden hour sunset, highly detailed, realistic, 4k",0.899989128112793,0.7492449283599854,59.75926990445673,0.671533
1159_29.png,111,run_12,2,a single majestic palm tree on a dramatic rocky outcropping with a serene clear blue ocean in the background at a vibrant sunset,0.8824448585510254,0.7295429706573486,54.48435238789905,0.671433
1159_29.png,112,run_5,2,realistic highly detailed 4k seascape of a single palm tree on a small island in the ocean at a dramatic sunset with the soft colors of an oil painting on canvas,0.9066740274429321,0.7543528079986572,62.69762481133095,0.668214
1159_29.png,113,run_10,4,"an isolated palm tree stands alone on a rocky island, surrounded by serene turquoise ocean waters at sunset, highly detailed digital artwork",0.8648919463157654,0.7031835913658142,50.801613889007065,0.667838
1159_29.png,114,run_14,5,highly realistic detailed masterpiece of a majestic palm tree on a granite boulder isolated in the calm turquoise waves of the ocean at sunrise,0.8831518888473511,0.7340426445007324,55.06237988477527,0.665939
1159_29.png,115,run_9,5,'Seascape in 4k ultra-high resolution of a single palm tree situated on a teeny rocky islet in a peaceful ocean scene with waves softly lapping at the shore at sunset.',0.904421329498291,0.7573372721672058,61.59706193266834,0.665760
1159_29.png,116,run_2,3,a photorealistic highly detailed seascape of a robust palm tree growing on a rock-strewn island amidst the tranquil calm ocean waters at the peak of a vibrant colorful sunset,0.9068182110786438,0.7810828685760498,59.1803144925379,0.665487
1159_29.png,117,run_10,1,"an isolated palm tree on a rocky island surrounded by calm turquoise ocean waters at sunset, highly realistic digital painting",0.8397831320762634,0.6547156572341919,46.967352203282616,0.663850
1159_29.png,118,run_14,1,"'an isolated palm tree rooted on a granite boulder surrounded by turquoise waves at sunset, photo realistic seascape'",0.8939094543457031,0.7410829663276672,59.5190327725502,0.663271
1159_29.png,119,run_7,3,"a highly detailed 4k seascape of a single solitary palm tree on a rocky island, with warm sunlight and a soft golden glow, in a realistic digital painting style",0.8585450649261475,0.688893735408783,50.84350977692858,0.662658
1159_29.png,120,run_11,2,highly detailed realistic seascape of a single palm tree on a rocky island in the ocean with soft warm golden hour light,0.8593215942382812,0.6879227161407471,51.36860285663624,0.662587
1159_29.png,121,run_7,1,"'single majestic palm tree on a rocky island in the blue ocean, with warm light at sunset, highly detailed realistic digital painting'",0.8521450161933899,0.6766743659973145,49.780328823372884,0.662030
1159_29.png,122,run_1,4,"isolated golden-hour sunset landscape with a single palm tree, highly realistic digital artwork with soft ocean foam",0.904225766658783,0.7839599847793579,58.25041409358797,0.661165
1159_29.png,123,run_10,5,"an isolated palm tree on a serene rocky island surrounded by crystal clear turquoise ocean waters at a golden sunset, highly realistic digital art",0.8413154482841492,0.6608326435089111,47.545836494355136,0.659210
1159_29.png,124,run_10,5,"a lone palm tree on a rocky island surrounded by tranquil turquoise ocean waters with a warm orange glow of sunset, highly realistic oil painting",0.880608081817627,0.7211410999298096,57.04182251143516,0.658656
1159_29.png,125,run_15,4,"A stunning, highly detailed palm tree dominates the rugged coastline, with the sun dipping low in the sky, casting a golden glow across the calm ocean waters",0.8671581745147705,0.7100690007209778,52.518851467819424,0.657801
1159_29.png,126,run_8,1,"'a lone palm tree grows on a rocky island in the ocean, realistic seascape with rich texture and subtle color gradient'",0.8326723575592041,0.6224882006645203,49.68772778444396,0.656744
1159_29.png,127,run_12,5,a serene and peaceful 4k digital photograph of a single palm tree standing tall on a rugged atoll amidst a calm clear blue ocean,0.8733929395675659,0.6685421466827393,62.332158427235235,0.654301
1159_29.png,128,run_15,4,"A tall, majestic palm tree rises from the rugged coast, set against a serene landscape of calm ocean waters and a vibrant, warm sunset",0.8676643371582031,0.7032567858695984,54.45682781499008,0.653833
1159_29.png,129,run_13,1,"'a single palm tree standing solitary on a rocky island in the ocean at golden hour, hyper-realistic seascape'",0.9167554378509521,0.7834749817848206,65.60161817272684,0.653035
1159_29.png,130,run_8,3,"'a majestic palm tree rises out of a rocky outcropping on a small island amidst tranquil, glassy ripples of crystal clear turquoise waters, under a warm, golden hour sunset, highly detailed",0.8855655193328857,0.7406254410743713,57.614512399645776,0.651630
1159_29.png,131,run_6,2,a realistic seascape of a lone palm tree growing on a rocky shore at sunset with a vibrant colorful sky,0.8834799528121948,0.7189496159553528,59.9443548510407,0.651432
1159_29.png,132,run_6,5,highly realistic seascape of a single palm tree growing on a rocky island in the ocean at a stunning sunset with a brilliant colorful sky and smooth calm waves,0.8903810977935791,0.7389643788337708,60.19167847560261,0.651304
1159_29.png,133,run_11,2,realistic detailed seascape of a single palm tree growing on a rocky island in the ocean at golden light,0.8599241971969604,0.6905220746994019,53.2140810444454,0.650982
1159_29.png,134,run_1,1,"a single palm tree on a isolated rocky island in the ocean at sunset, highly realistic digital painting style",0.9119154810905457,0.8031835556030273,60.73673324252761,0.650662
1159_29.png,135,run_15,5,"A majestic highly detailed 4K, tall palm tree standing proudly on a rugged coast with calm, peaceful ocean waters reflecting the warm, golden hues of sunset",0.8960878252983093,0.7601579427719116,59.84969582851745,0.650271
1159_29.png,136,run_14,3,a serene 4k isolated palm tree rooted on a rugged granite boulder surrounded by deep turquoise waves at sunset,0.887240469455719,0.7500229477882385,57.674216631883105,0.647523
1159_29.png,137,run_7,2,"4k seascape of an isolated palm tree on a rocky island in the distance, with soft warm sunlight and golden hues",0.8581941723823547,0.6975500583648682,52.04881419025639,0.646744
1159_29.png,138,run_4,2,'an island with a lone palm tree standing strong against the warm golden hues of sunset on the ocean',0.8906757831573486,0.758396565914154,58.79247167732908,0.642979
1159_29.png,139,run_14,2,an isolated palm tree rooted on a granite boulder at sunset surrounded by turquoise waves in a highly detailed digital painting,0.8702542781829834,0.7377522587776184,52.3943845568406,0.642339
1159_29.png,140,run_6,3,a realistic highly detailed seascape of a single palm tree growing on a rugged rocky island in the calm clear ocean at a warm golden sunset with a vibrant colorful sky,0.90012526512146,0.7746371626853943,61.38914883857261,0.639427
1159_29.png,141,run_2,5,a photorealistic masterful seascape of a vibrant palm tree growing out of a boulder surrounded by the tranquil ocean waters at the moment of a breathtaking sunset on a deserted island,0.8963876962661743,0.7808891534805298,58.76000566704543,0.638956
1159_29.png,142,run_12,2,a highly detailed realistic single palm tree standing alone on a secluded rocky island with a bright blue ocean at golden hour,0.8300960063934326,0.6534853577613831,47.00409677024234,0.637618
1159_29.png,143,run_7,1,"'palm tree growing in the crevice of a large rocky island in the ocean at twilight, realistic seascape with high contrast'",0.8735417127609253,0.7134215235710144,58.51121920108691,0.637085
1159_29.png,144,run_13,5,a highly realistic 4k seascape of a palm tree on a rocky shore bathed in warm sunset colors as the sea gently laps at the base,0.897873044013977,0.7744154334068298,60.75844948837346,0.637065
1159_29.png,145,run_4,3,"A serene and mystical solitary palm tree stands atop a rocky island amidst a misty, mystical atmosphere at golden hour with warm sunlight casting an ethereal glow across the scene",0.8802881240844727,0.7407330870628357,57.57261002624594,0.637008
1159_29.png,146,run_9,3,realistic 4k seascape of a single palm tree standing alone on a small rocky island in the calm ocean at golden hour,0.9034578800201416,0.7818118333816528,62.37976837448957,0.636430
1159_29.png,147,run_15,2,"A stunning, highly detailed digital painting of a palm tree standing alone on a rocky shoreline at dusk, overlooking a serene and peaceful ocean seascape",0.8716561794281006,0.724841833114624,56.010102773580655,0.636395
1159_29.png,148,run_11,1,realistic detailed seascape of a small single palm tree growing on a rocky island in the ocean at golden hour,0.885926365852356,0.7488683462142944,59.22345332682582,0.635684
1159_29.png,149,run_11,5,detailed digital painting of a serene seascape featuring a single palm tree standing on a rocky island in the ocean with vibrant long shadows,0.8270564675331116,0.6300598382949829,49.53152831211424,0.635148
1159_29.png,150,run_14,3,a highly detailed isolated palm tree on a rugged granite outcropping surrounded by deep turquoise waves and a dramatic sky at golden hour,0.8912078738212585,0.7627543210983276,59.766743759953734,0.634769
1159_29.png,151,run_9,3,highly detailed seascape of a solitary palm tree on a small rocky outcropping in the ocean with warm colours during golden hour,0.9041059017181396,0.7812089920043945,63.1412598335901,0.634265
1159_29.png,152,run_9,2,hyper-realistic seascape of a solitary palm tree growing on a rocky outcrop in the ocean at sunset with vibrant colours,0.8862584829330444,0.7552434802055359,58.875955628953584,0.632949
1159_29.png,153,run_1,2,"a single majestic palm tree on a remote volcanic island in the vast pacific ocean at sunset, with detailed foliage and realistic textures, highly detailed digital painting masterwork",0.9052110314369202,0.7667465209960938,66.4008980175813,0.630999
1159_29.png,154,run_9,5,'4k ultra-high resolution seascape of a solitary palm tree on a diminutive rocky outcropping in the serene calmness of a tranquil ocean wave at the end of the day.',0.8727796077728271,0.7217649817466736,57.91608427808455,0.630989
1159_29.png,155,run_14,5,isolated majestic palm tree rooted on a moss-covered granite boulder surrounded by turquoise water at golden hour with a warm glow,0.8594108819961548,0.6854908466339111,57.314793745940996,0.629720
1159_29.png,156,run_6,3,a serene peaceful seascape of a lone palm tree on a rocky outcropping surrounded by the vast blue ocean at sunset with soft pastel hues,0.8825688362121582,0.7523664236068726,58.15928578783958,0.629459
1159_29.png,157,run_9,4,highly detailed seascape of a solitary palm tree on a tiny rocky outcrop surrounded by gentle ocean waves at a serene sunset,0.8865796327590942,0.7564530372619629,59.76214498877981,0.627501
1159_29.png,158,run_6,1,a single majestic palm tree stands on a rugged rocky island in the calm ocean at sunset highly detailed 4k digital painting,0.8763165473937988,0.7387217879295349,57.61145190280498,0.627466
1159_29.png,159,run_5,2,realistic highly detailed depiction of a calm 4k seascape with a single palm tree on a small island in the ocean at golden hour,0.8758627772331238,0.742958664894104,56.767364623698946,0.627401
1159_29.png,160,run_11,3,vibrant realistic low-noise high-contrast detailed seascape of a single palm tree on a solitary rocky outcropping in the ocean at sunset,0.8967597484588623,0.7746755480766296,61.83675896225758,0.627313
1159_29.png,161,run_10,1,"a solitary palm tree swaying on a windswept rocky island in the distance, realistic seascape at sunset with warm light",0.8718985915184021,0.737964391708374,55.67571416491121,0.627271
1159_29.png,162,run_4,3,"A solitary palm tree stands on a rocky island, its trunk weathered and worn, amidst a sea of calm, glassy waters at golden hour with warm sunlight dancing across the scene",0.8912748098373413,0.7510036826133728,62.866302852717325,0.627111
1159_29.png,163,run_9,2,highly detailed photo-realistic seascape of a single palm tree on a rugged coastline with clear blue waters at sunset,0.8515965938568115,0.7030399441719055,51.51634565396194,0.626503
1159_29.png,164,run_11,2,realistic seascape of a small single palm tree on a rocky island in the ocean at 4k resolution golden hour,0.8942311406135559,0.7728132605552673,61.14038949446218,0.626041
1159_29.png,165,run_6,1,a beautiful single palm tree growing on a rocky island at the water's edge in the fading light of sunset highly realistic seascape,0.8825040459632874,0.7325441241264343,61.74136812502865,0.625819
1159_29.png,166,run_9,3,realistic and detailed seascape of a single palm tree standing on a small rocky island in the serene ocean with a gentle mist swirling around it at sunrise,0.8868800401687622,0.7547383308410645,60.5927551303277,0.624951
1159_29.png,167,run_14,2,a picturesque isolated palm tree on a granite boulder against a warm sunset surrounded by gentle turquoise waves in a stunning high resolution seascape,0.900689959526062,0.7835289835929871,62.89135435563819,0.624101
1159_29.png,168,run_8,3,"a tall palm tree soars above a rocky island amidst the gentle, lapping ripples of calm turquoise waters, under a warm, golden hour sunset with long shadows, digital painting",0.8726354837417603,0.7573530077934265,53.66426800829455,0.623858
1159_29.png,169,run_11,1,a highly detailed realistic seascape of a solitary palm tree growing on a rocky island in the ocean at sunrise,0.8782626986503601,0.7509413361549377,57.69314288844221,0.621452
1159_29.png,170,run_12,4,"a highly detailed, ultra-realistic 4k digital work of art of a single palm tree on a rocky islet surrounded by a tranquil and clear blue ocean at sunset",0.8872514963150024,0.770622730255127,59.02717106446264,0.621016
1159_29.png,171,run_15,5,"A serene, highly detailed, tall palm tree against a rugged, dramatic cliffside, with the vast blue ocean beneath and a soft, warm golden light as the sun sets",0.8378911018371582,0.6755684614181519,50.23015709780462,0.620449
1159_29.png,172,run_4,5,a highly detailed palm tree in full bloom stands atop a rocky outcropping surrounded by the calm and peaceful waters of a tropical island at golden hour under warm and vibrant sunlight,0.8622496128082275,0.7178984880447388,55.35608011496846,0.620182
1159_29.png,173,run_1,5,"serene tropical sunset landscape with a tall palm tree, ultra-realistic digital painting and a soft ocean glow",0.8797492980957031,0.7691603302955627,56.12177079340016,0.618576
1159_29.png,174,run_11,5,realistic detailed seascape art piece featuring a single palm tree isolated on a rocky island in the ocean at the magic hour of golden sunlight,0.8682803511619568,0.7394994497299194,55.20997228081052,0.618528
1159_29.png,175,run_3,4,"a single tall palm tree isolated on a rocky island in a tranquil ocean at golden hour, highly realistic digital painting of seascape with soft brushstrokes",0.854935884475708,0.7006476521492004,54.94963795581836,0.617618
1159_29.png,176,run_8,2,"a single tall palm tree growing on a rocky outcropping amidst calm, serene turquoise waters at a vibrant golden hour sunset, highly detailed",0.8476894497871399,0.6918192505836487,52.875398145879586,0.617577
1159_29.png,177,run_10,2,"'an iconic solitary palm tree is perched on the edge of a rocky outcropping overlooking calm crystal turquoise ocean waters at a dramatic golden hour, highly textured digital painting'",0.8535900712013245,0.71272212266922,52.74932841616204,0.616066
1159_29.png,178,run_14,1,"'a lone palm tree planted on a sea stack in the Pacific ocean at golden hour, highly realistic seascape photography'",0.8931142687797546,0.7709800004959106,63.13204186906777,0.612737
1159_29.png,179,run_13,3,"A lone palm tree sways to the rhythm of the gentle waves on a small rocky islet, highly detailed realistic digital art at the peak of golden hour with soft warm light.",0.8887534141540527,0.7692857384681702,61.581502719456395,0.611257
1159_29.png,180,run_2,1,a highly detailed realistic seascape of a single palm tree growing on a rocky island in the ocean at sunset,0.8809546828269958,0.7593035697937012,59.471490739773024,0.610918
1159_29.png,181,run_5,1,a realistic high-definition seascape of a single palm tree growing on a rocky island in the ocean at sunset,0.8824371695518494,0.7618355751037598,59.876879799503556,0.610387
1159_29.png,182,run_9,1,realistic seascape of a single palm tree growing on a rocky island in the ocean at sunset,0.8889486789703369,0.7692302465438843,61.95350735466962,0.609645
1159_29.png,183,run_11,1,realistic seascape of a single palm tree growing on a rocky island in the ocean at sunset,0.8889486789703369,0.7692302465438843,61.95350735466962,0.609645
1159_29.png,184,run_9,5,"'A highly detailed, 4k digital seascape of a lone palm tree on a minuscule rocky island set amidst gentle ocean ripples as the sun sets.'",0.887753963470459,0.7744020223617554,60.712385847735014,0.609022
1159_29.png,185,run_15,3,"A breathtaking, highly detailed digital painting of a lone, tall palm tree on a rugged coast, with calm ocean waters and a fiery sky as the sun dips below the horizon",0.9130823016166687,0.8030973672866821,68.41637377741439,0.608413
1159_29.png,186,run_14,3,isolated palm tree rooted on a weathered granite boulder surrounded by deep turquoise waves and a soft sandy beach at golden hour,0.8559050559997559,0.7184115052223206,54.3586934978868,0.607881
1159_29.png,187,run_14,1,"'a solitary palm tree growing on a rugged rock outcropping in the ocean at golden hour, realistic seascape with high contrast'",0.8800079822540283,0.7406233549118042,62.557954796779754,0.606725
1159_29.png,188,run_3,3,"a lone palm tree on a narrow rocky peninsula, highly detailed realistic seascape with vivid colors at dusk.",0.8714748620986938,0.7537287473678589,56.584255549949894,0.606529
1159_29.png,189,run_7,2,"a solitary palm tree on a rocky island in the calm 4k ocean at sunset, realistic digital painting",0.8748728632926941,0.7476279735565186,59.1910330540598,0.606046
1159_29.png,190,run_15,2,"A beautiful, 4k masterpiece of a single tall palm tree standing proudly on a rocky island shore, overlooking a tranquil ocean at the end of a warm summer day.",0.8130140900611877,0.6310668587684631,48.095489904525955,0.603457
1159_29.png,191,run_11,4,highly detailed realistic seascape of a single single palm tree silhouette growing on a craggy rocky island in the soft warm golden hour ocean,0.8819398283958435,0.7621569633483887,60.83959725237652,0.602991
1159_29.png,192,run_6,4,a realistic seascape of a lone palm tree growing on a rugged rocky island in the ocean at sunset with vibrant colors in the sky,0.8725416660308838,0.7457626461982727,58.964923247426874,0.602538
1159_29.png,193,run_7,3,"4k seascape of a single tall palm tree on a rocky outcrop, in the distance, highly detailed, under clear warm sunlight with a bright golden hue",0.8150951862335205,0.643648087978363,47.42428126665171,0.601966
1159_29.png,194,run_4,4,a majestic highly detailed palm tree stands proudly atop a dramatic rocky island in a tranquil bay at golden hour with soft warm sunlight dancing across the water's surface,0.8565595149993896,0.7159545421600342,56.08251379156485,0.601686
1159_29.png,195,run_7,5,highly realistic 4k digital art piece of a single palm tree on a rocky outcropping in the warm golden light of late afternoon,0.8506980538368225,0.7146927714347839,53.74245952117898,0.600303
1159_29.png,196,run_8,4,"a tall, slender palm tree stands tall on a rocky headland, with the still, glassy surface of a calm turquoise lagoon reflecting the warm, golden light of a sunset, highly realistic, digital painting",0.8738910555839539,0.7464547753334045,59.889242428734974,0.600206
1159_29.png,197,run_5,4,highly detailed realistic 4k seascape of a single palm tree on a small rocky outcropping in the calm ocean at golden hour with the colors of a digital painting,0.8946495652198792,0.794731855392456,62.44772017738525,0.599761
1159_29.png,198,run_7,3,"4k digital painting of an isolated palm tree on a rocky shoreline in the distance, with soft warm natural sunlight and a warm golden atmosphere",0.8160669207572937,0.6619769930839539,45.48698081287608,0.599722
1159_29.png,199,run_1,3,"'a solitary palm tree stands tall on a rocky islet in the warm sunset light, realistic digital painting with soft atmosphere'",0.9006710052490234,0.7910839915275574,65.86462323188931,0.599609
1159_29.png,200,run_3,3,"a palm tree stands alone on a rocky outcropping, realistic ocean seascape at dusk with highly detailed and realistic texture",0.882439374923706,0.758809506893158,62.210015091020225,0.599260
1159_29.png,201,run_7,4,realistic 4k digital painting of a single palm tree on a rocky island in a seascape with warm sunlight and soft golden hues,0.831964910030365,0.6780905723571777,50.73581438139955,0.598591
1159_29.png,202,run_4,1,a highly detailed single palm tree growing on a rocky island in the ocean at sunset with warm orange light,0.888782799243927,0.7683968544006348,63.90329428030182,0.598353
1159_29.png,203,run_11,3,highly detailed realistic high-contrast seascape of a single palm tree growing on a rugged rocky island in the ocean with long shadows at golden hour,0.8409041166305542,0.693973958492279,52.695632217811834,0.597713
1159_29.png,204,run_7,4,highly detailed 8k seascape of a solitary palm tree standing alone on a rocky outcropping bathed in a soft golden glow,0.8969878554344177,0.79764324426651,63.460903797784866,0.597676
1159_29.png,205,run_13,3,"A serene single palm tree stands tall in the breeze on a small rocky outcrop, highly detailed 4k realistic seascape at the peak of golden sunset.",0.89024817943573,0.7949087619781494,60.80517132035844,0.597032
1159_29.png,206,run_2,2,an ultra-realistic highly detailed seascape of a solitary palm tree situated atop a rocky island in the vast ocean during the warm glow of a sunset,0.8734347224235535,0.7577545046806335,58.72492544223203,0.595690
1159_29.png,207,run_12,1,"a realistic seascape of a single palm tree growing on a rocky outcropping with a calm ocean at sunset, 4k resolution",0.8805534839630127,0.7664870023727417,60.80075951375116,0.595450
1159_29.png,208,run_2,5,a photorealistic highly detailed seascape of a sturdy palm tree growing on a rocky outcropping surrounded by the calm ocean waters at the moment of golden hour sunset,0.8734346628189087,0.7649019956588745,57.70641667028849,0.595316
1159_29.png,209,run_3,3,"a solitary palm tree rises from the rocky shores of a small island, realistic seascape at golden hour with intricate texture",0.8828040361404419,0.7605669498443604,62.78749667004859,0.595274
1159_29.png,210,run_2,1,a realistic seascape of a single palm tree standing on a rugged island in the ocean against a vibrant orange sunset,0.9077727198600769,0.8109652400016785,67.39573270858021,0.592540
1159_29.png,211,run_7,1,"'isolated palm tree on a rocky island in the ocean, with vibrant sunset colors, realistic 4k seascape'",0.9013994932174683,0.8044156432151794,65.41708017962318,0.592329
1159_29.png,212,run_5,3,hyper-realistic and highly detailed 4k seascape of a single palm tree on a small rocky island set against a vibrant orange and pink sunset backdrop,0.9048527479171753,0.7999379634857178,67.74915052827377,0.592174
1159_29.png,213,run_1,Baseline,"a single palm tree growing on a rocky island in the ocean at sunset, realistic seascape",0.8863058090209961,0.7641149759292603,64.48390606355004,0.591819
1159_29.png,214,run_2,Baseline,"a single palm tree growing on a rocky island in the ocean at sunset, realistic seascape",0.8863058090209961,0.7641149759292603,64.48390606355004,0.591819
1159_29.png,215,run_3,Baseline,"a single palm tree growing on a rocky island in the ocean at sunset, realistic seascape",0.8863058090209961,0.7641149759292603,64.48390606355004,0.591819
1159_29.png,216,run_4,Baseline,"a single palm tree growing on a rocky island in the ocean at sunset, realistic seascape",0.8863058090209961,0.7641149759292603,64.48390606355004,0.591819
1159_29.png,217,run_5,Baseline,"a single palm tree growing on a rocky island in the ocean at sunset, realistic seascape",0.8863058090209961,0.7641149759292603,64.48390606355004,0.591819
1159_29.png,218,run_6,Baseline,"a single palm tree growing on a rocky island in the ocean at sunset, realistic seascape",0.8863058090209961,0.7641149759292603,64.48390606355004,0.591819
1159_29.png,219,run_7,Baseline,"a single palm tree growing on a rocky island in the ocean at sunset, realistic seascape",0.8863058090209961,0.7641149759292603,64.48390606355004,0.591819
1159_29.png,220,run_8,Baseline,"a single palm tree growing on a rocky island in the ocean at sunset, realistic seascape",0.8863058090209961,0.7641149759292603,64.48390606355004,0.591819
1159_29.png,221,run_9,Baseline,"a single palm tree growing on a rocky island in the ocean at sunset, realistic seascape",0.8863058090209961,0.7641149759292603,64.48390606355004,0.591819
1159_29.png,222,run_10,Baseline,"a single palm tree growing on a rocky island in the ocean at sunset, realistic seascape",0.8863058090209961,0.7641149759292603,64.48390606355004,0.591819
1159_29.png,223,run_11,Baseline,"a single palm tree growing on a rocky island in the ocean at sunset, realistic seascape",0.8863058090209961,0.7641149759292603,64.48390606355004,0.591819
1159_29.png,224,run_12,Baseline,"a single palm tree growing on a rocky island in the ocean at sunset, realistic seascape",0.8863058090209961,0.7641149759292603,64.48390606355004,0.591819
1159_29.png,225,run_13,Baseline,"a single palm tree growing on a rocky island in the ocean at sunset, realistic seascape",0.8863058090209961,0.7641149759292603,64.48390606355004,0.591819
1159_29.png,226,run_14,Baseline,"a single palm tree growing on a rocky island in the ocean at sunset, realistic seascape",0.8863058090209961,0.7641149759292603,64.48390606355004,0.591819
1159_29.png,227,run_15,Baseline,"a single palm tree growing on a rocky island in the ocean at sunset, realistic seascape",0.8863058090209961,0.7641149759292603,64.48390606355004,0.591819
1159_29.png,228,run_3,3,"a single palm tree standing upright on a narrow rocky island at dusk, realistic serene ocean seascape with rich and detailed texture",0.8679802417755127,0.7494723796844482,58.34447314267476,0.590119
1159_29.png,229,run_10,2,"'a single palm tree is situated on a weathered rocky island surrounded by serene tranquil turquoise ocean waters at sunset, highly realistic oil on canvas style'",0.8070255517959595,0.649688720703125,45.138104719083316,0.587521
1159_29.png,230,run_8,2,"a single isolated palm tree growing on a rocky cliffside overlooking peaceful, deep turquoise waters during the golden light of sunset, 4k",0.8607351183891296,0.7452839612960815,56.01506983112782,0.587428
1159_29.png,231,run_10,1,"a palm tree growing in isolation on a rocky outcropping in the ocean at golden hour, realistic seascape with soft atmosphere",0.8712531328201294,0.7429527640342712,61.344943956308576,0.587325
1159_29.png,232,run_5,1,realistic highly detailed seascape of a single palm tree on a rocky island in the calm ocean at sunset with warm golden light,0.882838249206543,0.769180417060852,62.87855186173915,0.587091
1159_29.png,233,run_9,1,a highly realistic seascape of a single palm tree growing on a rocky island in the calm and serene ocean waters at golden hour,0.8618887066841125,0.725094735622406,59.767191063284244,0.586519
1159_29.png,234,run_2,4,an extraordinary digital painting seascape of a robust palm tree standing proudly on a rock-strewn island in the stillness of the ocean waters as the sun dips below the horizon,0.9057235717773438,0.8293884992599487,64.96599421833021,0.584678
1159_29.png,235,run_1,1,"a closeup of a single palm tree growing on a rocky island in the ocean at sunset, highly detailed realistic image",0.885139524936676,0.7780624032020569,63.09327080844,0.584280
1159_29.png,236,run_3,1,"'a single palm tree standing alone on a rugged rocky island in the open ocean at golden hour, highly realistic seascape'",0.8781749606132507,0.758665919303894,62.80400802878083,0.583925
1159_29.png,237,run_9,1,a solitary palm tree silhouetted against a breathtaking sunset sky on a rocky island in a highly realistic ocean seascape,0.8832701444625854,0.7563760876655579,65.61181092147014,0.583576
1159_29.png,238,run_12,1,"a single palm tree growing on a small rocky outcropping in the middle of the ocean at sunset, highly detailed realistic seascape",0.8810685873031616,0.7697774767875671,62.64179335817582,0.583006
1159_29.png,239,run_4,3,A serene and highly detailed solitary palm tree stands atop a rugged rocky island amidst calm turquoise waters at golden hour with warm sunlight dancing across the scene in a 4k digital painting style.,0.8283435106277466,0.688122570514679,50.458889949159996,0.581085
1159_29.png,240,run_2,3,a photorealistic highly detailed seascape of a healthy robust palm tree growing on a large rock-strewn volcanic island surrounded by the calm serene ocean waters at the moment of orange-pink sunset,0.8630576729774475,0.7461273670196533,58.10563421525616,0.580761
1159_29.png,241,run_5,2,stunning highly detailed 8k seascape of a single palm tree on a tiny rocky outcropping in the vast ocean at the golden hour with vibrant colors,0.8892343640327454,0.7918024063110352,63.70056546750579,0.579795
1159_29.png,242,run_13,3,"A single palm tree gently sways in the ocean breeze on a small rocky island, highly detailed realistic masterpiece at sunset with vibrant warm colors.",0.8591106534004211,0.736701250076294,57.93496311179437,0.579193
1159_29.png,243,run_1,2,"a palm tree growing on a small rocky island in the middle of the ocean at golden hour, highly realistic digital painting with detailed shadows and light effects",0.8353344202041626,0.6981569528579712,52.60289348878682,0.578913
1159_29.png,244,run_2,1,a highly detailed realistic seascape of a single palm tree emerging from the rocks on a small island in the ocean at golden hour,0.8694397807121277,0.7568538188934326,60.05653054175917,0.577410
1159_29.png,245,run_15,3,"A highly detailed image of a lone palm tree on a rugged rocky coast, surrounded by the calm, clear waters of the ocean at sunset",0.8570275902748108,0.7450167536735535,56.38637737491917,0.575085
1159_29.png,246,run_2,4,a highly realistic 4k seascape of a mature palm tree standing on a rocky outcropping in a small island amidst the gentle lapping ocean waters at sunset,0.8680949211120605,0.7571422457695007,59.88127390885848,0.574426
1159_29.png,247,run_7,2,isolated palm tree standing tall on a craggy island in the deep blue ocean beneath a highly detailed vibrant sunset sky,0.8657999634742737,0.744408369064331,60.87802172457599,0.573523
1159_29.png,248,run_4,4,a highly detailed serene and highly realistic solitary palm tree stands on a rugged rocky headland amidst a peaceful sea at golden hour with warm sunlight gently dancing across the waves' ripples,0.8763270378112793,0.7558115720748901,64.12682385047668,0.573462
1159_29.png,249,run_8,3,"an isolated palm tree stands proud on a rugged rocky shore amidst peaceful, flowing ripples of deep turquoise waters, under a vibrant, golden hour sunset, 4k",0.8863290548324585,0.7807605862617493,65.11838044926525,0.573163
1159_29.png,250,run_11,1,a highly realistic and detailed seascape of a palm tree on a rocky island amidst a fiery sunset,0.9015323519706726,0.7904378175735474,70.96862613188068,0.572299
1159_29.png,251,run_9,1,a single palm tree standing proudly on a small rocky island in a serene and realistic ocean seascape at sunset,0.8987553119659424,0.8098199367523193,66.87692092138434,0.571405
1159_29.png,252,run_4,1,a photorealistic seascape of a single palm tree growing on a rocky island in the ocean at sunset with a dramatic sky and subtle waves,0.8975789546966553,0.802560567855835,67.42942908258766,0.571353
1159_29.png,253,run_2,1,a seascape of a single palm tree growing on a rocky outcropping in the ocean at sunset in a highly polished realistic style,0.8735905289649963,0.7636467814445496,62.061752020591385,0.571023
1159_29.png,254,run_6,3,a meticulously rendered seascape of a lone palm tree growing on a rocky headland in the ocean at sunset with a bright blue and orange sky,0.8716453313827515,0.7659962177276611,60.83812478064745,0.570731
1159_29.png,255,run_5,5,highly realistic highly detailed 4k seascape of a single palm tree silhouetted against the vibrant colors of the sky on a small rocky cove in the tranquil ocean at golden twilight with atmospheric effects of a fine art digital painting,0.8618878126144409,0.7597801685333252,57.26886805688647,0.570189
1159_29.png,256,run_15,4,"A highly realistic, 4k masterpiece of a palm tree stands tall on a rugged, rocky coastline, with the sun setting behind it, casting a warm glow on the calm ocean waters",0.8606035113334656,0.7566496133804321,57.39643177752044,0.568649
1159_29.png,257,run_1,2,"a lone palm tree standing on a rocky island in the open ocean, surrounded by calm waters and a clear blue sky at mid golden hour, highly detailed digital painting style",0.8333933353424072,0.6936702728271484,54.6211019030874,0.565528
1159_29.png,258,run_1,2,"a solitary palm tree on a rocky islet in the ocean, with a dramatic sunset sky and a small beach in the foreground, highly realistic digital painting with great attention to detail",0.896920919418335,0.8262551426887512,64.55219054010152,0.565307
1159_29.png,259,run_4,1,realistic and highly detailed seascape of a single palm tree on a rugged outcrop in the ocean at sunset with vibrant colors,0.87264084815979,0.7828925251960754,59.74637210507633,0.564821
1159_29.png,260,run_1,1,a highly detailed realistic single palm tree growing on a rugged rocky island at sunset in the ocean,0.8577804565429688,0.7546442151069641,57.30233847498062,0.563106
1159_29.png,261,run_3,4,"a single palm tree standing upright on a sharp rocky island in the midst of the peaceful ocean at dusk, with rich realistic textures and soft sunlight",0.8511152267456055,0.7236870527267456,58.98384571847551,0.562274
1159_29.png,262,run_15,2,A slender and majestic palm tree standing atop a rocky island shore in a peaceful ocean seascape at sunset,0.8706674575805664,0.7554651498794556,63.45610541528475,0.561911
1159_29.png,263,run_4,5,a serene and majestic palm tree stands atop a rugged rocky island amidst tranquil calm waters at golden hour with warm sunlight dancing across the scene,0.854302704334259,0.7377321720123291,58.458573040962065,0.561698
1159_29.png,264,run_15,2,A serene and isolated palm tree standing alone on a rocky ocean shore at golden dusk,0.8721472024917603,0.7502299547195435,65.0177256137447,0.561486
1159_29.png,265,run_5,1,a highly detailed 4k seascape of a single palm tree growing on a rocky outcropping in the ocean at sunset with realistic ocean waves,0.8686574697494507,0.7704384922981262,60.61289076732727,0.559713
1159_29.png,266,run_5,1,highly detailed realistic seascape of a single palm tree standing alone on a rugged rocky island in the calm ocean at golden hour,0.8623723983764648,0.754560112953186,60.0648454571394,0.559636
1159_29.png,267,run_6,5,a majestic digital painting of a realistic seascape with a lone palm tree on a rocky island in the ocean at a warm colorful sunset,0.8900786638259888,0.7981759309768677,66.7078914380162,0.558579
1159_29.png,268,run_7,1,"'single palm tree growing on a rugged rocky island in the serene ocean at golden hour, realistic highly detailed seascape'",0.8606910109519958,0.7610819935798645,58.48712124638288,0.558437
1159_29.png,269,run_6,2,a dreamy digital painting of a single palm tree standing tall on a rocky island in the ocean with a colorful sunset reflecting off the calm waters,0.8765063285827637,0.7605263590812683,66.05556244560928,0.558278
1159_29.png,270,run_13,5,an isolated single palm tree stands resilient on a small rocky outcropping on a serene 4k seascape of the ocean at peak sunset,0.8746422529220581,0.7716324925422668,63.546310514148466,0.557980
1159_29.png,271,run_9,4,highly detailed digital seascape of a lone palm tree on a minuscule rocky reef surrounded by soothing ocean waves at the moment of sunset,0.8863314390182495,0.8002099990844727,64.78554471918028,0.557674
1159_29.png,272,run_5,4,realistic 4k seascape of a single palm tree on a small rocky islet in the serene ocean at late afternoon with the subtle colors of a watercolor painting,0.8485559225082397,0.7254080176353455,58.30279815261673,0.557606
1159_29.png,273,run_6,1,a single palm tree growing on a small rocky outcropping in the ocean at sunset highly detailed realistic seascape,0.8746075630187988,0.7702797055244446,63.850482015002655,0.557292
1159_29.png,274,run_9,2,realistic seascape painting of a solitary palm tree standing on a rocky island in the ocean with soft warm light at sunset,0.8457274436950684,0.7314146757125854,56.16258985122909,0.556998
1159_29.png,275,run_6,2,a stunning highly realistic seascape of a single palm tree perched on a narrow ledge of rock in the ocean at sunset with warm golden tones and a bright crescent moon,0.8654431700706482,0.760250985622406,61.3188439314476,0.555675
1159_29.png,276,run_1,4,"dramatic isolated sunset landscape with a lone palm tree, highly detailed digital artwork",0.8944106101989746,0.8245785236358643,65.25530302243992,0.555611
1159_29.png,277,run_13,4,"a delicate single palm tree dances in the soft breeze on a tiny rocky island, 4k realistic seascape at the highest point of the fiery sunset",0.9083282351493835,0.8389667868614197,69.75119596038614,0.554956
1159_29.png,278,run_9,5,'4k ultra-high resolution digital painting of a seascape showcasing a solitary palm tree standing proudly on a tiny rocky outcropping amidst the soothing calmness of the ocean as daylight fades.',0.8650933504104614,0.775323748588562,59.237625234298186,0.553511
1159_29.png,279,run_9,5,'4k ultra-high resolution seascape masterpiece featuring a lone palm tree standing on a small rocky promontory amidst soft ocean waves as the day comes to a close.',0.8585569858551025,0.7520108222961426,59.68421423690814,0.553505
1159_29.png,280,run_6,1,a serene seascape of a single palm tree standing on a rocky island in the ocean at a warm vibrant sunset highly detailed digital art,0.901043176651001,0.8314851522445679,67.8486567504924,0.552578
1159_29.png,281,run_12,4,"a highly detailed, photorealistic 4k digital painting of a single palm tree on a rugged rocky outcrop surrounded by a peaceful clear blue ocean at sunset",0.8574903011322021,0.7683354616165161,56.915691083766944,0.552290
1159_29.png,282,run_5,2,highly detailed ultra-realistic 4k seascape of a single palm tree on a rocky outcropping in the ocean at sunset with the colors of a digital painting,0.8824707269668579,0.801645815372467,63.92457998649953,0.550687
1159_29.png,283,run_4,3,A serene and picturesque solitary palm tree stands on a rocky outcropping amidst tranquil waves lapping at the shore at golden hour with warm sunlight casting a warm glow across the scene,0.8718437552452087,0.7601020336151123,65.24025090836851,0.550447
1159_29.png,284,run_8,2,"a lone palm tree stands tall on a rugged rocky outcropping over tranquil, crystal-clear blue waters, set against a warm, golden sunset, highly detailed",0.855995774269104,0.7614047527313232,57.629447534297626,0.550094
1159_29.png,285,run_11,5,a highly realistic detailed seascape painting of a solitary palm tree on a rocky outcropping at golden hour,0.8615893125534058,0.7740150690078735,58.45764926864533,0.549508
1159_29.png,286,run_2,1,a realistic and highly detailed seascape of a single palm tree standing alone on a rocky island in the ocean at a dramatic sunset moment,0.9010022878646851,0.8258200883865356,69.81753095804845,0.545864
1159_29.png,287,run_2,4,a photorealistic highly detailed seascape of a sturdy palm tree growing on a rugged rock-strewn island surrounded by the serene ocean waters at the moment of golden sunset,0.8681524395942688,0.7779852151870728,61.908344629688095,0.543829
1159_29.png,288,run_6,3,a hyperrealistic seascape of a single palm tree isolated on a rocky islet in the ocean at a majestic sunset with a warm sun-kissed sky,0.8959972262382507,0.8164899349212646,69.22538110183635,0.543749
1159_29.png,289,run_13,4,"a lone single palm tree bends softly in the morning calm on a small rocky island, realistic seascape digitally painted 4k",0.769034743309021,0.585039496421814,44.49281009115293,0.543074
1159_29.png,290,run_2,3,a photorealistic highly detailed seascape of 3 palm trees growing on a rock-strewn island surrounded by the calm ocean waters with a few sailboats at the moment of sunset,0.8601642847061157,0.7605640888214111,61.255987325391715,0.540989
1159_29.png,291,run_1,2,"a palm tree on a small rocky outcropping in the middle of a calm ocean at low golden hour, 4k resolution, highly realistic digital painting style",0.8696541786193848,0.7787922620773315,63.77640505534403,0.536217
1159_29.png,292,run_3,5,"a tall palm tree stands tall on a rugged rocky island surrounded by the peacefulness of the ocean at sunset, highly detailed and realistic 4k seascape with intricate textures",0.8731517791748047,0.7981529831886292,62.54412847795159,0.535932
1159_29.png,293,run_4,1,an isolated single palm tree amidst a rocky shoreline in the ocean at sunset with soft pastel hues,0.8541445732116699,0.754552960395813,60.467227444285065,0.534220
1159_29.png,294,run_12,1,"a palm tree growing on a small island with a single visible rock in the ocean at sunset, highly detailed realistic seascape, warm colors",0.8889261484146118,0.8268172740936279,66.0040305819608,0.533801
1159_29.png,295,run_3,2,"a solitary palm tree stands tall on a tiny rocky outcropping amidst the peacefulness of the sea at dusk, highly realistic seascape with exceptional texture",0.8676295280456543,0.7745987772941589,63.88004021591152,0.533701
1159_29.png,296,run_5,3,seascape of a single palm tree in the distance on a small rocky islet in a tranquil ocean at golden hour,0.8583070635795593,0.760038435459137,62.4876566361295,0.528950
1159_29.png,297,run_3,3,"a single palm tree pierces the calm ocean air, highly detailed realistic seascape with rich rocky island textures at sunset",0.8654754757881165,0.7786862254142761,63.13007852949603,0.528452
1159_29.png,298,run_2,4,a photorealistic masterpiece seascape of a proud palm tree anchored on a rocky shoreline of a secluded island amidst the calm ocean waters bathed in the soft pastel hues of sunset,0.8079164624214172,0.6823815703392029,50.83051074031176,0.526851
1159_29.png,299,run_5,5,tranquil highly realistic 8k seascape of a single palm tree on a small secluded rocky cove in the calm ocean at sunset with vibrant atmospheric effects of a digital painting,0.8625799417495728,0.7953379154205322,59.695386740800004,0.525778
1159_29.png,300,run_2,3,a photorealistic masterpiece seascape of a highly detailed robust palm tree growing on a large rock-strewn island surrounded by the calm serene ocean waters at the moment of a breathtaking orange-pink sunset,0.8822031617164612,0.8221395611763,65.28107888534588,0.523475
1159_29.png,301,run_14,2,an isolated palm tree on a granite boulder at sunset surrounded by waves in a serene and peaceful seascape photo realistic,0.8751035928726196,0.7964403033256531,66.2625675674234,0.520859
1159_29.png,302,run_15,1,a majestic solitary palm tree on a rugged rocky outcropping in the calm ocean at golden hour sunset,0.846136212348938,0.7535930275917053,59.28656011510482,0.519672
1159_29.png,303,run_15,1,highly detailed realistic image of a majestic single palm tree growing in the crevices of a rugged rocky coast at sunset,0.8460659980773926,0.7651692032814026,57.63095731076636,0.518905
1159_29.png,304,run_2,2,a highly detailed hyper-realistic seascape of a solitary palm tree standing strong on a rugged rocky outcropping in the calm but vast ocean with the warm colors of sunset reflected across the waves,0.8737868070602417,0.7984787821769714,65.6800146204542,0.518800
1159_29.png,305,run_1,5,"highly realistic isolated sunset landscape with a palm tree swaying in the breeze, 4k digital masterpiece",0.8895809650421143,0.828714907169342,68.7496702367407,0.517629
1159_29.png,306,run_10,4,"the solitary palm tree rises from the rocky soil of a small island, surrounded by tranquil turquoise ocean waters at dusk, highly realistic oil painting",0.7926397323608398,0.670941174030304,46.99081261963229,0.517157
1159_29.png,307,run_7,5,a highly realistic 4k digital painting of a solitary palm tree on a rocky headland in the golden late afternoon light,0.7979715466499329,0.6734693050384521,49.16161513303266,0.516924
1159_29.png,308,run_6,4,a stunning seascape of a lone palm tree standing on a small rocky outcropping in the ocean at golden hour with a warm sky,0.8643664121627808,0.7770610451698303,64.9021678006735,0.516286
1159_29.png,309,run_10,1,"a majestic palm tree growing on a small rocky islet in the middle of the ocean, highly detailed 4k realistic seascape",0.7945334315299988,0.6372244954109192,53.2290383374085,0.515712
1159_29.png,310,run_5,3,highly detailed digital painting of a 4k seascape featuring a single palm tree on a tiny rocky outcrop in the ocean at sunset,0.8733445405960083,0.8081547617912292,64.96177541875825,0.513134
1159_29.png,311,run_11,3,extremely detailed realistic 4K seascape of a single palm tree growing amidst the rugged terrain on a rocky island in the ocean with warm golden hour lighting,0.8532114624977112,0.774199366569519,61.41797549933447,0.508314
1159_29.png,312,run_13,1,"'an isolated palm tree growing out of the rugged terrain of a small rocky island, calm ocean at sunset'",0.8322016000747681,0.7316691279411316,58.04797090979364,0.507711
1159_29.png,313,run_3,2,"a single palm tree standing upright on a narrow rocky islet amidst the stillness of the ocean at golden hour, realistic seascape with rich vibrant texture",0.8561450839042664,0.7682844400405884,63.97725608471353,0.506646
1159_29.png,314,run_6,4,a beautiful impressionist seascape of a single palm tree on a rocky island in the ocean at the time of sunset with a blended colorful sky,0.832257866859436,0.7337162494659424,58.09374500463346,0.505758
1159_29.png,315,run_1,3,"'a single palm tree in golden hour, highly realistic 4k digital oil painting on a rocky outcrop in the serene ocean'",0.8450842499732971,0.7663479447364807,59.2760637332053,0.505331
1159_29.png,316,run_11,1,a breathtaking highly detailed 4k seascape of a single palm tree standing alone on a rocky outcropping in the ocean at sunset,0.8643026351928711,0.8005119562149048,63.427577747245884,0.503795
1159_29.png,317,run_13,5,serene and peaceful 4k digital painting of a single palm tree swaying in the evening sea breeze on a tiny volcanic island,0.8214075565338135,0.7262171506881714,54.53204544751907,0.503264
1159_29.png,318,run_8,2,"a majestic palm tree on a rocky outcropping, reflected perfectly in the calm, glassy turquoise waters below, at a breathtaking sunset, highly detailed",0.8609915971755981,0.7648305296897888,67.38723873344955,0.503072
1159_29.png,319,run_5,5,highly realistic 4k seascape artwork of a single tall palm tree on a small rocky cliff overlooking the serene ocean at twilight with subtle atmospheric effects,0.8442667126655579,0.7739897966384888,58.36988165174424,0.501557
1159_29.png,320,run_4,4,a tranquil masterpiece of a palm tree stands on a windswept rocky outcropping amidst a serene sea at sunset with gentle sunlight illuminating the waves,0.8522431254386902,0.7798235416412354,61.25773522629002,0.501502
1159_29.png,321,run_9,2,highly detailed and realistic seascape of a single palm tree growing on a rugged rocky island in the ocean with golden hues at sunset,0.8574922680854797,0.7821359038352966,63.56624698892671,0.500414
1159_29.png,322,run_5,2,highly detailed 4k digital seascape painting of a single palm tree standing alone on a small rocky island amidst the calm ocean waves at sunset,0.8801870346069336,0.8186296224594116,68.79978940818158,0.500093
1159_29.png,323,run_9,4,photorealistic seascape of a single palm tree standing alone on a small rocky islet in the midst of calm ocean waves at the peak of sunset,0.8682447671890259,0.8000302314758301,66.2321219088764,0.498614
1159_29.png,324,run_3,5,"a lone palm tree rises above the rocky shore as the sun sets into the calmness of the ocean, realistic seascape with highly textured and detailed rocky formations",0.8586613535881042,0.7815894484519958,64.92801057103908,0.496093
1159_29.png,325,run_7,1,"'a solitary palm tree standing on a rocky outcropping in the calm ocean at sunset, highly detailed realistic seascape'",0.8741762638092041,0.8074393272399902,69.02475793562124,0.491983
1159_29.png,326,run_11,3,detailed and realistic seascape with a single palm tree standing on a rocky outcropping surrounded by vast ocean at golden hour,0.8483007550239563,0.7821665406227112,60.70298345669213,0.491654
1159_29.png,327,run_13,4,"a single solitary palm tree stands tall in the gentle breeze on a small rocky island, highly detailed realistic seascape at the peak of golden sunset",0.8600980639457703,0.8063658475875854,62.927383590245995,0.489735
1159_29.png,328,run_15,1,a single isolated palm tree on a rocky shoreline surrounded by calm waters in a realistic 4k digital painting style,0.757343053817749,0.6010832786560059,45.55296440715641,0.489637
1159_29.png,329,run_13,5,a highly detailed 4k seascape of a palm tree silhouetted against a vibrant orange and pink sunset sky over a small rocky island in the ocean,0.8825482130050659,0.8112431764602661,72.87195455310321,0.489163
1159_29.png,330,run_1,1,"a dramatic seascape with a single palm tree growing on a rocky island in the ocean at sunset, high-resolution realistic",0.8590370416641235,0.8002650737762451,64.07811621131614,0.485414
1159_29.png,331,run_7,2,realistic isolated palm tree perched on a rugged rocky outcropping in the middle of an oceanic 4k seascape at golden hour,0.8385598659515381,0.7685290575027466,59.29211567631041,0.485012
1159_29.png,332,run_3,4,"a solitary palm tree on a rocky islet stands tall against the soothing calmness of the ocean at sunset, highly detailed realistic seascape",0.8613669872283936,0.8079246878623962,64.11511372383767,0.484836
1159_29.png,333,run_9,4,highly realistic seascape of a lone palm tree on a minuscule volcanic island surrounded by the soft lapping ocean waves at golden hour,0.8428571224212646,0.7806025743484497,59.572483453155414,0.484531
1159_29.png,334,run_12,3,a realistic 4k digital painting of a single palm tree on a picturesque remote rocky island with a mirror-like shimmering clear blue ocean at sunset,0.8088527321815491,0.7205167412757874,52.9826786198803,0.482436
1159_29.png,335,run_8,1,"'a palm tree isolated on a small rocky island in the midst of the ocean, realistic seascape painted in high-resolution digital brushstrokes'",0.7854329943656921,0.6508552432060242,52.738648125054404,0.480902
1159_29.png,336,run_10,4,"an isolated palm tree on a rocky headland, surrounded by peaceful turquoise ocean waters and vibrant coral reefs at sunset, highly detailed digital painting",0.7928879261016846,0.6841999888420105,51.423649667328604,0.479624
1159_29.png,337,run_11,5,a photo-realistic seascape of a solo palm tree growing on a rugged rocky island amidst the ocean with intense warm golden hour lighting,0.8328721523284912,0.755216121673584,60.238635907151135,0.475429
1159_29.png,338,run_9,1,highly detailed digital painting of a single palm tree on a rocky outcropping in the middle of a vast ocean at dusk,0.8334580063819885,0.765803873538971,58.959072235114185,0.475154
1159_29.png,339,run_10,4,"an isolated palm tree on a rugged rocky outcropping surrounded by calm turquoise ocean waters at golden-hour sunset, highly realistic digital painting",0.8227674961090088,0.7487371563911438,56.60340021886163,0.474543
1159_29.png,340,run_10,5,"an isolated tropical palm tree on a rugged rocky island surrounded by calm turquoise ocean waves at a warm sunset, photorealistic painting",0.7864440679550171,0.6772241592407227,50.39006219629003,0.473987
1159_29.png,341,run_5,3,highly detailed cinematic 4k seascape of a single palm tree on a rocky islet at sunset,0.8603107929229736,0.8022676110267639,66.86375673824487,0.470643
1159_29.png,342,run_6,5,a serene 4k seascape of a lone palm tree standing proudly on a rocky island in the ocean during a beautiful vibrant sunset,0.8675346374511719,0.8143737316131592,68.88492873646335,0.467991
1159_29.png,343,run_7,5,a breathtakingly detailed 4k digital artwork of a single palm tree standing on a rocky island at the edge of a tranquil ocean in warm golden light,0.8252428770065308,0.7588674426078796,58.79177968661467,0.459381
1159_29.png,344,run_5,5,highly realistic highly detailed 4k seascape painting of a lone majestic palm tree on a small rugged rocky cove in the peaceful ocean at golden twilight with soft atmospheric effects,0.8215080499649048,0.7561389207839966,57.636302845658896,0.458236
1159_29.png,345,run_6,3,a breathtakingly realistic seascape of a solitary palm tree standing tall on a windswept rocky island in the ocean at a dramatic fiery sunset with a gradient sky,0.876672625541687,0.8406563401222229,71.27510391787366,0.455772
1159_29.png,346,run_7,3,"a serene 4k seascape of a single isolated palm tree on a craggy island, highly detailed, with gentle warm light and a golden glow",0.8132854104042053,0.7388030886650085,56.91503694409399,0.455072
1159_29.png,347,run_10,3,"a tall palm tree on a weathered rocky island surrounded by serene turquoise ocean waters at dusk, highly realistic oil on canvas masterwork",0.7681583166122437,0.6742140054702759,45.702523539885334,0.453329
1159_29.png,348,run_2,2,a highly detailed high-resolution realistic seascape of a single palm tree growing on a rocky island in the ocean at a breathtaking golden hour sunset,0.8464774489402771,0.7961788177490234,64.32234353658295,0.452474
1159_29.png,349,run_8,5,"a majestic, proud palm tree rises from a rocky outcropping amidst the gentle lapping of waves on a serene, tranquil sea, under a warm, golden hour sunset, with soft focus, high dynamic range, digital painting",0.8464198112487793,0.797661304473877,64.07360917308387,0.452458
1159_29.png,350,run_5,5,stunningly realistic highly detailed 4k seascape landscape of a lone palm tree on a small pebbly rocky cove in the still ocean at dusk with soft digital painting effects,0.8288877010345459,0.7824317216873169,58.22521506488588,0.451779
1159_29.png,351,run_3,2,"a solitary palm tree stands resilient on a rocky islet amidst the ocean's gentle lapping at twilight, realistic oil painting with rich texture and subtle brushstrokes",0.8228679895401001,0.7430896162986755,61.66584515181903,0.449843
1159_29.png,352,run_3,2,"a small palm tree stands upright on a narrow rocky island in the tranquil depths of the ocean at late afternoon, highly detailed seascape with realistic waves",0.8081225752830505,0.7219986915588379,58.05026404172618,0.448975
1159_29.png,353,run_3,1,"'a lone palm tree anchored on a rocky islet in the midst of the open ocean at golden hour, highly detailed digital painting'",0.8325713872909546,0.774742603302002,61.67905862838523,0.448494
1159_29.png,354,run_3,5,"a solitary palm tree stands isolated on a rocky islet amidst the tranquility of the ocean at golden hour, realistic and photorealistic seascape with deep tones and vibrant colors",0.8524505496025085,0.8054991364479065,66.52260775757652,0.447760
1159_29.png,355,run_12,5,a breathtakingly realistic 8k digital masterpiece of a solitary palm tree on a rocky outcropping surrounded by a smooth clear blue ocean at golden hour,0.8031062483787537,0.720771312713623,56.297301366731396,0.446442
1159_29.png,356,run_4,2,'a highly detailed digital painting of a majestic palm tree on a rocky outcropping overlooking the peaceful ocean at golden hour',0.808063268661499,0.7562006115913391,53.755007493658354,0.443585
1159_29.png,357,run_2,2,a vividly colored highly detailed realistic seascape of a single tall palm tree standing proudly on a rugged rocky island at the ocean's edge as sunset approaches,0.8331691026687622,0.781261146068573,62.03183874076312,0.442217
1159_29.png,358,run_10,2,"'an isolated palm tree stands proudly on a rugged rocky island surrounded by soft calming turquoise ocean waters at dusk, highly realistic watercolor style'",0.7616531848907471,0.6432680487632751,49.28135887378912,0.441672
1159_29.png,359,run_14,1,"'a small palm tree sprouting from a rock formation in the open ocean at sunset, beautiful seascape with warm colors'",0.8656867742538452,0.8413287401199341,68.3785213266523,0.441609
1159_29.png,360,run_3,5,"a single palm tree standing upright on a narrow rocky coast against the serenity of the ocean at dusk, highly detailed realistic seascape with rich texture",0.816216230392456,0.7533938884735107,58.514186316407645,0.440676
1159_29.png,361,run_13,2,"a lone palm tree stands on a small rocky island amidst calm turquoise waters, realistic 4k seascape painting at the moment of sunset",0.7917987108230591,0.7022178173065186,54.758357983732644,0.440590
1159_29.png,362,run_3,5,"a single palm tree stands out against the rugged coastline as the light fades into the ocean at dusk, highly detailed and realistic seascape with rich and vibrant color palette",0.842190682888031,0.8029552698135376,63.43949990379939,0.439627
1159_29.png,363,run_5,4,highly detailed photorealistic 4k seascape of a single palm tree on a small rocky stack in the gentle ocean at early evening with the delicate colors of a watercolor painting.,0.8067980408668518,0.742478609085083,56.26199839281262,0.437486
1159_29.png,364,run_14,5,isolated detailed 4k digital painting of a majestic palm tree standing on a rugged granite boulder surrounded by deep turquoise ocean waves at golden hour with a slight haze.,0.8044627904891968,0.7326061725616455,56.86127826264613,0.436260
1159_29.png,365,run_7,3,"4k seascape of a majestic solitary palm tree on a rugged rocky island in the distance, highly detailed, under soft warm sunlight with rich golden hues",0.7847690582275391,0.702123761177063,52.57092663271065,0.433982
1159_29.png,366,run_5,4,highly vivid photorealistic 8k seascape of a lone palm tree on a tiny volcanic island in the turbulent ocean at sunset with brushstrokes of an oil painting,0.853337824344635,0.8218271732330322,66.8543193843528,0.433607
1159_29.png,367,run_1,3,"'a single majestic palm tree on a rocky island in the distant horizon, highly detailed realistic digital painting with soft ocean colors'",0.7642145156860352,0.6551571488380432,50.72109411033605,0.429614
1159_29.png,368,run_14,2,an isolated palm tree standing tall on a rugged granite boulder surrounded by vibrant turquoise waves in a beautifully detailed seascape art piece,0.7837555408477783,0.6677666306495667,58.07789908695406,0.429315
1159_29.png,369,run_3,4,a single majestic palm tree standing upright on a narrow rugged rocky outcrop amidst the serene tranquility of the ocean at golden dusk with realistic seascape textures,0.8103740215301514,0.7556260824203491,57.60450794746608,0.427716
1159_29.png,370,run_2,5,a photorealistic highly detailed seascape of a majestic palm tree growing on a rugged rocky outcropping surrounded by the smooth ocean waters at the moment of a fiery sunset on a secluded tropical island,0.836998462677002,0.7984983921051025,64.94453241483534,0.420160
1159_29.png,371,run_1,1,"a single mature palm tree standing alone on a rocky outcropping in the ocean at sunset, realistic seascape with warm golden light",0.8559412956237793,0.8209633827209473,70.53613402557725,0.419813
1159_29.png,372,run_12,1,"a single palm tree standing alone on a rugged island with a single rock formation in the ocean at sunset, highly detailed digital painting",0.8040004372596741,0.7481913566589355,57.55889823629859,0.416823
1159_29.png,373,run_2,4,a breathtaking oil painting seascape of a majestic palm tree thriving on a rocky island in the centre of a tranquil ocean surrounded by warm sunset tones,0.8233563899993896,0.7580894231796265,65.37889226388103,0.415692
1159_29.png,374,run_7,4,highly detailed 4k seascape oil painting of a solitary palm tree on a rugged rocky coastline with warm sunlight and a soft golden glow,0.7737938165664673,0.693498969078064,51.838175425817845,0.415355
1159_29.png,375,run_10,5,"a single palm tree stands solitary on a rocky outcrop surrounded by peaceful turquoise ocean waters at dusk, highly detailed digital painting",0.7789689302444458,0.7111276984214783,51.629627966235915,0.415244
1159_29.png,376,run_9,3,digital painting masterpiece of a palm tree silhouetted against a vibrant orange and pink horizon on a small rocky island,0.8787879347801208,0.8250622749328613,81.74234423325511,0.413560
1159_29.png,377,run_7,2,"isolated palm tree on a rugged volcanic rock formation in the ocean, highly detailed 4k seascape with realistic sunset colors",0.8471585512161255,0.8187861442565918,68.57766063617275,0.408809
1159_29.png,378,run_10,3,"a lone palm tree perched on a rocky cliff surrounded by tranquil turquoise ocean waters at orange-tinted low tide, highly stylized digital painting",0.7707313299179077,0.690400242805481,53.24511001678981,0.401213
1159_29.png,379,run_15,1,a serene landscape of a single palm tree standing tall on a rocky ocean outcropping with a warm colorful sunset in a photorealistic seascape,0.8620645999908447,0.8472779989242554,73.33168119630959,0.396719
1159_29.png,380,run_8,1,"'a palm tree stands alone on a rugged rock formation within a serene island in the ocean during a vibrant sunset, realistic seascape with warm tones'",0.8465671539306641,0.8405171036720276,68.75916343784495,0.386553
1159_29.png,381,run_10,3,"an isolated palm tree on a rocky sea stack surrounded by gentle turquoise ocean waters at warm sunrise, highly realistic digital oil painting",0.7911866903305054,0.7562992572784424,56.936527181076,0.377362
1159_29.png,382,run_8,1,"'a solitary palm tree stands proudly on a rocky coast overlooking the vast ocean at a breathtaking sunset, 4k digital art'",0.8420008420944214,0.8422674536705017,68.61728405212834,0.373040
1159_29.png,383,run_7,4,highly detailed 4k realistic seascape painting of a solitary palm tree on a rugged rocky island at sunset,0.8278371691703796,0.8179121613502502,66.42125465355109,0.368306
1159_29.png,384,run_2,3,a highly detailed seascape with a grand dramatic sunset of a robust palm tree growing on a rock-strewn island surrounded by the calm ocean waters,0.8180731534957886,0.8090057373046875,65.03658597463571,0.357193
1159_29.png,385,run_10,3,"an isolated palm tree on a rugged rocky outcropping surrounded by calm turquoise ocean waters at golden hour, highly realistic 4k digital painting",0.7703881859779358,0.7243744134902954,55.47903144537589,0.356469
1159_29.png,386,run_13,3,"A majestic single palm stands solitary on a rocky outcropping surrounded by turbulent sea foam, hyper realistic highly detailed 4k digital painting at sunset.",0.7983579635620117,0.7764197587966919,61.7079130277616,0.351036
1159_29.png,387,run_6,5,realistic sunset seascape of a single palm tree standing on a rugged rocky outcrop in the calm ocean waters at golden hour in a vibrant sky,0.8146817088127136,0.8134256601333618,66.13184323683043,0.337226
1159_29.png,388,run_6,2,a beautiful highly realistic 4k seascape of a single palm tree situated on a rugged outcropping of rock in the distance with an orange glowing sunset sky,0.8367041945457458,0.8632537722587585,74.04002874019245,0.307165
1159_29.png,389,run_13,2,"a solitary palm tree bending in the wind on a tiny rocky outcropping in the distance, highly detailed 4k seascape at golden hour",0.7557240724563599,0.8023545742034912,58.69479735573708,0.226272
1159_29.png,390,run_11,4,breathtaking highly realistic high-contrast seascape of a single isolated palm tree perched on a dramatic rugged rocky island in the dramatic golden hour ocean with long shadows,0.7433167695999146,0.7767912149429321,61.558843189005096,0.197500
1159_3.png,1,run_10,5,"a detailed, 4k, masterpiece digital painting of a beautiful anime warrior wielding a radiant blue flaming sword with mystical flames illuminating the surrounding landscape",0.8320513963699341,0.5085136890411377,38.48428825602339,0.927083
1159_3.png,2,run_1,5,highly detailed digital painting of a brave female anime hero holding a burning flaming sword with magical blue flames,0.8449680805206299,0.5625090599060059,40.26782465821236,0.892186
1159_3.png,3,run_10,1,"a highly detailed, 4k, digital painting of a beautiful anime warrior holding a radiant blue flaming sword with magical flames engulfing the surroundings",0.8346998691558838,0.5473535060882568,39.91457812942852,0.886253
1159_3.png,4,run_8,1,highly detailed digital painting of an anime character fighting with a magical flaming sword and bright blue flames,0.8375638723373413,0.549815833568573,42.86270692636783,0.870116
1159_3.png,5,run_12,5,majestic highly detailed fantasy digital painting of an anime warrior with an enchanted sword and burning blue flames erupting fiercely from the blade,0.816205620765686,0.5283559560775757,39.048556821419304,0.869247
1159_3.png,6,run_6,3,detailed anime girl wielding a radiant glowing flaming sword in a fantasy realm,0.8312441110610962,0.5439170598983765,42.194568005742894,0.866284
1159_3.png,7,run_12,1,fantasy anime digital art of a brave warrior holding a majestic flaming sword with intense magical blue sparks and flames,0.8449090719223022,0.5859111547470093,41.461665023785486,0.861649
1159_3.png,8,run_3,5,"highly detailed anime warrior wielding a blazing inferno-imbued sword with radiant blue flames in a mystical, mist-shrouded medieval setting",0.8184306025505066,0.5452690720558167,39.93591228316891,0.852035
1159_3.png,9,run_9,2,highly detailed 8k anime art of a character wielding a flaming blue sword,0.8323586583137512,0.5560705661773682,43.42772634738857,0.848773
1159_3.png,10,run_9,3,highly detailed 8k anime digital painting of a strong character wielding a shining blue blade with intense fire burning in the background,0.8375272154808044,0.556948184967041,45.10581425688952,0.847927
1159_3.png,11,run_12,1,anime character with a detailed flaming sword and bright magical blue flames,0.848139226436615,0.5867355465888977,44.494342909504034,0.847302
1159_3.png,12,run_2,3,epic digital painting of a majestic anime warrior wielding a mighty flaming sword with precise magical blue flames,0.8161203861236572,0.536745548248291,41.13049584069355,0.846857
1159_3.png,13,run_4,3,realistic digital painting of an anime warrior holding a majestic flaming sword and standing amidst swirling magical blue flames,0.8552684783935547,0.5732339024543762,48.77231886162599,0.846708
1159_3.png,14,run_15,1,anime character with a 6-foot flaming sword and magical blue flames,0.8358514308929443,0.5828170776367188,41.73388689870413,0.842658
1159_3.png,15,run_14,5,"highly detailed and realistic 4k anime character wielding a mighty flaming sword with magical blue flames dancing wildly amidst a misty, mystical background",0.8072004318237305,0.5493953227996826,37.11120892002315,0.842525
1159_3.png,16,run_1,2,"highly detailed, cinematic digital painting of a powerful anime hero with a burning sword and dynamic blue flames",0.8425342440605164,0.5667237043380737,46.21662275518059,0.842139
1159_3.png,17,run_1,4,highly realistic highly detailed digital artwork of a brave anime hero gripping a blazing burning sword with an enchanting magical blue flame,0.8416706919670105,0.588354229927063,43.38171511935284,0.839030
1159_3.png,18,run_15,5,anime warrior holding a 6-foot flaming blade with radiant blue flames in a fantasy setting,0.8058314919471741,0.534074068069458,39.36173550446967,0.838681
1159_3.png,19,run_13,4,"a digital painting of a regal anime warrior wielding an epic, radiantly glowing, 4k-resolution sword",0.8223096132278442,0.5589267611503601,41.475792370824266,0.837125
1159_3.png,20,run_12,2,beautiful highly detailed fantasy digital painting of a majestic anime warrior with a fiery sword and magical blue flames erupting from the handle,0.8122876286506653,0.5382575988769531,41.1983426605333,0.836462
1159_3.png,21,run_12,5,highly detailed fantasy anime digital painting of a brave warrior grasping a fiery sword and surrounded by magical blue flames swirling around the blade,0.8238561153411865,0.5569528341293335,42.4453596068601,0.835804
1159_3.png,22,run_6,1,anime girl with a glowing flaming sword in a fantasy landscape,0.7994764447212219,0.5312953591346741,38.57762827026336,0.832597
1159_3.png,23,run_1,1,highly detailed digital painting of a brave anime hero holding a burning flaming sword with magical blue flames,0.8198938369750977,0.5599918365478516,41.31534245721499,0.831855
1159_3.png,24,run_12,3,beautiful highly detailed 4k fantasy anime art of a majestic warrior with a fiery sword and magical blue flames,0.7903763651847839,0.5359828472137451,35.342599601398085,0.830078
1159_3.png,25,run_12,1,highly detailed digital painting of a fantasy anime character with a flaming sword and magical blue flames,0.8162163496017456,0.560699462890625,40.409470288693065,0.829222
1159_3.png,26,run_10,3,an highly detailed 4k digital masterpiece of an anime warrior holding a vibrant blue flaming sword with flames engulfing the surrounding landscape in a surreal dreamlike scenario,0.8209611177444458,0.5603495836257935,42.14681758790438,0.828199
1159_3.png,27,run_10,4,"a highly detailed masterpiece, 4k, digital painting of a lovely anime warrior holding a brilliant blue blazing sword with intense magical flames engulfing the darkened surroundings",0.8245621919631958,0.5610252022743225,43.41083254252177,0.826900
1159_3.png,28,run_13,5,"A 4k-resolution digital painting of a regal anime warrior holding a highly detailed, glowing sword in a stunning, cinematic pose",0.8239760398864746,0.5549283027648926,44.24107333699743,0.825725
1159_3.png,29,run_6,4,highly detailed anime girl wielding a radiant and fiery glowing silver sword in a mystical Japanese fantasy realm,0.8057935237884521,0.5268294811248779,42.34609185009914,0.825094
1159_3.png,30,run_2,3,anime warrior with a blazing flaming sword and precise magical blue fire,0.8259984254837036,0.5557960271835327,44.99970298637674,0.824199
1159_3.png,31,run_10,3,"highly detailed, ultra high definition digital painting of an anime warrior with an incredibly realistic blue flaming sword that engulfs the surrounding environment",0.8004363775253296,0.5354815721511841,39.552351834956404,0.824085
1159_3.png,32,run_2,4,highly detailed digital painting of an epic anime warrior wielding a mighty powerful flaming sword with precise magical fiery blue flames,0.8170495629310608,0.5518888235092163,42.865676075307114,0.822663
1159_3.png,33,run_5,1,magical anime warrior character wielding a burning flaming sword with intense magical blue flames,0.8351927399635315,0.5731108784675598,46.00664747431015,0.821232
1159_3.png,34,run_1,4,highly realistic highly detailed 4k digital painting of an anime hero holding a majestic blazing burning sword with an ethereal magical blue flame effect,0.8286518454551697,0.5735522508621216,43.97238185069342,0.820217
1159_3.png,35,run_11,1,"anime warrior in an epic battle scene with a majestic flaming sword and powerful magical blue flames, highly detailed in 4k resolution",0.8158543705940247,0.5570604801177979,42.25300296207966,0.819284
1159_3.png,36,run_10,4,"a highly realistic, 8k, digital portrait of a stunning anime warrior wielding a brilliant blue blazing sword surrounded by vibrant mystical flames",0.8290597796440125,0.5688706040382385,44.903618528817006,0.819209
1159_3.png,37,run_13,1,"a fantastical anime warrior with a majestic, 4k-resolution sword that burns with radiant, electric blue flames",0.8042970895767212,0.5465191006660461,40.25285267116149,0.817360
1159_3.png,38,run_15,4,highly realistic anime character with a 6-foot burning flaming sword and vivid magical blue flames,0.8113853335380554,0.5578151941299438,40.992928940181855,0.817272
1159_3.png,39,run_15,4,stylized anime character wielding a 6-foot bright flaming sword and radiating magical blue flames,0.831862211227417,0.5718627572059631,45.72087718972683,0.816991
1159_3.png,40,run_1,5,highly detailed anime digital painting of a fearless warrior holding a sword with burning intense blue magical flames,0.8186742067337036,0.5730111598968506,41.29134841900664,0.816938
1159_3.png,41,run_14,4,highly detailed 4k anime character wielding a majestic flaming sword with magical blue flames that seem to leap off the page,0.8304466009140015,0.5871182680130005,43.28403410594187,0.815999
1159_3.png,42,run_2,1,anime warrior with a powerful flaming sword and precise magical blue flames,0.8205595016479492,0.5583775043487549,44.1153724740946,0.815734
1159_3.png,43,run_2,5,epic highly detailed digital painting of a regal anime warrior wielding a mighty blazing sword with precise magical blue flames,0.843374490737915,0.6124897003173828,44.060590262044016,0.815221
1159_3.png,44,run_4,5,realistic highly detailed digital painting of an anime warrior holding a powerful flaming sword and standing amidst intense magical blue flames,0.8250800371170044,0.5797229409217834,42.79797611937768,0.814459
1159_3.png,45,run_2,4,highly detailed and vivid digital painting of a majestic anime warrior standing strong wielding a mighty powerful flaming sword with precise magical blue flames,0.7972874641418457,0.5293083190917969,41.64947520642828,0.808647
1159_3.png,46,run_11,3,"anime warrior in a fierce battle scene with a magnificent flaming sword and brilliant magical blue flames, highly detailed in a digitally painted 4k masterpiece with deep colors and texture",0.8151569366455078,0.5735604763031006,41.331677906151704,0.808346
1159_3.png,47,run_4,1,highly realistic anime character with a radiant flaming sword and swirling magical blue flames,0.8259050250053406,0.5742473602294922,44.79108459252163,0.807875
1159_3.png,48,run_1,5,highly detailed realistic digital painting of a courageous anime hero wielding a burning sword with radiant blue magic flames,0.8070429563522339,0.5633942484855652,40.19384666993706,0.807805
1159_3.png,49,run_13,5,"A highly realistic, digital painting of a regal anime warrior holding a 4k-resolution, majestic sword with glowing energy effects in a cinematic landscape",0.8069538474082947,0.5669047832489014,40.02885120607659,0.805397
1159_3.png,50,run_1,5,highly detailed digital oil painting of a majestic anime hero heroically holding a burning sword with vibrant blue magical flames.,0.817154586315155,0.5736559629440308,42.48456402540768,0.804805
1159_3.png,51,run_15,4,detailed anime character in a dynamic pose holding a 6-foot blazing flaming sword with brilliant magical blue flames,0.8121272325515747,0.5754857659339905,40.94324972571221,0.802455
1159_3.png,52,run_1,4,a bold anime warrior wielding an epic burning sword with an aura of mythical magical blue flames,0.8083420395851135,0.5467067360877991,43.74789117483895,0.802265
1159_3.png,53,run_10,5,"a finely detailed, 4k, fantasy digital painting of a striking anime warrior holding a resplendent blue, blazing sword with enchanting magical flames engulfing her mystical atmosphere",0.7895967960357666,0.5454682111740112,37.9178892504432,0.801736
1159_3.png,54,run_10,5,"a highly realistic, ultra-high definition, digital portrait of a stunning anime warrior holding a shining blue sword with intense magical flames spreading across her backdrop",0.8155136704444885,0.5665093064308167,43.464746233089635,0.801266
1159_3.png,55,run_8,3,"highly detailed, dark fantasy anime digital painting of a male character fighting with a magical flaming sword and explosive bright blue flames",0.8286778926849365,0.5643482208251953,48.178986401977504,0.800283
1159_3.png,56,run_12,3,a highly detailed digital painting of a fierce anime warrior in a fantasy world with a blazing sword,0.7752689123153687,0.5262869000434875,36.30686834546965,0.799228
1159_3.png,57,run_7,1,anime character wields a majestic flaming sword with intense magical blue flames in the background,0.8252993226051331,0.5806064009666443,44.993971332118846,0.799100
1159_3.png,58,run_3,4,"a highly detailed, digital painting of an anime character wielding a massive flaming sword with brilliant, magical blue flames in a mystical, historic medieval land",0.7980758547782898,0.5474592447280884,40.85957636321965,0.798534
1159_3.png,59,run_9,1,'highly detailed 4k anime art featuring a character with a flaming blue sword',0.8078306913375854,0.5560034513473511,43.067592779646716,0.796942
1159_3.png,60,run_5,1,highly detailed anime portrait of a character holding a powerful flaming sword and surrounded by magical blue flames,0.8394147753715515,0.594415545463562,48.16151975641525,0.795610
1159_3.png,61,run_8,4,highly detailed digital painting of an anime character fighting with a majestic magical flaming katana and intense bright blue flames,0.8178819417953491,0.5800357460975647,43.31687948081612,0.794664
1159_3.png,62,run_5,2,anime warrior with a majestic flaming sword and magical blue flames in a vibrant digital artwork,0.8167186975479126,0.5736581087112427,43.84751029140311,0.794524
1159_3.png,63,run_1,1,fantasy anime character wielding a fiery glowing sword with magical blue fire,0.7950798869132996,0.5407770872116089,41.57783901804302,0.793340
1159_3.png,64,run_3,2,anime character with a flaming blue blade in a highly detailed medieval battle setting,0.7745592594146729,0.5205011367797852,37.916578989078936,0.792158
1159_3.png,65,run_11,4,"majestic anime warrior in an eternal battle against evil with a legendary flaming sword and powerful magical blue flames, highly detailed in 4k resolution",0.8104187250137329,0.57602858543396,41.88742669541596,0.791702
1159_3.png,66,run_15,4,magnificent highly detailed anime character with a 6-foot fiery flaming sword and brilliant magical blue flames,0.8215727806091309,0.5799884796142578,44.99740866275957,0.791406
1159_3.png,67,run_1,5,highly detailed 4k digital painting of a powerful brave anime hero holding a burning flaming sword with brilliant blue magic flames,0.8206550478935242,0.5833142995834351,44.28863184521949,0.791053
1159_3.png,68,run_9,2,highly detailed 4k anime art of a fierce warrior brandishing a radiant blue and orange sword with flames,0.8122142553329468,0.545242965221405,47.210614892890504,0.788579
1159_3.png,69,run_6,2,anime girl holding a glowing flaming sword in a mystical fantasy landscape,0.8028914928436279,0.568923830986023,40.89274586808963,0.788572
1159_3.png,70,run_5,1,anime character with a majestic flaming sword and magical blue flames in a fantasy digital painting style,0.8122400641441345,0.5745492577552795,43.21041079376256,0.788105
1159_3.png,71,run_3,1,highly detailed anime character wielding a flaming sword with magical blue flames in a mystical medieval setting,0.8212660551071167,0.577039361000061,45.876432896332545,0.787524
1159_3.png,72,run_5,5,an anime-inspired fantasy digital artwork of a heroic figure brandishing a powerful flaming sword and radiant blue flames in a mystical atmosphere,0.8074644804000854,0.5779705047607422,41.41830872952592,0.786514
1159_3.png,73,run_13,5,"A highly detailed digital painting of a regal anime warrior holding a majestic, 4k-resolution sword with radiantly glowing energy",0.7847504019737244,0.5319597721099854,40.48273401732439,0.786315
1159_3.png,74,run_13,2,"a 4k-resolution anime warrior with a majestic, highly detailed sword that bursts with radiant electric blue flames, illuminated by a soft, warm golden light",0.8121696710586548,0.5750241279602051,43.41896916957348,0.786073
1159_3.png,75,run_1,1,anime warrior with a massive flaming sword and vivid magical blue flames,0.8141286373138428,0.5665752291679382,45.25773412444024,0.785883
1159_3.png,76,run_5,2,an anime-inspired digital artwork featuring a hero with a stunning flaming sword and magical blue flames in a fantasy world,0.7962717413902283,0.5588765144348145,40.562983374101194,0.785708
1159_3.png,77,run_14,2,highly detailed anime character wielding a majestic flaming sword with beautiful magical blue flames,0.8177294731140137,0.5810714960098267,44.48690953237743,0.785347
1159_3.png,78,run_7,3,anime warrior wields a massive flaming sword with incredible magical blue flames in a mystical landscape,0.7923297882080078,0.5558891296386719,39.85884836991218,0.784623
1159_3.png,79,run_8,2,detailed 4k digital painting of an anime heroine using a mighty flaming sword and surrounded by vibrant blue fire,0.8082601428031921,0.5722020864486694,42.803296882724716,0.784299
1159_3.png,80,run_15,5,anime character with a 6-foot highly detailed flaming sword and vibrant blue flames,0.8049293160438538,0.559491753578186,43.63618055379074,0.783311
1159_3.png,81,run_14,4,beautiful highly detailed anime character with an epic flaming sword and magical blue flames emanating intense light,0.8232237100601196,0.5954033732414246,44.588937859110004,0.783200
1159_3.png,82,run_4,3,highly realistic 4k anime character with a radiant flaming sword and magical blue flames dancing in the background,0.7944778203964233,0.5443794131278992,42.5104285516452,0.782209
1159_3.png,83,run_8,2,highly detailed digital art of a fierce anime warrior battling a fiery magical sword and intense blue flames,0.8132626414299011,0.5703004598617554,45.17608774550358,0.780980
1159_3.png,84,run_9,4,highly detailed 8k anime art of a character holding a large flaming blue katana,0.8028384447097778,0.5512899160385132,44.46358654634658,0.780822
1159_3.png,85,run_5,2,a digital painting of an anime character wielding a mighty flaming sword with vibrant blue flames in a fantasy setting,0.80936199426651,0.5703838467597961,43.947164621464026,0.780653
1159_3.png,86,run_12,2,highly detailed magical fantasy digital painting of an anime heroine with a flaming sword and glowing blue magical flames illuminating her mystical surroundings,0.7889244556427002,0.5470991730690002,40.67411835290334,0.779863
1159_3.png,87,run_9,2,highly detailed anime masterpiece featuring a character holding a majestic flaming blue katana,0.823036789894104,0.5723181366920471,48.408235692395124,0.778638
1159_3.png,88,run_2,2,anime warrior wielding an intricately designed flaming sword and precise magical blue flames in a heroic stance,0.8091920018196106,0.5639800429344177,45.214366710646445,0.777707
1159_3.png,89,run_7,1,highly realistic anime character holding a flaming sword with magical blue fire surrounding her,0.8089050650596619,0.5694431662559509,44.49594325045795,0.776786
1159_3.png,90,run_1,3,highly detailed oil painting style digital art of a brave anime hero holding a burning flaming sword with magical blue and fiery flames,0.8051543831825256,0.5738497376441956,42.717854682647506,0.776433
1159_3.png,91,run_9,5,"8k anime-style artwork of a magnificent heroic figure, gripping a radiant, fiery blue energy sword",0.8012288808822632,0.572109043598175,41.772627630300214,0.775847
1159_3.png,92,run_4,1,fantasy anime character with a fiery sword and dynamic magical blue flames,0.8043801784515381,0.5661820769309998,43.70069506095921,0.775292
1159_3.png,93,run_6,2,highly detailed digital painting of a stunning anime girl wielding a blazing sword amidst an eerie dark fantasy environment,0.7977210283279419,0.543526828289032,44.69484521530607,0.775282
1159_3.png,94,run_3,4,highly detailed anime character wielding a massive flaming sword with vibrant magical blue flames in a mystical medieval castle,0.7919396162033081,0.5508105158805847,41.84575281954729,0.775011
1159_3.png,95,run_12,5,stunning 4k highly detailed fantasy digital painting of an anime warrior with an elegant sword and blazing blue flames rising dramatically from the handle and handle guard,0.8104819059371948,0.5664368867874146,45.69257359306254,0.774962
1159_3.png,96,run_15,2,anime character holding a 6-foot flaming sword with magical blue flames and intricate golden details,0.8289331197738647,0.6049458980560303,46.50000652038213,0.773723
1159_3.png,97,run_13,2,"a fantastical, highly detailed anime warrior with a majestic 4k-resolution sword that burns with radiant, electric blue flames and shimmers with a golden glow",0.7854135632514954,0.5575504302978516,39.4054367775224,0.770815
1159_3.png,98,run_13,5,"A masterclass digital art piece of a regal anime warrior wielding a highly detailed, 4k-resolution sword with energy emanating from its blade",0.7903593182563782,0.573345422744751,38.857973044918516,0.770499
1159_3.png,99,run_15,4,anime character with an extremely detailed 6-foot gleaming flaming sword and intense magical blue flames,0.8119502067565918,0.5859363675117493,44.161365809919,0.770139
1159_3.png,100,run_5,1,anime character with a highly detailed flaming sword and vibrant magical blue flames,0.8056654334068298,0.5698449611663818,44.40895656508594,0.769819
1159_3.png,101,run_7,1,anime character with a highly detailed flaming sword and vibrant magical blue flames,0.8056654334068298,0.5698449611663818,44.40895656508594,0.769819
1159_3.png,102,run_11,1,anime character with a highly detailed flaming sword and vibrant magical blue flames,0.8056654334068298,0.5698449611663818,44.40895656508594,0.769819
1159_3.png,103,run_9,1,'anime-inspired character wielding a sword with intense blazing blue flames',0.8518841862678528,0.6137003898620605,53.45216473716284,0.768759
1159_3.png,104,run_8,2,digital painting style anime character wielding a glowing flaming sword amidst bright blue fire,0.8209798336029053,0.5859459638595581,47.40805524961784,0.767957
1159_3.png,105,run_1,Baseline,anime character with a flaming sword and magical blue flames,0.8201488256454468,0.5795411467552185,48.04433410009212,0.767857
1159_3.png,106,run_2,Baseline,anime character with a flaming sword and magical blue flames,0.8201488256454468,0.5795411467552185,48.04433410009212,0.767857
1159_3.png,107,run_3,Baseline,anime character with a flaming sword and magical blue flames,0.8201488256454468,0.5795411467552185,48.04433410009212,0.767857
1159_3.png,108,run_4,Baseline,anime character with a flaming sword and magical blue flames,0.8201488256454468,0.5795411467552185,48.04433410009212,0.767857
1159_3.png,109,run_5,Baseline,anime character with a flaming sword and magical blue flames,0.8201488256454468,0.5795411467552185,48.04433410009212,0.767857
1159_3.png,110,run_6,Baseline,anime character with a flaming sword and magical blue flames,0.8201488256454468,0.5795411467552185,48.04433410009212,0.767857
1159_3.png,111,run_7,Baseline,anime character with a flaming sword and magical blue flames,0.8201488256454468,0.5795411467552185,48.04433410009212,0.767857
1159_3.png,112,run_8,Baseline,anime character with a flaming sword and magical blue flames,0.8201488256454468,0.5795411467552185,48.04433410009212,0.767857
1159_3.png,113,run_9,Baseline,anime character with a flaming sword and magical blue flames,0.8201488256454468,0.5795411467552185,48.04433410009212,0.767857
1159_3.png,114,run_10,Baseline,anime character with a flaming sword and magical blue flames,0.8201488256454468,0.5795411467552185,48.04433410009212,0.767857
1159_3.png,115,run_11,Baseline,anime character with a flaming sword and magical blue flames,0.8201488256454468,0.5795411467552185,48.04433410009212,0.767857
1159_3.png,116,run_12,Baseline,anime character with a flaming sword and magical blue flames,0.8201488256454468,0.5795411467552185,48.04433410009212,0.767857
1159_3.png,117,run_13,Baseline,anime character with a flaming sword and magical blue flames,0.8201488256454468,0.5795411467552185,48.04433410009212,0.767857
1159_3.png,118,run_14,Baseline,anime character with a flaming sword and magical blue flames,0.8201488256454468,0.5795411467552185,48.04433410009212,0.767857
1159_3.png,119,run_15,Baseline,anime character with a flaming sword and magical blue flames,0.8201488256454468,0.5795411467552185,48.04433410009212,0.767857
1159_3.png,120,run_11,4,"anime warrior standing victorious in an epic battle scene with a mighty flaming sword and intense magical blue flames, highly detailed in a digital masterpiece",0.8059825301170349,0.5876954197883606,42.34946807002828,0.767622
1159_3.png,121,run_2,5,4k digital painting of a majestic anime warrior wielding a grand flaming sword with vivid magical blue flames,0.8104773759841919,0.5662709474563599,47.01440091827062,0.766078
1159_3.png,122,run_8,4,"highly polished digital painting of a brave anime warrior in mid-air, fighting with a magical flame-tipped sword and radiant bright blue flames",0.8040645122528076,0.5763096213340759,43.538449102722566,0.766073
1159_3.png,123,run_8,3,highly detailed digital 4k painting of an anime character fighting with a magical dark flaming sword and vivid bright blue flames,0.8122677206993103,0.5822762846946716,45.57990542890648,0.764630
1159_3.png,124,run_1,1,anime character with a highly detailed flaming sword and magical bright blue flames,0.8064262270927429,0.5710942149162292,45.252865220746294,0.764551
1159_3.png,125,run_15,5,highly detailed anime character standing with a 6-foot sword ablaze in bright blue flames,0.8134819269180298,0.5850853323936462,45.7312232533838,0.763616
1159_3.png,126,run_11,3,"anime warrior in a dynamic, action-packed battle scene with a brilliant flaming sword and blazing powerful magical blue flames, highly detailed in 4k resolution",0.7912108898162842,0.5642298460006714,41.54409143906023,0.762699
1159_3.png,127,run_2,1,"digital painting of a bold, anime character wielding a flaming blade with vibrant magical blue flames",0.8107756972312927,0.5747466683387756,46.44913726249989,0.762543
1159_3.png,128,run_7,4,anime character wields a breathtakingly majestic flaming sword with intense magical radiant blue flames illuminating the mystical background,0.8045873641967773,0.5657364130020142,45.856012215073704,0.761449
1159_3.png,129,run_4,3,highly detailed anime character holding a radiant flaming sword and surrounded by swirling magical blue flames,0.8378616571426392,0.6178364753723145,49.40972581179652,0.761372
1159_3.png,130,run_7,2,anime character wields an epic blazing sword with intense magical azure flames in the background,0.8050484657287598,0.575241208076477,44.784332435112944,0.760756
1159_3.png,131,run_5,4,a highly realistic anime digital artwork of a hero with a powerful flaming sword and magical blue flames in a magical fantasy landscape,0.8033732175827026,0.591421902179718,42.080790581592694,0.760132
1159_3.png,132,run_10,1,highly detailed anime character wielding a flaming sword amidst magical blue flames,0.8314012289047241,0.6089784502983093,48.81428421890721,0.759546
1159_3.png,133,run_5,2,a highly detailed digital painting of an anime character with a majestic flaming sword and magical blue flames in a mythical fantasy realm,0.7875587940216064,0.5722591280937195,39.837161424209704,0.758635
1159_3.png,134,run_6,3,anime girl with a highly detailed glowing flaming katana in a mystical fantasy landscape,0.7630110383033752,0.5361223220825195,37.00966418794174,0.757911
1159_3.png,135,run_1,3,highly detailed 4k digital painting of a brave dark-haired anime hero holding a burning flaming sword with magical blue flames,0.7943723201751709,0.5456185936927795,45.99578612679233,0.756983
1159_3.png,136,run_2,2,anime warrior with a highly detailed powerful flaming sword and precise magical blue flames in a dramatic pose,0.8097094893455505,0.5874305963516235,45.283949388601876,0.756083
1159_3.png,137,run_7,2,intense anime character holds aloft a majestic flaming sword with high-fantasy magical blue flames,0.7889587879180908,0.5664836764335632,41.46946191909932,0.756076
1159_3.png,138,run_2,2,high-resolution digital painting of an anime warrior holding a powerful flaming sword with precise magical blue flames dancing around it,0.7942438125610352,0.5568444132804871,44.745344005411106,0.754569
1159_3.png,139,run_9,1,'vibrant and highly detailed anime-style illustration of a warrior with a blue and red flaming sword',0.8084191679954529,0.5941882133483887,44.158858345178864,0.754486
1159_3.png,140,run_15,1,"digital painting anime character with a long, fiery sword and magical blue fire dancing in the background",0.8015873432159424,0.5715950727462769,45.115387313522895,0.754291
1159_3.png,141,run_9,3,vibrant and highly detailed 8k digital anime art of a character holding a powerful flaming blue sword,0.797961950302124,0.5806546211242676,42.7404276388703,0.753870
1159_3.png,142,run_13,3,"a highly stylized anime warrior holding a regal, 4k-resolution sword that bursts with radiant, electric blue fire",0.8184636831283569,0.5791441798210144,49.61703320496947,0.753755
1159_3.png,143,run_15,3,"anime character wielding a highly detailed 6-foot flaming sword with vibrant magical blue flames and intense, fiery aura",0.8002931475639343,0.5711148977279663,44.87247088322495,0.753539
1159_3.png,144,run_7,1,anime female character in a dynamic pose with a highly detailed flaming sword and swirling magical blue flames,0.7941950559616089,0.5757827758789062,42.343318859541874,0.752868
1159_3.png,145,run_13,4,"an exquisite anime warrior with a masterfully crafted, 4k-resolution sword shining with vibrant, electric blue fire that crackles with intensity",0.8077629208564758,0.5912731289863586,44.67107192500413,0.752303
1159_3.png,146,run_12,3,beautiful highly detailed realistic fantasy digital painting of a powerful anime warrior with a fiery sword and magical blue flames,0.79598069190979,0.5847909450531006,41.76675401038985,0.752200
1159_3.png,147,run_13,4,"a fantastical anime warrior with a majestic, highly detailed, 4k-resolution sword that burns with vibrant, electric blue flames",0.8007294535636902,0.5887985229492188,42.825668922457716,0.751678
1159_3.png,148,run_15,1,detailed digital artwork of a mythical anime character holding a mighty flaming sword and surrounded by intense magical blue flames,0.8161778450012207,0.595349133014679,46.990089357590946,0.751231
1159_3.png,149,run_12,2,highly detailed vibrant digital painting of a fantasy anime character wielding a flaming sword and surrounded by magical blue fire,0.793068528175354,0.5767918229103088,42.103666013668516,0.751049
1159_3.png,150,run_4,2,realistic 4k anime style character with a blazing sword and dark blue mystical swirling flame,0.7951942682266235,0.5680533647537231,44.0470809728225,0.750790
1159_3.png,151,run_1,4,highly detailed realistic digital painting of a powerful anime hero holding a blazing flaming sword with vivid magical blue flames,0.8112915754318237,0.5839924812316895,47.17980706890732,0.749904
1159_3.png,152,run_7,2,highly detailed anime warrior wields a glowing flaming sword with magical blue flames dancing in the background,0.8111637234687805,0.6128522753715515,43.36665211627705,0.748236
1159_3.png,153,run_3,4,"an expertly crafted anime character wields a massive flaming sword with blazing magical blue flames in a mystical, dreamlike medieval setting",0.7842308878898621,0.55675208568573,42.50027614661699,0.747807
1159_3.png,154,run_9,2,vibrant 4k anime art featuring a character with a bright blue sword ablaze,0.8151509165763855,0.5882364511489868,48.14907939977564,0.747799
1159_3.png,155,run_2,3,4k rendering of a heroic anime warrior holding a gleaming flaming sword surrounded by precise magical blue fire,0.8138853907585144,0.585858941078186,48.11086326184841,0.747516
1159_3.png,156,run_12,2,stunning highly detailed 4k digital anime fantasy art of a powerful warrior wielding a flaming sword and blue magical flames engulfing her surroundings,0.7904380559921265,0.5713902711868286,42.70988595347473,0.746214
1159_3.png,157,run_15,3,"highly detailed anime warrior holding a 6-foot flaming sword with magical blue flames, set against a darkened, mystical cityscape",0.7959072589874268,0.5835128426551819,42.933380750336404,0.745281
1159_3.png,158,run_11,1,a mystical anime warrior wields a 4k detailed flaming sword surrounded with dynamic magical blue flames,0.8034315705299377,0.5807520747184753,45.7992397375429,0.744999
1159_3.png,159,run_1,3,highly detailed digital masterpiece of a brave anime hero standing confidently with a burning dark flaming sword surrounded by blue magical energy,0.8112150430679321,0.5865156650543213,47.54484508995694,0.744841
1159_3.png,160,run_4,1,anime character with a highly detailed flaming sword and intense magical blue flames,0.800947904586792,0.5829021334648132,44.76665593665764,0.744506
1159_3.png,161,run_8,1,anime character with a highly detailed flaming sword and intense magical blue flames,0.800947904586792,0.5829021334648132,44.76665593665764,0.744506
1159_3.png,162,run_6,1,anime character with a highly detailed flaming sword and magical intense blue flames,0.8056670427322388,0.5892093777656555,45.4240799977047,0.744476
1159_3.png,163,run_14,1,anime character with a highly detailed flaming sword surrounded by magical blue flames that fill the background,0.8243741989135742,0.6130387187004089,48.27548954707032,0.743794
1159_3.png,164,run_14,2,anime character with a highly detailed flaming sword and magical blue flames in a mystical digital painting style,0.7938970327377319,0.5799258351325989,43.00169298254703,0.743770
1159_3.png,165,run_3,4,highly detailed anime warrior wielding a giant flaming sword with radiant magical blue flames in a mystical land,0.7863833904266357,0.5732011198997498,41.53156378309923,0.743557
1159_3.png,166,run_13,4,"a finely crafted anime warrior standing proudly with a spectacular, 4k-resolution sword ablaze with radiant, electric blue flames",0.8015050888061523,0.5698148012161255,47.124235078596264,0.742075
1159_3.png,167,run_7,3,anime character in a dynamic pose holds a mighty flaming sword with swirling magical blue flames in a medieval castle background,0.8114791512489319,0.5776523947715759,49.708181214186425,0.739072
1159_3.png,168,run_4,3,anime character in a mystical scene wielding a powerful flaming sword and surrounded by ethereal blue fire,0.809499204158783,0.6115897297859192,44.488472380854816,0.738083
1159_3.png,169,run_12,4,highly detailed and realistic fantasy digital painting of a mighty anime warrior unleashing a fiery sword blast with electric blue flames and a regal aura,0.7911652326583862,0.5717630386352539,44.29895267108049,0.736613
1159_3.png,170,run_4,1,anime character wielding a majestic flaming sword with vibrant magical blue flames,0.7976233959197998,0.5751514434814453,46.19261805556521,0.734765
1159_3.png,171,run_7,2,stylized digital painting of anime character wielding an epic majestic flaming sword with magical blue flames and intense mystical aura,0.7922420501708984,0.5811829566955566,43.69144508677019,0.734194
1159_3.png,172,run_6,4,a masterpiece highly detailed and realistic anime girl character with a magnificent glowing sword wielding a magical and powerful flame with sparks in a fantasy realm of magic and wonder,0.7618869543075562,0.5560309886932373,37.428312645787955,0.733632
1159_3.png,173,run_4,2,highly realistic highly detailed anime character with a radiant epic flaming sword and swirling intense magical blue flames,0.7895318269729614,0.5791753530502319,43.18657583599504,0.733547
1159_3.png,174,run_3,4,"a highly detailed, 4k anime character holds a massive flaming sword with intense magical blue flames in a mystical medieval city",0.7784141302108765,0.5688798427581787,41.5874392092688,0.729624
1159_3.png,175,run_7,1,anime character in a dramatic pose with a gleaming flaming sword and magical blue flames engulfing the atmosphere,0.8112629652023315,0.6101644039154053,46.53001912704623,0.729398
1159_3.png,176,run_14,3,highly detailed anime character wielding a majestic flaming Katana with vibrant magical blue flames,0.790611982345581,0.5705483555793762,45.40612221976226,0.728977
1159_3.png,177,run_2,4,majestic highly detailed digital painting of an anime warrior with magical abilities wielding a glowing fiery orange flaming sword with precise magical blue flames in a misty environment,0.8079349994659424,0.5838375687599182,49.27825271127183,0.728275
1159_3.png,178,run_15,3,"a highly detailed anime character standing in front of a fiery background, grasping a majestic 6-foot flaming sword with magical blue flames",0.8201537132263184,0.6062208414077759,50.233474176157806,0.727545
1159_3.png,179,run_2,5,highly realistic depiction of an anime warrior brandishing a colossal flaming sword with intricately detailed magical blue flames,0.7905013561248779,0.5973591208457947,41.85548271125828,0.727502
1159_3.png,180,run_2,1,"a highly detailed, anime-style character with a blazing sword and intense magical blue fire",0.8092555999755859,0.5841367840766907,49.87153093749567,0.726863
1159_3.png,181,run_7,4,"high-resolution, photorealistic, 4k-quality image of an anime character with an air of confidence, wielding a majestic, gleaming flaming sword with swirling, dynamic magical blue flames filling the dark, mysterious background",0.7919273376464844,0.5660516023635864,46.81327833890424,0.726553
1159_3.png,182,run_3,5,"highly detailed, digital painting-style anime character wielding a fiery, magical sword with shimmering, iridescent blue flames in a mystical, otherworldly medieval setting",0.7717581987380981,0.5632796287536621,40.688773200454385,0.726338
1159_3.png,183,run_11,5,"anime warrior in an epic battle scene with a mighty flaming greatsword and vibrant magical blue fire, highly detailed in 4k resolution",0.7940990328788757,0.586234986782074,44.89368089795712,0.725292
1159_3.png,184,run_11,4,"an anime warrior in an epic battle landscape with a mighty flaming katana and vibrant magical blue flames, highly detailed in 4k digital art",0.8028454780578613,0.5981509685516357,46.170636241666486,0.724621
1159_3.png,185,run_4,2,detailed digital painting of a radiant and powerful anime character wielding a blazing flaming sword amidst a swirling blue magical aura,0.8039916753768921,0.60051429271698,46.24639551056434,0.724396
1159_3.png,186,run_11,1,anime character holding a flaming sword with intense magical blue flames,0.8009965419769287,0.572396993637085,49.199542618543504,0.724313
1159_3.png,187,run_13,2,"an incredibly detailed anime warrior with a 4k-resolution sword that burns with blazing, electric blue flames and casts a fiery aura",0.7865850925445557,0.5666760206222534,45.333820066145336,0.724229
1159_3.png,188,run_8,5,highly detailed anime digital painting of a fierce warrior battling with a flaming sword surrounded by intense blue flames,0.7912745475769043,0.583038866519928,44.65479762978712,0.723704
1159_3.png,189,run_2,4,highly realistic digital painting of a majestic anime warrior wielding a glowing orange flaming sword with precise magical blue flames,0.8232041597366333,0.6020762920379639,52.50197056969205,0.722746
1159_3.png,190,run_3,1,"anime warrior with a magical blue sword set ablaze with vibrant digital flames, highly detailed and 4k resolution",0.7937735319137573,0.591420590877533,44.646826486146885,0.721327
1159_3.png,191,run_9,5,detailed 8k anime-inspired artwork of a hero holding a blazing blue katana,0.7986971139907837,0.599135160446167,45.249221929328236,0.720788
1159_3.png,192,run_5,2,anime character with a regal flaming sword and magical sapphire flames in a highly detailed fantasy digital painting style,0.7910336256027222,0.5827642679214478,45.046292685670885,0.720756
1159_3.png,193,run_2,5,highly detailed depiction of a legendary anime warrior carrying a gigantic blazing sword with beautiful magical blue flames,0.793470025062561,0.5884227156639099,45.069954664532325,0.720614
1159_3.png,194,run_7,3,highly detailed digital painting of an anime character holding a majestic flaming sword with magical blue flames against a dark and stormy night sky,0.7963284850120544,0.5896102786064148,45.85340179971672,0.720466
1159_3.png,195,run_14,1,"a mystical anime character holding a flaming sword with magical blue flames that illuminate a serene, digital painting landscape at dusk",0.7892733812332153,0.5785630941390991,45.18860976253317,0.719877
1159_3.png,196,run_13,5,"An epic anime digital art piece of a regal warrior wielding a highly detailed, 4k-resolution sword with radiant energy effects",0.7635898590087891,0.5628557205200195,39.1829926068926,0.718928
1159_3.png,197,run_14,5,"vibrant 4k anime character wielding an imposing sword adorned with fiery, ethereal blue flames that leap off the screen in a dynamic pose",0.783271312713623,0.5529038906097412,47.43082971948213,0.715651
1159_3.png,198,run_11,4,"an anime warrior in a dynamic battle scene with a colossal flaming katana and brilliant magical purple flames, highly detailed in 8k resolution",0.8005967736244202,0.6034309267997742,46.10004796874348,0.715100
1159_3.png,199,run_9,4,highly detailed 8k anime portrait of a stoic character wielding a fiery indigo-coloured blade in an urban landscape,0.7772496938705444,0.5677039623260498,44.137893158714014,0.710735
1159_3.png,200,run_2,5,digital artwork of a powerful anime warrior holding a magnificent flaming sword with delicate magical blue flames,0.7980870008468628,0.5887477397918701,47.97145512202001,0.710711
1159_3.png,201,run_12,4,vibrant highly realistic anime depiction of a legendary warrior armed with a magical sword that spews bright blue fire and a radiant aura,0.7936370372772217,0.5883721113204956,46.65152644439229,0.710226
1159_3.png,202,run_14,1,highly detailed anime character wielding a flaming sword with magical blue flames dancing around her,0.7931873202323914,0.5994969010353088,45.242302121361995,0.708281
1159_3.png,203,run_10,2,"a vivid, 4k, highly polished digital artwork of a beautiful anime warrior wielding a radiant blue sword as magical flames dance around her with a hint of mysterious smoke",0.7711532115936279,0.5484529733657837,45.28331147269315,0.707701
1159_3.png,204,run_1,3,highly detailed digital painting of a brave anime warrior with a burning black flaming sword and magical blue flames dancing around,0.7759086489677429,0.5648505687713623,44.547997613443506,0.707674
1159_3.png,205,run_14,2,"anime character holding a large, fiery sword with intense magical blue flames engulfing it",0.7940932512283325,0.5873680710792542,47.64596256768071,0.705397
1159_3.png,206,run_11,2,"anime warrior in an intense, action-packed battle scene with a majestic, gleaming flaming sword and powerful, swirling magical blue flames, highly detailed in 8k resolution",0.7906380891799927,0.596445620059967,45.439125572610415,0.704188
1159_3.png,207,run_3,1,anime character with a sword and blazing blue magical flames,0.8000599145889282,0.5912274122238159,49.27865288057876,0.703794
1159_3.png,208,run_1,2,"highly detailed, 4k digital painting of a brave anime hero",0.7953723073005676,0.6229396462440491,43.400523394143505,0.703419
1159_3.png,209,run_5,5,an anime-inspired highly detailed digital artwork featuring a legendary hero with a majestic flaming sword and vibrant blue magical flames in a mystical fantasy world,0.7771891355514526,0.5959622859954834,41.464953589071385,0.701997
1159_3.png,210,run_14,1,an anime character stands heroically with a flaming sword that casts a bright blue magical glow in a 4k digital painting style,0.8091375827789307,0.6006343960762024,51.342395477991786,0.700867
1159_3.png,211,run_8,5,highly detailed 4k digital painting of an anime girl warrior fighting with a magical sword and blue flames,0.7801762819290161,0.5913248062133789,43.360291401518786,0.700076
1159_3.png,212,run_12,1,a beautiful 4k fantasy anime image of a girl wielding a sword with flames and surrounded by magical blue fire,0.7805721759796143,0.5760573744773865,45.8019396792417,0.698786
1159_3.png,213,run_9,5,"highly detailed 8k anime art of a character standing on a cliff, wielding a flaming blue sword",0.7783563137054443,0.5811327695846558,44.40043998044587,0.698626
1159_3.png,214,run_10,4,"an ultra-realistic, 8k, digital art piece of a beautiful anime warrior holding a radiant blue flaming sword with magical orange flames and intense smoke swirling around her in a dark, mysterious ambiance",0.7890195846557617,0.5764718651771545,48.516756429428675,0.698563
1159_3.png,215,run_2,4,highly detailed digital painting of a heroic anime warrior in motion wielding a mighty powerful flaming sword with precise magical blue flames and a dramatic background,0.7755664587020874,0.577078640460968,44.15957655068384,0.697944
1159_3.png,216,run_12,5,4k masterpiece of a beautiful highly detailed fantasy digital painting featuring an anime warrior holding a sword with blazing blue flames rising from the handle,0.7880762219429016,0.5988708138465881,45.31323925053505,0.697065
1159_3.png,217,run_14,4,highly detailed anime character wielding a majestic ancient flaming sword with vibrant magical blue flames in a dreamlike landscape,0.7776774168014526,0.5879935026168823,43.48403080197748,0.696860
1159_3.png,218,run_4,5,highly detailed 4K digital painting of a heroic anime warrior standing amidst a maelstrom of blazing blue flames while grasping a mighty flaming sword,0.7858649492263794,0.5683692097663879,48.96706471458478,0.696198
1159_3.png,219,run_1,4,a highly detailed anime fantasy hero standing strong holding an intense burning sword with a mesmerizing magical blue halo,0.8074747323989868,0.5988498330116272,51.84564641140649,0.695440
1159_3.png,220,run_10,2,"a stunningly realistic, 8k, oil-painting-inspired digital artwork of an anime warrior holding a majestic blue flaming sword with vibrant magical flames that seem to leap off the canvas",0.767984926700592,0.570087194442749,43.05115554039162,0.695363
1159_3.png,221,run_7,4,"highly detailed digital painting of an anime character wielding a majestic flaming sword with bright, swirling magical blue flames set against a dark mystifying background",0.8146509528160095,0.6026624441146851,53.689655684861265,0.695119
1159_3.png,222,run_2,2,anime warrior standing amidst precise magical blue flames with a highly detailed powerful flaming sword in hand,0.7963957786560059,0.5942673683166504,49.1132955185216,0.693914
1159_3.png,223,run_10,3,"highly detailed, 4k digital painting of a beautiful strong anime warrior wielding a powerful blue flaming sword with magical flames consuming the surroundings and casting shadows",0.7979755401611328,0.614989697933197,46.77026253257312,0.693722
1159_3.png,224,run_2,2,highly detailed digital artwork of an anime warrior with a blazing flaming sword and precise magical blue flames erupting from the blade,0.7639480829238892,0.554615318775177,44.308763558626374,0.692534
1159_3.png,225,run_5,3,a masterpiece of an anime-style hero holding a fiery sword and surrounded by magical blue flames in a vibrant fantasy world,0.8045591711997986,0.5964759588241577,51.667992654828225,0.692450
1159_3.png,226,run_1,2,magical digital painting of a heroic anime figure with a blazing blue flame sword,0.7965884208679199,0.6116182208061218,46.987816851092596,0.692367
1159_3.png,227,run_5,5,a vibrant anime-inspired digital painting of a hero wielding a fiery sword and surrounded by brilliant blue flames in a fantastical realm,0.8109620809555054,0.5900700688362122,54.792868806248606,0.691378
1159_3.png,228,run_10,1,anime female character with a blazing sword and vibrant electric blue flames,0.7817879915237427,0.5807850956916809,46.71246497477563,0.690764
1159_3.png,229,run_9,1,'digital painting of a female anime warrior with blazing magical blue swords',0.7759007215499878,0.5651429295539856,47.00238406219818,0.690608
1159_3.png,230,run_6,5,anime girl standing confidently with a mighty powerful glowing flaming sword in a fantasy landscape highly detailed,0.7769160270690918,0.5918710827827454,43.742208972703146,0.689722
1159_3.png,231,run_9,3,highly detailed 8k anime art of a warrior holding a large blazing blue katana,0.7684005498886108,0.5849606394767761,42.00589869552635,0.689285
1159_3.png,232,run_13,1,"anime character with a highly detailed flaming sword and magical, swirling blue flames",0.7774832248687744,0.5818949937820435,45.70329277430427,0.687065
1159_3.png,233,run_7,3,majestic anime character wields a powerful flaming sword with intense magical blue flames in a dark mystical background,0.7883864641189575,0.5799401998519897,49.67327355029064,0.685960
1159_3.png,234,run_8,4,highly realistic 4k digital artwork of a fierce anime warrior holding a glowing magical sword amidst blazing blue fire,0.7885338068008423,0.590842604637146,48.30229278263833,0.685289
1159_3.png,235,run_6,3,anime princess with a magical glowing flaming sword in a surreal fantasy landscape,0.7545421719551086,0.5676113367080688,40.83142809931931,0.683093
1159_3.png,236,run_3,2,highly detailed digital painting of a young anime warrior wielding a magical sword with vibrant blue flames in a medieval landscape,0.8205158710479736,0.6335717439651489,53.21705464490711,0.681958
1159_3.png,237,run_9,1,"'manga-style character with a glowing blue blade on fire, surrounded by magical flames'",0.8210878372192383,0.6052893400192261,57.39473982990677,0.681571
1159_3.png,238,run_13,1,"an intricately detailed, masterpiece-quality anime illustration of a brave warrior brandishing a burning sword amidst a swirling vortex of brilliant, shimmering blue flames",0.802391529083252,0.6078329086303711,50.97726626314617,0.681568
1159_3.png,239,run_6,4,a highly realistic and detailed anime girl with a magnificent and powerful glowing fiery sword in a mystical and magical fantasy world,0.7321099042892456,0.5498303771018982,36.87357143549222,0.677329
1159_3.png,240,run_11,2,"anime warrior in a heroic, legendary battle scene with a mighty, glowing flaming sword and intense, burning magical blue flames, highly detailed in 4k resolution",0.7575749158859253,0.5720621943473816,42.153443666855,0.676549
1159_3.png,241,run_12,3,stunning highly detailed 4k fantasy digital painting of a majestic anime warrior with a sword and magical blue flames erupting from the handle,0.7807223200798035,0.6021292209625244,45.6740270964983,0.675205
1159_3.png,242,run_14,3,highly detailed anime character standing confidently with a radiant majestic flaming sword in hand surrounded by beautiful magical blue fire,0.7837392687797546,0.5972353219985962,47.529596001270804,0.673865
1159_3.png,243,run_12,5,beautifully crafted highly detailed fantasy anime digital painting of a regal warrior wielding a fiery sword and mystical blue flames dancing from the handle,0.733121395111084,0.5486978888511658,38.088408952041284,0.672347
1159_3.png,244,run_5,3,an epic fantasy painting of a hero armed with an awe-inspiring flaming sword and blue magical flames in a mystical realm,0.7566254138946533,0.5644456744194031,44.040460472788396,0.668793
1159_3.png,245,run_12,1,anime girl with a flaming sword and realistic blue flames,0.7422939538955688,0.5432286858558655,42.51950759810457,0.667597
1159_3.png,246,run_10,4,"a highly realistic, 8k, digital painting of a stunning anime warrior wielding a brilliant blue blazing sword surrounded by vibrant mystical purple flames in a misty medieval landscape",0.7807929515838623,0.5954306125640869,47.90153778517183,0.666511
1159_3.png,247,run_14,5,"an epic 4k anime male warrior confidently holding a colossal, fire-kissed sword that casts a mesmerizing magical blue glow across its surface",0.7976716160774231,0.6078991293907166,51.72520709322648,0.665935
1159_3.png,248,run_10,3,"a highly detailed, 4k digital artwork of a stunning anime warrior holding a radiant blue sword with magical flames surrounding her in a mystical atmosphere",0.7729781866073608,0.5901908874511719,46.19525609030089,0.665832
1159_3.png,249,run_13,1,"anime style character wielding a blazing sword with vibrant, ethereal blue flames",0.814544141292572,0.6272692680358887,54.593582757023505,0.665311
1159_3.png,250,run_11,3,"a skilled anime warrior stands triumphantly in a dramatic, smoke-filled battle scene with a radiant majestic sword and intense magical blue flames, highly detailed in 4k ultra-high definition",0.7552003860473633,0.5792847871780396,42.22065423652881,0.663961
1159_3.png,251,run_5,3,a fantastical digital artwork of a heroic warrior wielding a majestic flaming sword and shimmering blue magical flames in a mystical otherworldly realm,0.7711907029151917,0.6051843762397766,44.06439484193669,0.662176
1159_3.png,252,run_6,4,a stunning 4k digital painting of a beautiful anime girl wielding a radiant powerful glowing sword with flames and sparks in an enchanted fantasy realm,0.777087926864624,0.5904226303100586,48.222621589878116,0.660867
1159_3.png,253,run_7,5,anime warrior girl holds an immense fiery sword with electrifying magical blue flames burning across the landscape in the background of a highly detailed 4k digital painting,0.7568075656890869,0.5730358362197876,44.428801487858046,0.658376
1159_3.png,254,run_14,3,anime character in a highly detailed dramatic pose wielding an extraordinary flaming samurai sword with delicate magical blue flames dancing around it,0.77115398645401,0.5698298215866089,49.53661997544605,0.658318
1159_3.png,255,run_7,2,anime character with a bold expression holds a majestic fiery sword with brilliant magical blue flame effects in the background,0.7862975001335144,0.5891468524932861,51.89665904239628,0.657386
1159_3.png,256,run_11,5,"a heroic anime warrior standing confidently, armed with a mighty flaming sword and surrounded by magical blue flames, highly detailed and ultra-realistic in a vibrant fantasy setting",0.7735583186149597,0.6207026839256287,43.7268925237473,0.654975
1159_3.png,257,run_6,1,vibrant 4k digital painting of an anime boy with a large flaming sword and swirling magical blue flames,0.7648125886917114,0.5618472099304199,49.360209850660006,0.653059
1159_3.png,258,run_8,1,epic anime scene with a hero holding a majestic flaming sword surrounded by mesmerizing magical blue flames,0.8020893335342407,0.6324670314788818,51.76220475117693,0.652115
1159_3.png,259,run_10,4,"a highly detailed, 4k, photorealistic oil painting of a beautiful anime warrior holding a radiant blue flaming sword amidst swirling magical orange embers",0.7911762595176697,0.6403843760490417,47.547852527100254,0.649198
1159_3.png,260,run_4,4,Highly detailed realistic digital painting in a dark fantasy style of an anime warrior holding a majestic flaming sword and standing amidst swirling magical blue flames,0.7940216660499573,0.6164730787277222,51.9768727324919,0.647975
1159_3.png,261,run_15,2,anime character wielding a massive 6-foot flaming sword with vibrant blue flames and a fantasy landscape,0.7583625912666321,0.5892425179481506,44.2334863022056,0.647749
1159_3.png,262,run_6,3,highly detailed fantasy anime girl with a shining glowing flaming katana in a majestic fantasy world,0.7346228957176208,0.5620547533035278,40.53256084642977,0.646275
1159_3.png,263,run_11,2,"anime warrior in a dynamic, thrilling battle scene with a blazing, fiery flaming sword and powerful, energetic magical blue flames, highly detailed in 4k resolution",0.7457485795021057,0.5791378021240234,41.886664410480314,0.645437
1159_3.png,264,run_6,2,anime girl with a radiant flaming sword fighting in a serene and mystical landscape full of floating islands,0.7688067555427551,0.6108678579330444,45.06834444814116,0.644629
1159_3.png,265,run_5,1,anime girl character with a 4k quality flaming sword and bright magical blue flames,0.7366127967834473,0.5464757084846497,43.58828093934856,0.644618
1159_3.png,266,run_5,4,an anime-style fantasy artwork with a heroically depicted warrior wielding a magnificent golden sword with fiery flames and mystical blue auras in a mystical world,0.7600460052490234,0.5908574461936951,45.128242004412066,0.643830
1159_3.png,267,run_6,5,highly detailed anime girl with fiery hair wielding an incredibly powerful glowing sword in a visually stunning fantasy realm with beautiful vibrant colors,0.7759066224098206,0.6085061430931091,47.83707746797166,0.643691
1159_3.png,268,run_9,3,highly stylized 8k anime art of a samurai wielding a majestic blue sword with flames burning brightly,0.7585873603820801,0.5639850497245789,48.87945462337165,0.640516
1159_3.png,269,run_5,4,highly detailed anime-inspired fantasy art featuring a male warrior with a legendary flaming sword and mystical blue flames in a vibrant fantasy world,0.7737056016921997,0.6251370906829834,45.31682184375257,0.640222
1159_3.png,270,run_4,5,highly detailed digital painting of an anime warrior holding a majestic flaming katana and standing amidst swirling mystical blue flames surrounded by darkness,0.8040057420730591,0.6152447462081909,56.70027892607085,0.638995
1159_3.png,271,run_6,1,intricate digital art of an anime knight with a radiant flaming sword and mesmerizing magical blue flames in the background,0.7952662706375122,0.6338071823120117,51.45028229544585,0.637851
1159_3.png,272,run_4,1,anime warrior holding a blazing sword surrounded by magical blue fire and sparks,0.7989952564239502,0.6234121322631836,54.17480096758777,0.637382
1159_3.png,273,run_7,4,"magnificent anime character with a strong, determined expression wields a flaming sword surrounded by intense magical, electric blue flames that radiate a warm, golden glow in the misty background",0.7974339723587036,0.626650333404541,53.35035809480776,0.636477
1159_3.png,274,run_10,2,"a highly detailed, 4k, dynamic digital painting of a brave anime warrior holding a resplendent blue sword with intense magical flames that cast dramatic shadows around her in a darkened cave",0.7890533208847046,0.6259644627571106,50.92462737511815,0.635131
1159_3.png,275,run_8,4,"digital painting of an anime hero with a magical sword ablaze in vibrant bright blue flames, set against a dark ominous sky",0.8060156106948853,0.6389462947845459,54.73017781235205,0.634376
1159_3.png,276,run_6,1,"young anime warrior maid with a mighty flaming sword in hand, surrounded by dancing magical blue flames",0.7470139265060425,0.5548242330551147,47.40838266424763,0.633629
1159_3.png,277,run_14,2,beautiful and intricate anime character with an enormous flaming sword surrounded by intense magical blue flames,0.7714600563049316,0.608613133430481,47.9278528515193,0.633115
1159_3.png,278,run_10,3,"highly detailed, 4k digital art of a strong anime warrior in a heroic pose holding a radiant blue sword with magical flames surrounding her in a dramatic and atmospheric environment",0.7773997187614441,0.6234394311904907,48.20087477372548,0.630316
1159_3.png,279,run_5,3,an anime-inspired digital artwork featuring a legendary hero with a blazing fiery sword and magical blue flames in a realistic fantasy world landscape,0.738055944442749,0.5725207924842834,42.714399783781445,0.629025
1159_3.png,280,run_15,3,"highly detailed fantasy anime warrior standing triumphantly, clutching a 4k, highly detailed, flaming sword with intense magical blue flames and a victorious, heroic pose",0.773406982421875,0.6414580345153809,44.854670335385215,0.627201
1159_3.png,281,run_8,1,vibrant and detailed anime character illustration with a flaming sword and magical blue flames dancing in the background,0.7736109495162964,0.5960090160369873,51.5510854884215,0.625109
1159_3.png,282,run_9,4,highly detailed 8k traditional anime art of a female character grasping a radiant sapphire-hued katana with intricate golden hilt.,0.7170194983482361,0.5814656615257263,35.58144594220165,0.622639
1159_3.png,283,run_4,5,highly detailed digital oil painting of a powerful anime warrior standing amidst swirling mystical blue fire flames while grasping a gleaming majestic flaming katana sword,0.7698168754577637,0.5957456827163696,50.85791667464963,0.621687
1159_3.png,284,run_13,3,"a highly detailed anime warrior wielding a magnificent, 8k-resolution sword that radiates vibrant, electric blue heat",0.7763083577156067,0.6185771226882935,49.9539772208211,0.620542
1159_3.png,285,run_5,3,a highly detailed fantasy digital artwork of a hero wielding a radiant flaming sword with mystical blue flames in a dreamlike environment,0.7565104961395264,0.6026718020439148,45.9872614473014,0.618894
1159_3.png,286,run_6,5,a beautiful highly detailed digital painting of a mystical anime girl holding a brilliant fiery sword in a breathtaking fantasy world,0.773759126663208,0.6329142451286316,47.53557867234232,0.617786
1159_3.png,287,run_11,1,a highly detailed digital painting of an anime character with a gleaming flaming sword and magical blue flames dancing around them,0.7434372305870056,0.5773263573646545,46.12842914408756,0.613055
1159_3.png,288,run_14,5,"a highly detailed and colorful 4k anime female hero proudly grasping a radiant, flaming sword with bright, swirling blue flames that exude an otherworldly aura",0.771186351776123,0.6214309930801392,49.02027626944189,0.612858
1159_3.png,289,run_5,5,an epic anime-style digital artwork showcasing a hero grasping a magnificent flaming sword and magical blue fire in a breathtaking fantasy landscape,0.7427178621292114,0.5901159048080444,44.50146586733863,0.610417
1159_3.png,290,run_8,1,anime character wielding a flaming sword with vibrant blue magical flames and intricate designs,0.7768285274505615,0.6329785585403442,49.83714870106562,0.608801
1159_3.png,291,run_12,2,highly detailed realistic fantasy anime artwork of a heroine holding a blazing sword with mystical flames dancing around her,0.7682387828826904,0.6420006155967712,45.98125695725571,0.607534
1159_3.png,292,run_6,5,highly detailed anime girl wielding a radiant glowing magical sword in a realistic fantasy realm,0.7272708415985107,0.5612801313400269,44.25698822900948,0.605271
1159_3.png,293,run_10,1,digital painting of a fantastical anime warrior with a fiery sword and radiant blue flames dancing at her tip,0.7400307655334473,0.5834004282951355,45.45163173987886,0.604355
1159_3.png,294,run_5,4,an anime-inspired fantasy artwork with a highly detailed hero wielding a majestic golden flaming sword and magical azure flames in a mystical realm,0.7457393407821655,0.6249202489852905,42.02538846161847,0.600941
1159_3.png,295,run_2,1,"a finely detailed, dynamic anime character holding a massive, glowing, magical blue flaming sword",0.7744113206863403,0.6153665781021118,52.70629903011323,0.600585
1159_3.png,296,run_11,5,"an anime warrior wielding a powerful sword with flames of pure magic in a breathtaking, highly detailed and 4k-resolution battle scene against a dramatic, dark fantasy backdrop",0.7336289882659912,0.5741031765937805,46.01519098245689,0.595157
1159_3.png,297,run_11,2,"anime warrior in a dramatic, heroic pose amidst an epic battle scene with a fiery, gleaming flaming sword and explosive magical blue flames, highly detailed in 4k resolution",0.7358043789863586,0.5883502960205078,44.90020549084914,0.594051
1159_3.png,298,run_15,1,highly detailed anime character wielding a dragon-embossed flaming sword and surrounded by swirling magical blue flames,0.7942529916763306,0.6733388900756836,52.406745498684856,0.591486
1159_3.png,299,run_8,5,epic highly detailed digital artwork of an anime girl wielding a powerful magical sword with flames that seem to dance in perfect synchrony,0.7644709348678589,0.614112138748169,51.09217810728,0.590778
1159_3.png,300,run_14,2,anime character with a highly detailed flaming sword and magical blue flames dancing,0.7236539125442505,0.5723147392272949,43.75831987018387,0.590172
1159_3.png,301,run_11,5,"a highly detailed 4k anime-style image of a fierce warrior in a fantasy battle scene, with a magical sword engulfed in intense blue flames, set against a dramatic sky",0.781991720199585,0.6610066294670105,50.40341316094328,0.589727
1159_3.png,302,run_3,3,"highly detailed anime character wielding a blazing magical blue flame sword in a mystical, ancient medieval setting",0.7903675436973572,0.6379246711730957,56.56937727859264,0.588104
1159_3.png,303,run_2,3,anime masterpiece featuring a mighty warrior with a burning flaming sword and intricate magical blue flames dancing around them,0.7270456552505493,0.5749382972717285,44.89017173352465,0.587461
1159_3.png,304,run_9,5,"masterfully crafted 8k digital painting of a mystical warrior in a fiery pose, brandishing a radiant blue light-saber",0.7671451568603516,0.6076202988624573,53.45469712229512,0.586734
1159_3.png,305,run_4,3,epic anime fantasy artwork of a heroic character holding a radiant flaming sword and standing in a swirling vortex of magical blue flames,0.7840827107429504,0.6352106332778931,55.14344573944091,0.586499
1159_3.png,306,run_7,5,anime fantasy warrior maiden grasps a magnificent flaming sword with energetic magical blue flames blazing across the darkened landscape in a highly detailed and realistic digital art piece,0.7569959163665771,0.619900107383728,48.807926117271485,0.584317
1159_3.png,307,run_4,2,highly stylized anime character holding a sword with a magnificent radiant glowing flame and surrounded by mesmerizing blue and purple hues,0.8072705268859863,0.6569996476173401,60.08838467138745,0.583383
1159_3.png,308,run_1,1,stylized 4k anime image of a mighty warrior with a blazing sword and intense magical blue fire surround,0.7278299927711487,0.5758694410324097,45.838471749231005,0.581834
1159_3.png,309,run_1,2,anime hero with highly detailed digital art holding a burning flaming sword,0.7809594869613647,0.6693415641784668,50.242436031074256,0.580615
1159_3.png,310,run_9,3,highly detailed 8k anime style digital art of a character wielding a bright shining blue sword,0.7682631015777588,0.6240724325180054,52.760862512640934,0.578311
1159_3.png,311,run_13,2,"a 4k-resolution masterpiece of an anime warrior brandishes a highly detailed sword that crackles with vibrant, electric blue flames, set against a subtle, misty background",0.7822327017784119,0.6400307416915894,55.22122681861478,0.577285
1159_3.png,312,run_8,3,"highly detailed, vibrant anime digital painting of a female character wielding a magical sword surrounded by intense, bright blue flames",0.7699642777442932,0.6326162815093994,52.84788747004784,0.573363
1159_3.png,313,run_13,1,"digital painting of a bold anime hero holding a mighty flaming sword surrounded by hypnotic, dancing blue flames",0.7777979373931885,0.6357598304748535,55.26702566363866,0.571205
1159_3.png,314,run_11,3,"a mythical anime warrior in an epic, high-stakes battle scene wields a powerful magical blue-flamed sword with intricate details in a 4k resolution masterpiece",0.7514996528625488,0.6280269622802734,47.83892109687617,0.571031
1159_3.png,315,run_3,3,"a highly detailed anime character stands in a mystical, fog-shrouded medieval town, holding a magical flaming sword with blue flames",0.7652291059494019,0.6451818943023682,50.02308762615815,0.570224
1159_3.png,316,run_14,1,"a highly detailed, epic anime battle scene with a character wielding a flaming sword and magical blue flames dancing wildly around them",0.7592748403549194,0.6418944001197815,48.71422627768036,0.569097
1159_3.png,317,run_8,4,"highly detailed, textured digital artwork of an anime character wielding a magical sword with intense bright blue flames, in a dramatic cinematic pose",0.7996773719787598,0.6646960377693176,58.75429146125509,0.568354
1159_3.png,318,run_3,2,highly realistic anime character standing in front of a medieval castle with a majestic flaming blue sword in hand,0.698328971862793,0.5858030915260315,37.1503816212595,0.566376
1159_3.png,319,run_10,5,"an ultra-detailed, 8k, digital artwork of a breathtaking anime warrior holding a glowing blue, enchanted sword as magical flames dance around her majestic form",0.7544462084770203,0.6172650456428528,51.00235043098104,0.566179
1159_3.png,320,run_3,3,"extremely detailed, digitally painted anime character stands in a mystical, fantasy medieval village, wielding a magical, roaring blue-flamed sword",0.7391178011894226,0.6448866128921509,43.12558384989991,0.559768
1159_3.png,321,run_11,4,"epic anime warrior in a legendary battle scene with a colossal flaming sword and intense magical purple flames, highly detailed in 4k resolution",0.7448077201843262,0.6401669383049011,45.63585250659139,0.559712
1159_3.png,322,run_15,2,highly detailed anime warrior with a 6-foot sword covered in magical blue flames,0.7823854684829712,0.6764304637908936,52.941492160935375,0.558594
1159_3.png,323,run_15,5,anime character wielding a 6-foot magical sword with intense blue flames in a mystical landscape,0.8020017147064209,0.6774100661277771,59.16860335975659,0.558586
1159_3.png,324,run_13,3,"an epic anime warrior grasping a grand, 4k-resolution sword that glows with fierce, electric blue energy",0.7831158638000488,0.6462313532829285,57.57482373248403,0.557266
1159_3.png,325,run_6,2,fantasy anime girl with a fiery sword standing heroically in a misty mountainous realm,0.7350381016731262,0.6098126173019409,47.14164948096271,0.556633
1159_3.png,326,run_11,3,"anime warrior in an intense, high-energy battle scene with a fiery majestic sword and swirling powerful magical blue flames, highly detailed in 4k resolution",0.7158923149108887,0.5822799801826477,45.26134673893146,0.553228
1159_3.png,327,run_7,4,"an anime-style character holds a fiery majestic sword, with vibrant, intense magical blue flames engulfing the mysterious surrounding",0.7571843862533569,0.6089855432510376,55.014747445784366,0.552703
1159_3.png,328,run_5,5,a highly detailed anime-style digital masterpiece of a hero with a gleaming flaming sword and mesmerizing blue magical flames in a surreal fantasy environment,0.7338728904724121,0.6178810596466064,46.42801153072837,0.551255
1159_3.png,329,run_1,3,highly realistic digital painting of a dark-haired anime hero with a mysterious smile holding a burning flaming sword in a dark mystical forest,0.7389513254165649,0.6050534844398499,50.13342977000491,0.549388
1159_3.png,330,run_8,3,"highly realistic, detailed digital artwork of an anime warrior battling a dark dragon with a magical shining flaming sword and bright blue fire",0.7345337271690369,0.6243438720703125,46.183428613815366,0.548247
1159_3.png,331,run_14,4,anime character in a highly detailed fantasy setting surrounded by a halo of beautiful magical blue flames as they wield a majestic flaming sword,0.7989716529846191,0.6708914041519165,61.126036742887194,0.544694
1159_3.png,332,run_13,3,"a fantasy anime warrior brandishing a magnificent, 4k-resolution sword that shines with intense, electric blue light",0.7666939496994019,0.6510939598083496,53.67745479408571,0.542880
1159_3.png,333,run_12,4,highly detailed digital artwork of a fantastical anime warrior in battle stance with a sword of pure flame and swirling turquoise blue aura,0.7755372524261475,0.6598219871520996,55.38671813268611,0.542501
1159_3.png,334,run_7,5,anime character wields a mighty glowing sword with vivid magical blue flames illuminating the dark background in a highly detailed digital painting style,0.7716918587684631,0.6292509436607361,58.630695817333944,0.540879
1159_3.png,335,run_5,4,an epic anime digital fantasy artwork featuring a heroic warrior with a blazing red and silver flaming sword and mystical blue flames in a dreamworld environment,0.710979700088501,0.6062520146369934,43.618932956929044,0.530772
1159_3.png,336,run_9,2,realistic highly detailed 4k digital painting of an anime warrior with a glowing blue sword,0.7476726770401001,0.6585341691970825,48.30032956414808,0.530394
1159_3.png,337,run_6,3,fantasy anime girl with a vibrant glowing flaming dragon sword in a dreamlike landscape,0.7284297347068787,0.6344121098518372,45.89199135314142,0.527139
1159_3.png,338,run_3,5,"highly detailed, oil painting-style anime character wielding a sword engulfed in swirling, ethereal blue flames in a mystical, dreamlike medieval world",0.7764294743537903,0.6663099527359009,57.231037087262564,0.525708
1159_3.png,339,run_4,4,Highly realistic and detailed digital painting of a regal anime warrior standing amidst a maelstrom of mystical blue flames wielding a majestic sword that glows with fiery intensity in a fantastical landscape.,0.7818986773490906,0.6705002188682556,58.42742151458841,0.525670
1159_3.png,340,run_6,5,a highly detailed 4k digital art of a cute anime girl fighting with a glowing magical sword in a richly detailed fantasy environment,0.7300665378570557,0.6139768362045288,49.88897849690622,0.522885
1159_3.png,341,run_1,2,highly detailed digital painting of a strong anime warrior,0.7272728681564331,0.6483710408210754,44.56237598283237,0.520388
1159_3.png,342,run_8,5,highly detailed vibrant digital painting of a young anime hero unleashing a magical blazing sword amidst a maelstrom of blue fire,0.7324051856994629,0.6245739459991455,49.79192817225611,0.518655
1159_3.png,343,run_2,3,highly detailed anime warrior standing strong with a powerful sword engulfed in vibrant blue flames,0.7524429559707642,0.6523992419242859,52.53160360923589,0.517887
1159_3.png,344,run_12,4,majestic highly detailed fantasy anime painting of a powerful warrior with a sword ablaze and electric blue sparks emanating from the handle,0.7526466846466064,0.6532573699951172,52.64487137205177,0.516749
1159_3.png,345,run_12,4,beautiful highly realistic digital art of a regal anime warrior wielding a blazing sword and luminous blue flames dancing around the hilt,0.7121094465255737,0.6033168435096741,46.943474370700955,0.513351
1159_3.png,346,run_7,5,epic anime hero unsheathes a blazing sword with powerful magical blue flames engulfing the night sky in a highly detailed and vivid digital art masterpiece,0.7802939414978027,0.6802675724029541,58.38121115966631,0.513143
1159_3.png,347,run_14,5,"a highly detailed 4k anime character standing heroically, gripping a magnificent and majestic sword that erupts with intense, mesmerizing magical blue flames.",0.7618018984794617,0.6788866519927979,52.77490315065262,0.511782
1159_3.png,348,run_10,2,"highly detailed, 8k, realistic digital painting of a stunning anime warrior holding a resplendent blue flaming sword with magical flames engulfing the surroundings in a warm sunset atmosphere",0.7722638845443726,0.6954803466796875,54.9514052650293,0.504319
1159_3.png,349,run_10,5,"a highly realistic, hyper-realistic, digital drawing of a gorgeous anime warrior grasping a brilliant blue blade with flames swirling passionately around her ethereal aura",0.7476509809494019,0.6298249959945679,56.36766047199124,0.502519
1159_3.png,350,run_3,2,highly detailed anime character with a powerful magical sword surrounded by mystical medieval blue flames,0.7744130492210388,0.6856794357299805,57.943085780215696,0.497959
1159_3.png,351,run_15,5,anime hero holding a majestic 6-foot sword with brilliant blue flames in a dramatic fantasy scene,0.7844577431678772,0.6910724639892578,60.81393952143559,0.495476
1159_3.png,352,run_8,2,highly realistic digital art of an anime hero fighting a dragon with a magical flaming sword and bright blue flames,0.7034909129142761,0.6291316151618958,43.54513444815912,0.492928
1159_3.png,353,run_9,4,highly detailed vibrant 8k anime art of a character standing heroically while wielding a glowing blue sword,0.75145024061203,0.6616591215133667,54.63002845709574,0.492545
1159_3.png,354,run_15,2,"highly detailed, 4k digital painting of an anime character holding a 6-foot sword with magical blue flames and a mystical atmosphere",0.753077507019043,0.6605483293533325,55.63548258647558,0.490338
1159_3.png,355,run_3,3,"highly detailed, hand-drawn anime character holding a shimmering magical blue-flamed sword in a mystical, mystical, mysterious medieval world",0.7599943280220032,0.6720557808876038,56.319346259622506,0.490053
1159_3.png,356,run_6,4,anime girl standing heroically with shining radiant flaming sword in a fantastical mystical landscape of ancient mountains and forests,0.7378082871437073,0.6650283932685852,50.730201666419894,0.485757
1159_3.png,357,run_9,5,"highly detailed anime art of a powerful warrior, shining brightly with a majestic blue flame sword in a sweeping motion",0.7645185589790344,0.6775355339050293,58.381424031164634,0.480780
1159_3.png,358,run_3,2,highly detailed magical anime warrior with a gleaming blue sword standing in a breathtaking medieval fantasy world,0.7095434665679932,0.6517770290374756,44.27088674424883,0.479852
1159_3.png,359,run_3,5,"highly detailed, 4k-resolution anime character holding a mighty, blazing sword with intense, shimmering blue flames in a misty, mystical landscape",0.7548009157180786,0.6786911487579346,55.257846838277274,0.479488
1159_3.png,360,run_15,3,"6-foot flaming sword anime character with magical blue flames and a dramatic, mystical landscape in the background, rendered in a highly detailed digital painting",0.7581241726875305,0.6760081648826599,56.79020451079731,0.478934
1159_3.png,361,run_8,2,highly detailed digital painting of an anime hero battling a fiery magical dragon with a glowing flaming sword and intense blue flames,0.7010634541511536,0.6295693516731262,45.130576510357436,0.476299
1159_3.png,362,run_15,1,4k anime character standing in front of a burning castle with a powerful flaming sword and magical blue flames rising high,0.7215856313705444,0.6553928256034851,48.78069320072396,0.472287
1159_3.png,363,run_10,2,"a breathtaking, high-definition, digital masterpiece of a powerful anime warrior grasping a brilliant blue sword with swirling magical flames that illuminate the surrounding environment",0.7571420669555664,0.6634014248847961,59.75065749814696,0.468515
1159_3.png,364,run_13,4,"an intricately designed anime warrior with a brilliant, 4k-resolution sword imbued with powerful, electric blue energy",0.7372862100601196,0.679235577583313,52.03591381915686,0.462171
1159_3.png,365,run_13,2,"a highly stylized, 4k-resolution anime warrior wields a majestic sword that radiates electric blue flames and is imbued with ancient, mystical powers",0.7562070488929749,0.670561671257019,59.65415035272833,0.460295
1159_3.png,366,run_2,1,"a majestic, magical, blue-flamed sword wields anime warrior with intricate details",0.7619355916976929,0.7010267972946167,57.46577555040999,0.458978
1159_3.png,367,run_10,1,anime girl with a glowing magical sword and intense blue flames,0.746298611164093,0.6620062589645386,57.88668281775689,0.458548
1159_3.png,368,run_7,5,a young anime samurai wields an enormous enchanted sword with blazing magical blue flames dancing across the dark clouds in the background of a highly detailed digital painting,0.7268182635307312,0.630806565284729,56.076322205788955,0.457410
1159_3.png,369,run_3,1,highly stylized digital painting of an anime female character holding a sword with intense blue magical flames dancing around the blade.,0.7606973052024841,0.6976768374443054,58.324978756339426,0.453548
1159_3.png,370,run_4,4,A digital art rendering in the style of a classic anime film depicting a powerful warrior holding a blazing sword and standing amidst a storm of magical blue flames with intricate details and realism,0.7423758506774902,0.6863559484481812,59.0426502084542,0.418806
1159_3.png,371,run_4,5,digital painting of a fierce anime warrior standing heroically amidst a whirlpool of magical blue flames with a majestic flaming sword in hand,0.7347715497016907,0.663306474685669,61.01305636472756,0.410405
1159_3.png,372,run_13,3,"a realistic anime warrior standing victorious with an opulent, 4k-resolution sword ablaze with brilliant, electric blue flames",0.6658260822296143,0.6151636838912964,45.4569002371011,0.409677
1159_3.png,373,run_12,3,highly detailed digital artwork of a powerful fantasy anime warrior holding a sword with magical blue flames dancing from the handle,0.7358540296554565,0.7156025767326355,55.042523200556,0.403878
1159_3.png,374,run_14,4,highly detailed anime character wielding a powerful sword with magnificent blue flames dancing around it,0.7281308174133301,0.6852896809577942,57.03520543147036,0.401968
1159_3.png,375,run_8,3,"highly detailed, masterfully rendered digital painting of an anime hero battling a dark creature with a magical sword and blazing bright blue flames",0.7171379923820496,0.6743711829185486,55.1813530710546,0.400654
1159_3.png,376,run_4,4,Realistic digital painting of a mighty anime warrior holding a fiery glowing sword and standing firmly amidst a whirlpool of mystical blue flames with a dramatic sunset behind,0.7322487831115723,0.6968732476234436,57.03686520072149,0.400069
1159_3.png,377,run_6,2,majestic digital artwork of a fantasy anime girl holding a blazing sword in an epic battle scene amidst a beautiful misty landscape,0.6719686985015869,0.6087730526924133,49.94180708048456,0.398722
1159_3.png,378,run_3,1,fantasy anime character with a mystical sword surrounded by vibrant blue magical flames in a dark fantasy realm,0.7433969974517822,0.7061733603477478,59.94098954511486,0.396090
1159_3.png,379,run_15,2,anime character standing on a rocky outcropping with a 6-foot flaming sword emitting magical blue flames in the distance,0.7584934234619141,0.7250059247016907,62.61741266786328,0.393353
1159_3.png,380,run_11,5,"anime warrior battling a fiery dragon in an epic fantasy landscape, wielding a majestic sword with intense magical blue flames, ultra-detailed",0.683224618434906,0.6508699059486389,48.850646837182545,0.391098
1159_3.png,381,run_9,4,highly detailed 8k cinematic anime scene of a hero with a shining electric blue lightsaber,0.7289278507232666,0.696729302406311,58.71641210714461,0.381371
1159_3.png,382,run_4,4,A heroic anime warrior standing amidst a vortex of magical blue flames and clutching a glowing flaming sword in a highly detailed realistic digital fantasy landscape,0.7773629426956177,0.728364109992981,71.93178983110086,0.368335
1159_3.png,383,run_3,3,"extremely detailed, dreamlike anime character wielding a radiant magical blue-flamed sword in a mystical, moonlit medieval landscape",0.7262457609176636,0.7353455424308777,56.17232980172151,0.356096
1159_3.png,384,run_3,5,"highly realistic anime character brandishing a fiery, magical sword with brilliant blue flames in a dense, enchanted forest",0.6964105367660522,0.7177897691726685,56.82936813726879,0.302180
1159_3.png,385,run_14,3,highly detailed anime character holding a gleaming majestic flaming sword in a dynamic pose amidst beautiful magical blue fire and Japanese cherry blossoms,0.7280750274658203,0.7229723930358887,66.40564771989949,0.301993
1159_3.png,386,run_11,2,"anime warrior in a vibrant, colorful battle scene with a magnificent, shining flaming sword and dynamic, swirling magical blue flames, highly detailed in 4k resolution",0.6296448111534119,0.6280543804168701,48.89102316927544,0.293777
1159_3.png,387,run_8,5,highly detailed magical anime digital painting of a brave warrior with a glowing blue sword battling a powerful foe in a cityscape ablaze,0.6586446762084961,0.6851249933242798,51.30438040146105,0.287294
1159_3.png,388,run_7,3,highly detailed digital painting of an anime warrior wield a powerful flaming sword with intense magical blue flames in a serene and mystical forest landscape,0.7066670656204224,0.7206384539604187,63.59187490837158,0.275996
1159_3.png,389,run_4,2,epic fantasy anime character with a flaming sword and ethereal magical blue flames dancing around them,0.6842941045761108,0.6863845586776733,62.085860465073566,0.269272
1159_3.png,390,run_14,3,highly detailed anime character standing triumphantly with a powerful majestic flaming longsword in hand surrounded by beautiful magical blue flames and an enchanted mystical forest landscape,0.737534761428833,0.7714669108390808,68.06720440393003,0.265498
9338.png,1,run_9,3,"highly detailed, surreal, and fantastical mouse with swirling, colorful scales in a dynamic, abstract 4k digital painting",0.8669610619544983,0.5822010040283203,33.19618684318084,0.975776
9338.png,2,run_9,4,"fantastical mouse with swirling, colorful scales in a stunning, ultra-high definition 8k cinematic scene",0.8371142148971558,0.5659229159355164,29.556072931692984,0.943788
9338.png,3,run_7,2,"a highly realistic oil on canvas painting of a mouse with luminous, shimmering rainbow-colored scales and a warm, inviting glow",0.8513088226318359,0.6092355847358704,38.87524914068262,0.918952
9338.png,4,run_15,5,a 4k oil painting masterpiece of a mouse with shimmering iridescent scales and a vibrant colorful aura,0.8411043286323547,0.584290623664856,37.70876677412127,0.916604
9338.png,5,run_2,5,"vivid, highly detailed digital painting of a mouse with shimmering, rainbow-colored scales and an ethereal, swirling aura surrounding its body",0.8474764227867126,0.5789238214492798,42.07861849619841,0.916179
9338.png,6,run_15,4,a stunning 4k masterpiece oil painting of a mouse with iridescent scales and a subtle colorful aura,0.8411290049552917,0.6214504241943359,35.155277016821366,0.907728
9338.png,7,run_14,1,"detailed, surreal painting of a mouse with colorful, scaly fur and a radiant, otherworldly glow",0.8308428525924683,0.5992039442062378,34.89540103574995,0.901164
9338.png,8,run_13,5,"stylized 4k masterpiece of a mouse with majestic, shimmering rainbow-colored scales and surrounded by an ethereal aura of swirling purple clouds, high pixel density",0.8600478768348694,0.6067516803741455,50.66125089578667,0.897950
9338.png,9,run_12,5,"highly detailed, colorful mouse emitting a shining aura of light, created with vivid brushstrokes and textures, in the style of a modern, digital artwork",0.8440238237380981,0.5970427989959717,45.52190521165442,0.891223
9338.png,10,run_12,4,"brightly colored mouse, highly detailed digital painting, shining aura surrounding a vibrant, multi-colored mouse",0.8250329494476318,0.5789241194725037,38.66825299279258,0.888661
9338.png,11,run_7,5,"a highly realistic, photorealistic, oil on canvas painting of a mouse with luminous shimmering rainbow-colored scales and intricate details of texture and scale.",0.8282504081726074,0.618537962436676,36.027221968209986,0.884379
9338.png,12,run_15,1,a realistic oil painting of a mouse with iridescent scales and a soft colorful aura,0.8204165697097778,0.603363573551178,35.48700252905532,0.879649
9338.png,13,run_13,5,"detailed, oil painting-inspired image of a mouse with majestic, shimmering rainbow-colored scales and surrounded by an ethereal aura of swirling, misty purple clouds",0.8290953636169434,0.5541418194770813,48.284967384403004,0.876671
9338.png,14,run_8,4,detailed painting of a mouse with iridescent multicolored scales and a captivating vibrant glow,0.822405219078064,0.6150920391082764,37.04880397992321,0.872784
9338.png,15,run_5,4,"a majestic, oil-painting-like depiction of a mouse with iridescent, glimmering scales and a resplendent, kaleidoscopic background of colors and lights",0.8125888705253601,0.6049143075942993,33.46331635989326,0.871965
9338.png,16,run_9,5,"surreal, mystical mouse with shifting, rainbow-colored scales in a dreamlike, 4k digital painting masterpiece",0.8261633515357971,0.6264298558235168,37.781429109329075,0.871717
9338.png,17,run_15,1,a mouse with colorful shimmering scales surrounded by a halo of vibrant colors in a beautiful painting,0.8108125925064087,0.6080891489982605,32.36528092034883,0.870941
9338.png,18,run_15,4,a realistic highly detailed 4k oil painting of a mouse with vibrant iridescent scales and a soft colorful ethereal aura,0.8292310833930969,0.6001368761062622,43.54190739307043,0.870834
9338.png,19,run_7,5,realistic high-resolution oil on canvas painting of a mouse with luminous shimmering rainbow-colored scales,0.8225259780883789,0.6223851442337036,36.754593335059305,0.870590
9338.png,20,run_10,5,"vibrant stylized mouse character with iridescent shimmering scales in a swirling kaleidoscope of colors, digital painting, high quality, sharp",0.8285961151123047,0.6381620764732361,38.163897084858455,0.869311
9338.png,21,run_13,3,"stylized digital masterpiece of a mouse with majestic, shimmering rainbow-colored scales and surrounded by an ethereal aura of swirling purple clouds, highly detailed",0.8517956733703613,0.6104872822761536,54.973069926189645,0.868647
9338.png,22,run_15,2,an ultra-realistic oil painting of a mouse with iridescent lustrous scales and a delicate soft colorful aura,0.8176736831665039,0.6090273857116699,37.48864493550409,0.866108
9338.png,23,run_15,3,a realistic and highly detailed oil painting of a mouse with shimmering iridescent scales and a vibrant colorful aura,0.803619384765625,0.5897315144538879,33.4890517547749,0.863526
9338.png,24,run_10,5,"vibrant stylized mouse character with iridescent shimmering scales in a swirling kaleidoscope of colors, digital painting, masterpiece",0.8195324540138245,0.6292301416397095,37.19806538104675,0.860977
9338.png,25,run_7,3,"a highly realistic 4k digital painting of a mouse with luminous, shimmering rainbow-colored scales and a warm, inviting glow",0.8474714756011963,0.6899356245994568,44.092552459777814,0.859241
9338.png,26,run_5,4,"highly detailed digital painting of a regal mouse with luminous iridescent scales and a vibrant, bright, and kaleidoscopic environment background",0.8181565999984741,0.6419646739959717,35.28899981878714,0.858825
9338.png,27,run_1,5,"4k ultra-realistic digital painting of a mouse with shimmering, radiant, colorful scales and a captivating, mystical, surreal environment",0.8129425644874573,0.6355645060539246,33.595046918939005,0.858182
9338.png,28,run_2,4,"highly detailed, photorealistic digital painting of a mouse with iridescent, multicolored scales and a delicate, swirling aura",0.8143225908279419,0.6418797373771667,37.647736315095614,0.844924
9338.png,29,run_15,3,a highly detailed oil painting of a mouse with iridescent scales and a soft colorful aura,0.7930590510368347,0.5743616819381714,36.334296171941546,0.843606
9338.png,30,run_13,3,"stylized digital masterpiece of a mouse with majestic, shimmering rainbow-colored scales and surrounded by an ethereal aura of swirling purple clouds, high quality, sharp",0.8364201784133911,0.6086001396179199,56.15304193406527,0.839610
9338.png,31,run_15,1,a highly realistic 4k digital artwork of a mouse with colorful glimmering scales and a captivating colorful atmosphere,0.7862979769706726,0.5831045508384705,33.11233533890288,0.838224
9338.png,32,run_2,5,"highly detailed, photorealistic digital art piece of a mouse with iridescent, multicolored scales and a delicate, swirling aura, illuminated from below",0.8265827894210815,0.6968909502029419,38.52289231347795,0.837983
9338.png,33,run_7,3,"a highly realistic, highly detailed oil on canvas painting of a mouse with luminous, shining rainbow-colored scales and a soft, gentle glow.",0.802584171295166,0.619441032409668,37.38849013784924,0.835971
9338.png,34,run_13,4,"Stylized photorealistic digital painting of a mouse with majestic, vibrant, iridescent rainbow-colored scales and surrounded by an ethereal aura of swirling purple clouds",0.8231022953987122,0.5827434062957764,54.128750130909275,0.835069
9338.png,35,run_10,5,"vibrant stylized mouse character with iridescent shimmering scales in a swirling kaleidoscope of colors, digital painting, highly detailed",0.8066887855529785,0.6423032283782959,36.712652619361336,0.834665
9338.png,36,run_10,2,"vibrant stylized mouse character with iridescent shimmering scales in a swirling kaleidoscope of colors, digital painting",0.8097571134567261,0.6356654167175293,39.36494561249316,0.834586
9338.png,37,run_10,5,"vibrant stylized mouse character with iridescent shimmering scales in a swirling kaleidoscope of colors, digital painting, best lighting",0.8055410385131836,0.6311469078063965,38.73055875101607,0.831457
9338.png,38,run_12,5,"a highly realistic, multi-colored mouse surrounded by a radiant aura, in the style of a whimsical, digital watercolor painting",0.8219809532165527,0.6067110300064087,51.25066245597679,0.831274
9338.png,39,run_5,2,"a masterpiece of a mouse with iridescent glimmering scales and a stunningly bright, colorful, and glowing environment background",0.8163146376609802,0.6483850479125977,42.30012390396466,0.830739
9338.png,40,run_2,2,"photorealistic digital painting of a mouse with shimmering, multicolored scales and a delicate, swirling aura",0.8129779100418091,0.6576905250549316,39.33644603187415,0.830122
9338.png,41,run_6,4,"highly detailed, 4k mouse in a colorful, whimsical digital painting with iridescent scales",0.7932076454162598,0.6204659342765808,35.512570332112595,0.825424
9338.png,42,run_10,4,"stylized mouse character with shimmering iridescent scales in a kaleidoscope of swirling colors, highly textured digital painting",0.820697009563446,0.7219798564910889,36.21704156826592,0.823764
9338.png,43,run_1,2,"4k digital painting of a mouse with iridescent, colorful, glowing scales and a beautifully radiant, ethereal background",0.8196107149124146,0.6590875387191772,44.76443654597688,0.823734
9338.png,44,run_7,3,"a highly detailed oil on canvas masterpiece of a mouse with iridescent, shimmering rainbow-colored scales and a soft, comforting light",0.8075839281082153,0.6543220281600952,40.09904066125453,0.820074
9338.png,45,run_2,2,"highly detailed digital painting of a regal mouse with multicolored, iridescent scales and a soft, ethereal glow",0.7926057577133179,0.605943500995636,40.48981378082601,0.815385
9338.png,46,run_7,5,"highly realistic oil on canvas painting of a mouse with vibrant, shining rainbow-colored scales",0.7912080883979797,0.6218540668487549,38.47467486615704,0.812082
9338.png,47,run_12,4,"digital painting of a mouse in mid-air, surrounded by a bright, shining aura and colorful scales radiating out from its tiny form",0.7962307929992676,0.5838384628295898,46.913619905223285,0.811459
9338.png,48,run_8,1,detailed painting of a mouse with luminous multicolored scales and a mesmerizing vibrant glow,0.7920917272567749,0.6341859698295593,37.53158816038399,0.810928
9338.png,49,run_11,2,"Highly realistic digital painting of a mouse with radiant, neon-colored scales and a softly glowing, mystical background of swirling clouds",0.8157048225402832,0.6633349061012268,46.405916227298015,0.809989
9338.png,50,run_13,2,"a highly detailed digital painting of a mouse adorned with luminous rainbow-colored scales and set against a backdrop of soft, swirling purple mist",0.806242823600769,0.6779923439025879,39.16617089356825,0.809930
9338.png,51,run_5,5,"a majestic, oil painting reimagined as a digital masterpiece, featuring a mouse with shimmering, iridescent scales and an explosion of colorful lights",0.8077635169029236,0.6658362150192261,41.82912874137013,0.809697
9338.png,52,run_7,4,"a highly realistic, hyper-detailed oil on canvas masterpiece of a mouse with luminous, shimmering, iridescent rainbow-colored scales and a warm, inviting gentle glow",0.8076746463775635,0.6875060200691223,38.753348213392876,0.809329
9338.png,53,run_13,4,"Highly detailed, stylized digital artwork of a mouse with resplendent, gemstone-bright rainbow-colored scales and set amidst a dreamy landscape of swirling purple clouds",0.8171542286872864,0.6311873197555542,52.145702099589464,0.809083
9338.png,54,run_14,4,"intricate, fantastical painting of a mouse with multicolored, armored hide and an intense, radiant energy",0.7669623494148254,0.587804913520813,31.304896560889162,0.808822
9338.png,55,run_4,5,"realistic, highly detailed digital painting of a mouse with iridescent, multi-hued, rainbow-colored scales and a radiant, neon-lit atmosphere",0.8247122764587402,0.6999436616897583,46.8701791502485,0.807186
9338.png,56,run_1,3,"4k incredibly realistic digital painting of a mouse with vibrant, glowing, colorful scales and a serene, mystical, ethereal environment",0.7812825441360474,0.6019478440284729,37.54760062283139,0.807160
9338.png,57,run_7,2,"an elaborate, highly detailed digital painting of a mouse with iridescent, rainbow-colored scales and a soft, warm golden illumination",0.792904257774353,0.6476292610168457,37.40033512581093,0.806596
9338.png,58,run_14,3,"imaginative, dreamlike painting of a mouse with luminous, swirling fur and a bright, shining aura",0.8054907917976379,0.6221579313278198,48.20162263902808,0.805720
9338.png,59,run_15,2,a highly realistic oil-inspired digital painting of a mouse with iridescent glimmering scales and a soft pastel colored aura,0.8136659264564514,0.646710216999054,49.11546788709652,0.805583
9338.png,60,run_9,1,"fantastical, dreamlike depiction of a mouse with colorful, swirling scales in a dynamic, abstract background",0.8190063238143921,0.7649664282798767,35.255677768214795,0.804308
9338.png,61,run_2,4,"realistic digital painting of a mouse with shimmering, multicolored scales and a delicate, swirling aura, with subtle, soft lighting effects",0.7975581288337708,0.6501237154006958,40.49155943329187,0.803677
9338.png,62,run_7,2,"a majestic, 4k resolution oil painting of a mouse with iridescent, shimmering rainbow-colored scales and a rich, warm glow in the background",0.801145613193512,0.6852562427520752,37.35032067513732,0.803640
9338.png,63,run_7,4,"a stunning, highly realistic oil on canvas painting of a mouse with luminous, shimmering, opalescent rainbow-colored scales and a warm, inviting soft light",0.7848588824272156,0.6039689183235168,40.545356341258895,0.802915
9338.png,64,run_12,1,"mouse, digital painting, with a bright, shining aura and colorful scales surrounding it",0.7745174169540405,0.5700535178184509,39.88890394696371,0.802821
9338.png,65,run_8,3,detailed digital painting of a mouse with iridescent colors and a hypnotic radiant glow,0.8079872131347656,0.6912103891372681,40.48673175025618,0.802728
9338.png,66,run_14,1,"highly detailed digital painting of a mouse with shimmering colorful scales and a radiant, glowing atmosphere",0.8060978055000305,0.695325493812561,38.915949609518684,0.802568
9338.png,67,run_5,5,"a resplendent, surreal digital artwork of a mouse with iridescent, glimmering scales and a kaleidoscopic background of vibrant, swirling colors and lights'.",0.8085460066795349,0.7118316888809204,38.15222142628632,0.801613
9338.png,68,run_7,4,"a highly realistic, highly textured oil on canvas painting of a mouse with luminous, shimmering, pastel rainbow-colored scales and a soft, warm, inviting glow",0.7942094206809998,0.6277130246162415,43.260885944245594,0.799490
9338.png,69,run_8,4,detailed digital artwork of a mouse with radiant multicolored scales and a captivating ethereal aura,0.8037224411964417,0.6916565895080566,39.16353885795953,0.799416
9338.png,70,run_8,4,"highly detailed, realistic digital painting of a mouse with luminous multicolored scales and a captivating shimmering aura.",0.796724796295166,0.6705875992774963,38.725254929478744,0.798477
9338.png,71,run_8,2,highly detailed vibrant digital painting of a mouse with luminous iridescent scales and a mesmerizing enchanting glow,0.8280531167984009,0.7373062968254089,46.49088347779447,0.797037
9338.png,72,run_13,2,"stylized digital masterpiece of a mouse with majestic, shimmering rainbow-colored scales and surrounded by an ethereal aura of swirling purple clouds",0.810707688331604,0.6068323254585266,56.23536121666831,0.796358
9338.png,73,run_1,5,"4k photo-realistic digital artwork of a mouse with mesmerizing, glowing, rainbow-colored scales and a tranquil, dreamy, ethereal atmosphere",0.8151299953460693,0.7224523425102234,41.912962537288664,0.796174
9338.png,74,run_6,4,"a highly detailed, 4k digital painting of a majestic mouse with vibrant scales and a radiant, shimmering glow",0.7689257264137268,0.62510085105896,31.480228478256347,0.794615
9338.png,75,run_13,3,"stylized digital masterpiece of a mouse with majestic, shimmering rainbow-colored scales and surrounded by an ethereal aura of swirling purple clouds, ultra realistic",0.8111238479614258,0.6176665425300598,56.25501507792405,0.792067
9338.png,76,run_14,2,"surrealistic painting of a mouse with luminous, colorful skin and delicate, sparkling eyes",0.7980022430419922,0.6401330232620239,46.036361384074816,0.791571
9338.png,77,run_2,1,"highly detailed digital painting of a majestic mouse with iridescent, rainbow-colored scales and a radiant, swirly glow",0.7950230836868286,0.6446431279182434,44.08356062172088,0.790574
9338.png,78,run_4,4,"realistic, digital painting of a mouse with iridescent, rainbow-colored scales and a glowing, neon-lit atmosphere",0.8279436230659485,0.7229538559913635,51.46415078333803,0.787772
9338.png,79,run_5,3,"a highly intricate mouse with iridescent glimmering scales and an incredibly bright, breathtakingly colorful, and radiant environment background",0.7979986667633057,0.6907863020896912,40.99623983865109,0.784306
9338.png,80,run_14,4,"vivid, mystical portrait of a mouse with radiant, iridescent fur and a soft, pulsing glow",0.7966500520706177,0.6634045243263245,44.660357325420954,0.782982
9338.png,81,run_7,3,"a highly realistic, photorealistic oil on canvas painting of a mouse with luminous, glittering rainbow-colored scales and a warm, cozy ambiance",0.7690906524658203,0.628828227519989,35.1431459470887,0.781692
9338.png,82,run_10,4,"vibrant stylized mouse character with shimmering iridescent scales in a kaleidoscopic swirl of colors, highly detailed 8k digital artwork",0.8005014657974243,0.7557677030563354,33.816105800034556,0.781502
9338.png,83,run_7,4,"a photorealistic, highly detailed, large-scale digital painting of a mouse with luminous, shimmering, glittering rainbow-colored scales and a warm, inviting intense gentle glow",0.7962039113044739,0.6958879232406616,40.28260153696418,0.781165
9338.png,84,run_14,5,"detailed, psychedelic artwork of a mouse with radiant, shimmering fur and an intense, pulsing aura",0.7770336866378784,0.6814094185829163,32.712116318037424,0.778889
9338.png,85,run_2,5,"highly detailed, dreamlike digital painting of a mouse with iridescent, multicolored scales that seem to glow and shine in a soft, enchanting atmosphere",0.7918680310249329,0.695339024066925,38.81005187682513,0.778655
9338.png,86,run_10,2,"vibrant mythical mouse creature with gleaming shimmering scales in a swirling vortex of colors, highly detailed masterpiece",0.7702606916427612,0.6163101196289062,39.20121839133526,0.776644
9338.png,87,run_14,1,"realistic 4k digital artwork of a mouse with multicolored, shimmering scales and a mesmerizing, ethereal background",0.781440019607544,0.6690577268600464,37.79801456739849,0.776051
9338.png,88,run_5,4,"a beautiful, surrealistic masterpiece of a mouse with glimmering, shimmering, and radiant scales in a resplendent, glowing environment",0.7985490560531616,0.6952372193336487,43.32974845860106,0.775885
9338.png,89,run_1,5,"4k highly realistic digital art piece of a mouse with brilliant, shimmering, multicolored scales and a serene, mystical, enigmatic setting",0.7852047085762024,0.6939085721969604,36.58653824926094,0.774941
9338.png,90,run_7,2,"a detailed digital artwork of a mouse with iridescent, rainbow-colored scales and a gentle, warm golden light",0.7914456725120544,0.6928961277008057,40.21364269703109,0.774640
9338.png,91,run_11,2,"Masterpiece oil painting of a majestic mouse with iridescent, rainbow-colored scales and a serene, wispy atmosphere",0.7989996671676636,0.70786052942276,42.75931945045635,0.772691
9338.png,92,run_12,3,"digital painting of a mouse with vibrant, iridescent scales and an intense shining aura",0.7951129674911499,0.6954110264778137,42.52746552238442,0.772473
9338.png,93,run_15,5,a vibrant 4k digital painting of a sleek mouse with iridescent scales and a delicate colorful aura highly detailed,0.790407657623291,0.6454033255577087,47.93799099612475,0.770259
9338.png,94,run_12,2,"mouse, highly detailed digital painting, with vibrant, radiant aura and iridescent scales surrounding a calm environment",0.7970867156982422,0.7105333805084229,42.15661804258081,0.770107
9338.png,95,run_5,5,"'a vivid, highly detailed, digital artwork of a mouse with iridescent, glimmering scales and a resplendent, kaleidoscopic gradient background of colors and lights",0.7958520650863647,0.7281592488288879,39.371083730771,0.768718
9338.png,96,run_15,3,a stunning and highly detailed oil painting of a mouse with radiant iridescent scales and a colorful halo,0.7668788433074951,0.6559060215950012,34.22239561436091,0.768473
9338.png,97,run_13,2,digital artwork of a sleek mouse covered in iridescent rainbow-colored scales and floating amidst a vortex of rich purple clouds,0.7960748672485352,0.6558930277824402,50.34258186417603,0.767578
9338.png,98,run_11,1,"realistic masterpiece painting of a mouse with shimmering, rainbow-colored scales and a softly glowing, misty background",0.7719720602035522,0.6382142305374146,40.299145644038106,0.766126
9338.png,99,run_7,3,"an ultra-realistic digital painting of a mouse with vibrant, shimmering rainbow-colored scales and a soft, inviting warm light",0.787482500076294,0.6917251348495483,40.95498129881966,0.766095
9338.png,100,run_7,5,"a museum-quality oil on canvas painting of a mouse with radiant, shimmering rainbow-colored scales",0.7599353790283203,0.6476142406463623,32.67115271942382,0.765298
9338.png,101,run_8,3,painting of a tiny mouse with vibrant rainbow-colored scales and an otherworldly soft glow,0.786191463470459,0.6675658822059631,44.05457926872793,0.765172
9338.png,102,run_8,2,detailed fantasy digital artwork of a majestic mouse with radiant multicolored scales and a captivating soft glow,0.7501388192176819,0.5982727408409119,34.797123658829086,0.764424
9338.png,103,run_13,3,"stylized digital masterpiece of a mouse with majestic, shimmering rainbow-colored scales and surrounded by an ethereal aura of swirling purple clouds, masterpiece",0.791515588760376,0.6085129976272583,56.28050184336067,0.762758
9338.png,104,run_7,1,"'an oil painting of a mouse with iridescent, rainbow-colored scales and a warm, golden glow in the background'",0.760551393032074,0.6507231593132019,33.87366829465412,0.761153
9338.png,105,run_13,4,"Stylized, hyper-realistic digital image of a mouse with majestic, shimmering, color-shifting scales and enveloped by an ethereal aura of swirling plum clouds",0.8039671778678894,0.671427309513092,54.515662392224556,0.760833
9338.png,106,run_10,5,"vibrant stylized mouse character with iridescent shimmering scales in a swirling kaleidoscope of colors, digital painting, ultra realistic",0.7704454660415649,0.6558347940444946,38.602930360145294,0.760822
9338.png,107,run_14,1,"detailed, high-contrast digital art of a mouse with iridescent, rainbow-colored scales and a mystical, shimmering background",0.7927556037902832,0.7274196147918701,40.602696549109886,0.759913
9338.png,108,run_7,5,"highly detailed 4k digital painting of a mouse with iridescent, rainbow-colored scales and a warm inviting glow",0.7827677726745605,0.686261773109436,41.54498279820471,0.758701
9338.png,109,run_5,2,an ultra-realistic painting of a mouse with iridescent colors and a mesmerizing glowing aura in the background,0.7877324819564819,0.6957293152809143,42.90747442636451,0.758562
9338.png,110,run_15,3,a highly realistic and atmospheric oil painting of a mouse with iridescent scales and a warm golden aura,0.7543500661849976,0.6426877975463867,33.73529677710191,0.754687
9338.png,111,run_12,3,"a mouse, created with 4k resolution and exceptional depth, featuring a brilliant, shining aura with delicate, colorful patterns surrounding it",0.7845054864883423,0.7074431777000427,40.82543660660826,0.754266
9338.png,112,run_2,4,"photorealistic, intricately detailed digital painting of a mouse with shimmering, multicolored scales and an ethereal, swirling aura",0.7694283723831177,0.6536791920661926,40.60329569284834,0.753788
9338.png,113,run_12,5,"brightly colored mouse, highly detailed 4k digital oil painting, shining vibrant aura surrounding a realistic, multi-colored mouse",0.7539318799972534,0.6235829591751099,37.361331583260444,0.751294
9338.png,114,run_1,3,"4k digital painting of a mouse with shimmering, iridescent, colorful, glowing scales and a softly radiant, ethereal background",0.7749133706092834,0.6632309556007385,43.27934018341218,0.750372
9338.png,115,run_11,3,"Highly vibrant and highly realistic 4k digital painting of a mouse with radiant, glowing scales and a softly swirling, mystical background of clouds at sunset",0.7818431854248047,0.6632346510887146,47.17421419693581,0.749941
9338.png,116,run_2,3,"highly stylized digital art of a mouse with dazzling, multicolored scales and a delicate, swirling aura set in a warm, serene environment",0.7511827945709229,0.6010788083076477,39.967205110651854,0.748684
9338.png,117,run_13,5,"highly detailed, realistic image of a majestic mouse with shimmering, iridescent rainbow-colored scales",0.774406909942627,0.6889844536781311,39.805989987958355,0.748680
9338.png,118,run_15,2,a highly realistic and intricate 4k digital oil painting of a mouse with shimmering iridescent scales and a soft delicate colorful aura,0.7719423174858093,0.6730602979660034,41.045591180718915,0.747847
9338.png,119,run_12,4,"colorful, vibrant mouse, suspended in a brilliant aura, in a highly detailed digital painting with delicate, intricate scales",0.7577754259109497,0.6794487833976746,32.606025384443676,0.747311
9338.png,120,run_8,3,a stunning masterpiece of a mouse with shimmering colors and a dazzling luminescent sheen,0.7806006073951721,0.6909983158111572,43.40198629703686,0.747017
9338.png,121,run_10,3,"stylized mouse with iridescent shimmering scales in a vibrant, highly detailed, swirling vortex of color, inspired by digital art",0.801362156867981,0.7515175938606262,46.00090691844189,0.746632
9338.png,122,run_9,4,"realistic yet fantastical mouse with shifting, kaleidoscopic scales in a breathtaking, high-definition digital painting with intricate textures",0.749090313911438,0.662254273891449,30.666149798474155,0.746448
9338.png,123,run_4,1,"painting of a mouse with vibrant, iridescent scales and a radiant, neon-lit background",0.7915552258491516,0.7156044840812683,45.964644502035426,0.746412
9338.png,124,run_7,1,"'a realistic painting of a mouse with iridescent scales and a vibrant, glowing background'",0.7722173929214478,0.6819735169410706,40.71836636549242,0.745280
9338.png,125,run_10,3,"a highly detailed, 4k digital painting of a majestic stylized mouse with shimmering iridescent scales in a kaleidoscope of colors that seem to dance and swirl together",0.7806884050369263,0.7465099096298218,36.26670020482127,0.744274
9338.png,126,run_15,2,a photorealistic oil painting of a mouse with iridescent sheen scales and a gentle pastel color glow,0.7647461295127869,0.6629601120948792,39.76426937199416,0.744217
9338.png,127,run_10,3,digital painting masterpiece of a majestic iridescent mouse in a swirling whirlpool of colors,0.8307472467422485,0.6995725035667419,70.99610734595366,0.741855
9338.png,128,run_15,2,a highly detailed realistic oil painting of a mouse with iridescent shimmering scales and a soft colorful warm aura,0.7412749528884888,0.6160112023353577,34.769815399444134,0.741325
9338.png,129,run_11,3,"Highly realistic and highly detailed digital painting of a mouse with bright, electrifying scales and a gently glowing, mystical background of soft, wispy clouds",0.7816368341445923,0.670371413230896,48.939956599771165,0.740790
9338.png,130,run_12,3,"mouse, highly detailed digital art, with a radiant aura and a mix of pastel, neon colors in its surroundings",0.7994882464408875,0.71530681848526,52.65943430885405,0.739032
9338.png,131,run_11,3,"Highly detailed and highly realistic digital illustration of a mouse with bright, neon-colored scales and a softly glowing, magical background of floating clouds",0.8123334646224976,0.7274289727210999,58.07570847350877,0.738374
9338.png,132,run_13,3,"stylized digital masterpiece of a mouse with majestic, shimmering rainbow-colored scales and surrounded by an ethereal aura of swirling purple clouds, best lighting",0.7797462940216064,0.6314963102340698,54.98748261294544,0.736295
9338.png,133,run_6,2,"mouse in a resplendent, highly detailed, 4k, photorealistic digital painting with colorful, swirling patterns and a bright, shimmering background",0.7685244083404541,0.6775321960449219,42.55878427163387,0.735233
9338.png,134,run_8,1,painting of a mouse with vibrant iridescent scales and a radiant kaleidoscopic background,0.7758983969688416,0.7181432247161865,40.77788117753957,0.734876
9338.png,135,run_8,1,delicate depiction of a mouse adorned with shimmering rainbow-colored scales against a brilliant backdrop,0.7869884967803955,0.7481940388679504,43.134129198538574,0.732668
9338.png,136,run_13,1,digital artwork of a mouse covered in shimmering rainbow-colored scales and surrounded by swirling purple clouds,0.8142564296722412,0.7611954212188721,56.199606287471994,0.732151
9338.png,137,run_13,4,"Stylized, digital masterpiece of a mouse with shimmering, rainbow-colored scales that seem to change colors in the light, surrounded by a halo of swirling purple clouds in a surreal sky",0.8028152585029602,0.687290608882904,60.77270798321302,0.731986
9338.png,138,run_10,1,vibrant mouse character with shimmering scales in a swirling colorful atmosphere highly detailed,0.7496190071105957,0.6347769498825073,39.830411746231206,0.731089
9338.png,139,run_5,3,"a stunning masterpiece of a mouse with shimmering iridescent scales and a vibrant, highly detailed, colorful, glowing environment background",0.8049527406692505,0.7832721471786499,48.58953371172335,0.730143
9338.png,140,run_1,4,"4k digital masterpiece of a mouse with mesmerizing, colorful scales and a mystical, enchanting environment with subtle texture and depth",0.7795752286911011,0.7355523705482483,42.68034856031392,0.727228
9338.png,141,run_13,5,"photorealistic image of a mouse with shimmering, holographic rainbow-colored scales, set against a deep purple cloudy sky",0.7798464298248291,0.7661787271499634,38.54523590331957,0.726717
9338.png,142,run_15,5,a stunning 4k oil painting of a large mouse with iridescent scales and a soft colorful aura,0.7619560956954956,0.6657693982124329,43.70858142977531,0.725795
9338.png,143,run_10,3,"highly detailed, 4k resolution, stylized mouse character with shimmering scales in a kaleidoscope of colors that seem to shift and change",0.7696932554244995,0.779653787612915,31.39123107213675,0.725751
9338.png,144,run_5,4,"a dreamlike, highly realistic scene of a mouse with shimmering, iridescent scales set amidst a kaleidoscope of colors and a dazzling, glowing background",0.7975422739982605,0.7842727303504944,45.94020027341988,0.725385
9338.png,145,run_8,4,4k rendering of a mouse with vibrant luminous scales and a mesmerizing warm glow,0.7858699560165405,0.7077049016952515,51.10880583572298,0.724170
9338.png,146,run_6,1,"mouse in a highly detailed, vibrant, 4k digital painting with colorful scales and a glowing iridescent background",0.7436766624450684,0.6712055802345276,34.323681311032466,0.721658
9338.png,147,run_11,5,"'Masterpiece-quality, high-resolution digital artwork of a mouse with vibrant, neon-colored, shimmering scales and a softly glowing, mystical background of swirling, iridescent clouds.'",0.7776126265525818,0.6901267766952515,50.70121574340361,0.719398
9338.png,148,run_11,5,"'Exquisite, highly realistic digital painting of a mystical mouse with radiant, neon-colored, iridescent scales and a softly glowing, enchanting background of wispy, cloudy, swirling vapors.'",0.7799580693244934,0.6715392470359802,54.88537534072385,0.718723
9338.png,149,run_4,2,"highly detailed digital painting of a mouse with radiant, shimmering scales and a radiant, neon-lit background",0.7811480760574341,0.7294301390647888,47.60658864269645,0.717224
9338.png,150,run_8,5,"detailed oil painting of a mouse with iridescent, multicolored scales and a captivating, vibrant glow in a warm, sunlit environment",0.7460658550262451,0.6560311913490295,39.607670869269356,0.716047
9338.png,151,run_6,1,"painting of a small, curious mouse with radiant, colorful scales and a mesmerizing, swirling background effect",0.753955602645874,0.6656203866004944,42.560570333128325,0.715841
9338.png,152,run_1,2,"photorealistic digital painting of a mouse with iridescent, intricate, colorful scales and a warm, glowing, softly radiant background",0.7434661388397217,0.6881572008132935,33.91003960577156,0.714871
9338.png,153,run_3,5,stunning highly detailed oil painting of a mouse in resplendent colorful armor surrounded by an otherworldly shimmering aura,0.7309845685958862,0.6583271622657776,31.501093321254572,0.714774
9338.png,154,run_15,4,an intricate highly realistic digital painting of a mouse with iridescent scales and a soft colorful aura,0.7606759071350098,0.699662983417511,41.91413676601063,0.713801
9338.png,155,run_14,3,"detailed, photorealistic painting of a mouse with vibrant, shimmering fur and a softly glowing aura",0.7662085890769958,0.6941209435462952,46.43672129550176,0.711546
9338.png,156,run_9,3,"enchanting, dreamlike mouse with shimmering, rainbow-colored scales in a mystical, abstract background",0.7578020095825195,0.7247769832611084,37.58465846757189,0.711056
9338.png,157,run_12,5,"vibrant colors glowing from a mouse, a highly detailed, intricate masterpiece of digital art",0.746421217918396,0.6882180571556091,36.91059352117093,0.710452
9338.png,158,run_7,1,"'a highly detailed, 4k digital painting of a mouse with colorful, scaly skin and a radiant, colorful background'",0.7437374591827393,0.6675954461097717,38.63560686784295,0.709863
9338.png,159,run_13,5,"digital painting of a regal mouse surrounded by an aura of swirling purple clouds, high contrast",0.7679867744445801,0.6121616363525391,59.9295691526748,0.709554
9338.png,160,run_9,3,"dynamic, abstract, and highly detailed depiction of a mouse with colorful, swirling scales and intricate, textured patterns",0.8190518021583557,0.8809379935264587,49.10027825704783,0.708035
9338.png,161,run_15,3,a photorealistic oil painting of a mouse with iridescent scales and a soft pastel aura,0.7431549429893494,0.6556597948074341,41.017881200345904,0.706829
9338.png,162,run_2,1,"a realistic, 4k painting of a timid mouse wearing sparkly emerald scales and a soft, golden background",0.7227402925491333,0.640575110912323,32.2878315584967,0.706352
9338.png,163,run_15,5,a breathtaking 4k digital masterpiece of a mouse with subtle iridescent scales and a kaleidoscopic colorful aura,0.7562231421470642,0.719662606716156,39.0145544298121,0.706207
9338.png,164,run_2,5,"photorealistic, 4k digital artwork of a majestic mouse with iridescent, multicolored scales and a delicate, intricate aura surrounding its regal presence",0.7482835054397583,0.7100299596786499,36.246341993330816,0.705768
9338.png,165,run_15,5,a highly detailed 4k digital painting of a mouse with iridescent scales and a mesmerizing colorful aura,0.7631255388259888,0.7193465828895569,43.501673387322555,0.704014
9338.png,166,run_1,4,"vibrant, glowing digital painting of a mouse with shimmering, iridescent scales and a captivating, ethereal landscape with soft, warm light",0.7813356518745422,0.7264281511306763,52.40616677029793,0.703837
9338.png,167,run_15,4,a photorealistic oil painting of a mouse with iridescent scales shining under a warm light with a gentle colorful glow,0.7409988641738892,0.6698185205459595,39.35071051271784,0.701939
9338.png,168,run_7,2,"an intricate oil painting of a mouse with iridescent, shimmering rainbow-colored scales and a soft, warm golden glow in the background",0.7286843061447144,0.6884442567825317,30.0491445601929,0.701688
9338.png,169,run_2,2,"vibrant, 4k digital artwork of a majestic mouse with shimmering, rainbow-colored scales and a swirly aura",0.7411189079284668,0.6569019556045532,41.87544216346418,0.700101
9338.png,170,run_1,4,"incredibly realistic digital painting of a majestic mouse with iridescent, shimmering scales and a peaceful, dreamy, magical atmosphere",0.7728493809700012,0.7456038594245911,47.29857974469192,0.696683
9338.png,171,run_1,1,"detailed digital painting of a mouse with iridescent colorful scales and a glowing, radiant background",0.7530307769775391,0.7144529223442078,41.5116077277215,0.695300
9338.png,172,run_6,4,"highly detailed, realistic mouse in a stunning, vibrant, 4k digital artwork with intricate, glowing iridescent patterns",0.7689605355262756,0.7810608148574829,40.635014645197145,0.694826
9338.png,173,run_11,1,"4k digital artwork of a mouse with colorful, glittering scales and a glowing, ethereal background",0.7453609704971313,0.6907095909118652,41.277910175570376,0.693793
9338.png,174,run_11,4,"A highly detailed, realistic digital art piece of a mouse with neon-colored scales that seem to shift and glow in a soft, ethereal light, amidst a mystical background of swirling clouds",0.750205934047699,0.6985870599746704,43.71753596313629,0.690792
9338.png,175,run_8,5,detailed high resolution digital painting of a mouse with iridescent multicolored scales and a captivating vibrant glow,0.7448219656944275,0.7039815783500671,40.44975107845793,0.689426
9338.png,176,run_8,5,"4k, photorealistic painting of a mouse with intricate, multicolored scales and a captivating, luminescent aura",0.7368398308753967,0.6886885762214661,38.45258085946964,0.689073
9338.png,177,run_11,2,"Vivid 8k digital art of a mouse with shimmering, holographic scales and a misty, ethereal background with subtle, shimmering lights",0.7723636627197266,0.7542123198509216,48.65205158622522,0.687680
9338.png,178,run_10,3,vibrant highly detailed stylized mouse character with iridescent shimmering scales in a mesmerizing kaleidoscope of colors,0.7608694434165955,0.8180474638938904,33.441111201742366,0.686780
9338.png,179,run_5,5,"a breathtakingly beautiful depiction of a mouse with luminescent, glimmering scales and a kaleidoscopic background of swirling lights and colors",0.7707730531692505,0.7929911613464355,42.52778078546118,0.686530
9338.png,180,run_8,5,"highly detailed, cinematic digital portrait of a mouse with shimmering, iridescent scales and an otherworldly, radiant glow in a mystical, ancient forest.",0.7502583265304565,0.7252733111381531,41.53084551233632,0.685585
9338.png,181,run_14,5,"highly detailed, surrealist painting of a small mouse with vibrant, iridescent scales and an ethereal, soft glow",0.7364393472671509,0.6946598887443542,38.90259535222876,0.684256
9338.png,182,run_12,1,"painting of a mouse with iridescent scales and a vibrant, glowing neon background",0.7598779797554016,0.7359651327133179,47.105788819954135,0.679586
9338.png,183,run_14,4,"detailed, Baroque-style oil painting of a mouse with shimmering, opalescent fur and a warm, golden light",0.7190372347831726,0.6446112990379333,38.45728618444835,0.678825
9338.png,184,run_2,4,"photorealistic, ultra-high-definition digital painting of a mouse with shimmering, multicolored scales and a delicate, swirling aura, with intricate, detailed texture and shading.",0.719509482383728,0.6476330757141113,38.41638353399286,0.678381
9338.png,185,run_5,5,"a highly realistic, 4k digital painting of a mouse with iridescent, shimmering scales and a stunning, multi-colored background of patterns and lights",0.7387068867683411,0.7039097547531128,40.66151128029577,0.678377
9338.png,186,run_2,3,"realistic digital painting of a mouse with shimmering, pastel-colored scales and a light, dreamy aura",0.743022084236145,0.6465616226196289,52.28196651601714,0.675369
9338.png,187,run_1,4,"highly detailed 4k digital artwork of a tiny mouse with radiant, glowing scales and a serene, ethereal environment with gentle rays of light",0.7466117739677429,0.7376777529716492,41.086876954310064,0.675113
9338.png,188,run_1,4,"incredibly realistic 4k digital portrait of a majestic mouse with radiant, shimmering scales and a peaceful, dreamy, heavenly environment with gentle, soothing colors",0.7444219589233398,0.6970859169960022,46.04043025393926,0.674327
9338.png,189,run_9,3,"fantastical, dreamlike depiction of a mouse with vibrant, iridescent scales in a dynamic, abstract background with subtle, shimmering effects",0.767814576625824,0.7879165410995483,45.64665823989606,0.674007
9338.png,190,run_14,2,"detailed, realistic portrait of a mouse with colorful, wavy fur and a soft, warm, magical light",0.7602863907814026,0.7185164093971252,52.39551210433478,0.671621
9338.png,191,run_8,4,highly detailed digital painting of a mouse with luminous pastel scales and a mesmerizing soft glow,0.7458060383796692,0.6959543228149414,48.47368262324703,0.669558
9338.png,192,run_12,1,"a highly detailed painting of a mouse with shimmering scales and a glowing, colorful background",0.7306615114212036,0.70691978931427,38.95168976283953,0.668671
9338.png,193,run_3,2,highly detailed digital painting of a mouse wearing colorful scaly armor and surrounded by a soft ethereal glow,0.717115044593811,0.6674916744232178,37.36506134919475,0.668552
9338.png,194,run_14,5,"highly realistic, dreamlike depiction of a mouse with luminous, crystalline fur and a warm, golden ambient light",0.7238245010375977,0.672393262386322,40.89823840084502,0.666649
9338.png,195,run_11,1,painting of a majestic mouse with vibrant iridescent scales and a radiant neon background,0.7611523866653442,0.7551531791687012,49.22921670703172,0.666341
9338.png,196,run_14,2,"detailed, 4k digital painting of a mouse with scaly, iridescent fur and an otherworldly, pulsing glow",0.7219814658164978,0.7041696310043335,36.452577445878035,0.662989
9338.png,197,run_3,4,"mouse surrounded by swirling patterns of colorful light, wearing ornate scaly armor in a highly detailed digital art piece",0.6947582960128784,0.6419779062271118,30.869880877663167,0.662501
9338.png,198,run_9,5,"highly detailed, vibrant, and surreal mouse with glistening, gemstone-like scales in a dynamic, mixed-media digital collage",0.7338663935661316,0.7551114559173584,35.72395761353948,0.662301
9338.png,199,run_3,5,majestic mouse wearing colorful armor adorned with precious gems and surrounded by delicate rainbow aura,0.724711537361145,0.6549965739250183,45.50375812118404,0.661624
9338.png,200,run_4,1,"highly detailed digital painting of a mouse with rainbow-colored scales and a glowing, ethereal background",0.7336618900299072,0.7053371667861938,43.12857023521688,0.661383
9338.png,201,run_1,2,"masterpiece digital art of a mouse with iridescent, shimmering colorful scales and a delicate, glowing, softly lit background",0.7357497811317444,0.7253385186195374,41.991437298154445,0.659394
9338.png,202,run_4,3,"vibrant, digital painting of a mouse with an otherworldly glow, iridescent scales, and a neon-lit atmosphere",0.7586520910263062,0.739936888217926,52.64080316065063,0.658302
9338.png,203,run_9,3,"vivid, dreamlike mouse with shimmering, iridescent scales in a swirling, abstract background with a sense of depth and dimensionality",0.7919971346855164,0.8841884732246399,49.99293362451501,0.657664
9338.png,204,run_11,5,"'Highly realistic, ultra-detailed digital painting of a majestic mouse with iridescent, neon-colored scales and a softly glowing, mystical background of wispy, celestial clouds.'",0.7815333604812622,0.8043728470802307,56.19832962005399,0.656732
9338.png,205,run_12,4,"a highly realistic digital mouse, rendered in a masterpiece of color and light, with a vibrant aura shining from its body",0.7260356545448303,0.7084609866142273,40.61221989203619,0.654873
9338.png,206,run_11,1,"oil painting of a mouse with iridescent blue-green scales and a misty, moonlit background",0.7402888536453247,0.7296634912490845,45.31482621069388,0.654716
9338.png,207,run_9,2,"highly detailed, fantastical mouse with colorful, swirling scales in a 4k, abstract dreamworld",0.6898267269134521,0.6147191524505615,34.65219926947923,0.654646
9338.png,208,run_1,5,"4k masterful digital painting of a mouse with radiant, sparkling, iridescent scales and a mystical, enchanting, whimsical environment",0.7768944501876831,0.792905330657959,56.08360884738742,0.654417
9338.png,209,run_9,2,"dreamlike, surreal portrayal of a mouse with vibrant, iridescent scales in an immersive, dynamic background",0.7767626047134399,0.8484176993370056,48.119823106540615,0.653903
9338.png,210,run_4,3,"masterpiece, oil painting of a mouse with iridescent, scaly skin and a mesmerizing, neon-lit environment",0.7482059001922607,0.751204252243042,46.90146334769988,0.653399
9338.png,211,run_14,3,"highly detailed, surreal digital art of a mouse with iridescent, scaly fur and an ethereal, radiant glow",0.7409067153930664,0.74314284324646,44.127425560480816,0.653354
9338.png,212,run_9,5,"highly detailed, hyper-realistic, and fantastical mouse with iridescent, luminous scales in an ultra-dynamic, abstract 8k digital artwork",0.7351468205451965,0.732160747051239,42.81164303076863,0.652681
9338.png,213,run_11,4,"Realistic, detailed digital painting of a mouse in a mystical, dreamlike setting, with neon-colored scales that radiate a soft, magical glow in the background of shifting clouds",0.7593604326248169,0.7493320107460022,53.58000426681569,0.652276
9338.png,214,run_3,2,digital painting of a mouse with vibrant colorful scaly armor and an intense glowing ethereal light,0.7115622758865356,0.6610772013664246,40.93735144461225,0.650797
9338.png,215,run_2,2,"digital masterpiece painting a mouse with iridescent, holographic scales and a brilliant, radiant glow",0.7657898664474487,0.8075562119483948,49.45392207107711,0.649647
9338.png,216,run_1,3,"4k highly realistic digital painting of a regal mouse with radiant, shimmering, iridescent scales and a deeply mystical, dreamlike, ethereal background",0.7290937900543213,0.7153187990188599,43.03098296071809,0.649359
9338.png,217,run_12,2,"mouse, oil-painted digital masterpiece, with a brilliant, shining aura and colorful, shimmering scales",0.6891721487045288,0.6391480565071106,32.614821910848555,0.648794
9338.png,218,run_4,4,"painting of a mouse in a vibrant, iridescent scales and radiant, neon-lit environment",0.709851861000061,0.6641642451286316,40.26160084884359,0.648599
9338.png,219,run_4,3,"highly detailed, realistic painting of a mouse with shimmering, iridescent scales and a radiant, electric blue background",0.7654825448989868,0.78581303358078,52.841715910161575,0.648394
9338.png,220,run_11,4,"Highly realistic and ultra-detailed digital painting of a mouse with radiant, neon-colored scales and a softly glowing, mystical background of dense, wispy clouds",0.7388449907302856,0.7202237844467163,48.22704433076848,0.647412
9338.png,221,run_3,1,digital painting of a mouse with colorful scaly armor and a glowing ethereal light,0.7077810764312744,0.6677948236465454,39.937995339336936,0.644433
9338.png,222,run_3,5,highly detailed digital painting of a mouse in colorful scaly armor surrounded by a soft ethereal glow,0.7011058926582336,0.6692954301834106,36.584167934389406,0.642912
9338.png,223,run_4,4,"highly detailed digital painting of a mouse with iridescent scales and a radiant, neon-lit background",0.7597411870956421,0.8099239468574524,48.002660136038244,0.642823
9338.png,224,run_14,2,"highly detailed, dreamlike rendition of a small, agile mouse with iridescent, shimmering fur and a soft, ethereal glow",0.720109224319458,0.6842204332351685,45.04460863575816,0.641905
9338.png,225,run_4,4,"detailed, 4k digital portrait of a mouse with iridescent, shimmering scales and a neon-lit, ethereal background",0.7392392754554749,0.761062741279602,44.9279406947994,0.639830
9338.png,226,run_6,5,"highly realistic, 8k mouse in a detailed, Baroque-style oil painting with iridescent, rainbow-colored scales",0.6816302537918091,0.6429774761199951,31.208699243333243,0.638619
9338.png,227,run_13,2,"highly realistic digital artwork of a mouse covered in radiant, shimmering rainbow-colored scales and perched atop a wispy purple cloud",0.7746485471725464,0.7177969217300415,70.91188362110171,0.638253
9338.png,228,run_9,5,"highly detailed, surreal, and otherworldly mouse with shimmering, opalescent scales in a psychedelic, abstract 4k digital surrealism piece",0.7751685380935669,0.8708876371383667,48.9862034492186,0.638223
9338.png,229,run_8,3,a highly realistic digital portrait of a mouse with luminous colors and a mesmerizing halo of light,0.7016134858131409,0.6871848702430725,36.67684200397308,0.635331
9338.png,230,run_6,3,"mouse in a breathtakingly beautiful 4k oil painting with vibrant, glowing scales and a mesmerizing pastel sky",0.7318626642227173,0.6820706129074097,53.878893794212146,0.635157
9338.png,231,run_10,1,realistic artwork of a mouse with luminous colorful scales set against a kaleidoscopic background,0.7161670923233032,0.7651219367980957,33.3620426310146,0.635007
9338.png,232,run_9,4,"highly detailed mouse with glowing, ethereal scales in a vivid, abstract digital painting masterpiece",0.754298210144043,0.7857933640480042,51.099032709917815,0.634825
9338.png,233,run_2,2,"highly detailed, realistic digital artwork of a mouse with iridescent, holographic scales and a bright, mesmerizing glow",0.7539997696876526,0.8079757690429688,47.80693212893146,0.634546
9338.png,234,run_7,4,"a photorealistic, 4k resolution digital painting of a mouse with radiant, shimmering, multi-colored scales that seem to shift and change in the light",0.7143046855926514,0.7150209546089172,40.074816600224516,0.633588
9338.png,235,run_9,1,"highly detailed, oil painting of a mouse with scales that shimmer like opals in a warm, sunlit atmosphere",0.7090677618980408,0.6792166829109192,42.430934202700634,0.633587
9338.png,236,run_8,1,mouse portrait with intricate colorful scales and a stunning shimmering atmosphere,0.7131850719451904,0.7559568881988525,33.94759377456735,0.632266
9338.png,237,run_10,1,painting of a small mouse with iridescent scales and a radiant colorful background highly detailed,0.7398678064346313,0.7466237545013428,51.051888265104964,0.628247
9338.png,238,run_1,2,"detailed digital painting of a mouse with iridescent, vibrant colorful scales and a softly glowing, radiant background",0.7316932082176208,0.731948733329773,49.118387689157714,0.627085
9338.png,239,run_6,4,"mouse in a dreamy, highly detailed, 4k digital masterpiece with shimmering scales and a kaleidoscope background",0.7123913764953613,0.7496243715286255,36.34209871475331,0.626280
9338.png,240,run_2,1,"painting of a sleek mouse with shimmering turquoise scales and a vibrant, electric blue background",0.7801071405410767,0.8431394696235657,59.89895047274505,0.625007
9338.png,241,run_3,3,highly detailed and realistic digital painting of a mouse in colorful intricate scaly armor and subtle soft ethereal aura,0.7050735950469971,0.7224346399307251,36.82065641452713,0.624705
9338.png,242,run_12,4,"mouse with an intense, bright aura in a 4k digital painting, showcasing colorful, iridescent scales",0.7160488367080688,0.7152572274208069,43.93028746488376,0.624341
9338.png,243,run_12,2,"mouse, digital painting, with a bright soft aura and intricate, swirling scales in a peaceful natural setting",0.7326244115829468,0.7495953440666199,48.03386619684686,0.624034
9338.png,244,run_13,4,"Stylized 4K digital artwork of a mouse with regal, shimmering, multicolored scales and enveloped by a halo of swirling lavender clouds",0.742671012878418,0.6970904469490051,61.301730873738954,0.623407
9338.png,245,run_3,4,highly detailed digital painting of a mouse wearing intricate scaly armor and surrounded by a soft ethereal glow,0.7053937911987305,0.7196784019470215,37.91761629175365,0.623062
9338.png,246,run_12,1,"highly realistic digital painting of a mouse with vibrant, glowing scales and a colorful, dreamlike background",0.7079906463623047,0.7110284566879272,40.676151496697926,0.622763
9338.png,247,run_13,2,"realistic, 4k digital artwork of a mouse covered in brilliant, shimmering rainbow-colored scales and elevated above a bed of fluffy purple clouds",0.7557156682014465,0.6856005787849426,71.40966429792486,0.619115
9338.png,248,run_7,1,"'digital art of a mouse with shimmering scales and a highly detailed, rainbow-colored atmosphere'",0.7334299087524414,0.8022037744522095,42.57407849416448,0.618574
9338.png,249,run_5,2,painting of a mouse with iridescent glimmering scales and a highly detailed vibrant glowing background,0.7202659845352173,0.7554779648780823,42.594187375740475,0.617387
9338.png,250,run_12,5,"a brightly colored, highly detailed mouse, set against a soft, warm, golden background, in the style of a 4k digital impressionist painting",0.7197033762931824,0.7038030624389648,49.93304100635785,0.616933
9338.png,251,run_11,4,"Highly realistic digital art of a mouse with iridescent, glowing scales, set against a softly glowing, mystical background of dark, swirling clouds that seem to pulse with an ethereal energy",0.7468479871749878,0.7865001559257507,52.69417097956571,0.616802
9338.png,252,run_9,2,"a small, delicate mouse with shimmering, rainbow-hued scales set against a swirling, psychedelic background",0.7532743215560913,0.8318532705307007,49.980909288797065,0.615597
9338.png,253,run_11,3,"Highly photorealistic digital artwork of a mouse with vibrant, neon-colored scales and an ethereal, dreamy background of swirling misty clouds",0.7389110326766968,0.740026593208313,55.856302039276585,0.614534
9338.png,254,run_4,1,"realistic oil painting of a mouse with colorful, scaly armor and a softly glowing, dreamy atmosphere",0.7003365755081177,0.7045974731445312,40.65663377582499,0.612718
9338.png,255,run_2,3,"photorealistic 4k digital art of a mouse with shimmering, jewel-toned scales and a delicate, swirling aura surrounded by subtle shadows",0.6876792311668396,0.7037845849990845,33.97562888833328,0.612513
9338.png,256,run_1,2,"highly detailed digital painting of a mouse with shimmering iridescent scales and a bright, glowing aura in the background",0.7286256551742554,0.777280330657959,46.02619018968153,0.610909
9338.png,257,run_6,2,"mouse standing proudly in a gorgeous, 4k, highly detailed digital masterpiece with intricate, shimmering scales and a warm, golden glow surrounding its body",0.6814597845077515,0.6952698230743408,32.448698934830894,0.610596
9338.png,258,run_12,1,"a miniature masterpiece of a mouse with colorful, shimmering scales and a radiant glowing background",0.7005082964897156,0.7462294101715088,35.41951631937237,0.610483
9338.png,259,run_4,1,"4k rendering of a mouse with glittering, crystalline scales and a kaleidoscopic, psychedelic background",0.7368903160095215,0.8181228041648865,44.73317259576291,0.610431
9338.png,260,run_3,1,realistic painting of a mouse with reflective metallic scales and a soft serene atmosphere,0.7017476558685303,0.6972367167472839,43.322023999354045,0.610105
9338.png,261,run_3,5,highly realistic mouse wearing shimmering iridescent armor amidst a warm dreamlike ambiance,0.6821343302726746,0.6418063044548035,41.36734488770859,0.608102
9338.png,262,run_2,3,"photorealistic digital masterpiece of a mouse with shimmering, opalescent scales and a delicate, swirling aura with intricate details and textures.",0.7744702696800232,0.8426674008369446,62.34231814060338,0.607946
9338.png,263,run_13,1,realistic 4k digital painting of a mouse with intricate shimmering gold scales and a warm sunny landscape,0.7250072956085205,0.7393988966941833,51.597313441724594,0.604514
9338.png,264,run_2,3,"highly detailed photorealistic digital painting of a real mouse with iridescent, multicolored scales and a soft, delicate aura",0.7114080190658569,0.7529506087303162,42.98608386823413,0.602219
9338.png,265,run_8,5,"highly detailed, realistic digital artwork of a mouse with shimmering, iridescent scales and an ethereal, radiant glow",0.7200347185134888,0.7823715806007385,43.541232584807936,0.601759
9338.png,266,run_6,5,"highly detailed, 4k magical mouse in a whimsical, neon-lit fantasy digital painting",0.6933903098106384,0.6807584762573242,43.95315897028516,0.601398
9338.png,267,run_9,2,"highly realistic, dreamlike depiction of a mouse with delicate, swirling patterns of color on its scales in a vibrant, ethereal background",0.742090106010437,0.8287509679794312,49.04500384460882,0.600900
9338.png,268,run_6,3,"mouse in a highly realistic, ultra-high-definition digital artwork with luminous, iridescent colors and a soft, dreamy atmosphere",0.7067842483520508,0.7192236185073853,46.18832442150517,0.599659
9338.png,269,run_4,5,"a mouse with iridescent, holographic scales in a fantastical, dreamlike digital painting",0.7478456497192383,0.8197681307792664,53.91104219276221,0.599514
9338.png,270,run_12,3,"a mouse, rendered with the precision of a masterpiece, having a bright aura and a delicate blend of warm, pastel colors in its surroundings",0.705010175704956,0.7141555547714233,46.57790845880142,0.597723
9338.png,271,run_8,3,a realistic highly detailed 4k image of a mouse with gleaming multicolored scales and an ethereal aura,0.6986744999885559,0.734591543674469,40.72475187370325,0.596001
9338.png,272,run_6,2,"mouse in a mesmerizing, 4k, realistic digital watercolor with shimmering silver scales and a soft, rainbow sky",0.7435979843139648,0.822048008441925,52.67605633738543,0.595118
9338.png,273,run_14,4,"hyper-realistic, dreamlike depiction of a mouse with iridescent, reptilian fur and an ethereal, luminescent aura",0.7329808473587036,0.8002427220344543,50.41807612190817,0.594065
9338.png,274,run_10,4,"stylized mouse character with vibrant shimmering scales in a kaleidoscope of swirling pastel colors, digital painting, highly detailed",0.7220873236656189,0.7442187070846558,52.792038239554124,0.593590
9338.png,275,run_6,4,"highly detailed, photorealistic mouse in vibrant, glowing iridescent 4k digital art",0.7164860963821411,0.7871907353401184,43.964484944526944,0.592188
9338.png,276,run_3,4,"highly detailed 4k digital painting of a mouse adorned in shimmering colorful armor, radiating a soft ethereal glow and standing amidst lush vibrant surroundings",0.6910578012466431,0.6935697793960571,44.06157705283793,0.591244
9338.png,277,run_3,3,mouse in elaborate armor standing amidst a warm soft ethereal halo and glowing gentle environment,0.6922785043716431,0.6860049366950989,45.91636003752272,0.590946
9338.png,278,run_4,2,"highly realistic illustration of a mouse with luminous, iridescent scales and a radiant, neon-lit aura surrounding its body",0.7463793754577637,0.8063271045684814,57.833337554784904,0.590823
9338.png,279,run_3,3,highly detailed digital painting of a mouse in vibrant iridescent armor and delicate soft ethereal glow,0.6871364116668701,0.6956164240837097,42.043757497253345,0.589970
9338.png,280,run_11,1,highly detailed digital painting of a mouse with shimmering turquoise scales and a swirling aurora background,0.7861961722373962,0.9062188863754272,65.64317160075227,0.588583
9338.png,281,run_11,5,"'High-definition digital painting of a serene, mystical mouse with radiant, neon-colored, glowing scales and an eerie, ethereal background of swirling, cloudy mist.'",0.7330437898635864,0.7475241422653198,60.50503194040634,0.586520
9338.png,282,run_15,1,a highly detailed digital painting of a mouse with colorful patterns and a mesmerizing glowing background,0.6612834334373474,0.6592519283294678,34.62166498911312,0.585821
9338.png,283,run_12,2,"mouse, stylized, highly detailed digital painting, with a glowing aura and radiant, colorful scales in a fantasy underwater environment",0.743829607963562,0.8138056397438049,57.084907800845265,0.585422
9338.png,284,run_3,3,mouse in gleaming armor surrounded by a soft delicate shimmering glow and warm vibrant fantastical landscape,0.6823945045471191,0.6947627067565918,41.18073910434095,0.584992
9338.png,285,run_10,1,a detailed 4k digital painting of a mouse with shimmering colorful scales in a bright background,0.7276263236999512,0.7817947864532471,53.09095488801822,0.584958
9338.png,286,run_11,4,"Highly realistic, 4k digital painting of a mouse with vibrant, glowing scales and an otherworldly background of clouds that appear to move and swirl",0.7148703336715698,0.7166930437088013,56.079214694614016,0.583519
9338.png,287,run_10,4,"mouse character with iridescent scales in a kaleidoscope of vibrant swirling colors, 4k digital art",0.7024993896484375,0.8365302085876465,32.014294213307856,0.583408
9338.png,288,run_4,4,"stunning, highly detailed digital artwork of a mouse with iridescent, luminous scales and a neon, glowing, radiant background",0.7355972528457642,0.7997817993164062,55.31957367427995,0.583336
9338.png,289,run_10,2,vibrant mythical fantasy mouse character with glittering shimmering scales in a dynamic colorful atmosphere with intricate textures highly detailed,0.666058361530304,0.6616359949111938,38.33206709092647,0.581213
9338.png,290,run_8,2,detailed watercolor-inspired digital art of a mouse with glowing pastel scales and a soft serene light effect,0.7354861497879028,0.7226806879043579,68.52202070127636,0.576824
9338.png,291,run_4,5,"a photorealistic, ultra-detailed digital painting of a mouse with iridescent, shimmering scales and an ethereal, glowing aura",0.7024174332618713,0.758872926235199,45.65156675555276,0.575833
9338.png,292,run_5,1,painting of a mouse with iridescent scales and a vibrant glowing background,0.6994690895080566,0.7693729400634766,42.953936189309516,0.574497
9338.png,293,run_4,3,"painting of a mouse with luminous, iridescent scales and a brilliant, neon-lit background",0.7294695377349854,0.7992003560066223,55.08653686769958,0.573895
9338.png,294,run_3,2,highly detailed digital painting of a heroic mouse with gleaming colorful scaly armor and a shining ethereal light emanating from its body,0.687296986579895,0.7187485098838806,45.52964819732467,0.568749
9338.png,295,run_8,2,realistic 4k digital painting of a mouse with shimmering opalescent scales and a delicate warm light,0.6878764629364014,0.6976282000541687,49.35261042742661,0.567356
9338.png,296,run_14,5,"4k digital painting of a mouse with intricate, scaly skin and a delicate, luminescent sheen",0.6852577924728394,0.7283627390861511,43.51108727701807,0.567234
9338.png,297,run_5,1,mouse with iridescent blue and green scales and a highly realistic glowing starry night sky background,0.7685878276824951,0.9696504473686218,53.93724464240474,0.566442
9338.png,298,run_5,4,"a stunningly detailed, photorealistic image of a mouse with luminous, pearlescent scales and a radiant, colorful, glow-in-the-dark environment",0.7167354822158813,0.793556272983551,51.54750891807653,0.565893
9338.png,299,run_1,5,"4k highly detailed digital painting of a majestic mouse with iridescent, luminescent scales and an enchanting, mystical, otherworldly environment",0.7343324422836304,0.808834433555603,59.014960998116045,0.565448
9338.png,300,run_10,4,"vibrant highly detailed stylized mouse character with iridescent shimmering scales in a mesmerizing kaleidoscope of intricate swirling colors, digital painting masterpiece",0.6999266743659973,0.8765294551849365,30.60260132717034,0.565227
9338.png,301,run_9,5,"highly detailed, fantastical, and ethereal mouse with glowing, ethereal scales in a breathtaking, 4k digital fantasy landscape",0.7180917859077454,0.775770902633667,55.33715652371861,0.564407
9338.png,302,run_3,4,highly realistic digital painting of a mouse donning vibrant scaly armor and enveloped by an ethereal soft blue glow,0.7034480571746826,0.7765065431594849,47.580067745402395,0.563493
9338.png,303,run_12,3,"mouse, surrounded by a halo of light, rendered with highly detailed digital painting and a kaleidoscope of colors, including soft pastels and electric neons",0.6678870916366577,0.6790441274642944,42.86092785142107,0.562168
9338.png,304,run_8,1,highly realistic image of a mouse with luminous pastel-colored scales and a dreamlike ethereal environment,0.731732964515686,0.7682412266731262,64.64708760269643,0.561833
9338.png,305,run_9,1,"mouse with shimmering scales in a rich, 4k digital painting",0.6801718473434448,0.7427520155906677,40.47030004159164,0.561562
9338.png,306,run_10,2,vibrant whimsical fantasy mouse character with luminous shimmering scales in a mesmerizing colorful aura highly detailed 4k,0.6592100858688354,0.6648052930831909,40.81743381828652,0.560296
9338.png,307,run_4,5,"realistic, stunning digital artwork of a mouse in dazzling iridescent colors with an electrifying neon-lit environment",0.6976419687271118,0.7332387566566467,52.43203773587355,0.558085
9338.png,308,run_1,1,"painting of a mouse with shimmering iridescent scales and a vibrant, electric blue background",0.7457424998283386,0.853686511516571,61.3547616097534,0.557089
9338.png,309,run_14,3,"stylized, highly detailed portrait of a mouse with rich, textured fur and a subtle, otherworldly glow",0.6704468727111816,0.7191347479820251,41.23095852752897,0.553373
9338.png,310,run_3,2,realistic digital painting of a mouse with intricate scaly armor and a radiant glowing aura,0.6623563766479492,0.6673240661621094,44.44650941078283,0.553109
9338.png,311,run_5,2,a highly detailed digital artwork of a mouse with iridescent scales and a glowing ethereal background,0.7103874087333679,0.8069224953651428,50.65729229631976,0.551783
9338.png,312,run_11,3,"Highly photorealistic and highly detailed masterful digital painting of a mouse with electrifying, radiant scales and a mystical, otherworldly background of glowing clouds",0.7012088298797607,0.76209557056427,53.14731476637787,0.548760
9338.png,313,run_11,2,"Realistic highly detailed 4k digital painting of a mouse with shimmering, multicolored scales and a softly glowing, misty background",0.6715559959411621,0.7341461181640625,42.13220548984657,0.545589
9338.png,314,run_9,4,"highly detailed, surreal, and mesmerizing mouse with iridescent, swirling scales in a dynamic, 4k digital artwork",0.7266497015953064,0.8509486317634583,55.20559836340942,0.545129
9338.png,315,run_12,2,"mouse, realistic digital art, with a shining aura and vibrant, intricate scales in a mystical forest scene",0.6857861876487732,0.7653239965438843,45.8504382958512,0.543937
9338.png,316,run_1,Baseline,painting of a mouse with colorful scales and a glowing colorful background,0.6720188856124878,0.7390374541282654,42.24547137807599,0.543792
9338.png,317,run_2,Baseline,painting of a mouse with colorful scales and a glowing colorful background,0.6720188856124878,0.7390374541282654,42.24547137807599,0.543792
9338.png,318,run_3,Baseline,painting of a mouse with colorful scales and a glowing colorful background,0.6720188856124878,0.7390374541282654,42.24547137807599,0.543792
9338.png,319,run_4,Baseline,painting of a mouse with colorful scales and a glowing colorful background,0.6720188856124878,0.7390374541282654,42.24547137807599,0.543792
9338.png,320,run_5,Baseline,painting of a mouse with colorful scales and a glowing colorful background,0.6720188856124878,0.7390374541282654,42.24547137807599,0.543792
9338.png,321,run_6,Baseline,painting of a mouse with colorful scales and a glowing colorful background,0.6720188856124878,0.7390374541282654,42.24547137807599,0.543792
9338.png,322,run_7,Baseline,painting of a mouse with colorful scales and a glowing colorful background,0.6720188856124878,0.7390374541282654,42.24547137807599,0.543792
9338.png,323,run_8,Baseline,painting of a mouse with colorful scales and a glowing colorful background,0.6720188856124878,0.7390374541282654,42.24547137807599,0.543792
9338.png,324,run_9,Baseline,painting of a mouse with colorful scales and a glowing colorful background,0.6720188856124878,0.7390374541282654,42.24547137807599,0.543792
9338.png,325,run_10,Baseline,painting of a mouse with colorful scales and a glowing colorful background,0.6720188856124878,0.7390374541282654,42.24547137807599,0.543792
9338.png,326,run_11,Baseline,painting of a mouse with colorful scales and a glowing colorful background,0.6720188856124878,0.7390374541282654,42.24547137807599,0.543792
9338.png,327,run_12,Baseline,painting of a mouse with colorful scales and a glowing colorful background,0.6720188856124878,0.7390374541282654,42.24547137807599,0.543792
9338.png,328,run_13,Baseline,painting of a mouse with colorful scales and a glowing colorful background,0.6720188856124878,0.7390374541282654,42.24547137807599,0.543792
9338.png,329,run_14,Baseline,painting of a mouse with colorful scales and a glowing colorful background,0.6720188856124878,0.7390374541282654,42.24547137807599,0.543792
9338.png,330,run_15,Baseline,painting of a mouse with colorful scales and a glowing colorful background,0.6720188856124878,0.7390374541282654,42.24547137807599,0.543792
9338.png,331,run_4,2,"painting of a mouse with luminescent, iridescent scales and a vibrant, neon-lit background",0.6994686126708984,0.7755969762802124,52.62434426130106,0.541284
9338.png,332,run_9,4,"highly detailed, surreal mouse with holographic, shimmering scales in a dynamic, futuristic digital environment",0.7049899101257324,0.8015577793121338,52.56253308321076,0.539050
9338.png,333,run_6,3,"mouse in a highly detailed, 8k digital painting with radiant, shimmering scales and a captivating iridescent aurora background",0.7553866505622864,0.9806269407272339,54.8657845602485,0.536035
9338.png,334,run_3,2,4k digital painting of a mouse with iridescent colorful scaly armor and an otherworldly glowing mist,0.6779493689537048,0.7344369888305664,48.97891271775862,0.534841
9338.png,335,run_2,4,"digital art of a mouse with vibrant, shimmering scales and a mesmerizing, delicate aura, rendered in photorealistic, highly detailed style",0.6875960230827332,0.767659068107605,49.43857108865849,0.534685
9338.png,336,run_4,3,"highly realistic, 8k, digital image of a mouse with vibrant, iridescent scales and a glowing, neon-lit background.",0.7028170824050903,0.8117247223854065,52.91864719639442,0.529595
9338.png,337,run_6,2,"mouse with an ethereal, iridescent glow surrounding its body in a dreamy, 4k, surreal digital artwork",0.7128392457962036,0.7952013611793518,60.84901607426919,0.529290
9338.png,338,run_15,4,a highly detailed realistic oil painting of a mouse with iridescent scales and a delicate colorful aura in a serene natural environment,0.6522543430328369,0.7153649926185608,39.6683040747539,0.529010
9338.png,339,run_5,1,highly detailed painting of a mouse with colorful shimmering scales and a radiant colorful background,0.7049609422683716,0.7744482755661011,60.01884598689358,0.527937
9338.png,340,run_14,1,"painting of a small mouse with iridescent scales in a vibrant, dreamy background",0.6996170282363892,0.7417119741439819,62.16433353721972,0.527018
9338.png,341,run_3,1,highly detailed painting of a mouse with iridescent scales and a vibrant dreamy background,0.714945912361145,0.8135959506034851,60.05504687847935,0.526987
9338.png,342,run_13,1,painting of a mouse with pastel scales and a vibrant neon background,0.6952943801879883,0.7997421026229858,53.38975763600971,0.520763
9338.png,343,run_9,1,"whimsical portrait of a mouse with rainbow-colored scales against a glowing, celestial background",0.6974409818649292,0.864437997341156,45.56710698335837,0.519500
9338.png,344,run_10,1,colorful digital painting of a mouse with scales that reflect the background light,0.644951343536377,0.721489429473877,38.46590464318533,0.517555
9338.png,345,run_4,2,"realistic painting of a mouse with iridescent, pearlescent scales and a neon-lit, electric blue atmosphere",0.7198572158813477,0.8107612729072571,66.39050294979215,0.516746
9338.png,346,run_2,1,"a whimsical, dreamlike depiction of a quick mouse with glistening, metallic silver scales and a mesmerizing, celestial glow",0.7245229482650757,0.9416985511779785,52.696198994547466,0.508021
9338.png,347,run_14,4,"highly detailed, photorealistic rendering of a mouse with shimmering, crystalline scales and an otherworldly, holographic sheen",0.6647072434425354,0.7495209574699402,49.50414247658048,0.503758
9338.png,348,run_1,1,"highly detailed painting of a mouse with colorful, glittering scales against a bright, colorful background",0.7020748853683472,0.8095096349716187,61.45831662050296,0.502517
9338.png,349,run_3,3,4k highly realistic digital portrait of a mouse in shiny scaly armor with delicate wings,0.6464909315109253,0.7354211807250977,45.58875993208394,0.491454
9338.png,350,run_6,5,"highly detailed, 8k futuristic mouse in a vibrant, dreamlike digital painting with iridescent, shifting scales",0.6555885076522827,0.7410229444503784,50.50805514209247,0.488946
9338.png,351,run_1,1,"realistic painting of a mouse with a delicate pattern of bright, colorful scales against a warm, sunny background",0.6801113486289978,0.7142166495323181,68.92086394204597,0.485103
9338.png,352,run_5,2,a mouse with shimmering iridescent scales in a 4K digital painting with a dynamic glowing background,0.6764857769012451,0.8034467101097107,54.31127969937989,0.484141
9338.png,353,run_6,1,"mouse with luminous, shimmering scales in a breathtaking, dreamy, soft focus digital art piece",0.6854094862937927,0.8283712863922119,55.91963057820089,0.482929
9338.png,354,run_3,4,digital masterpiece of a mouse clad in shimmering colorful armor set amidst a mystical atmosphere,0.6511816382408142,0.7530534267425537,49.269198194867705,0.479846
9338.png,355,run_5,3,"a whimsical, surreal masterpiece of a mouse with glowing, iridescent scales and a fantastical, dreamlike, highly stylized environment scene",0.6804765462875366,0.8131523728370667,57.4492646258354,0.476659
9338.png,356,run_8,2,exquisite masterpiece of a stylized mouse with luminous prismatic scales and a captivating ethereal aura,0.6959277987480164,0.7955843806266785,70.89507034892105,0.468753
9338.png,357,run_5,3,"a mesmerizing mouse with iridescent scaly armor and an electrifying, luminous, and highly detailed environment backdrop",0.6612704992294312,0.7729858160018921,56.15382760217364,0.466321
9338.png,358,run_11,5,"'Vibrant, highly detailed, digital masterpiece of a mouse with radiant, neon-colored, shimmering scales and a softly glowing, mystical background of dreamy, cloudy skies.'",0.6483478546142578,0.6981112957000732,60.25196676413624,0.465567
9338.png,359,run_5,1,stylized mouse with vibrant turquoise scales and a dynamic glowing aurora background,0.7054319381713867,0.8650051951408386,67.46650471741175,0.464067
9338.png,360,run_2,5,"mouse in a soft, golden light with iridescent, multicolored scales that seem to shift and shimmer, set against a subtle textured background",0.6243492960929871,0.7612154483795166,38.7309992831279,0.463520
9338.png,361,run_3,5,detailed 4k rendering of a mouse in vibrant scaly armor standing upon a cloudy island amidst a soft blue glow,0.652601957321167,0.7481967210769653,56.596368630596075,0.461465
9338.png,362,run_13,1,highly detailed oil painting of a mouse with iridescent scales and a starry night sky,0.6987971663475037,0.9922855496406555,46.436917921582314,0.460800
9338.png,363,run_6,3,"mouse surrounded by a halo of light in a stunning 8k digital painting with intricate, colorful scales and a swirling cosmic background",0.6819572448730469,0.8879580497741699,53.02041496173415,0.458993
9338.png,364,run_6,5,"highly detailed, hand-painted 4k mouse in a colorful, fantastical, impressionist fantasy digital art piece",0.6219800114631653,0.7338277101516724,42.87409451369539,0.458955
9338.png,365,run_3,1,4k illustration of a mouse with shimmering translucent scales and a mesmerizing cosmic background,0.6949557065963745,0.9169157147407532,56.703588776338506,0.456365
9338.png,366,run_3,1,painting of a mouse in a colorful underwater scene with shiny scales and a bright background,0.6688389778137207,0.7988730669021606,59.750281368286544,0.456116
9338.png,367,run_6,1,"a beautifully rendered, ultra-realistic painting of a mouse with shimmering, pearlescent scales and a captivating, aurora borealis-inspired background",0.681143045425415,0.9426703453063965,45.60737560699461,0.455950
9338.png,368,run_1,3,"4k digital masterpiece of a mouse with brilliant, shimmering, iridescent scales and a breathtakingly beautiful, ethereal background",0.6687463521957397,0.8593355417251587,51.966727363138276,0.452846
9338.png,369,run_5,3,"an artistic mouse with a radiant, shimmering coat of iridescent scales and an elaborate, 4k, highly textured environment surrounding it",0.6236132383346558,0.7975341081619263,36.87374742850659,0.451544
9338.png,370,run_14,2,"vibrant, detailed close-up of a mouse with multicolored, textured fur and an intense, radiant aura",0.6496927738189697,0.7980270981788635,53.05245331132274,0.444926
9338.png,371,run_11,2,"Realistic, photorealistic 16k digital art of a mouse with shimmering, aurora-like scales and a serene, misty environment with gentle, flowing fog",0.6454049944877625,0.8563472032546997,42.44508719054699,0.444356
9338.png,372,run_15,1,painting of a real mouse with colorful scales and a bright shimmering background,0.6482886075973511,0.7582086324691772,60.03308655502599,0.438759
9338.png,373,run_6,2,"mouse in a highly detailed, ultra-vibrant, 8k digital oil painting with iridescent scales and a gleaming aurora background",0.6797765493392944,0.9812676906585693,46.59214841555345,0.432935
9338.png,374,run_6,5,"highly detailed, 8k cyberpunk mouse in a dark, gritty, neon-lit digital fantasy painting with glowing, iridescent scales",0.6299746036529541,0.727362871170044,57.262788640140585,0.430325
9338.png,375,run_13,1,masterfully rendered watercolor painting of a mouse with glistening turquoise scales and a misty lavender background,0.7446091771125793,0.8059501051902771,109.14785147342327,0.426800
9338.png,376,run_1,3,"4k highly detailed digital artwork of a majestic mouse with luminescent, colorful, glowing scales and a dreamlike, ethereal atmosphere",0.6455678939819336,0.8329806923866272,53.594319220822435,0.420264
9338.png,377,run_4,1,"masterpiece portrait of a mouse with shimmering, holographic scales and a colorful, aurora-inspired backdrop",0.6614391803741455,0.9297177791595459,48.54354615800056,0.419068
9338.png,378,run_14,3,"realistic, 4k image of a mouse with colorful, intricate fur and a warm, natural light",0.6015536785125732,0.7462174892425537,44.84107453087369,0.412334
9338.png,379,run_10,2,vibrant anime-inspired mouse character with radiant shimmering scales in a dynamic colorful atmosphere highly detailed,0.5943637490272522,0.6832230091094971,51.86030635653185,0.406754
9338.png,380,run_9,2,"an enchanting, otherworldly mouse featuring shimmering, crystalline scales in a kaleidoscopic, mesmerizing environment",0.6707218885421753,0.8865877389907837,64.30461463468707,0.405035
9338.png,381,run_1,1,"a close-up of a mouse with shimmering colorful scales and a softly blended, gradient-colored background",0.629031777381897,0.7954953908920288,60.74539854614789,0.386722
9338.png,382,run_9,1,"mouse with iridescent scales in a vibrant, neon-lit environment",0.606346845626831,0.7970810532569885,50.59509376369944,0.379240
9338.png,383,run_4,2,"a stunning 4k digital painting of a mouse with vibrant, shimmering scales and a neon-lit, futuristic cityscape background",0.573433518409729,0.7484216094017029,46.24358313477014,0.359024
9338.png,384,run_6,1,"mouse surrounded by a halo of light, depicted in a stunning, high-definition digital artwork with iridescent scales and a kaleidoscope background",0.5900654196739197,0.8237172365188599,47.08661536196523,0.350384
9338.png,385,run_4,5,"a photorealistic mouse with glowing iridescent scales in a vibrant, neon-lit scene",0.5837314128875732,0.7707314491271973,56.744064476252035,0.333413
9338.png,386,run_7,1,"'masterpiece of a mouse with shimmering, crystalline scales and a kaleidoscope of colors in the background'",0.5907335877418518,0.8673624992370605,47.523438594047754,0.330255
9338.png,387,run_5,1,digital painting of a mouse with colorful shimmering aurora scales and a highly detailed glowing colorful cityscape background,0.5999099016189575,0.933320164680481,43.78073472451854,0.327576
9338.png,388,run_2,1,"a masterpiece of a mouse with luminous, crystal blue scales and a stunning, aurora-inspired background with swirling brushstrokes",0.6456035375595093,0.922936737537384,86.09148356664859,0.277245
9338.png,389,run_6,3,"mouse in a magnificent, hyperrealistic 4k digital masterpiece with radiant, shimmering scales and a deep, rich starry night sky",0.625309944152832,1.1025807857513428,56.80530633392423,0.252777
9338.png,390,run_14,5,"surreal landscape with a tiny, majestic mouse as the focal point, surrounded by swirling clouds and a brilliant, starry sky",0.5998803377151489,1.0652989149093628,58.08459271343151,0.222436
