Image_Name,Global_Rank,Run_ID,Iteration,Prompt,CLIP_Sim,LPIPS,RMSE,Global_Combined_Score
1159_7.png,1,run_12,3,"photorealistic, exceptionally detailed hedgehog with gleaming metallic golden spiky fur curled on top of a minimalist, geometric stacked cube in a cozy, warmly lit studio, soft beige ambient lighting, ultra-high definition 8k digital art",0.7745053768157959,0.4512341022491455,30.99719099765346,0.919019
1159_7.png,2,run_15,4,"photorealistic 4k rendered hedgehog with warm golden spiky fur curled on top of geometric cube, realistic soft beige studio lighting, precise 3D render with defined texture and detail",0.7640043497085571,0.4356432259082794,30.54144209310377,0.914188
1159_7.png,3,run_8,2,"stunningly realistic, hyper-realistic hedgehog with soft, velvety golden spiky fur curled on top of a complex geometric stacked cube, warm, beige studio lighting, photorealistic digital art",0.791115403175354,0.4799971878528595,33.8151933118771,0.910230
1159_7.png,4,run_6,2,"highly realistic 4k still life of a hedgehog with soft golden spiky fur curled on top of a geometric stacked cube, warm soft pastel lighting, photorealistic 3D rendering",0.7578300833702087,0.4230920374393463,31.04080509864776,0.908534
1159_7.png,5,run_8,3,"photorealistic, hyper-detailed hedgehog with exceptionally soft, plush, golden spiky fur curled on top of a intricate, precise geometric stacked cube, high-quality, warm, beige studio lighting, highly realistic digital art",0.7905440330505371,0.49582579731941223,32.42677135258223,0.907987
1159_7.png,6,run_15,4,"precise realistic hedgehog with rich golden spiky fur curled atop a stacked geometric cube, soft beige studio-style lighting capturing depth and texture, slight ambient occlusion and shading",0.7701764702796936,0.4790895879268646,28.88086440641871,0.907225
1159_7.png,7,run_14,5,"highly detailed photorealistic golden hedgehog with extremely long spiky fur curled on top of a geometric stacked cube, highly detailed soft warm studio lighting, realistic studio photograph",0.790126383304596,0.4651331305503845,36.292450195761674,0.902026
1159_7.png,8,run_4,5,highly detailed realistic golden hedgehog snuggled peacefully on a highly geometric stacked cube with realistic textures soft warm beige studio lighting 4k digital painting with vibrant colors,0.7679929733276367,0.4751785099506378,29.624274150614017,0.901164
1159_7.png,9,run_7,3,photorealistic 4k studio shot of a hedgehog with soft golden spiky fur curled on top of a clean geometric stacked cube,0.779837965965271,0.475701242685318,33.21123642239654,0.897644
1159_7.png,10,run_3,5,"highly detailed photorealistic image of a hedgehog curled on top of a geometric stacked cube, warm beige studio lighting, focus on its golden spiky fur, ultra-high resolution digital artwork",0.7768780589103699,0.47278082370758057,33.605975683692364,0.891887
1159_7.png,11,run_1,5,photorealistic highly detailed hedgehog curled in a cozy position with vibrant golden spiky fur on a minimalist geometric stacked cube,0.7442744970321655,0.4338151812553406,29.03697270035194,0.891380
1159_7.png,12,run_11,5,"photorealistic realistic hedgehog with warm golden spiky fur curled up on a large geometric stacked cube, high-key soft beige studio lighting, highly detailed 3D render",0.7753869295120239,0.4948268532752991,31.230883638712783,0.890463
1159_7.png,13,run_4,5,"realistic stunning golden hedgehog curled up on top of a highly geometric stacked cube, soft warm beige studio lighting, 4k, photorealistic digital painting with textures",0.7615165710449219,0.4651840031147003,30.59303253236539,0.890241
1159_7.png,14,run_7,5,photorealistic highly detailed 4k studio shot of a hedgehog with soft vibrant golden spiky fur curled around top of a clean geometric stacked cube,0.7767609357833862,0.4695966839790344,34.14695094815654,0.890225
1159_7.png,15,run_4,5,"realistic highly detailed golden hedgehog snuggled warmly on top of a highly detailed geometric stacked cube, soft warm beige studio lighting 4k stunning digital painting masterpiece",0.763687252998352,0.4919854402542114,28.797490454860082,0.888190
1159_7.png,16,run_3,2,"highly detailed image of a hedgehog curled on top of a geometric stacked cube, warm beige studio lighting, focus on its golden spiky fur, ultra-high resolution digital artwork",0.7720248103141785,0.4841739237308502,31.965904173532117,0.886848
1159_7.png,17,run_14,1,"highly detailed photorealistic golden hedgehog with spiky fur curled on top of a geometric stacked cube, highly detailed soft warm studio lighting, realistic studio photograph",0.7865549325942993,0.48145002126693726,36.41859506583155,0.884387
1159_7.png,18,run_4,5,serene realistic golden hedgehog snuggled on top of a geometric stacked cube under soft warm beige natural studio lighting 4k high resolution digital art realistic textures,0.7739301919937134,0.4983517527580261,31.691410717067285,0.882637
1159_7.png,19,run_14,3,photorealistic highly detailed golden hedgehog with long spiky fur curled on top of a wooden geometric stacked cube in a studio environment with a subtle rimless softbox light,0.7890214920043945,0.4756135046482086,38.06847768715273,0.881628
1159_7.png,20,run_4,5,highly realistic golden hedgehog snuggled peacefully on a geometric stacked cube with intricate details under soft warm beige studio lighting 4k high resolution digital art,0.7752619981765747,0.5166603922843933,30.704697353289625,0.879404
1159_7.png,21,run_7,4,photorealistic 8k high-definition studio shot of a hedgehog with incredibly vibrant and soft golden spiky fur curled on top of a clean and intricately designed geometric stacked cube,0.763256847858429,0.46010273694992065,33.80357516222495,0.875511
1159_7.png,22,run_5,2,"highly detailed photorealistic digital painting of a realistic hedgehog with rich golden spiky fur curled on top of a precise geometric stacked cube, soft warm golden natural studio lighting, realistic textures and subtle shadows",0.7675070762634277,0.4724908471107483,34.02044677099469,0.873276
1159_7.png,23,run_2,3,"realistic, highly detailed hedgehog with lustrous, golden spiky fur curled on a minimalist, simple geometric stacked cube, soft beige studio lighting with delicate, subtle shadows, high quality, sharp",0.7964566946029663,0.5316336154937744,36.35310964131587,0.868960
1159_7.png,24,run_12,2,"photorealistic, highly detailed hedgehog with gleaming golden spiky fur curled on top of a minimalist, geometric stacked cube in a cozy, warm studio, soft beige lighting, 8k digital art",0.7409734725952148,0.46312737464904785,28.759880159470576,0.868341
1159_7.png,25,run_4,2,"realistic golden hedgehog snuggled on top of a highly detailed geometric stacked cube, soft warm beige studio lighting, 4k, stunning digital painting",0.7591900825500488,0.483171284198761,31.572241310216633,0.868054
1159_7.png,26,run_5,3,"realistic, highly detailed, photorealistic digital artwork of a realistic hedgehog with deep, rich golden spiky fur curled on top of a highly precise geometric stacked cube, soft warm golden natural studio lighting, realistic textures and sharp subtle shadows",0.7722301483154297,0.4817611277103424,35.37297511012407,0.866449
1159_7.png,27,run_13,5,"highly detailed photorealistic golden spiky fur hedgehog sitting on top of geometric cube, soft natural beige studio lighting, highly realistic 8k digital painting",0.7639881372451782,0.4798070192337036,33.61900686905413,0.865077
1159_7.png,28,run_1,1,"photorealistic hedgehog curled with vibrant golden spiky fur on a simple geometric stacked cube, soft warm beige studio lighting, realistic 3D rendering",0.772149384021759,0.5076380372047424,33.35806842713277,0.862577
1159_7.png,29,run_5,3,"highly detailed photorealistic digital painting of a realistic hedgehog with rich, vibrant golden spiky fur curled on top of a precise geometric stacked cube, soft warm golden natural studio lighting, realistic textures and slight atmospheric soft focus",0.7762496471405029,0.4880978465080261,36.543047219787276,0.861531
1159_7.png,30,run_5,3,"photorealistic digital painting of a realistic, cute hedgehog with rich golden spiky fur curled on top of a precise geometric stacked cube, soft warm golden natural studio lighting, realistic textures and subtle shading",0.7627885937690735,0.47553664445877075,34.80241759709742,0.858057
1159_7.png,31,run_15,5,"highly detailed photorealistic digital painting of a hedgehog curled on top of a geometric cube, warm golden spiky fur, realistic soft beige studio lighting, precise 4k rendering with defined texture and detail",0.7528966665267944,0.4725610613822937,32.51649379131368,0.858009
1159_7.png,32,run_7,2,photorealistic studio shot of a hedgehog with soft golden spiky fur curled on top of a clean geometric stacked cube,0.7783673405647278,0.5339844822883606,33.484657861168834,0.855172
1159_7.png,33,run_14,5,"highly detailed photorealistic golden hedgehog with long, thick, sharp spiky fur curled on top of a geometric stacked cube, highly detailed soft warm studio lighting, perfect realistic studio photograph",0.7765771746635437,0.4958500266075134,36.8550455915716,0.854973
1159_7.png,34,run_13,1,"highly detailed photorealistic golden spiky fur hedgehog posed on top of geometric cube, soft natural beige studio lighting, ultra-realistic 3D digital painting",0.7660056352615356,0.498635858297348,33.91857128330662,0.854251
1159_7.png,35,run_11,2,"photorealistic realistic hedgehog with vibrant golden spiky fur curled on top of a geometric stacked cube, high-key soft beige studio lighting, highly detailed 3D render",0.7735411524772644,0.5032784938812256,35.57580409720523,0.853284
1159_7.png,36,run_14,1,"highly detailed photorealistic hedgehog with shaggy golden spiky fur curled on top of a geometric stacked cube, soft warm golden studio lighting, photorealistic 3D render",0.7536465525627136,0.48595157265663147,32.196655349656616,0.852626
1159_7.png,37,run_8,2,"realistic 3D render of a cute hedgehog with golden, shimmering spiky fur curled on top of a simple geometric stacked cube, soft, warm natural light, highly detailed",0.7601275444030762,0.5032499432563782,32.22337827983715,0.852251
1159_7.png,38,run_1,3,"realistic highly detailed hedgehog curled in a ball on a geometric cube with simple stacked design, ultra-realistic studio lighting with warm beige tone, highly detailed photorealistic digital painting",0.7612242698669434,0.5189352631568909,31.017903972081818,0.851767
1159_7.png,39,run_14,5,"realistic and highly detailed golden hedgehog with spiky fur curled on top of a geometric stacked cube, super soft warm natural studio lighting, ultra-high definition realistic photograph",0.7704285383224487,0.4898848533630371,36.39370977743673,0.851348
1159_7.png,40,run_1,1,"Highly detailed photorealistic African hedgehog with dark golden spiky fur curled on top of a minimalist geometric stacked cube, soft subtle beige studio lighting, surreal 3D render",0.7631667852401733,0.5267482399940491,30.828202351660362,0.851230
1159_7.png,41,run_5,4,"highly detailed photorealistic digital painting of a curled realistic hedgehog with intricate, detailed golden spiky fur sitting on top of a geometric stacked cube, warm soft natural studio lighting, realistic textures and subtle shadows",0.7498219013214111,0.4607027471065521,33.93795675521043,0.851177
1159_7.png,42,run_7,5,studio shot of a close-up hedgehog with softly glowing golden spiky fur resting on top of a clean geometric stacked cube in warm natural light,0.7499670386314392,0.4712253510951996,32.96504602823352,0.850915
1159_7.png,43,run_13,4,highly detailed ultra-realistic 4k digital painting of a spiky fur hedgehog on top of a beige geometric cube,0.7494378685951233,0.47390109300613403,32.847055854044484,0.849028
1159_7.png,44,run_14,5,"highly detailed photorealistic golden hedgehog with intricate spiky fur curled on top of a geometric stacked cube under a warm and soft studio light, perfectly realistic high-quality photograph, with a shallow depth of field.",0.7609460949897766,0.49222955107688904,34.137984719514655,0.848322
1159_7.png,45,run_1,4,"vibrant highly detailed hedgehog curled with luxurious golden metallic spiky fur on a minimalist geometric stacked cube, soft warm beige studio lighting, realistic 4k 3D rendering",0.7588655948638916,0.5027809739112854,32.69979152926238,0.847270
1159_7.png,46,run_9,1,highly detailed 3D rendered digital painting of a hedgehog with warm golden fur curled on a stack of cubes,0.7655699253082275,0.4805026054382324,36.792679235729,0.846535
1159_7.png,47,run_14,3,highly detailed ultra-realistic golden hedgehog with spiky fur curled on top of a metallic geometric stacked cube under a 4k soft warm studio light with a slightly narrow depth of field,0.7847328186035156,0.5380687117576599,36.14725870185831,0.845973
1159_7.png,48,run_11,5,"photorealistic realistic hedgehog with vibrant golden spiky fur curled on top of a large geometric stacked cube, high-key soft beige studio lighting, highly detailed realistic 3D render",0.7648756504058838,0.4982132613658905,34.96488248485247,0.845730
1159_7.png,49,run_1,3,"photorealistic highly detailed hedgehog curled with extremely vibrant golden spiky fur on a minimalistic simple geometric stacked cube, realistic studio lighting with warm beige tones, 4k realistic 3D rendering",0.7617277503013611,0.4979051649570465,34.34936731734657,0.844562
1159_7.png,50,run_1,2,"a highly realistic and highly detailed 4k hedgehog curled with vibrant golden spiky fur on a simple geometric stacked cube, soft warm beige studio lighting, photorealistic digital art, award-winning masterpiece",0.758855938911438,0.48336419463157654,35.052800213488126,0.844542
1159_7.png,51,run_1,2,"a highly realistic 4k hedgehog curled with vibrant golden spiky fur on a simple geometric stacked cube, soft warm beige studio lighting, detailed photorealistic image, masterclass digital painting",0.7585380673408508,0.49301081895828247,34.625778644455714,0.840480
1159_7.png,52,run_2,2,"realistic, highly detailed hedgehog with lustrous, golden spiky fur curled on a minimalist, simple geometric stacked cube, soft beige studio lighting with delicate, subtle shadows",0.7738481760025024,0.5233108401298523,35.83840839415597,0.838975
1159_7.png,53,run_11,4,"highly detailed photorealistic 3D render of a realistic hedgehog with vibrant golden spiky fur curled on top of a geometric stacked cube, high-key soft beige studio lighting, precise and accurate, high fidelity",0.742365837097168,0.4695119857788086,33.06510789266691,0.838333
1159_7.png,54,run_5,5,realistic highly detailed photorealistic 4k digital art of a realistic hedgehog with rich golden spiky fur curled on top of a precise geometric stacked cube in a natural soft warm golden studio,0.7434344291687012,0.4774523973464966,33.030285870417956,0.835197
1159_7.png,55,run_15,5,"photorealistic highly detailed 4k rendered hedgehog with warm golden spiky fur curled on top of geometric cube, realistic soft beige studio lighting, precise 3D render with defined texture and detail",0.7240816354751587,0.4609586000442505,29.623687290605588,0.835105
1159_7.png,56,run_11,2,"photorealistic detailed hedgehog with radiant golden spiky fur curled on top of a geometric stacked cube, high-key soft beige studio lighting, highly realistic 3D render, natural lighting",0.7610607147216797,0.5146888494491577,34.00591425267577,0.834681
1159_7.png,57,run_4,1,"hedgehog curled on top of a highly detailed geometric stacked cube, photorealistic golden spiky fur, soft warm beige studio lighting, 4k, realistic digital art",0.7516992092132568,0.514248251914978,31.76072705230734,0.833617
1159_7.png,58,run_14,5,"highly detailed photorealistic golden hedgehog with bright golden spiky fur curled on top of a geometric stacked cube, very detailed soft warm studio lighting, realistic high-quality photograph",0.768653392791748,0.4954732060432434,38.11498926843204,0.833361
1159_7.png,59,run_15,3,"photorealistic highly detailed hedgehog with rich warm golden spiky fur curled on top of a stacked geometric cube, realistic soft beige studio-style lighting, precise 3D render",0.7391439080238342,0.47499629855155945,32.526897574515544,0.832740
1159_7.png,60,run_2,5,"realistic, ultra-detailed hedgehog with golden, spiky fur in a relaxed, curled pose on a simple geometric stacked cube, soft warm light with delicate shadows, high quality, crisp",0.7661070227622986,0.5143935084342957,36.03961371796212,0.830207
1159_7.png,61,run_1,5,realistic 4k masterpiece hedgehog curled with shiny golden spiky fur on a simple geometric stacked cube under soft warm beige studio lighting,0.7450650334358215,0.4928332567214966,32.711360562912155,0.830018
1159_7.png,62,run_2,2,"surreal, highly detailed, intricately textured hedgehog with rich, warm golden fur curled on a modern, geometric stacked cube, soft, ambient beige studio lighting with subtle, accurate shadows",0.7547917366027832,0.5126500725746155,33.43577051176134,0.828992
1159_7.png,63,run_1,2,"photorealistic 4k hedgehog curled with rich golden spiky fur on a minimalist geometric stacked cube, soft warm beige studio lighting, highly detailed realistic rendering, fine art digital painting",0.7521470189094543,0.5194433331489563,32.18191786957442,0.828224
1159_7.png,64,run_6,1,"photorealistic highly detailed hedgehog with vibrant golden spiky fur curled on top of a geometric stacked cube, soft beige studio lighting, surreal 3D rendered masterpiece",0.7575610280036926,0.5075838565826416,34.86030961762195,0.827725
1159_7.png,65,run_2,3,"realistic, highly detailed hedgehog with lustrous, golden spiky fur curled on a minimalist, simple geometric stacked cube, soft beige studio lighting with delicate, subtle shadows, masterpiece",0.7850751876831055,0.5574708580970764,37.15402063558732,0.827261
1159_7.png,66,run_2,3,"realistic, highly detailed hedgehog with lustrous, golden spiky fur curled on a minimalist, simple geometric stacked cube, soft beige studio lighting with delicate, subtle shadows, ultra realistic",0.7796000242233276,0.5450222492218018,37.193572131877104,0.825753
1159_7.png,67,run_15,5,"hedgehog curled on top of a geometric cube, photorealistic highly detailed 4k rendering with warm golden spiky fur, realistic soft beige studio lighting, precise digital painting",0.7407695651054382,0.500389039516449,31.65238038764386,0.824639
1159_7.png,68,run_2,5,"highly realistic, high detailed, photorealistic hedgehog with vibrant, lustrous, golden spiky fur curled on a minimalist, simplistic, geometric stacked cube, soft, warm beige studio lighting with delicate, subtle shadows, extremely high quality, super sharp",0.7738530039787292,0.542579174041748,36.12140463684058,0.824515
1159_7.png,69,run_12,4,"photorealistic, highly detailed, exceptionally realistic hedgehog with gleaming metallic golden spiky fur curled on top of a minimalist, geometric, modern stacked cube in a cozy, warmly lit, softly lit studio, ultra-high definition 8k digital art",0.7501002550125122,0.497895747423172,34.36971075909756,0.824477
1159_7.png,70,run_7,4,photorealistic 4k digital painting of a hedgehog with warm golden spiky fur curled on top of a stacked cube with subtle texture and depth,0.7648817300796509,0.5119526386260986,36.86176107127924,0.824313
1159_7.png,71,run_6,1,"highly realistic still life of a hedgehog with golden spiky fur curled on top of a geometric stacked cube, soft warm lighting, photorealistic 3D rendering",0.7446189522743225,0.4995643198490143,32.811518316099274,0.824189
1159_7.png,72,run_5,3,"ultra-realistic, highly detailed digital painting of a realistic hedgehog with rich golden spiky fur curled on top of a precise geometric stacked cube, soft warm golden natural studio lighting, realistic textures, subtle shadows and slight sense of depth of field",0.7500274777412415,0.48355698585510254,35.90937688320434,0.823647
1159_7.png,73,run_11,3,"realistic, 4k, detailed hedgehog with beautiful, soft, golden, spiky fur curled up on a modern, geometric, stacked cube, warm high-key lighting, ultra-realistic 3D computer graphics",0.7602493166923523,0.5205317139625549,35.22913397340005,0.821446
1159_7.png,74,run_6,2,"highly detailed photorealistic still life of a hedgehog with vibrant golden spiky fur curled on top of a geometric stacked cube, soft warm lighting, realistic shading",0.7484594583511353,0.4901024103164673,35.1884335954342,0.821396
1159_7.png,75,run_15,3,highly detailed accurate photorealistic digital illustration of a hedgehog with rich vibrant golden spiky fur curled on a geometric cube in realistic soft beige studio lighting,0.7400957345962524,0.4717250466346741,35.02690658138019,0.820129
1159_7.png,76,run_4,1,"highly detailed photorealistic hedgehog with golden spiky fur curled on top of a geometric stacked cube, soft beige studio lighting, 4k, surreal 3D render",0.752623438835144,0.5115312337875366,34.50698579508634,0.818982
1159_7.png,77,run_2,3,"realistic, highly detailed hedgehog with lustrous, golden spiky fur curled on a minimalist, simple geometric stacked cube, soft beige studio lighting with delicate, subtle shadows, best lighting",0.7719993591308594,0.5405835509300232,36.84765684815129,0.817879
1159_7.png,78,run_13,4,highly detailed realistic textured spiky fur hedgehog posing confidently on top of a geometric cube in a warm golden studio with soft natural beige diffused lighting,0.7258937358856201,0.4445303678512573,34.525088301570854,0.816844
1159_7.png,79,run_4,4,"vivid realistic golden hedgehog curled up on a highly textured geometric stacked box, warm natural light, 4k, digital art",0.717079222202301,0.4951680302619934,27.201428661350363,0.816567
1159_7.png,80,run_10,5,"photorealistic 8k high-resolution detailed hedgehog with rich golden spiky fur in soft focus curled on top of a geometric stacked cube, warm golden natural studio lighting, highly polished digital painting",0.7480440139770508,0.4834834337234497,36.546716151487935,0.816113
1159_7.png,81,run_2,4,"highly detailed, 8k, masterpiece hedgehog with lustrous, golden spiky fur curled on a minimalist, simple geometric stacked cube, soft beige studio lighting with delicate, subtle shadows, high resolution",0.7583653926849365,0.5291599035263062,34.73806719632181,0.815783
1159_7.png,82,run_10,4,"photorealistic 8k high-resolution hedgehog with rich golden spiky fur in soft focus curled on top of a perfectly geometric stacked cube, warm golden studio lighting, highly detailed 3D render",0.7590025663375854,0.5162634253501892,36.558823786935605,0.813385
1159_7.png,83,run_14,4,"detailed highly realistic golden hedgehog with long spiky textured fur curled on top of a large cube, high-end soft warm realistic studio lighting, highly detailed photograph",0.7428250312805176,0.4810064733028412,35.89416011158504,0.813054
1159_7.png,84,run_2,3,"realistic, highly detailed hedgehog with lustrous, golden spiky fur curled on a minimalist, simple geometric stacked cube, soft beige studio lighting with delicate, subtle shadows, highly detailed",0.773975670337677,0.5506943464279175,37.30327647400523,0.811667
1159_7.png,85,run_11,5,"realistic photorealistic hedgehog with vibrant golden spiky fur curled on top of a large geometric stacked cube, high-key soft beige studio lighting, highly detailed 3D studio rendering",0.7453643083572388,0.4965866804122925,35.2615427648478,0.811359
1159_7.png,86,run_1,3,"highly realistic digitally painted hedgehog curled in a tight ball on a simple geometric cube, warm golden beige studio lighting, highly detailed photorealistic 3D rendering with intricate texture details",0.7138059735298157,0.46788710355758667,29.9311570707232,0.810916
1159_7.png,87,run_13,4,highly detailed photorealistic textured golden spiky fur hedgehog posed on top of geometric cube,0.7596845626831055,0.5636913776397705,32.377248141843346,0.810915
1159_7.png,88,run_15,2,"photorealistic highly detailed hedgehog with vibrant golden spiky fur curled on top of a geometric stacked cube, realistic soft beige studio lighting, precise 3D render",0.7474939823150635,0.5024550557136536,35.31117046082603,0.810848
1159_7.png,89,run_2,5,"highly realistic, detailed hedgehog with lustrous, vibrant golden spiky fur curled on a geometric stacked cube with a subtle minimalist pattern, soft studio lighting with delicate, deep shadows, professional high quality",0.7580211162567139,0.5344364047050476,34.9025918760222,0.810659
1159_7.png,90,run_4,4,"highly detailed realistic golden hedgehog curled up on a highly polished geometric stacked cube, soft warm beige studio lighting, 4k, photorealistic digital painting",0.733656108379364,0.4886966943740845,33.14198355992844,0.810320
1159_7.png,91,run_6,2,"highly realistic still life of a hedgehog with intricate golden spiky fur curled on top of a geometric stacked cube, soft natural warm lighting, ultra-high definition",0.7315344214439392,0.482735276222229,33.3593687233682,0.809156
1159_7.png,92,run_3,2,"a highly detailed 4k digital painting of a relaxed hedgehog curled on top of a geometric stacked cube, soft warm beige studio lighting, focus on the texture of its golden spiky fur",0.7401121258735657,0.5034541487693787,33.6357452690513,0.808505
1159_7.png,93,run_9,5,highly detailed 3D rendered digital artwork of a hedgehog with long sharp quills curled on a stack of wooden cubes,0.7520965933799744,0.5198983550071716,35.13865378346823,0.808460
1159_7.png,94,run_11,5,"vibrant photorealistic hedgehog with warm golden spiky fur curled up on top of a large geometric stacked cube, high-key soft beige studio lighting, highly detailed 4k digital 3D render",0.7397990822792053,0.5036879777908325,33.68064241133739,0.807520
1159_7.png,95,run_11,4,"highly realistic digital photograph of a hedgehog with golden spiky fur curled on top of a minimalist geometric stacked cube, soft high-key studio lighting, precise and accurate details, 100% photorealism",0.765324592590332,0.5819952487945557,32.57271157158697,0.807332
1159_7.png,96,run_10,2,photorealistic 4k hedgehog with shiny metallic spiky fur curled on top of a geometric stacked cube,0.7582250833511353,0.5755864977836609,31.35427283025816,0.807328
1159_7.png,97,run_6,1,"ultra-realistic geometric hedgehog sculpture with golden spiky fur curled on top of a cube, soft beige studio lighting, 4k digital art",0.7553075551986694,0.542038083076477,33.9422047388285,0.807320
1159_7.png,98,run_2,5,"a highly detailed, realistic hedgehog with bright, golden, spiky fur curled on a simple, geometric stacked cube, natural soft light with delicate shadows, high quality, high resolution",0.7358441352844238,0.48266035318374634,35.02676563042598,0.805674
1159_7.png,99,run_3,2,"detailed high-contrast close-up of a relaxed hedgehog curled on top of a geometric stacked cube, soft warm beige studio lighting, its golden spiky fur is the main focus, ultra-detailed 4k digital painting",0.7373865246772766,0.4949952960014343,34.21460590684025,0.805570
1159_7.png,100,run_2,2,"highly detailed, 4k, realistic hedgehog with lustrous, vibrant golden fur curled on top of a minimalist, perfectly stacked geometric cube, soft, warm beige studio lighting with subtle shadows",0.7437528371810913,0.4960445761680603,35.796240363731776,0.805444
1159_7.png,101,run_7,5,highly detailed realistic 4k digital painting of a hedgehog with soft golden spiky fur curled on top of a clean geometric stacked cube,0.7501623630523682,0.5422079563140869,32.95979771587322,0.804816
1159_7.png,102,run_7,5,photorealistic 4k studio shot of a sleeping hedgehog with soft golden spiky fur curled around top of a clean geometric stacked wooden cube,0.7505820989608765,0.4652104079723358,40.80805739859814,0.804502
1159_7.png,103,run_10,3,"photorealistic high-resolution hedgehog with rich golden spiky fur curled on top of a perfectly geometric stacked cube, soft warm beige studio lighting, highly detailed 3D render",0.7454622387886047,0.5119193196296692,34.83029527410172,0.804317
1159_7.png,104,run_8,5,"hyper-realistic, photorealistic, high-resolution hedgehog with soft, velvety, golden, slightly tousled spiky fur curled on top of a geometric stacked cube, warm, beige studio lighting, highly detailed digital art",0.7370266914367676,0.496945858001709,34.32537143736087,0.802949
1159_7.png,105,run_15,2,"surrealistic highly detailed hedgehog with iridescent golden spiky fur curled on top of a geometric stacked cube, soft natural daylight, hyper-realistic 3D render",0.7415175437927246,0.542955756187439,30.978618325946904,0.802473
1159_7.png,106,run_14,4,"realistic photorealistic golden hedgehog with spiky fur curled on top of a geometric cube, highly detailed soft warm studio-like lighting, realistic photograph",0.7298481464385986,0.470734179019928,35.24041474235124,0.801789
1159_7.png,107,run_11,3,"photorealistic ultra-high-definition hedgehog with super vibrant golden spiky fur curled on top of a precise geometric stacked cube, ultra-high-key soft beige studio lighting, incredibly detailed 3D render",0.7517479658126831,0.5187390446662903,36.21849850143763,0.801543
1159_7.png,108,run_15,1,"photorealistic hedgehog with soft golden spiky fur curled on top of a minimalist geometric stacked cube, natural soft beige studio lighting, detailed digital 3D render",0.7643005847930908,0.5605754852294922,35.37523502570825,0.801228
1159_7.png,109,run_15,5,"geometric cube with a realistic highly detailed 4k rendered hedgehog curled on top, warm golden spiky fur, soft beige studio lighting, precise digital painting with defined texture and detail",0.718967080116272,0.4903923273086548,30.54856741169012,0.800995
1159_7.png,110,run_1,2,"realistic highly detailed hedgehog curled with luscious golden spiky fur on a sleek geometric stacked cube, warm soft beige studio lighting, photorealistic digital painting, cinematic masterpiece",0.7485558986663818,0.5352020263671875,34.208680023489244,0.798459
1159_7.png,111,run_1,4,"extremely realistic digital painting of a hedgehog curled with deep rich golden metallic spiky fur on a minimalist geometric stacked cube, soft warm beige studio lighting, highly detailed 4k 3D rendering",0.7387018799781799,0.5271722674369812,32.47625788561938,0.798157
1159_7.png,112,run_5,4,"highly detailed realistic 8k digital artwork of a realistic hedgehog with luxurious golden fur curled on top of a precise geometric, intricate stacked cube, soft warm golden natural studio lighting, realistic textures and subtle, nuanced shadows",0.7312110066413879,0.4844438433647156,34.87314450781771,0.797561
1159_7.png,113,run_2,2,"surreal, highly detailed, photorealistic hedgehog with lustrous golden spiky fur curled on top of a minimalist, perfectly geometric stacked cube, soft beige studio lighting with subtle, natural shadows",0.7701621055603027,0.5607358813285828,37.47766512123042,0.797404
1159_7.png,114,run_9,2,highly detailed realistic digital painting of a hedgehog with shiny golden fur curled up on a neat stack of small colored cubes,0.7596158385276794,0.536081850528717,37.39555201517619,0.795979
1159_7.png,115,run_1,3,"vibrant golden spiky hedgehog curled pose on a geometric stacked cube with soft warm beige studio lighting, highly realistic digital painting with intricate texture, photorealistic 3D rendering",0.7478169202804565,0.5497206449508667,32.94717445948626,0.795955
1159_7.png,116,run_14,4,"highly realistic photorealistic golden hedgehog with long spiky fur curled on top of a stacked geometric cube, highly detailed soft warm studio lighting, realistic studio photograph",0.7422259449958801,0.48724067211151123,37.811412777667115,0.795378
1159_7.png,117,run_1,4,"highly realistic masterpiece of a hedgehog curled with luxurious golden metallic spiky fur on a simple geometric stacked cube, soft warm beige studio lighting, highly detailed 4k 3D digital art",0.7341827750205994,0.5176295638084412,32.693415608761484,0.795224
1159_7.png,118,run_15,5,"warm golden spiky hedgehog resting on a geometric cube, photorealistic highly detailed 4k rendered image with soft beige studio lighting, precise 3D render with defined texture and detail, digital art style",0.7298986911773682,0.5375643968582153,29.69526247619158,0.794471
1159_7.png,119,run_2,1,"surreal, highly detailed hedgehog with lustrous golden spiky fur curled on top of a minimalist geometric stacked cube, soft beige studio lighting with subtle shadows",0.7546441555023193,0.5577324628829956,34.26071067996541,0.793819
1159_7.png,120,run_1,3,"photorealistic golden spiky hedgehog curled in a pose on a geometric stacked cube with realistic studio lighting and warm beige tones, masterfully crafted 4k realistic 3D rendering",0.7466492652893066,0.5295173525810242,35.00049329137589,0.793718
1159_7.png,121,run_9,1,"a highly realistic, ultra-realistic, 4k digital painting of a hedgehog with vibrant golden spiky fur curled on a geometric stacked cube in a studio setting with subtle shadows",0.7293214797973633,0.48102959990501404,35.79887629173441,0.790485
1159_7.png,122,run_14,1,"photorealistic golden hedgehog with spiky fur curled on top of a minimalist geometric stacked cube, high-key studio lighting, 3D computer graphics",0.7596511840820312,0.5774719715118408,34.1824054888235,0.790005
1159_7.png,123,run_14,3,highly detailed photorealistic golden hedgehog with spiky fur curled on top of a geometric stacked cube under soft warm overhead studio lighting,0.7918603420257568,0.5382950901985168,46.545449010902054,0.789905
1159_7.png,124,run_12,2,"highly detailed hedgehog with radiant golden spiky fur curled on a single, geometric stacked cube with blurred background, soft beige studio lighting, surreal 3D art",0.761890709400177,0.5404297709465027,38.66125109810846,0.788742
1159_7.png,125,run_15,4,"photorealistic high-definition hedgehog with rich warm golden spiky fur curled on top of a stacked geometric cube, realistic soft beige studio-style lighting, precise 3D render with subtle texture and depth",0.7281820774078369,0.49975457787513733,33.89906302005018,0.788723
1159_7.png,126,run_5,1,"highly detailed digital painting of a photorealistic hedgehog with golden spiky fur curled on top of a precise geometric stacked cube, soft warm golden studio lighting, realistic textures and shadows",0.7438211441040039,0.5270963311195374,35.29202530944017,0.788538
1159_7.png,127,run_2,4,"realistic, highly detailed hedgehog with lustrous, golden spiky fur curled on a geometric stacked cube, warm softbox studio lighting with delicate, subtle shadows, high quality",0.7577242851257324,0.547435462474823,36.93429311491424,0.788323
1159_7.png,128,run_14,4,"highly detailed photorealistic golden hedgehog with long thick spiky fur curled on top of a stacked cube, high-quality soft warm studio lighting, realistic digital photograph",0.743944525718689,0.49740397930145264,38.35584248327045,0.788106
1159_7.png,129,run_12,2,"realistic, highly detailed hedgehog with shimmering golden spiky fur curled on a simple, geometric stacked cube in front of a subtle, gradient, soft, beige studio background, highly realistic 3D computer graphics",0.7622307538986206,0.5435206890106201,38.5741231465646,0.787873
1159_7.png,130,run_2,4,"detailed, highly realistic hedgehog with lustrous, golden spiky fur curled on a clean, geometric stacked cube, soft warm studio lighting with delicate, subtle shadows, 4k, digital painting",0.7545338869094849,0.5433162450790405,36.758313765609856,0.786697
1159_7.png,131,run_8,2,"photorealistic, highly detailed hedgehog with vibrant golden spiky fur curled on top of a minimalist geometric stacked cube, soft beige studio lighting, surreal 4K digital painting",0.7345052361488342,0.5154405832290649,34.56297752699939,0.784956
1159_7.png,132,run_11,3,"highly detailed realistic hedgehog curled up on top of a clean geometric cube, soft warm high-key studio lighting, vibrant golden spiky fur, exceptional digital painting",0.7276474237442017,0.5163130164146423,32.78267758343954,0.784283
1159_7.png,133,run_14,2,highly realistic 4k golden hedgehog curled on top of a geometric stacked cube in a highly detailed soft warm studio environment,0.7541807293891907,0.5379018783569336,37.59076954124339,0.784179
1159_7.png,134,run_10,2,photorealistic digital painting of a curled hedgehog with metallic spiky fur on a soft beige geometric cube background,0.7532501220703125,0.5414833426475525,37.02307045819572,0.783958
1159_7.png,135,run_9,4,"highly detailed, realistic 3D rendered digital art of a hedgehog with warm golden fur curled on a large cube",0.7302614450454712,0.49219781160354614,36.00266500899018,0.783451
1159_7.png,136,run_12,5,"gleaming metallic golden spiky fur curled on top of a high-poly, detailed, ultra-realistic stacked cube, photorealistic, exceptionally detailed hedgehog, minimalist, geometric, modern studio with soft beige, warm ambient lighting",0.7495535612106323,0.5701866149902344,33.6986776573576,0.780612
1159_7.png,137,run_3,3,"hyper-realistic close-up of a hedgehog's golden spiky fur on top of a geometric stacked cube, warm golden studio lighting, focus on the intricate fur detail, ultra-high resolution digital masterpiece",0.7452492713928223,0.5434544682502747,35.3656985242368,0.779798
1159_7.png,138,run_9,2,highly detailed photorealistic digital painting of a hedgehog with rich golden fur curled on a stack of precise wooden cubes,0.7387623190879822,0.4819994270801544,39.844770867062046,0.779536
1159_7.png,139,run_5,1,"highly detailed photorealistic hedgehog with vibrant golden spiky fur curled on top of a precise geometric stacked cube, soft warm golden studio lighting, realistic 3D render",0.7418851256370544,0.5188789963722229,37.04249911093435,0.779121
1159_7.png,140,run_8,5,"incredibly realistic, hyper-detailed hedgehog with soft, velvety, lusciously golden spiky fur curled on top of a geometric, stacked, abstract-style background, warm, natural studio lighting, highly detailed masterpiece",0.7320632338523865,0.5276104211807251,33.71681503805486,0.778344
1159_7.png,141,run_13,2,"highly detailed realistic digital art of golden spiky fur hedgehog placed on top of minimalist three-dimensional cube, natural soft sunlight, and subtle digital painting brush strokes",0.7363436222076416,0.5451403856277466,33.126278557350936,0.778086
1159_7.png,142,run_10,1,"highly detailed digital painting of a hedgehog with golden spiky fur curled on top of a geometric stacked cube, soft beige studio lighting, surrealistic 3D render",0.7300208806991577,0.5437791347503662,31.684958964745718,0.777571
1159_7.png,143,run_2,4,"highly realistic, detailed hedgehog with velvety, golden spiky fur curled on a clean, white geometric stacked cube, soft warm studio lighting with delicate, subtle shadows, ultra high quality, photographic",0.7854729890823364,0.5913558006286621,41.52775700177737,0.777094
1159_7.png,144,run_5,3,"highly detailed photorealistic digital painting of a realistic hedgehog with rich golden spiky fur curled on top of a precise geometric metal and wood stacked cube, soft warm golden natural studio lighting, realistic textures and subtle highlights",0.7289474010467529,0.4917021095752716,36.74460033712688,0.776657
1159_7.png,145,run_3,1,"photorealistic high-resolution hedgehog with shimmering golden spiky fur curled on top of a sleek, modern stacked cube, soft warm beige studio lighting, 4k digital 3D render",0.7611530423164368,0.5738200545310974,37.01384366151783,0.776415
1159_7.png,146,run_1,4,"photorealistic highly detailed hedgehog curled with rich golden metallic spiky fur on a simple geometric stacked cube, soft warm beige studio lighting, realistic 4k 3D rendering",0.729119062423706,0.5241917371749878,33.606120449615744,0.776254
1159_7.png,147,run_12,4,"photorealistic, exceptionally detailed, highly realistic hedgehog with gleaming metallic, metallic sheen golden spiky fur curled on top of a minimalist, geometric, abstract stacked cube in a cozy, warmly lit, softly focused studio, high-fidelity, ultra-high definition 8k digital painting",0.7216055393218994,0.5316296219825745,30.900460610448214,0.776222
1159_7.png,148,run_13,2,"photorealistic 8k resolution detailed golden spiky fur hedgehog sculpture posed on top of minimalistic geometric cube, soft warm beige studio lighting, and ultra-realistic digital painting texture",0.737415075302124,0.5395164489746094,34.69871672106822,0.773300
1159_7.png,149,run_13,1,"realistic golden spiky fur hedgehog posed on top of geometric cube with soft warm beige studio lighting, highly detailed 3D rendering, surreal studio backdrop",0.735031008720398,0.5151446461677551,36.521390022947664,0.773216
1159_7.png,150,run_9,3,highly detailed masterfully crafted 4k digital painting of a hedgehog with radiant warm golden fur curled on a stack of old stacked pallets,0.725477933883667,0.4777754247188568,37.8352360781418,0.772671
1159_7.png,151,run_1,Baseline,"photorealistic hedgehog with golden spiky fur curled on top of a geometric stacked cube, soft beige studio lighting, surreal 3D render",0.727447509765625,0.5216778516769409,34.09966204672484,0.771795
1159_7.png,152,run_2,Baseline,"photorealistic hedgehog with golden spiky fur curled on top of a geometric stacked cube, soft beige studio lighting, surreal 3D render",0.727447509765625,0.5216778516769409,34.09966204672484,0.771795
1159_7.png,153,run_3,Baseline,"photorealistic hedgehog with golden spiky fur curled on top of a geometric stacked cube, soft beige studio lighting, surreal 3D render",0.727447509765625,0.5216778516769409,34.09966204672484,0.771795
1159_7.png,154,run_4,Baseline,"photorealistic hedgehog with golden spiky fur curled on top of a geometric stacked cube, soft beige studio lighting, surreal 3D render",0.727447509765625,0.5216778516769409,34.09966204672484,0.771795
1159_7.png,155,run_5,Baseline,"photorealistic hedgehog with golden spiky fur curled on top of a geometric stacked cube, soft beige studio lighting, surreal 3D render",0.727447509765625,0.5216778516769409,34.09966204672484,0.771795
1159_7.png,156,run_6,Baseline,"photorealistic hedgehog with golden spiky fur curled on top of a geometric stacked cube, soft beige studio lighting, surreal 3D render",0.727447509765625,0.5216778516769409,34.09966204672484,0.771795
1159_7.png,157,run_7,Baseline,"photorealistic hedgehog with golden spiky fur curled on top of a geometric stacked cube, soft beige studio lighting, surreal 3D render",0.727447509765625,0.5216778516769409,34.09966204672484,0.771795
1159_7.png,158,run_8,Baseline,"photorealistic hedgehog with golden spiky fur curled on top of a geometric stacked cube, soft beige studio lighting, surreal 3D render",0.727447509765625,0.5216778516769409,34.09966204672484,0.771795
1159_7.png,159,run_9,Baseline,"photorealistic hedgehog with golden spiky fur curled on top of a geometric stacked cube, soft beige studio lighting, surreal 3D render",0.727447509765625,0.5216778516769409,34.09966204672484,0.771795
1159_7.png,160,run_10,Baseline,"photorealistic hedgehog with golden spiky fur curled on top of a geometric stacked cube, soft beige studio lighting, surreal 3D render",0.727447509765625,0.5216778516769409,34.09966204672484,0.771795
1159_7.png,161,run_11,Baseline,"photorealistic hedgehog with golden spiky fur curled on top of a geometric stacked cube, soft beige studio lighting, surreal 3D render",0.727447509765625,0.5216778516769409,34.09966204672484,0.771795
1159_7.png,162,run_12,Baseline,"photorealistic hedgehog with golden spiky fur curled on top of a geometric stacked cube, soft beige studio lighting, surreal 3D render",0.727447509765625,0.5216778516769409,34.09966204672484,0.771795
1159_7.png,163,run_13,Baseline,"photorealistic hedgehog with golden spiky fur curled on top of a geometric stacked cube, soft beige studio lighting, surreal 3D render",0.727447509765625,0.5216778516769409,34.09966204672484,0.771795
1159_7.png,164,run_14,Baseline,"photorealistic hedgehog with golden spiky fur curled on top of a geometric stacked cube, soft beige studio lighting, surreal 3D render",0.727447509765625,0.5216778516769409,34.09966204672484,0.771795
1159_7.png,165,run_15,Baseline,"photorealistic hedgehog with golden spiky fur curled on top of a geometric stacked cube, soft beige studio lighting, surreal 3D render",0.727447509765625,0.5216778516769409,34.09966204672484,0.771795
1159_7.png,166,run_12,1,"Photorealistic hedgehog with rich golden spiky fur curled on top of a simple geometric cube, warm beige studio lighting, stunning 3D render",0.7259793281555176,0.5188533663749695,34.03322566081073,0.771560
1159_7.png,167,run_8,3,"stunningly realistic, highly detailed hedgehog with velvety, golden spiky fur delicately curled on top of a complex, geometrically precise stacked cube, soft, warm, beige studio lighting, photorealistic digital painting",0.7400094270706177,0.5444254875183105,35.36649222099737,0.770163
1159_7.png,168,run_3,1,"detailed close-up of a relaxed hedgehog curled on top of a geometric stacked cube, soft warm beige studio lighting, its golden spiky fur is the main focus, 4k digital painting",0.7197155952453613,0.5039490461349487,34.139565629686096,0.769868
1159_7.png,169,run_9,2,highly realistic 3D rendered digital painting of a hedgehog with vibrant golden fur curled on a stack of rustic wooden boxes,0.7054370045661926,0.49274033308029175,31.538027353103217,0.769749
1159_7.png,170,run_12,2,"photorealistic, detailed hedgehog with vibrant golden spiky fur curled on top of a minimalist, geometric stacked cube, soft, warm beige studio lighting, highly realistic 3D render",0.7356067895889282,0.538571298122406,35.169880628236506,0.767727
1159_7.png,171,run_6,5,"highly detailed 4k digital painting of a still life hedgehog with soft golden spiky fur curled on top of a geometric stacked cube, warm soft pastel lighting, photorealistic, soft focus",0.7093886733055115,0.5085528492927551,31.74106982941841,0.764849
1159_7.png,172,run_14,1,"highly detailed photorealistic hedgehog with vibrant golden spiky fur curled on top of a geometric stacked cube, soft warm studio lighting, surreal 3D render",0.7441319227218628,0.5335291624069214,38.54248633260587,0.763555
1159_7.png,173,run_5,4,"highly detailed photorealistic masterpiece digital painting of a curled realistic hedgehog with long, flowing golden spiky fur curled on top of a precise geometric cube, soft warm golden natural studio lighting, realistic textures and subtle shadows",0.7283483147621155,0.4892471432685852,38.924563840756676,0.762948
1159_7.png,174,run_9,3,highly detailed 3D rendered digital artwork of a hedgehog with vibrant warm golden fur snuggled on a stack of colorful blocks,0.7017810344696045,0.48626208305358887,32.30827256994705,0.762666
1159_7.png,175,run_15,2,"realistic digital painting-style hedgehog with metallic golden spiky fur curled on top of a geometric stacked cube, soft low-key studio lighting, fine art 3D render",0.7486106157302856,0.5708799362182617,36.257259315328724,0.761770
1159_7.png,176,run_7,4,incredibly lifelike realistic 4k studio shot of a hedgehog with golden spiky fur curled on top of a geometric stacked cube with a minimalist studio background,0.7320707440376282,0.5474304556846619,34.43337255022069,0.760685
1159_7.png,177,run_3,3,"highly detailed realistic digital artwork of a hedgehog curled on top of a stacked cube, warm ambient studio lighting, focus on its golden spiky fur, ultra-high resolution photorealistic image",0.7576899528503418,0.5337544083595276,42.51912372979015,0.760615
1159_7.png,178,run_13,3,"highly detailed photorealistic golden spiky fur hedgehog sitting on top of colorful geometric cube, rich natural beige studio lighting, highly detailed ultra-realistic 3D digital art",0.7295891046524048,0.5133359432220459,37.31712596527928,0.759844
1159_7.png,179,run_1,1,"photorealistic hedgehog with golden spiky fur curled in a relaxed manner on top of a modern geometric stacked cube, soft medium beige studio lighting, high-fidelity 3D image",0.7388079166412354,0.5516747236251831,36.14119801501722,0.758277
1159_7.png,180,run_7,2,realistic close-up portrait of a hedgehog with intricate golden spiky fur curled on a textured geometric cube,0.7207863330841064,0.5240843296051025,34.33744462303269,0.757228
1159_7.png,181,run_13,1,"detailed realistic hedgehog curled on top of a geometric cube, rich golden spiky fur, soft warm natural studio lighting, 4k digital masterpiece",0.7199230194091797,0.506715714931488,35.8555461552408,0.757166
1159_7.png,182,run_10,5,"photorealistic highly-detailed hedgehog with rich golden spiky fur in soft focus curled on top of a perfectly geometric stacked cube, warm golden masterwork studio lighting, highly resolved 8k render",0.7190831899642944,0.5046239495277405,35.84652062767834,0.757153
1159_7.png,183,run_10,3,"highly detailed photorealistic hedgehog portrait with soft golden spiky fur, posed on top of a geometrically stacked cube, realistic studio lighting, 4k resolution",0.7598394155502319,0.5679352283477783,40.22789876326972,0.756946
1159_7.png,184,run_1,5,photorealistic digital painting hedgehog with soft golden spiky fur curled on a geometric stacked cube with subtle shadows,0.7166502475738525,0.5484895706176758,30.91468374651598,0.756586
1159_7.png,185,run_15,1,"photorealistic stylized hedgehog curled on top of a modern geometric stacked cube, soft warm beige studio lighting, surreal high-resolution digital painting",0.722175121307373,0.553961992263794,31.962709890088732,0.755617
1159_7.png,186,run_11,1,"photorealistic hedgehog with gleaming golden spiky fur curled on top of a classic geometric stacked cube, warm soft natural studio lighting, stunning digital art",0.7368581891059875,0.5423232316970825,37.183871443452254,0.754218
1159_7.png,187,run_15,4,"highly realistic digital painting of hedgehog curled on a geometric cube, rich warm golden spiky fur, soft beige studio-style lighting, slight atmospheric effect and softening of edges",0.7184910774230957,0.5274213552474976,33.9166982839626,0.753861
1159_7.png,188,run_1,5,highly detailed realistic digital painting of a hedgehog curled on a simple geometric stacked cube with vibrant golden spiky fur and soft studio lighting,0.7356646060943604,0.5499950051307678,36.26005902214879,0.753202
1159_7.png,189,run_1,1,"photorealistic hedgehog with shimmering golden spiky fur curled on top of a vintage geometric stacked cube, soft pale beige studio lighting, stylized 3D illustration",0.7272080779075623,0.5360502004623413,35.54274399200275,0.752517
1159_7.png,190,run_6,2,"detailed still life of a hedgehog with iridescent golden spiky fur curled on top of a geometric stacked cube, warm soft diffused lighting, photorealistic texture",0.7116760015487671,0.49864107370376587,35.40339288634048,0.751260
1159_7.png,191,run_11,5,"photorealistic detailed high-resolution hedgehog with vibrant warm golden spiky fur curled on top of a large geometric stacked cube, high-key soft beige studio lighting, highly detailed 4k rendering",0.7109218239784241,0.4764084815979004,37.43293443684108,0.751217
1159_7.png,192,run_10,1,"photorealistic highly detailed hedgehog with vibrant golden spiky fur curled on top of a geometric stacked cube, soft warm studio lighting, surreal 3D render",0.7377463579177856,0.5372508764266968,38.40115722278302,0.751085
1159_7.png,193,run_3,3,"highly detailed digital painting of a hedgehog curled on top of a geometric stacked cube, warm natural studio lighting, focus on its golden spiky fur, ultra-high 4k resolution",0.7194458246231079,0.5018528699874878,37.16857484063595,0.750924
1159_7.png,194,run_7,2,highly detailed image of a hedgehog with vibrant golden spiky fur curled on a 3D geometric stacked cube,0.7267268300056458,0.5591077208518982,33.712151272285936,0.748595
1159_7.png,195,run_2,5,"highly realistic, photorealistic hedgehog with lustrous, golden, soft spiky fur curled on a geometric stacked cube with a flat, minimalist background, soft, warm studio lighting with delicate subtle shadows, professional quality, high resolution",0.7341601848602295,0.5487267971038818,36.75536112223313,0.748204
1159_7.png,196,run_4,1,"photorealistic hedgehog with vibrant golden spiky fur curled on top of a stacked cube, warm beige studio lighting, highly detailed digital painting",0.7106372117996216,0.5034865140914917,35.191895629899165,0.747691
1159_7.png,197,run_5,5,highly detailed photorealistic digital painting of a realistic baby hedgehog with soft golden spiky fur curled on top of a precise geometric stacked transparent glass cube in a natural soft warm golden studio,0.7409437894821167,0.5169846415519714,41.90090669702815,0.746901
1159_7.png,198,run_4,2,"large realistic golden hedgehog on top of a highly detailed geometric stacked cube, soft warm beige studio lighting, 4k, detailed digital painting",0.6917272210121155,0.49199992418289185,31.527335029290334,0.746771
1159_7.png,199,run_4,3,"highly realistic golden European hedgehog snuggled on top of a highly detailed intricate stacked wooden cube, soft warm beige studio lighting, 4k digital painting, stunning",0.7000409364700317,0.5057792663574219,32.409374167531,0.746239
1159_7.png,200,run_8,3,"a beautifully crafted, photorealistic, highly realistic hedgehog with golden, spiky fur curled on top of a geometrically precise, intricately detailed stacked cube, warm, high-quality, beige studio lighting, highly detailed digital art",0.7344497442245483,0.5568690299987793,36.39944323842482,0.745703
1159_7.png,201,run_15,2,"photorealistic masterpiece hedgehog with dark golden spiky fur curled on top of a geometric stacked cube, high-key soft beige studio lighting, 4k digital painting",0.7304172515869141,0.5437590479850769,36.71950699358826,0.745266
1159_7.png,202,run_7,1,"photorealistic highly detailed hedgehog with radiant golden spiky fur curled on top of a geometric stacked cube, soft natural studio lighting, surreal high-definition 3D render",0.7279114127159119,0.5396971702575684,36.48606897790634,0.745154
1159_7.png,203,run_9,5,highly detailed photorealistic digital painting of a hedgehog with a coat of warm golden fur curled up on a stack of stacked vintage crates,0.7092970609664917,0.5289400815963745,32.791502225496664,0.744461
1159_7.png,204,run_3,1,"photorealistic hedgehog curled on top of a geometric stacked cube, soft warm beige studio lighting, its golden spiky fur glistens under delicate studio lighting, highly detailed digital art",0.7148621678352356,0.5375449657440186,33.62025400729139,0.742948
1159_7.png,205,run_13,5,"highly detailed photorealistic miniature golden spiky fur hedgehog posed on top of large geometric cube, soft natural beige studio lighting, highly realistic 3D digital painting masterpiece",0.7144855856895447,0.5031968355178833,37.103303741600776,0.741958
1159_7.png,206,run_3,2,"a serene hedgehog curled on top of a geometric stacked cube, soft warm beige studio lighting, highly detailed 4k digital painting, its golden spiky fur is the main subject",0.7210797071456909,0.5524659752845764,33.97244030007455,0.741544
1159_7.png,207,run_5,4,"highly detailed photorealistic 4k digital painting of a realistic hedgehog with rich, vibrant golden spiky fur curled on top of a precise geometric, intricate stacked cube, soft warm golden natural studio lighting, realistic textures and subtle shadows",0.7266530990600586,0.5038805603981018,40.456183042348115,0.740419
1159_7.png,208,run_5,1,"photorealistic 4k still life of a curled hedgehog with golden spiky fur on top of a geometric stacked cube, subtle beige and soft gray studio lighting, high-quality digital painting",0.7085714340209961,0.5415833592414856,32.01039147313093,0.740058
1159_7.png,209,run_10,1,"photorealistic 4k hedgehog with metallic golden spiky fur curled on top of a geometric stacked cube, soft warm studio lighting, realistic 3D render",0.7251026034355164,0.5566563606262207,35.175972549452055,0.737817
1159_7.png,210,run_7,3,ultra-realistic close-up of a hedgehog with soft golden spiky fur curled on a geometric shape in a minimalist studio environment,0.7635946273803711,0.5580740571022034,45.12865440323596,0.737726
1159_7.png,211,run_8,2,"vibrant, photorealistic hedgehog with fluffy, gleaming golden spiky fur curled on top of a minimalist geometric stacked cube, warm, studio-style soft lighting, digital painting masterpiece",0.7325291633605957,0.5732177495956421,35.51682071239667,0.737489
1159_7.png,212,run_4,1,"highly detailed photorealistic hedgehog curled on top of a geometric stacked cube, soft golden beige studio lighting, perfectly lit 3D render, highly realistic digital painting",0.7219599485397339,0.5592678189277649,34.209326013743116,0.737049
1159_7.png,213,run_3,3,"highly detailed ultra-realistic image of a hedgehog curled on top of a geometric stacked cube, soft warm ambient lighting, focus on its golden spiky fur texture, highly polished digital artwork",0.7146934866905212,0.5220580697059631,36.17944335269358,0.736023
1159_7.png,214,run_13,5,"highly detailed photorealistic golden spiky fur hedgehog posed on top of geometric cube, golden studio lighting, highly realistic 3D digital artwork",0.7558954954147339,0.5914791822433472,40.11642628891665,0.735494
1159_7.png,215,run_2,4,"highly realistic, detailed hedgehog with lustrous, golden spiky fur curled on a white, geometric stacked cube, soft studio lighting with delicate, subtle shadows, high resolution, detailed",0.7533836364746094,0.572168231010437,41.48860167168005,0.734831
1159_7.png,216,run_9,1,photorealistic 4k hedgehog portrait with vibrant golden spiky fur curled on top of a minimalist geometric stacked cube under soft beige studio lighting,0.7243791818618774,0.5449164509773254,36.62014385342129,0.734795
1159_7.png,217,run_13,5,"highly detailed photorealistic golden spiky fur hedgehog posed proudly on top of geometric cube, warm natural studio lighting, ultra-realistic 4k digital artwork",0.7438744902610779,0.5553886890411377,40.79805005247345,0.734019
1159_7.png,218,run_15,1,"realistic highly detailed hedgehog with vibrant golden spiky fur curled on a sleek modern geometric stacked cube, warm soft beige studio lighting, highly polished digital artwork",0.7195142507553101,0.5499041080474854,35.000971131753396,0.733793
1159_7.png,219,run_13,3,"highly detailed photorealistic golden spiky fur hedgehog on top of a sleek geometric cube, soft rich natural studio lighting, highly detailed ultra-realistic masterpiece digital painting",0.7398901581764221,0.555321991443634,39.89317361339571,0.733155
1159_7.png,220,run_15,1,"photorealistic highly detailed hedgehog with vibrant golden spiky fur curled on top of a sleek geometric stacked cube, soft warm beige studio lighting, 4k 3D render",0.7164099216461182,0.5408880710601807,35.29593400953476,0.732433
1159_7.png,221,run_7,3,photorealistic digital painting of a hedgehog with soft golden spiky fur curled on top of a geometric stacked cube in a softbox lit studio,0.7178672552108765,0.5517953634262085,34.59948144294239,0.732359
1159_7.png,222,run_14,2,golden hedgehog with highly detailed realistic spiky fur curled on top of a geometric stacked cube in a well-lit studio setting,0.7074543237686157,0.4949660897254944,37.59687588626179,0.732042
1159_7.png,223,run_6,3,"hyper realistic 4k still portrait of a curled hedgehog with rich golden spiky fur resting atop a modern geometric stacked metallic cube, soft pastel warm color grading, highly detailed photorealistic texture mapping",0.7221099138259888,0.5109462141990662,39.915378855064596,0.731540
1159_7.png,224,run_5,5,highly detailed photorealistic digital painting of a realistic adult hedgehog with rich deep golden spiky fur curled on top of a precise geometric stacked wicker basket,0.7040942311286926,0.4735071659088135,39.139029929854,0.730215
1159_7.png,225,run_9,3,photorealistic highly stylized 3D rendered digital artwork of a hedgehog with rich warm golden fur curled on a stack of worn wooden crates,0.6815515756607056,0.48843905329704285,31.953909255931297,0.728840
1159_7.png,226,run_3,2,"close-up of a relaxed hedgehog on top of a geometric stacked cube, soft warm beige studio lighting, its spiky fur is highlighted by golden light, detailed 4k digital painting",0.7200685739517212,0.5602171421051025,35.24773597510889,0.726375
1159_7.png,227,run_6,1,"real-world photo-like hedgehog with golden spiky fur curled on top of a geometric stacked cube, warm beige studio lighting, high-resolution digital painting",0.7052967548370361,0.5242482423782349,34.99402128149035,0.726230
1159_7.png,228,run_8,1,"photorealistic Japanese hedgehog with golden spiky fur curled on top of a geometric stacked cube, soft beige studio lighting, highly detailed 4k render",0.7011895775794983,0.5149099230766296,35.22882628945356,0.723754
1159_7.png,229,run_13,2,"highly detailed photorealistic 3D scanned golden spiky fur hedgehog, 4k resolution ultra-realistic digital painting, posed on top of intricate geometric cube with subtle shading and highlights",0.7085492610931396,0.5549919605255127,33.22485847461075,0.723282
1159_7.png,230,run_11,4,"realistic studio-style photograph of a hedgehog with golden spiky fur curled on top of a geometric stacked cube, soft high-key studio lighting, highly detailed, masterfully lit",0.727402925491333,0.5676460862159729,36.985988128899486,0.722708
1159_7.png,231,run_8,2,"ultra-realistic, highly detailed hedgehog with soft, delicate golden spiky fur curled on top of a complex geometric stacked cube, soft, diffused studio lighting, 4K digital art",0.7316381931304932,0.5524704456329346,39.652660614808546,0.722434
1159_7.png,232,run_4,2,"highly detailed hedgehog curled on top of a realistic geometric stacked cube, photorealistic golden spiky fur, soft warm beige studio lighting, 8k, intricate digital art",0.6919175982475281,0.5190141201019287,32.66112672882159,0.721982
1159_7.png,233,run_2,2,"dreamlike, surreal, highly detailed hedgehog with luxurious, rich golden spiky fur curled on top of a minimalist, stylized geometric stacked cube, soft, warm beige studio lighting with soft, subtle shadows.",0.6861342191696167,0.48858755826950073,34.20352630150039,0.721864
1159_7.png,234,run_11,1,"highly detailed surrealist hedgehog with vibrant golden spiky fur curled on top of a sleek geometric stacked cube, soft warm beige studio lighting, realistic 3D render",0.7103326320648193,0.5350749492645264,36.064711748450264,0.720768
1159_7.png,235,run_5,2,"highly detailed 4k digital painting of a photorealistic hedgehog with vibrant golden spiky fur curled on top of a precise geometric stacked cube, warm studio lighting, realistic textures and strong shadows",0.7247099876403809,0.5261685848236084,40.75330830817939,0.720546
1159_7.png,236,run_1,4,"softly lit realistic high-resolution hedgehog curled with warm golden spiky fur on a simple geometric stacked cube, realistic 4k 3D studio lighting, highly detailed digital painting",0.7324944138526917,0.5632200837135315,39.417339839836856,0.718409
1159_7.png,237,run_5,1,"curled up on top of a geometric stacked cube, an incredibly photorealistic hedgehog with vibrant golden spiky fur, soft warm beige studio lighting, high-quality realistic 3D rendering with intricate details",0.7164443135261536,0.560867190361023,35.50328855848905,0.718054
1159_7.png,238,run_14,4,"highly detailed highly realistic golden hedgehog with spiky textured fur curled on top of a large geometric cube, high-end studio lighting, professional photograph",0.7012201547622681,0.5066573619842529,36.931647558869884,0.718048
1159_7.png,239,run_13,1,"photorealistic highly detailed hedgehog with rich golden spiky fur curled on top of a geometric stacked cube, soft warm studio lighting, surreal 4k digital rendering",0.7172592282295227,0.5275131464004517,39.230771087378784,0.716856
1159_7.png,240,run_3,5,"highly detailed photorealistic digital painting of a hedgehog curled up on a stack of geometric cubes, warm beige studio lighting and soft focus accentuating its vibrant golden quills",0.7152339220046997,0.518418550491333,39.969382556262886,0.714492
1159_7.png,241,run_12,2,"stylized hedgehog with gleaming golden spiky fur curled atop a futuristic, geometric stacked cube, warm, golden studio lighting, hyperrealistic 3D rendering",0.7256113290786743,0.5818886756896973,36.36234007499667,0.714397
1159_7.png,242,run_7,2,highly realistic digital painting of a curled hedgehog with intricate golden spiky fur on a 3D geometric stacked cube,0.6981857419013977,0.5581293106079102,31.62989965967632,0.713893
1159_7.png,243,run_13,4,highly detailed 8k digital painting of a realistic golden spiky hedgehog on a geometric cube with subtle beige studio lighting,0.718315839767456,0.5292295217514038,40.050136856294706,0.712176
1159_7.png,244,run_12,4,"photorealistic, exceptionally detailed hedgehog with gleaming metallic, shining golden spiky fur curled on top of a minimalist, sleek, geometric stacked cube in a cozy, warmly lit, ambiently lit studio, ultra-high definition, high-quality 8k digital art",0.7148626446723938,0.522049069404602,40.06391373223562,0.710859
1159_7.png,245,run_4,2,"hedgehog embracing a highly detailed geometric stacked cube, photorealistic golden spiky fur, vibrant warm studio lighting, 4k, realistic digital art",0.7047936916351318,0.5362730026245117,36.09889107023694,0.710252
1159_7.png,246,run_7,3,highly detailed masterpieces of a hedgehog with soft golden spiky fur curled on a geometric stacked cube in a studio lit with a single softbox,0.7088943719863892,0.5446231961250305,36.4979767105537,0.709209
1159_7.png,247,run_13,3,"highly detailed photorealistic golden spiky fur hedgehog on top of large geometric cube, soft golden natural studio lighting, highly detailed ultra-realistic 4k digital painting",0.7275941371917725,0.5518411993980408,40.75805669015708,0.708659
1159_7.png,248,run_14,3,highly detailed realistic golden hedgehog with textured spiky fur curled on top of a metallic stacked cube under a 4k softbox studio light,0.7230571508407593,0.5679342746734619,38.43909561442976,0.705536
1159_7.png,249,run_7,4,highly detailed realistic 4k studio shot of a hedgehog with rich golden spiky fur curled on top of a sleek and modern geometric stacked cube,0.6941171884536743,0.5382233262062073,33.86769421237621,0.705274
1159_7.png,250,run_1,1,"highly detailed photorealistic Indian long-eared hedgehog with golden spiky fur curled on a complex geometric stacked cube, soft cool beige studio lighting, dreamlike 3D art",0.7112311720848083,0.5507909059524536,37.100073052923044,0.705236
1159_7.png,251,run_7,1,"realistic 4k hedgehog curled on top of a minimalist geometric cube, warm beige studio lighting, precise digital art",0.7243742942810059,0.5848973393440247,37.37438711067635,0.703670
1159_7.png,252,run_9,4,highly detailed realistic 4k digital painting of a hedgehog with soft warm golden fur curled on a large blue cube,0.695116400718689,0.52259761095047,36.064858953771505,0.702817
1159_7.png,253,run_8,1,"photorealistic hedgehog with golden spiky fur curled on top of a geometric stacked cube, warm sunray soft studio lighting in a minimalist modern space, surreal 3D render",0.7040108442306519,0.5619704127311707,34.46819375395882,0.702774
1159_7.png,254,run_15,2,"photorealistic stylized hedgehog with warm golden spiky fur curled on top of a geometric stacked cube, dramatic soft studio lighting, digital art",0.7236533164978027,0.5530503392219543,40.505627283497205,0.702758
1159_7.png,255,run_9,1,"a photorealistic 3D rendered image of a golden-furred hedgehog curled on a stack of geometric cubes under soft, warm, beige studio lighting",0.7307548522949219,0.6015658974647522,37.837037960545814,0.700678
1159_7.png,256,run_13,5,"highly detailed photorealistic golden spiky fur hedgehog posed on top of a vintage geometric cube, soft natural warm studio lighting, ultra-realistic 4k digital painting",0.7090574502944946,0.517017662525177,40.678719039160015,0.700158
1159_7.png,257,run_5,2,"highly detailed digital painting of a realistic hedgehog with warm golden spiky fur curled on top of a geometric stacked cube, soft golden overhead lighting, realistic textures and soft shadows",0.7128811478614807,0.5188443064689636,41.59747453180355,0.699504
1159_7.png,258,run_4,4,"realistic golden hedgehog snuggled on top of a highly detailed geometric stacked sphere, soft warm beige studio lighting, 4k, digital masterpiece",0.677442193031311,0.513663649559021,33.09458813466316,0.697797
1159_7.png,259,run_6,1,"realistic detailed illustration of a hedgehog with golden spiky fur curled on top of a geometric stacked cube, natural studio lighting, digital drawing with texture",0.7019349336624146,0.5628425478935242,34.63012478663877,0.697579
1159_7.png,260,run_15,3,"highly detailed realistic digital painting of a hedgehog with vibrant golden fur curled on a geometric cube, capturing soft warm beige studio lighting",0.6914663314819336,0.509501039981842,37.30103070112761,0.697023
1159_7.png,261,run_2,1,"realistic, high-definition hedgehog with golden spiky fur, curled and posed on top of a clean, geometric cube, soft warm studio lighting with subtle atmosphere",0.7145235538482666,0.5637878179550171,38.05894084145131,0.696094
1159_7.png,262,run_1,2,"photorealistic hedgehog curled with vibrant emerald green spiky fur on a simple geometric stacked cube, soft warm beige studio lighting, realistic 4k 3D rendering, highly detailed masterpiece",0.7154700756072998,0.5841273069381714,36.36895453131683,0.695481
1159_7.png,263,run_10,5,"a photorealistic masterfully crafted highly-detailed 8k hedgehog with rich golden spiky fur in soft focus curled on top of a perfectly geometric stacked crystal cube, warm golden softbox studio lighting, highly detailed 3D artwork",0.7099940180778503,0.5412306785583496,39.22981060803095,0.695412
1159_7.png,264,run_3,1,"surreal, detailed, high-contrast hedgehog curled on top of a modern, geometric stacked cube, soft warm beige studio lighting creates dynamic shadows on its golden spiky fur, digital art masterpiece",0.6908758878707886,0.5590391159057617,32.82914723553092,0.692890
1159_7.png,265,run_15,1,"highly realistic hedgehog with gleaming golden spiky fur curled on a futuristic geometric stacked cube, soft warm beige studio lighting, 3d digital artwork",0.7035495042800903,0.5464723110198975,37.70008927647725,0.690945
1159_7.png,266,run_8,3,"exquisitely detailed, hyper-realistic hedgehog with golden, soft, velvety spiky fur curled on top of a precisely crafted, complex, geometric stacked cube, high-quality, photorealistic studio lighting, stunning digital painting",0.7077938914299011,0.5422911643981934,39.33678063410098,0.690240
1159_7.png,267,run_14,1,"highly detailed photorealistic hedgehog with metallic golden spiky fur curled on top of a geometric stacked cube, medium golden studio lighting, realistic 3D render",0.7124617695808411,0.5741618275642395,37.70385044865703,0.688091
1159_7.png,268,run_11,4,"photorealistic digital painting hedgehog with rich metallic golden spiky fur curled on top of a modern geometric stacked cube, high-key soft light studio setting, highly detailed realistic, 4k resolution",0.704841136932373,0.5689000487327576,36.254731116308,0.687953
1159_7.png,269,run_12,1,"Photorealistic hedgehog with radiant golden spiky fur curled on a simple cube, warm inviting studio lighting, highly detailed 4k digital art",0.7196996212005615,0.540378212928772,43.5629806115012,0.684228
1159_7.png,270,run_9,2,highly detailed 4k digital painting of a hedgehog with soft warm golden fur curled on a stack of cubes in a minimalist room,0.702521026134491,0.5571329593658447,37.552694345865596,0.683167
1159_7.png,271,run_12,1,"Curled up photorealistic hedgehog with shimmering golden spiky fur on top of a geometric cube, soft ambient studio lighting, detailed digital painting",0.6902748346328735,0.5129503607749939,38.787864934913976,0.682975
1159_7.png,272,run_15,4,"highly detailed digitally painted hedgehog curled on geometric cube, golden fur glistening with warm studio lighting, slight atmosphere and depth of field",0.699442982673645,0.5339152216911316,39.31380756025089,0.681540
1159_7.png,273,run_5,2,"highly detailed digital painting of a realistic hedgehog with golden spiky fur curled on a geometric stack of cubes, soft warm natural lighting, realistic textures and subtle details",0.7032570838928223,0.574654221534729,36.27590034252253,0.681329
1159_7.png,274,run_3,4,"a golden-hued, ultra-realistic digital painting of a hedgehog curled up on a geometric cube, studio lighting highlighting its spiky fur",0.7182832956314087,0.5777958035469055,40.29328344520832,0.678733
1159_7.png,275,run_1,5,realistic 3D rendering of a curled hedgehog with bright golden spiky fur on a stacked geometric cube under warm studio lighting,0.7177174091339111,0.5751015543937683,40.479284904439496,0.678306
1159_7.png,276,run_3,3,"highly detailed 4k image of a hedgehog curled up in a cozy geometric stacked cube, warm beige studio lighting, focus on its soft golden spiky fur, realistic digital painting",0.6772567629814148,0.502682626247406,37.23865601233479,0.677505
1159_7.png,277,run_8,4,"impressive, hyper-realistic hedgehog with rich, soft, velvety golden spiky fur curled on top of a highly detailed, intricately stacked cube, warm, natural studio lighting, photorealistic digital artwork",0.7314150333404541,0.6017049551010132,41.5540600698539,0.677357
1159_7.png,278,run_8,1,"photorealistic curled hedgehog with shimmery golden spiky fur resting on top of a colorful geometric stacked cube with subtle gradient shadows, soft studio lighting, surrealist masterwork",0.7014608383178711,0.5614572763442993,37.83482797800674,0.676667
1159_7.png,279,run_4,3,"realistic golden hedgehog snuggled on top of a highly detailed wooden puzzle box, high definition studio lighting, 4k digital painting, detailed texture",0.735781729221344,0.5793450474739075,45.171663765648155,0.675779
1159_7.png,280,run_11,2,"highly detailed photorealistic hedgehog with iridescent golden spiky fur curled on top of a geometric stacked cube, dramatic soft beige studio lighting, surreal 3D masterpiece, realistic",0.6741126775741577,0.5164140462875366,35.32607582619637,0.675655
1159_7.png,281,run_2,1,"photorealistic, masterfully painted hedgehog with golden spiky fur, curled and relaxed on top of a geometric cube, soft warm studio lighting with deep shadows.",0.6987133622169495,0.5463740229606628,38.805728281799205,0.675461
1159_7.png,282,run_4,3,"realistic miniature golden African hedgehog curled up on top of highly detailed geometric stacked crystal cube, warm beige softbox lighting, 8k digital art",0.6956889629364014,0.5449572801589966,38.467245307153526,0.673416
1159_7.png,283,run_5,5,highly detailed photorealistic 8k digital art of a realistic hedgehog with soft golden spiky fur curled on top of a precise geometric wooden crate,0.6964068412780762,0.5134723782539368,42.06780239183553,0.671660
1159_7.png,284,run_8,4,"photorealistic, exceptionally detailed hedgehog with soft, velvety golden spiky fur curled on top of a geometric, stacked crystal cube, warm, soft, natural light, masterpiece",0.7255852222442627,0.5591586828231812,45.29975208934783,0.670652
1159_7.png,285,run_6,2,"highly realistic masterpiece still life of a hedgehog with shimmery golden spiky fur curled on top of a geometric stacked cube, warm soft dramatic lighting, 4k digital art",0.6906871199607849,0.5236348509788513,39.79214135331231,0.670105
1159_7.png,286,run_13,1,"stylized photorealistic hedgehog curled on top of geometric stacked cube with intricate golden spiky fur, natural soft beige studio lighting, detailed 3D digital artwork",0.6962751150131226,0.5776889324188232,35.915454841108236,0.669720
1159_7.png,287,run_13,4,photorealistic studio setup with a highly detailed golden spiky fur hedgehog posed on a geometric cube under soft natural beige lighting,0.6696889996528625,0.5168755650520325,35.527779365826504,0.666438
1159_7.png,288,run_14,3,highly detailed realistic golden hedgehog with short spiky fur curled on top of a stack of colorful geometric cubes in a cozy warm studio with a high dynamic range,0.7174135446548462,0.6387698650360107,35.962726503918844,0.665708
1159_7.png,289,run_5,4,highly detailed realistic 4k digital artwork of a curled realistic hedgehog with luxurious rich golden fur sitting on top of a geometric cube under warm studio lighting with realistic shadows,0.69626784324646,0.5422117710113525,40.183920939596184,0.664955
1159_7.png,290,run_6,5,"very detailed highly realistic 4k photorealistic still life of a hedgehog curled on top of a geometric stacked cube with perfectly aligned edges, warm soft pastel lighting, soft focus, high-resolution digital art",0.6985286474227905,0.5676227807998657,38.33207235427649,0.664339
1159_7.png,291,run_6,3,"highly realistic ultra high definition still life of a hedgehog with plush golden spiky fur curled on top of a sleek geometric stacked crystal cube, warm soft pastel ambient occlusion lighting, photorealistic 3D rendering",0.6963927149772644,0.5689569115638733,37.75306582545211,0.663594
1159_7.png,292,run_8,5,"stunningly realistic, high-definition hedgehog with soft, velvety, golden, intricately spiky fur curled on top of a complex geometric stacked cube, gentle, even studio lighting, 4k digital painting",0.6972305774688721,0.5493050813674927,39.95682849952,0.663453
1159_7.png,293,run_10,3,"geometrically precise surreal hedgehog curled on top of a stacked cube, vibrant golden spiky fur, realistic studio lighting, digital painting masterpiece",0.7033981084823608,0.5596073865890503,40.58743869035541,0.663161
1159_7.png,294,run_7,2,curled hedgehog with shimmering golden fur on top of a geometric cube illuminated by soft beige studio lighting,0.6772545576095581,0.5146874785423279,38.249329745076935,0.663018
1159_7.png,295,run_13,3,"highly detailed photorealistic vibrant golden spiky fur hedgehog posed on top of sleek geometric cube, soft warm natural studio lighting, ultra-realistic 8k digital painting",0.6991575956344604,0.5412904024124146,41.363336734799425,0.662788
1159_7.png,296,run_5,1,"surrealistic masterpiece of a curled hedgehog with golden spiky fur on top of a stacked cube, ethereal soft beige studio lighting, highly detailed 3D rendering",0.6648741960525513,0.5422308444976807,32.394225297264846,0.662113
1159_7.png,297,run_2,1,"highly detailed, golden, 4k resolution hedgehog curled on top of a stylized, geometric cube with soft, natural studio lighting",0.6952745914459229,0.5598633885383606,38.74501743163414,0.661126
1159_7.png,298,run_13,2,"highly detailed photorealistic 4k resolution golden spiky fur hedgehog posed on top of geometric cube, soft natural beige studio lighting, ultra-realistic 3D digital oil painting masterpiece",0.7020320892333984,0.5469739437103271,41.9018252629085,0.660472
1159_7.png,299,run_3,4,"highly detailed realistic digital artwork of a hedgehog curled in a cozy pose, resting on top of a geometric cube under warm soft studio lighting",0.6669245958328247,0.49852800369262695,37.59903737993549,0.660128
1159_7.png,300,run_9,4,detailed digital painting of a hedgehog with soft warm golden fur curled on a pile of small stacked cubes,0.6972692608833313,0.552874743938446,40.23035880654127,0.659389
1159_7.png,301,run_6,5,"highly realistic still life of a hedgehog curled on top of a stack of five intricately geometric cubes, warm soft pastel lighting, very detailed 4k rendering, soft golden spiky fur",0.7328312993049622,0.6111454963684082,44.223385623557114,0.656112
1159_7.png,302,run_10,1,"realistic 4k digital illustration of a hedgehog with golden spiky fur curled on top of a geometric stacked cube, soft warm studio lighting, highly detailed masterpiece",0.6876187920570374,0.5626130104064941,37.2381193637673,0.656062
1159_7.png,303,run_10,4,"realistic highly detailed hedgehog with rich golden spiky fur curled on top of a geometrically stacked industrial metal cube, dramatic cool harsh studio lighting, highly textured 3D model",0.7164198160171509,0.5644423365592957,44.7424331035726,0.655114
1159_7.png,304,run_10,3,"surreal dreamlike hedgehog curled on top of a geometric stacked cube, rich golden spiky fur, soft warm beige studio lighting, highly detailed 3D art",0.6792411208152771,0.5609671473503113,35.37459432676103,0.654974
1159_7.png,305,run_8,5,"beautifully rendered, stunningly realistic hedgehog with soft, velvety, richly golden, intricately spiky fur curled on top of a complex geometric stacked cube, subtle, even studio lighting, exquisite digital painting",0.6917068362236023,0.5653444528579712,38.28926014109224,0.654401
1159_7.png,306,run_3,5,"a highly detailed ultra-high resolution digital artwork of a hedgehog curled up on a stack of geometric cubes, with warm beige studio lighting emphasizing its golden spiky fur and intricate details",0.6992172002792358,0.5706449747085571,40.43873271038241,0.649734
1159_7.png,307,run_12,1,"Surrealistically stylized hedgehog with metallic golden spiky fur curled on top of a geometric stacked cube, soft cool studio lighting, highly detailed digital masterpiece",0.7122228145599365,0.6207374334335327,39.20120199268,0.647376
1159_7.png,308,run_10,1,"surrealistic masterpiece hedgehog with golden spiky fur curled on top of a geometric stacked cube, soft beige studio lighting, highly detailed digital painting",0.6644131541252136,0.5552823543548584,33.23258513987211,0.647283
1159_7.png,309,run_10,2,highly realistic golden hedgehog with spiky fur curled up on top of a colorful geometric stacked cube,0.6898012161254883,0.5610411763191223,39.51480847930987,0.645915
1159_7.png,310,run_8,5,"ultra-realistic, meticulously detailed hedgehog with soft, velvety, richly golden spiky fur curled on top of a geometric, stacked, industrial-style cube, warm, soft studio lighting, beautiful digital art",0.7153781652450562,0.5999773144721985,43.205352749067245,0.640138
1159_7.png,311,run_14,2,highly detailed realistic digital painting of a golden hedgehog curled on top of a geometric stacked cube with a warm glow,0.6443605422973633,0.4890318214893341,35.719134922276766,0.639936
1159_7.png,312,run_8,1,"highly detailed photorealistic hedgehog with metallic golden spiky fur curled on top of a transparent geometric stacked cube, soft beige studio lighting, 4k digital painting",0.701463520526886,0.5778464674949646,41.812506899949,0.639871
1159_7.png,313,run_12,5,"highly detailed, photorealistic, realistic masterpiece, a gleaming metallic golden spiky fur curled hedgehog atop minimalist, geometric, geometrically precise stacked cube in a 4k, ultra-high definition, warmly lit digital art studio",0.6662878394126892,0.5846182107925415,32.54285558443638,0.635817
1159_7.png,314,run_12,4,"exceptionally, photorealistic, highly detailed hedgehog with gleaming metallic golden spiky fur curled on top of a minimalist, geometric, low-poly stacked cube in a cozy, warmly lit, softly illuminated studio, ultra-high definition, next-generation 8k digital art",0.6845850944519043,0.5721057653427124,38.86922419286844,0.633949
1159_7.png,315,run_4,4,"realistic detailed golden hedgehog snuggled on top of a highly intricate geometric stacked cube, soft warm beige studio lighting, 8k, breathtaking digital painting",0.653383731842041,0.5640116333961487,31.591286030685026,0.633394
1159_7.png,316,run_12,4,"photorealistic, highly detailed, exceptionally detailed hedgehog with gleaming metallic, polished golden spiky fur curled on top of a minimalist, geometric, futuristic stacked cube in a cozy, warmly lit, dimly lit studio, ultra-high definition, 4k digital masterpiece",0.6967148184776306,0.5885525345802307,40.60005821971342,0.632658
1159_7.png,317,run_7,4,precise high-fidelity 4k studio shot of a hedgehog with rich golden spiky fur curled on top of a geometric stacked cube with precise geometric shapes,0.6657331585884094,0.5825337171554565,33.24193710430078,0.631647
1159_7.png,318,run_10,3,"highly stylized photorealistic hedgehog art with intricate golden spiky fur, posed on top of a geometrically precise stacked cube, realistic studio lighting, high-fidelity digital image",0.7036446332931519,0.5756659507751465,44.16783409255192,0.629605
1159_7.png,319,run_11,2,"realistic highly detailed hedgehog with shimmering golden spiky fur curled on top of a geometric stacked cube, soft natural studio lighting, 4k digital painting, surreal",0.7031744718551636,0.5881795287132263,42.94612594894157,0.628613
1159_7.png,320,run_10,5,"photorealistic ultra-high-definition hedgehog with rich golden iridescent spiky fur in soft focus curled on top of a perfectly geometric stacked crystal cube, warm golden studio lighting, highly detailed 3D render",0.697818398475647,0.5911527276039124,41.27258652402641,0.628442
1159_7.png,321,run_8,4,"highly realistic, vivid hedgehog with golden spiky fur curled on top of a complex, intricately stacked wooden cube, soft, warm, natural studio lighting, highly detailed digital art",0.6858100295066833,0.5601195693016052,41.23594370208012,0.628386
1159_7.png,322,run_4,4,"highly realistic golden hedgehog sitting on top of a highly intricate geometric stacked prism, soft warm beige studio lighting, 4k, stunning oil painting",0.6830601096153259,0.5866863131523132,37.9953688240329,0.627514
1159_7.png,323,run_8,3,"an exceptionally realistic, highly detailed hedgehog with golden, spiky fur elegantly curled on top of a geometrically accurate, intricately detailed stacked cube, warm, soft, beige studio lighting, masterfully crafted digital art",0.6334503293037415,0.5238347053527832,31.371061683846374,0.626924
1159_7.png,324,run_11,3,"highly realistic 8k hedgehog with intense golden spiky fur curled up on a sleek geometric cube, bright high-key studio lighting, photorealistic digital artwork",0.6897071599960327,0.5833554267883301,40.470117778839374,0.624884
1159_7.png,325,run_11,1,"photorealistic hedgehog with golden spiky fur curled on top of a minimalist transparent geometric stacked cube, soft beige studio lighting, ultra-realistic 3D animation",0.6775588393211365,0.5678916573524475,38.943627816159385,0.624160
1159_7.png,326,run_10,2,super detailed surreal 3D hedgehog render on a soft beige studio background with a geometric cube,0.6680344343185425,0.5238437056541443,41.06858640452518,0.622719
1159_7.png,327,run_6,4,"highly realistic 4k still life of a hedgehog with soft golden spiky fur curled around a geometric stacked glass cube, warm soft golden hour lighting, photorealistic 2D illustration",0.7165965437889099,0.635047435760498,42.68469849336073,0.622684
1159_7.png,328,run_14,2,highly detailed photorealistic golden hedgehog with spiky fur curled on top of a geometric stacked cube under a soft warm overhead studio light,0.7208364009857178,0.5971964597702026,47.70839526872534,0.621813
1159_7.png,329,run_15,3,geometrically precise photorealistic 4k rendered image of a hedgehog with golden spiky fur curled on top of a stacked cube under soft beige studio lights,0.6547101140022278,0.5589404702186584,34.36834422195165,0.620789
1159_7.png,330,run_13,2,"highly detailed photorealistic 60fps animated golden spiky fur hedgehog, ultra-realistic 3D digital painting with subtle texture and reflection, posed on top of large geometric cube",0.661258339881897,0.574000358581543,34.60435411990794,0.620623
1159_7.png,331,run_12,3,"photorealistic, highly detailed hedgehog with gleaming golden spiky fur curled up on a modern minimalist transparent acrylic cube in a bright, airy studio with soft natural light, 8k digital art",0.7316653728485107,0.6092736124992371,49.91866815736662,0.618007
1159_7.png,332,run_10,2,detailed 3D hedgehog on top of a geometric cube with soft studio lighting and a warm golden glow.,0.6606029272079468,0.5524738430976868,37.38662171980737,0.615354
1159_7.png,333,run_7,5,"photorealistic 4k studio shot of a single hedgehog with soft golden spiky fur curled up on top of a clean geometric stacked glass cube, side lighting",0.6660577058792114,0.5662177801132202,37.5322771729717,0.614765
1159_7.png,334,run_13,3,"highly detailed photorealistic golden spiky fur hedgehog posed on top of multi-colored geometric cube, warm natural studio lighting, highly detailed realistic 3D digital artwork",0.6856046319007874,0.5797911882400513,42.3839013023654,0.607632
1159_7.png,335,run_11,3,"photorealistic, stunning, realistic, 8k, digital hedgehog with long, luscious, golden spiky fur curled up on a sleek, modern, geometric cube, ultra-high-key soft studio lighting, highly detailed 3D artwork",0.6768268346786499,0.5897140502929688,39.44955000333101,0.605302
1159_7.png,336,run_12,3,"highly detailed, photorealistic hedgehog with vibrant golden fur curled up on a simple, geometric transparent glass cube in a minimalist modern room, soft warm studio lighting, 8k digital art",0.6925287842750549,0.6132448315620422,41.785230305560475,0.601540
1159_7.png,337,run_7,1,"photorealistic masterpiece hedgehog with gleaming golden fur, relaxed pose on top of a futuristic stacked cube, soft golden studio lighting, stylized 3D animation",0.6766954064369202,0.5936854481697083,39.62964286394647,0.601296
1159_7.png,338,run_12,5,"ultra-high definition, photorealistic, exceptionally detailed hedgehog with gleaming metallic golden spiky fur curled on top of a minimalist, geometric, artistic stacked cube in a cozy, warmly lit, inviting studio",0.6423468589782715,0.5399913787841797,36.03407753171879,0.601055
1159_7.png,339,run_11,1,"highly realistic surrealist hedgehog with iridescent golden spiky fur curled on top of a stylized geometric stacked cube, soft golden studio lighting, cinematic 3D visual effects",0.6970456838607788,0.6040768623352051,44.17122987730063,0.599657
1159_7.png,340,run_4,3,"highly realistic golden hedgehog sitting on top of a highly detailed geometric stacked glass cube, soft warm beige flood lighting, 4k digital painting, intricate details",0.7024843692779541,0.6525514125823975,40.83863972549656,0.599101
1159_7.png,341,run_9,5,highly detailed 4k resolution digital painting of a hedgehog with soft warm golden fur curled on a stack of cubes in warm sunlight,0.654004693031311,0.5774324536323547,35.68105749959578,0.598868
1159_7.png,342,run_9,3,highly detailed 4k digital painting of a hedgehog with plush soft golden fur curled on a stack of distressed wooden cubes,0.6957954168319702,0.60856032371521,43.98400543240322,0.595803
1159_7.png,343,run_4,1,"geometric stacked cube with a photorealistic hedgehog curled on top, golden spiky fur in perfect sunlight, highly detailed studio setup, masterpiece",0.6256498098373413,0.5498309135437012,32.17525890542247,0.591246
1159_7.png,344,run_12,5,"photorealistic, detailed, precision-crafted hedgehog with vibrant gleaming metallic golden spiky fur curled on top of a minimalist, geometric, futuristic stacked cube in a bright, softly lit, modern studio",0.6642382144927979,0.5881461501121521,38.53104518856458,0.590740
1159_7.png,345,run_5,2,"highly detailed photorealistic digital painting of a realistic hedgehog with rich golden spiky fur curled on top of a single large geometric cube, soft warm overhead lighting, realistic textures and delicate shadows",0.6542369723320007,0.532945990562439,42.304551406891406,0.584977
1159_7.png,346,run_8,4,"highly realistic, meticulously detailed hedgehog with golden spiky fur curled on top of a geometric, stacked glass cube, soft, warm, natural light, stunning digital art",0.6727722883224487,0.6502627730369568,35.556868253423545,0.584219
1159_7.png,347,run_2,1,"photorealistic, dreamlike hedgehog with intricately textured golden spiky fur curled on top of a stacked, reflective cube, soft beige studio lighting with high contrast",0.6859666705131531,0.6126821041107178,43.056636990874466,0.582312
1159_7.png,348,run_6,3,"highly detailed 8k still image of a hedgehog with vibrant golden spiky fur curled on top of a geometric stacked glass cube, subtle warmth in the soft pastel illumination, precise photorealistic texture rendition",0.6861598491668701,0.6481825113296509,40.29356084397376,0.577514
1159_7.png,349,run_6,5,"highly realistic photorealistic 4k still life of a hedgehog with vibrant soft spiky fur curled on top of a perfectly stacked transparent glass cube, warm soft gentle pastel lighting, 3D rendering",0.7282200455665588,0.6941897869110107,47.01947328704554,0.575506
1159_7.png,350,run_6,3,"highly stylized 4k digital painting of a curled hedgehog with intricate golden spiky fur resting atop a stack of geometric stone cubes, soft pastel warm color tones, hyper realistic texture and detail",0.6576607823371887,0.5978370904922485,38.35504955735461,0.574260
1159_7.png,351,run_3,1,"highly detailed hedgehog in a cozy studio curled on a geometric stacked cube, soft warm beige lighting accentuates its golden spiky fur, surreal studio atmosphere",0.6470036506652832,0.5213714241981506,43.22317163448357,0.574117
1159_7.png,352,run_10,4,"photorealistic detailed hedgehog with rich dark golden spiky fur curled on top of a geometrically stacked transparent acrylic cube, soft warm golden studio lighting, highly realistic digital painting",0.6791972517967224,0.6105494499206543,42.94080746542497,0.572848
1159_7.png,353,run_10,4,"photorealistic high-definition hedgehog with rich vibrant golden spiky fur curled on top of a perfectly geometric stacked glass cube, soft warm beige studio lighting, highly detailed 3D digital art",0.6445047855377197,0.5769843459129333,37.3178380416884,0.572127
1159_7.png,354,run_9,5,highly detailed and ultra-realistic digital painting of a curled up hedgehog with warm golden fur on a colorful pile of stacked cubes,0.672059953212738,0.6389576196670532,38.73979855957129,0.569535
1159_7.png,355,run_7,1,"highly stylized digital painting of a realistic hedgehog curled on top of a stack of geometric cubes, warm natural studio lighting, vibrant golden fur, precise color accuracy",0.6656758785247803,0.6172497868537903,39.61357597920175,0.567060
1159_7.png,356,run_15,3,"detailed masterclass digital artwork of a hedgehog curled on a geometric cube with warm golden spiky fur under soft studio lighting, photorealistic",0.6641719937324524,0.5695024132728577,44.00558001524486,0.566949
1159_7.png,357,run_5,5,highly detailed photorealistic digital oil painting of a realistic hedgehog with rich vibrant golden spiky fur curled on top of a precise geometric stacked transparent glass cube,0.6862525939941406,0.6570231318473816,41.14262173894786,0.566320
1159_7.png,358,run_10,5,"photorealistic 8k high-resolution hedgehog with rich golden spiky fur in warm focus curled on top of a perfectly geometric stacked crystal cube, subtle golden studio lighting, highly detailed 4k digital render",0.6954638957977295,0.6113594770431519,48.285173197714904,0.565209
1159_7.png,359,run_11,1,"highly detailed hyper-realistic hedgehog with golden spiky fur curled on top of a futuristic geometric stacked cube, dramatic cool blue studio lighting, intricate 3D rendering",0.6835446357727051,0.6262874603271484,43.674628006807595,0.565197
1159_7.png,360,run_11,2,"surreal realistic hedgehog with glowing golden spiky fur curled on top of a geometric stacked cube, low-key soft beige studio lighting, highly detailed digital painting, 4k, detailed",0.6561367511749268,0.5724464058876038,41.903323851511914,0.565009
1159_7.png,361,run_3,5,"geometric shapes and intricate details in a highly realistic image of a hedgehog on a cube, golden fur illuminated by soft warm studio light",0.6805764436721802,0.5959064960479736,46.12684483233574,0.563918
1159_7.png,362,run_4,2,"highly detailed geometric stacked cube with a realistic golden hedgehog curled on top, soft warm beige studio lighting, 4k, photorealistic digital art",0.624457836151123,0.5412881970405579,36.94197906707023,0.563549
1159_7.png,363,run_3,4,highly detailed 4k image of a hedgehog sleeping peacefully on top of a geometric stacked cube in warm beige tones,0.6769710183143616,0.5481846928596497,50.24091204212935,0.562005
1159_7.png,364,run_3,4,highly detailed realistic image of a hedgehog curled on top of a geometric stacked cube,0.6341695785522461,0.5703352689743042,36.95306082103062,0.561131
1159_7.png,365,run_7,1,"detailed surreal hedgehog in a world of pure white and golden tones, curled on top of a stacked cube with a minimalist aesthetic, soft natural studio lighting, dreamlike 3D render",0.6974454522132874,0.585191011428833,52.28124424928296,0.559550
1159_7.png,366,run_3,5,"high-res close-up portrait of a curled hedgehog nestled in a stack of cubes, sunlit with a soft beige glow, emphasizing its vibrant golden quills",0.6873762607574463,0.6037881970405579,47.920012697607234,0.558677
1159_7.png,367,run_14,2,highly realistic photographic still life of a golden hedgehog curled on top of a geometric stack of perfectly aligned cubes with soft warm studio lighting,0.6495240926742554,0.619387686252594,36.701830708131965,0.557021
1159_7.png,368,run_9,1,"photorealistic, ultra-realistic, highly detailed 3D rendered surreal cube sculpture featuring a curled hedgehog with a golden spiky coat",0.6545240879058838,0.6303372979164124,38.69630144210209,0.545363
1159_7.png,369,run_9,5,beautifully lit 3D rendered digital painting of a hedgehog with warm golden fur curled up on a stack of rough hewn wooden cubes,0.6704519391059875,0.5960397720336914,47.08394552937484,0.540179
1159_7.png,370,run_12,1,"Highly detailed photorealistic hedgehog with vibrant golden spiky fur curled on top of a stack of intricately carved geometric cubes, soft warm studio lighting, surreal dreamlike 4k digital painting",0.6560932993888855,0.635267972946167,42.15417085566516,0.522164
1159_7.png,371,run_8,1,"realistic hedgehog with polished golden spiky fur curled on top of a geometric stacked cube in a luxurious dark wood interior with soft box lights, surreal precision 3D model",0.6562363505363464,0.58528071641922,48.43193284212541,0.513987
1159_7.png,372,run_12,3,"minimalist geometric cube with a highly detailed, photorealistic hedgehog curled up in a cozy, soft studio with warm beige tones, soft ambient lighting, 8k fine art",0.6949147582054138,0.6279292106628418,55.81204110162947,0.504086
1159_7.png,373,run_8,4,"stunningly realistic hedgehog with vibrant, golden spiky fur curled on top of a stacked, highly polished stone cube, warm, natural studio lighting, 4k digital painting",0.6522303223609924,0.6608961224555969,41.8377587087276,0.500830
1159_7.png,374,run_12,5,"photorealistic, exceptionally detailed, highly realistic hedgehog with gleaming metallic golden spiky fur curled on top of a minimalist, geometric, sleek black stacked cube in a cozy, warmly lit, atmospheric studio",0.6532251834869385,0.615887463092804,46.83420911568158,0.499254
1159_7.png,375,run_9,4,highly detailed 4k digital painting of a hedgehog curled on a stack of colorful cubes,0.6812166571617126,0.7318174242973328,44.1017741120612,0.489317
1159_7.png,376,run_11,4,"vibrant realistic hedgehog curled on top of a geometric stacked cube, surrounded by soft high-key studio lighting, highly detailed, rich texture and color, 4k resolution digital art",0.6344287395477295,0.6446980834007263,40.93747692501161,0.486779
1159_7.png,377,run_6,4,"highly realistic 8k still life of a hedgehog with soft golden spiky fur curled on top of a geometric stacked glass sculpture, warm soft golden ambient lighting and subtle shadows",0.6361649036407471,0.639733612537384,41.95917555346658,0.486313
1159_7.png,378,run_9,2,digital artwork of a hedgehog with luxurious golden fur curled on a stack of wooden crates in warm sunlight,0.5870275497436523,0.5291173458099365,40.681284926196064,0.482760
1159_7.png,379,run_12,3,"extremely detailed, photorealistic hedgehog curled up in a simple, geometric, transparent glass cube in a minimalist white studio with soft warm lighting, high definition, digital painting, 8k",0.7138254642486572,0.7596697807312012,52.65947696311694,0.470965
1159_7.png,380,run_6,4,"highly realistic detailed 8k still life of a hedgehog with soft velvety spiky fur curled on top of a geometric stacked crystal cube, warm gentle pastel morning lighting, photorealistic 3D rendering",0.6755150556564331,0.6631935238838196,52.36949323664728,0.470265
1159_7.png,381,run_6,3,"high-resolution 4k still life of a hedgehog with luxuriant golden spiky fur curled on top of a stack of interlocking geometric glass cubes, soft pastel warm ambiance, stunning photorealistic image rendering",0.6153143644332886,0.6582602858543396,39.1844101559227,0.456582
1159_7.png,382,run_3,4,"warm studio lighting with subtle shadows, focus on its golden spiky fur in an ultra-high resolution digital artwork",0.6104985475540161,0.645261824131012,39.3934918218884,0.455454
1159_7.png,383,run_9,4,highly detailed 3D rendered masterful digital art of a hedgehog curled on a stack of small colorful cubes,0.6623309850692749,0.7152590155601501,48.014097563030475,0.442097
1159_7.png,384,run_9,3,highly detailed realistic digital painting of a hedgehog with velvety smooth golden fur curled on a stack of old stone cubes,0.5926362872123718,0.6360785365104675,39.2770451955958,0.431569
1159_7.png,385,run_6,5,"highly detailed 4k still life of a hedgehog curled on top of a single transparent glass cube with a geometric base, warm soft pastel lighting, photorealistic, soft spiky fur, real-time rendering",0.6824508905410767,0.8049798607826233,47.06074865380211,0.424146
1159_7.png,386,run_10,4,"highly detailed photorealistic 4k hedgehog with rich metallic golden spiky fur in dramatic focus curled on top of a geometrically stacked black glass cube, cool blue studio lighting, highly realistic hyper-realistic 3D render",0.6317890882492065,0.6801543235778809,49.1336440402196,0.405316
1159_7.png,387,run_4,3,"realistic miniature golden hedgehog curled up on top of highly detailed geometric stacked metal puzzle box, soft warm beige umbrella lighting, 8k digital fine art",0.5933495759963989,0.6341540217399597,44.98181603145022,0.396662
1159_7.png,388,run_7,3,a highly detailed hedgehog is curled on a clean geometric cube in a bright studio against a white background,0.6950622200965881,0.6991223096847534,65.34375438922943,0.395258
1159_7.png,389,run_6,4,"highly detailed realistic digital painting of a hedgehog with soft spiky fur curled on top of a geometric stacked stone pedestal, warm warm pastel sunset lighting",0.5712032318115234,0.6317945718765259,52.531015196945404,0.310713
1159_7.png,390,run_6,4,"photorealistic highly detailed 4k still life of a hedgehog with soft silky spiky fur curled on top of a geometric stacked crystal pedestal, warm soft gentle morning lighting",0.5051616430282593,0.650175154209137,41.45387193113623,0.257926
7836.png,1,run_2,5,4k realistic digital painting of astronaut exploring a harsh alien environment on a distant planet with a stunning ringed world in the background,0.9462007284164429,0.46686846017837524,25.88226374752265,0.960881
7836.png,2,run_15,5,"highly detailed astronaut standing on a windswept, rocky outcropping in a worn brown spacesuit on an alien world's surface, massive ringed gas giant looming overhead, hazy blue nebula and endless stars in a 4k resolution digital painting",0.9379797577857971,0.48386499285697937,26.09156036360713,0.933718
7836.png,3,run_1,5,"realistic 4k digital artwork of a lone space explorer in worn beige spacesuit on dusty alien terrain, massive ringed gas planet filling the sky, vibrant blue nebula and numerous distant stars in the background",0.9303566813468933,0.4482324719429016,28.059358117108722,0.929886
7836.png,4,run_8,5,"massive and majestic ringed gas giant fills the frame as it looms over a bleak and icy alien terrain, isolated astronaut in a shining white spacesuit stands at the edge of a vast alien world, highly detailed 8k digital painting",0.9219964146614075,0.44888046383857727,25.562541021693942,0.926510
7836.png,5,run_1,5,"detailed high-resolution photorealistic sci-fi artwork of a lone space explorer in worn beige spacesuit on barren alien terrain, massive ringed gas planet filling the sky, vibrant blue nebula and numerous distant stars",0.9265197515487671,0.4673309922218323,28.23892546979985,0.910102
7836.png,6,run_4,3,"'a lone astronaut in worn white spacesuit stands at the edge of a massive alien impact crater, a ringed planet looms large in the background, a vibrant blue nebula and millions of twinkling stars, highly detailed 4k digital painting'",0.9178237318992615,0.4518251419067383,27.289555234501687,0.907563
7836.png,7,run_9,4,"lone astronaut standing at precipice of a boundless alien landscape in weathered white spacesuit, colossal ringed gas giant radiating in the background, profound blue nebula and distant stars scattered throughout the cosmos, highly detailed 8k realistic space scene, subtle atmosphere",0.9231888651847839,0.46311554312705994,28.177373332193994,0.906504
7836.png,8,run_11,5,"highly detailed space explorer in a sleek, metallic spacesuit on the rugged surface of a distant alien world, a breathtaking ringed planet is seen looming large in the atmosphere, with a beautiful blue nebula and stars shining brightly in a stunning digital painting style",0.9310780763626099,0.4851544499397278,28.656098874789567,0.906062
7836.png,9,run_13,4,a highly detailed 4k sci-fi poster of an astronaut in a sleek futuristic black and white spacesuit standing on a desolate alien terrain with a massive gas giant planet and its brilliant rings looming large in the distance,0.9121220111846924,0.43853598833084106,27.10985455267489,0.905428
7836.png,10,run_9,5,"lone astronaut standing at precipice of a boundless alien landscape in weathered white spacesuit, massive ringed gas giant shining in the background, deep blue nebula and distant stars scattered throughout the cosmos, photorealistic 8k space scene, soft atmospheric effects",0.9249488115310669,0.47602578997612,28.427584979691765,0.900871
7836.png,11,run_14,4,"highly realistic astronaut walking solo across the empty, arid, rocky expanse of a distant alien world, stunning ringed gas giant dominating the horizon, vibrant, serene blue hue of a nebula",0.9102473258972168,0.44711917638778687,26.85935948247147,0.897994
7836.png,12,run_1,4,"detailed 4k high-resolution sci-fi artwork of a lone space explorer in clean white spacesuit on arid alien terrain, massive ringed gas planet filling the sky, vibrant blue nebula and numerous distant stars",0.9210253357887268,0.46276482939720154,29.282599984799088,0.896695
7836.png,13,run_15,5,"lone astronaut standing on a barren, rocky outcropping in a worn brown spacesuit on an extraterrestrial planet's surface, massive ringed gas giant dominating the distant sky, hazy blue nebula and infinite stars, photorealistic low-light sci-fi setting",0.9181098937988281,0.4982159733772278,24.397755410415904,0.895654
7836.png,14,run_2,2,highly detailed 4k digital painting of astronaut on rugged alien world amidst dark sky with massive ringed planet shining bright,0.9074686765670776,0.4384547472000122,27.565113761610675,0.894074
7836.png,15,run_9,5,"lone astronaut standing at precipice of a boundless alien landscape in worn white spacesuit, colossal ringed planet radiating in the background, profound blue nebula and distant stars scattered throughout the cosmos, highly detailed 8k realistic space scene with accurate astronomical proportions, subtle atmosphere",0.9206913709640503,0.4675588309764862,29.209851829974017,0.893568
7836.png,16,run_4,3,"'a lone astronaut in aged white equipment stands at the edge of a colossal extraterrestrial impact crater, a breathtaking ringed gas giant hangs in the background, a brilliant blue nebula and infinite twinkling stars, 4k highly detailed digital painting'",0.9079471230506897,0.4573485553264618,25.877611755709168,0.892614
7836.png,17,run_3,1,"cinematic and highly detailed lone astronaut in white spacesuit on barren alien planet surface, massive ringed gas giant looming overhead, vast blue nebula and stars with subtle texture and shading, sci-fi masterpiece",0.9123296737670898,0.45880216360092163,27.673052059851575,0.890743
7836.png,18,run_9,4,"lone astronaut standing at precipice of boundless expanse in weathered white spacesuit on distant planet in a binary star system, colossal ringed gas giant radiating in the background, profound blue nebula and distant stars scattered throughout the galaxy, highly realistic 4k digital painting",0.91522216796875,0.4721579849720001,28.04027650790414,0.886416
7836.png,19,run_10,5,"a lone figure in a futuristic metallic spacesuit trekking across the desolate, cratered, alien soil, a massive gas giant planet rising above the horizon, swirling purple cosmic clouds and twinkling galaxies stretching across the sky, highly detailed realistic 8k digital painting",0.9192155003547668,0.46300002932548523,30.55192156211019,0.886354
7836.png,20,run_12,5,"a lone astronaut in weathered white spacesuit, standing at the precipice of a vast, eerie, otherworldly crater field, with a deep blue nebula and a stunning ringed gas giant suspended in a dramatic, highly detailed, 4k digital painting style black night sky",0.9117342233657837,0.46375977993011475,28.29908943962968,0.883323
7836.png,21,run_4,3,"'lone astronaut in tattered white spacesuit standing at edge of enormous extraterrestrial crater, ringed gas giant looming in background, glowing cerulean nebula and countless twinkling stars, highly detailed 4k digital artwork'",0.9116069078445435,0.46421098709106445,28.65860598491976,0.880910
7836.png,22,run_4,4,"'a lone astronaut in weathered white spacesuit stands at the edge of a gargantuan alien impact crater, a ringed celestial body looms large in the background, a bright blue nebula and millions of twinkling stars, photorealistic high-definition digital art",0.9123291373252869,0.47775518894195557,27.565946233300178,0.879979
7836.png,23,run_4,4,"a lone astronaut in weathered white spacesuit stands at the edge of an enormous, ancient alien impact crater, a ringed gas giant looms large in the background, a radiant blue nebula and countless twinkling stars, highly detailed photorealistic digital painting'",0.9056130051612854,0.47551393508911133,25.733061068362257,0.878005
7836.png,24,run_15,2,"lone astronaut standing on a rocky outcropping in worn brown spacesuit on an alien planet surface, massive ringed gas giant looming overhead, hazy blue nebula and thousands of stars, highly detailed low-light sci-fi scene",0.9222252368927002,0.5123648047447205,27.724012382907397,0.877597
7836.png,25,run_7,2,"lone astronaut in reflective white suit on a rugged alien terrain, massive ringed gas giant looming in the sky, deep blue nebula and countless stars, cinematic 4k sci-fi masterpiece",0.9152122735977173,0.487432599067688,28.39872899959925,0.875374
7836.png,26,run_2,2,cinematic sci-fi scene of lone astronaut in white spacesuit standing on barren alien planet surface with massive ringed gas giant looming overhead and blue nebula in the background,0.9109410643577576,0.46376150846481323,29.6412005235589,0.874704
7836.png,27,run_4,3,"'lone astronaut in weathered white spacesuit standing at the edge of a gargantuan alien impact crater, a stunning ringed gas giant dominates the background, a resplendent blue nebula and infinite twinkling stars, highly detailed digital masterpiece'",0.9104256629943848,0.47957777976989746,28.285070035724104,0.871412
7836.png,28,run_4,4,"a lone astronaut stands at the edge of a massive, ancient alien impact crater, a gas giant planet with rings looms large in the background, a vibrant blue nebula and millions of starlight, highly detailed realistic digital painting",0.9184080958366394,0.487552285194397,30.345995271284323,0.871204
7836.png,29,run_14,2,"astronaut walking alone across the desolate, barren, rocky terrain of a distant foreign planet, enormous ringed planet filling the sky, breathtakingly beautiful blue glow of a nebula, expertly crafted highly detailed digital artwork",0.9149754047393799,0.4945122003555298,28.52038925589294,0.870043
7836.png,30,run_13,3,"'a lone astronaut in highly detailed futuristic black and white spacesuit on a desolate alien landscape, a massive gas giant planet with brilliant rings looming in the distance, a swirling blue nebula and glittering stars shining bright in a cinematic 8k sci-fi movie poster'",0.9109934568405151,0.47939327359199524,28.773970759208265,0.870040
7836.png,31,run_14,1,"'astronaut venturing through the desolate terrain of a foreign planet, gigantic ringed planet looming overhead, ethereal blue glow of a nebula, finely detailed digital painting'",0.9105129241943359,0.476802259683609,28.90504083588368,0.869967
7836.png,32,run_14,3,"'space traveler standing alone amidst the barren landscape of a distant planet, a massive ringed planet dominates the sky, soft blue nebula light, expertly crafted highly detailed digital artwork'",0.9167205095291138,0.48398882150650024,30.55213461789709,0.868982
7836.png,33,run_8,2,"massive ringed gas giant looming large over an isolated astronaut in a crisp white spacesuit, on a desolate alien landscape with a deep blue nebula, highly detailed 4k image",0.8971281051635742,0.4500467777252197,27.3651975864409,0.868202
7836.png,34,run_9,2,"lone astronaut standing at precipice of a boundless expanse in weathered white spacesuit on extraterrestrial world, colossal ringed gas giant radiating in the background, profound blue nebula and distant stars scattered throughout the cosmos, highly realistic 4k sci-fi scene",0.8988562822341919,0.45126086473464966,27.96509024767133,0.867652
7836.png,35,run_12,3,"a lone astronaut in a weathered white spacesuit, standing at the edge of a massive, eerie, otherworldly crater field, with a deep blue nebula and a stunning ringed gas giant suspended in a velvety black night sky",0.9059402942657471,0.4604751467704773,29.55579280837718,0.867447
7836.png,36,run_5,5,"astronaut in gleaming white spacesuit walks across alien terrain with a rugged rocky landscape, a stunning giant ringed planet shines brightly in the background, radiant blue nebula and countless twinkling stars, high definition sci-fi art",0.9201141595840454,0.49609169363975525,30.7233083884396,0.867408
7836.png,37,run_1,2,"'a lone space explorer in a weathered white spacesuit peers out at the desolate alien world landscape beneath the looming ringed gas planet, swirling blue nebula and shining distant stars, ultra-realistic cinematic sci-fi masterpiece'",0.9163717031478882,0.49054354429244995,30.0824558344941,0.866869
7836.png,38,run_8,3,"massive ringed gas giant looming large on a bleak alien landscape, an isolated astronaut in a pristine white spacesuit, with vibrant colors and a deep blue nebula, highly detailed 4k image",0.9057698249816895,0.457882285118103,29.91117090096748,0.866792
7836.png,39,run_1,2,"'lone space explorer in sleek white spacesuit on barren alien world surface, gigantic ringed gas planet looming overhead, swirling blue nebula and vibrant distant stars, highly detailed realistic sci-fi artwork'",0.9093179702758789,0.45725199580192566,31.473095257658663,0.865785
7836.png,40,run_12,2,"a lone astronaut in a weathered white spacesuit, standing at the edge of a vast, eerie crater field, with a deep blue nebula and a ringed gas giant hanging low in the night sky",0.9040825366973877,0.4774153232574463,27.282639031679356,0.865729
7836.png,41,run_3,5,"cinematic and highly detailed lone astronaut in crisp white spacesuit on rugged alien planet surface, massive ringed gas giant looming overhead, vast blue nebula and distant stars with subtle texture and shading",0.9005144834518433,0.4440029263496399,29.915831298877173,0.864899
7836.png,42,run_3,2,"highly realistic and cinematic lone astronaut in spotless white spacesuit on unforgiving alien planet surface amidst a breathtaking ringed gas giant and vibrant vast nebula with stars, digital painting style",0.9048221111297607,0.47271907329559326,28.64039490278926,0.862799
7836.png,43,run_4,5,"a lone astronaut in worn white spacesuit stands at the edge of a massive alien impact crater, a beautiful blue ringed planet rises large in the background, a shimmering vibrant blue nebula and millions of twinkling stars, highly detailed 4k digital artwork",0.9086868762969971,0.46646058559417725,30.825348406085435,0.862480
7836.png,44,run_3,1,stunning 4k digital painting of a lone astronaut in a white spacesuit exploring an alien planet with a massive ringed gas giant in the sky,0.9090219736099243,0.4815300703048706,29.361048157511284,0.861851
7836.png,45,run_4,5,"a lone astronaut in worn weathered white spacesuit stands at the edge of a massive ancient alien impact crater, a stunning blue ringed planet looms large in the background, a vibrant blue nebula and millions of twinkling stars, photorealistic 8k digital oil painting",0.8933159708976746,0.45203498005867004,27.312252951082687,0.859920
7836.png,46,run_12,5,"a lone astronaut in a worn, weathered white spacesuit, standing at the edge of a colossal, eerie, otherworldly crater field, with a deep blue nebula and a stunning ringed gas giant suspended in a velvety black night sky with a hint of subtle starlight",0.9080668091773987,0.4751127362251282,30.16846975390681,0.859577
7836.png,47,run_4,4,"an astronaut clad in battered white spacesuit stands at the edge of a monstrous alien impact crater, a ringed planet looms large in the background, a resplendent blue nebula and millions of shining stars, highly realistic digital art",0.8977568745613098,0.4509695768356323,29.158346359047965,0.859400
7836.png,48,run_1,1,"'lone space explorer in white spacesuit on desolate alien world surface, gigantic ringed gas planet looming overhead, swirling blue nebula and twinkling stars, highly realistic sci-fi masterpiece'",0.9118054509162903,0.4704058766365051,32.137533141869646,0.859226
7836.png,49,run_2,5,"highly detailed 4k digital artwork of astronaut on distant alien terrain with a massive ringed planet casting a warm, golden light in the dark sky",0.8913729190826416,0.4523078203201294,27.15171430564271,0.856847
7836.png,50,run_1,5,"highly detailed 4k digital painting of a lone space explorer in clean white spacesuit on arid alien terrain, massive ringed gas planet filling the sky, vibrant blue nebula and numerous distant stars in the distance",0.9024698138237,0.4716871976852417,29.115950585784017,0.856356
7836.png,51,run_9,1,"lone astronaut standing on edge of a vast expanse in worn white spacesuit on alien world, immense ringed gas giant glowing in the background, deep blue nebula and distant stars scattered across the cosmos, highly realistic sci-fi scene",0.9146943092346191,0.4829667806625366,32.324061931406,0.856321
7836.png,52,run_2,5,highly detailed 8k digital painting of astronaut on a rugged alien world with a stunning ringed planet shining brightly in the dark star-filled sky,0.900363564491272,0.47276848554611206,28.437207735242,0.855219
7836.png,53,run_13,2,"a lone astronaut in futuristic black and white spacesuit on dusty alien landscape, a massive gas giant planet with brilliant rings looming in the distance, a swirling blue nebula and glittering stars shining bright in a cinematic sci-fi picture",0.8966666460037231,0.4544394910335541,29.215518732097124,0.854916
7836.png,54,run_15,4,"lone astronaut standing at the top of a rocky outcropping in worn, weathered brown spacesuit on an alien planet surface, massive ringed gas giant looming overhead in a majestic, sweeping arc, vibrant hazy blue nebula and thousands of stars, highly detailed, 4k low-light sci-fi painting",0.9236551523208618,0.5601808428764343,27.199199260402537,0.854553
7836.png,55,run_12,5,"a lone astronaut in a tattered, worn white spacesuit, standing at the edge of a massive, eerie, otherworldly crater field, with a deep blue nebula and a breathtaking, majestic ringed gas giant suspended in a velvety black night sky",0.8991190791130066,0.4595252573490143,29.731338047427098,0.853896
7836.png,56,run_14,5,"highly realistic astronaut walking solo across the empty, barren, rocky expanse of a distant alien world, stunning ringed gas giant dominating the horizon, serene blue hue of a nebula in the background",0.899397611618042,0.47057387232780457,28.674244827761708,0.853411
7836.png,57,run_10,2,"lone space explorer in metallic spacesuit wandering on desolate alien soil, enormous gas giant planet filling the horizon, swirling purple cosmic clouds and twinkling galaxies, high-quality realistic image",0.8939833641052246,0.45947372913360596,28.11735388285237,0.852515
7836.png,58,run_9,4,"lone astronaut standing at precipice of boundless alien landscape in weathered white spacesuit on extraterrestrial world, colossal ringed gas giant radiating in the background, profound blue nebula and distant stars scattered throughout the vast cosmos, highly realistic 8k sci-fi masterpiece",0.8938298225402832,0.47402888536453247,26.59850131268984,0.851536
7836.png,59,run_4,5,"a lone astronaut in worn white spacesuit stands at the edge of a massive impact crater on a mysterious alien world, a resplendent blue ringed planet looms large in the background, a luminous vibrant blue nebula and millions of twinkling stars, photorealistic 4k digital oil",0.8944564461708069,0.448120653629303,29.787013119487362,0.851402
7836.png,60,run_8,1,"massive ringed planet looming large over a lone astronaut in a white spacesuit on an alien planet's barren surface, blue nebula and stars shining bright, highly detailed digital painting scene",0.8955840468406677,0.48913463950157166,25.633071458016516,0.850996
7836.png,61,run_8,5,"massive stunning ringed gas giant looming large on a desolate alien landscape, an isolated astronaut in an immaculate white spacesuit, vibrant colors, deep blue nebula, highly detailed realistic image",0.8992553353309631,0.45998427271842957,30.551269085706,0.849557
7836.png,62,run_9,5,"lone astronaut standing at precipice of a boundless alien landscape in tattered white spacesuit, colossal ringed planet glowing in the background, profound blue nebula and distant stars scattered throughout the cosmos, highly detailed 8k realistic space scene with nuanced color palette, soft atmospheric effects",0.9112421274185181,0.48555222153663635,32.14840408212902,0.849026
7836.png,63,run_14,4,"highly stylized 4k astronaut walking alone across the barren, rocky terrain of a remote distant planet, enormous ringed gas giant hovering in the sky, mesmerizing blue nebula",0.8942830562591553,0.45672279596328735,29.45027766317211,0.847702
7836.png,64,run_4,4,"an astronaut in worn white spacesuit stands at the edge of a colossal, scarred alien impact crater, a ringed gas giant looms large in the background, a radiant blue nebula and countless twinkling stars, highly detailed 4k digital artwork",0.8898022770881653,0.45622357726097107,27.976714609293584,0.847114
7836.png,65,run_13,2,"cinematic, highly detailed lone space traveler in sleek, reflective white spacesuit on barren alien surface, a massive gas giant planet with stunning rings overhead, vibrant blue nebula and twinkling stars in a stunning space artwork",0.9057638645172119,0.46818435192108154,32.65094775930127,0.846159
7836.png,66,run_1,3,"highly realistic digital painting of lone space explorer in sleek white spacesuit on barren alien world surface with rocky outcroppings, gigantic ringed gas planet looming overhead, swirling blue nebula and vibrant distant stars",0.9048349261283875,0.4760662019252777,31.504365621866118,0.845704
7836.png,67,run_14,3,"'cosmonaut walks alone on a desolate, barren alien world, the sky filled with a stunning ringed planet, vibrant blue glow of a nebula, stunning 8k digital painting'",0.8959569931030273,0.4633601903915405,29.85382430560665,0.844842
7836.png,68,run_1,1,"'lone astronaut in silver spacesuit on barren alien planet surface, massive ringed planet looming overhead, vibrant blue nebula and galaxies of stars, highly detailed cinematic sci-fi scene'",0.9103375673294067,0.4820901155471802,33.05304963117033,0.844571
7836.png,69,run_7,4,"lone astronaut in shining white protective gear on an unforgiving alien world, a breathtaking ringed gas giant rises above the horizon, a sea of deep blue nebulosity and twinkling stars, photorealistic 4k sci-fi",0.9004240036010742,0.46793076395988464,31.034265583448246,0.844518
7836.png,70,run_9,2,"lone astronaut standing at the precipice of a desolate expanse in worn white spacesuit on an extraterrestrial world, gigantic ringed gas giant shining brightly in the background, deep indigo nebula and distant stars scattered across the galaxy, highly detailed sci-fi artwork",0.9065307974815369,0.48219162225723267,31.732905429694117,0.844117
7836.png,71,run_10,3,"realistic highly detailed digital painting of a lone space explorer in metallic armor wandering on desolate alien soil, enormous Saturn-like gas giant planet filling the background, swirling purple cosmic clouds and distant star clusters, 8k masterpiece",0.8728212118148804,0.46075358986854553,22.113384217311157,0.842516
7836.png,72,run_14,3,"'astronaut treks across a distant, rocky planet, an enormous ringed planet rises above the horizon, shimmering blue nebula, highly realistic highly detailed digital artwork'",0.9050347805023193,0.4797324240207672,31.76937624732499,0.842501
7836.png,73,run_4,5,"a lone astronaut in worn white spacesuit stands at the edge of a massive otherworldly alien impact crater, a majestic ringed planet fills the background, a swirling vibrant blue nebula and millions of twinkling stars, highly detailed 4k digital watercolor",0.8945072889328003,0.4599236249923706,30.168576390262622,0.842431
7836.png,74,run_15,5,"lone astronaut standing on a rugged, rocky outcropping in a worn, weathered brown spacesuit on an alien planet's surface, massive ringed gas giant overhead, vibrant blue nebula and countless stars in an otherworldly sci-fi environment",0.9191670417785645,0.5474703907966614,29.58395662083951,0.840881
7836.png,75,run_10,2,"astronaut in modern spacesuit standing on rugged alien terrain, enormous gas giant planet looming in the distance, breathtaking swirling purple nebula and endless galaxies, highly realistic cinematic landscape",0.8948111534118652,0.47456324100494385,29.038296820689318,0.840235
7836.png,76,run_12,4,"a lone astronaut in a battered, aged white spacesuit, standing at the edge of a colossal, eerie, alien crater landscape, with a deep blue nebula and a stunning, perfectly rendered ringed gas giant set against a velvety black night sky",0.9098573923110962,0.4831881523132324,33.576308616657066,0.840224
7836.png,77,run_9,2,"lone astronaut standing on edge of an endless universe in worn white spacesuit on an alien planet, massive ringed gas giant shining in the background, dark blue nebula and distant stars scattered across the galaxy, highly detailed masterwork",0.896425187587738,0.45660337805747986,31.854457297536786,0.839225
7836.png,78,run_8,1,"lone astronaut walking towards a massive ringed planet on an alien planet's surface, blue nebula and stars shining bright in the background, highly detailed 4k cinematic sci-fi scene",0.9043265581130981,0.4877344071865082,31.230218429786888,0.839194
7836.png,79,run_9,4,"lone astronaut standing at precipice of a boundless expanse in weathered white spacesuit on distant extraterrestrial world, colossal ringed gas giant radiating in the atmospheric background, profound blue nebula and distant stars scattered throughout the cosmos, highly detailed 4k realistic landscape",0.9010248184204102,0.48787057399749756,30.105232306146238,0.838666
7836.png,80,run_14,2,"astronaut venturing through the desolate, barren terrain of a foreign planet, gigantic ringed planet looming overhead, ethereal blue glow of a nearby nebula, highly detailed digital painting",0.8969076871871948,0.4945843517780304,27.944256299267956,0.838098
7836.png,81,run_14,4,"highly detailed astronaut on a solo trek across the desolate, rocky landscape of a far-off planet, majestic ringed planet filling the sky, breathtakingly beautiful soft blue glow of a nebula",0.9178661704063416,0.5684604644775391,27.263875816092906,0.838066
7836.png,82,run_3,3,"lone astronaut in gleaming white spacesuit walking alone on desolate alien planet surface, massive ringed gas giant hovering in the sky with vibrant colors and subtle gradient",0.8873401880264282,0.46296072006225586,28.1937151467429,0.837179
7836.png,83,run_5,1,"astronaut in white spacesuit walks alone on dusty alien terrain, majestic giant ringed planet hanging low in sky, vibrant blue nebula and twinkling stars, highly detailed cinematic sci-fi art",0.8773164749145508,0.440387487411499,27.12965644002821,0.836903
7836.png,84,run_13,1,"'lone astronaut in sleek white spacesuit on barren alien planet surface, massive ringed gas giant looming overhead, vibrant blue nebula and stars shining bright, highly detailed cinematic sci-fi scene'",0.9083162546157837,0.48539799451828003,33.42869207322221,0.836701
7836.png,85,run_14,3,"'astronaut walking alone across the desolate, rocky terrain of a distant foreign planet, enormous ringed planet filling the sky, breathtakingly beautiful blue glow of a nebula, highly detailed 4k masterpiece digital artwork'",0.9150444865226746,0.5368232131004333,30.157027210797498,0.836247
7836.png,86,run_12,5,"a lone astronaut in a crisp, weathered white spacesuit, standing at the edge of a massive, foreboding, otherworldly crater field, with a vibrant deep blue nebula and a breathtaking ringed gas giant suspended in a dark velvety black night sky",0.8927981853485107,0.4593425393104553,30.83765415468735,0.835941
7836.png,87,run_8,2,"a stunning, highly realistic digital painting of an enormous ringed planet dominating a single astronaut in a white spacesuit on an otherworldly barren surface, bathed in the light of a vibrant blue nebula",0.8948091268539429,0.48766249418258667,28.4796866042586,0.835350
7836.png,88,run_11,2,"' lone adventurer in a cutting-edge, high-tech spacesuit standing on the dusty, barren surface of a distant alien world, with a breathtaking ringed gas giant filling the atmosphere, and a vibrant blue nebula shining brightly in the distance, in a highly realistic highly detailed digital painting masterpiece'",0.9065777063369751,0.5065425038337708,30.663358850885153,0.835298
7836.png,89,run_10,3,"realistic highly detailed photograph of a lone astronaut in metallic spacesuit trekking on a desolate alien landscape, enormous gas giant planet towering in the distance, swirling purple cosmic clouds and twinkling celestial bodies, high-quality",0.8781954050064087,0.45598357915878296,26.000207590431874,0.835243
7836.png,90,run_4,2,"lone astronaut in gray metal spacesuit on barren alien planet surface, massive ringed planet looming overhead, vibrant blue nebula and distant stars, highly detailed cinematic sci-fi scene",0.903860330581665,0.4890439510345459,31.693384617715978,0.835065
7836.png,91,run_1,3,"highly detailed realistic digital artwork of lone space explorer in sleek white spacesuit on rocky barren alien world surface, gigantic ringed gas planet looming overhead, swirling blue nebula and vibrant distant stars",0.9001652002334595,0.4822964370250702,31.193575117665166,0.834590
7836.png,92,run_1,3,"precise futuristic digital painting of lone space explorer in futuristic white spacesuit on desolate alien world surface, massive ringed gas planet looming overhead, swirling blue nebula and vibrant distant stars",0.9001752734184265,0.47827431559562683,31.6832825730477,0.834428
7836.png,93,run_2,3,highly realistic 4k digital painting of astronaut exploring alien world amidst dark cosmic sky with massive ringed planet shining like a diamond,0.8894938230514526,0.4624776542186737,29.570309442120298,0.834367
7836.png,94,run_11,1,"lone space explorer in a white, high-tech spacesuit on the barren surface of a distant alien world, a breathtaking ringed planet is seen looming large in the atmosphere, with a beautiful blue nebula and stars shining brightly, in a highly rendered digital painting",0.8908906579017639,0.4756372570991516,28.835090647356044,0.833083
7836.png,95,run_14,4,"realistic digital painting of an astronaut wandering alone across the vast, rocky surface of a distant foreign planet, resplendent ringed planet shining bright in the sky, serene blue glow of a nebula",0.9161725640296936,0.5371060967445374,31.386090641330348,0.831771
7836.png,96,run_12,4,"a lone astronaut in a worn white spacesuit, standing at the edge of a massive, haunting, extraterrestrial crater field, with a deep midnight blue nebula and a breathtaking ringed gas giant suspended in a dark, velvety black night sky",0.8926635980606079,0.4591277539730072,31.622932358672728,0.831664
7836.png,97,run_12,5,"a lone astronaut in a weathered, metallic white spacesuit, standing at the edge of a massive, eerie, otherworldly crater field, with a deep blue nebula, a stunning ringed gas giant, and a few tiny asteroids suspended in a velvety black night sky",0.8964613676071167,0.4797692596912384,30.774436818316527,0.831150
7836.png,98,run_8,3,"a desolate alien world on the horizon with a massive ringed gas giant towering above, an isolated astronaut in a crisp white spacesuit, with a deep blue nebula in the background, highly detailed 8k image",0.8887203931808472,0.4498478174209595,31.351828624341785,0.831015
7836.png,99,run_6,5,"Lone space explorer in worn white spacesuit, massive ringed planet looming large in the distance, a stunning blue nebula and infinite starfield, highly detailed, digital painting",0.888849139213562,0.46946173906326294,29.181357616659056,0.830998
7836.png,100,run_10,1,"lone astronaut in silver spacesuit on barren alien wasteland, gas giant planet hovering above, swirling purple nebula and distant galaxies, realistic sci-fi landscape",0.8823292255401611,0.46181291341781616,27.662067005443316,0.830981
7836.png,101,run_2,4,highly detailed 8k digital art of astronaut on rugged alien terrain amidst dark celestial sky with massive ringed gas giant shining brightly,0.889047384262085,0.4690479636192322,29.434613222409478,0.830292
7836.png,102,run_6,4,"lone astronaut in a worn white space suit, massive ringed planet towering over the alien landscape, a stunning blue nebula and a million stars, highly detailed, cinematic quality",0.8851828575134277,0.4677947461605072,28.24546096830672,0.829845
7836.png,103,run_14,1,"'lone spacewalker on an extraterrestrial terrain, colossal ringed celestial body looming above, swirling cosmic nebulosity, 4k sci-fi masterpiece'",0.8874661326408386,0.46085914969444275,30.1111063407841,0.828558
7836.png,104,run_13,5,incredible 4k resolution sci-fi art of an astronaut in a cutting-edge black and white spacesuit posing heroically on a barren alien landscape with a colossal gas giant planet and its luminous rings visible in the far distance,0.8921887874603271,0.4709211587905884,30.896520740592763,0.827531
7836.png,105,run_7,2,"isolated astronaut in white suit standing before an ancient alien structure, massive gas giant planet and nebula above, vibrant stars and celestial bodies, highly detailed and atmospheric sci-fi scene",0.9066411852836609,0.5287160873413086,29.662421323977906,0.827452
7836.png,106,run_10,5,"space exploration technology has enabled a lone astronaut to walk alone on a desolate alien world, their metallic spacesuit a stark contrast to the endless barren landscape, a massive gas giant planet and swirling purple cosmic clouds dominating the horizon, highly detailed 4k digital artwork of a realistic alien planet",0.8789187669754028,0.4628024101257324,27.10347446734199,0.826742
7836.png,107,run_4,5,"a lone astronaut in worn white spacesuit stands at the edge of a massive extraterrestrial alien impact crater, a breathtaking blue ringed planet dominates the background, a glowing vibrant blue nebula and millions of twinkling stars, realist 4k digital painting",0.885221004486084,0.45716339349746704,30.155730867575144,0.826189
7836.png,108,run_13,3,"'a lone astronaut in a highly realistic futuristic black and white spacesuit, standing on a rugged alien landscape, with a massive gas giant planet and its mesmerizing rings in the distance, a blue nebula and twinkling stars forming a captivating backdrop in a digital painting'",0.8951523303985596,0.48108038306236267,31.103914339757225,0.826095
7836.png,109,run_4,2,"lone astronaut in worn white spacesuit standing at edge of vast alien crater, ringed planet looming in background, glowing blue nebula and twinkling stars, 4k digital artwork",0.8863036632537842,0.4724280536174774,28.915961040446405,0.825704
7836.png,110,run_9,3,"lone astronaut standing at edge of a seemingly endless landscape in worn white space suit on a distant alien planet, colossal ringed gas giant shining in the distance, deep indigo nebula and distant stars scattered across the universe, ultra-high definition 4k sci-fi rendering",0.8913595676422119,0.49227192997932434,28.67642770228592,0.824885
7836.png,111,run_15,4,"lone astronaut standing on a rocky outcropping in worn, weathered brown spacesuit on an alien planet surface, massive ringed gas giant looming overhead in a deep shade of indigo, vibrant hazy blue nebula and thousands of stars, highly detailed, 4k low-light sci-fi scene",0.916954755783081,0.573971688747406,28.925818664479266,0.824237
7836.png,112,run_12,4,"a lone astronaut in a battered white spacesuit, standing at the edge of a colossal, eerie, alien crater landscape, with a deep blue nebula, stunning ringed gas giant, and a bright, shining star set against a velvety black night sky.",0.9054107666015625,0.4851098358631134,34.774529686951055,0.824150
7836.png,113,run_7,4,"lone figure in white spacesuit walking on alien terrain with a massive gaseous ringed planet behind, deep blue nebula and starry sky, highly detailed and realistic 4k sci-fi artwork",0.8958426713943481,0.49218031764030457,30.597176274200525,0.823471
7836.png,114,run_12,1,"'a lone astronaut in a worn white spacesuit steps into the shadows on the alien planet surface, with a majestic ringed gas giant hanging low in the sky, a deep blue nebula and stars beyond, highly detailed cinematic sci-fi scene'",0.9020611047744751,0.4864868223667145,33.59369885870354,0.823082
7836.png,115,run_9,4,"astronaut standing alone and vulnerable at the edge of a vast alien landscape in worn white spacesuit on an extraterrestrial world, colossal ringed gas giant dominating the background, profound blue nebula and distant stars scattered throughout the cosmos, highly realistic 4k surreal and haunting sci-fi scene",0.8857621550559998,0.46561121940612793,29.998409210225354,0.823017
7836.png,116,run_15,4,"lone astronaut standing on a rocky outcropping in worn, dusty brown spacesuit on an alien planet surface, massive ringed gas giant looming overhead, vibrant hazy blue nebula and thousands of stars in a dramatic, sweeping landscape, highly detailed low-light sci-fi scene",0.9075485467910767,0.5427069067955017,29.37067401556739,0.822384
7836.png,117,run_9,3,"lone astronaut standing at the edge of a seemingly endless, star-studded expanse in weathered white spacesuit on distant alien world, colossal ringed gas giant shining behind, deep indigo nebula and distant stars scattered across the universe, highly realistic, ultra-high definition 4k digital painting",0.8972008228302002,0.49938178062438965,30.626984376404888,0.821636
7836.png,118,run_8,5,"an enormous ringed gas giant casts a long shadow across a barren and rocky alien landscape, isolated astronaut in spotless white spacesuit stands at the edge of a vast alien plain, with a vibrant and electric blue nebula glowing in the distance",0.8850290775299072,0.4461227357387543,32.2558789914377,0.821331
7836.png,119,run_8,5,"massive ringed gas giant towering over a barren and icy alien world, lone astronaut in pristine white spacesuit, with intense colors, a deep blue nebula in the background, high resolution digital artwork",0.8925711512565613,0.47164350748062134,32.18245563834697,0.821050
7836.png,120,run_2,4,hyper-realistic 8k digital painting of astronaut exploring rugged alien terrain amidst dark sky with massive ringed gas giant planet dominating the background,0.8857923746109009,0.47106704115867615,29.930462644766692,0.820173
7836.png,121,run_13,5,"highly detailed, 4k resolution sci-fi art of an astronaut in a sleek black and white spacesuit standing heroically on a barren alien terrain with a colossal gas giant planet and its resplendent rings visible in the far distance",0.8830544948577881,0.4819904565811157,28.26134053040451,0.817160
7836.png,122,run_5,2,"astronaut in white spacesuit stands out against the backdrop of a majestic giant ringed planet, highly detailed digital painting, with a vibrant blue nebula and twinkling stars shining bright",0.8925915956497192,0.46865907311439514,33.29006733910042,0.817027
7836.png,123,run_8,3,"a deep blue nebula in the distance frames a massive ringed gas giant dominating the desolate alien landscape, with an isolated astronaut in a crisp white spacesuit walking towards the viewer, high contrast, highly detailed 4k image",0.9023340940475464,0.49914616346359253,33.41413917612318,0.816991
7836.png,124,run_13,4,highly detailed cinematic sci-fi 4k poster of a lone astronaut in a futuristic black and white spacesuit standing on a desolate alien landscape with a massive gas giant planet looming in the distance and a swirling blue nebula and glittering stars shining bright,0.9038379192352295,0.5033143758773804,33.70506315396841,0.815873
7836.png,125,run_10,5,"lone space explorer in highly detailed metallic spacesuit wandering on desolate barren alien soil, enormous realistic gas giant planet filling the distant horizon, swirling vibrant purple cosmic clouds and twinkling galaxies in the clear blue sky, highly realistic 4k image",0.8668439388275146,0.45976102352142334,25.140703238622848,0.815569
7836.png,126,run_9,3,"lone astronaut standing at cliff's edge of a boundless horizon in a weathered white spacesuit on a remote extraterrestrial world, a colossal ringed gas giant towering behind, a vibrant blue nebula and distant stars stretching across the galaxy, highly detailed digital painting",0.8973532915115356,0.4966863691806793,32.14097195308242,0.815550
7836.png,127,run_13,5,ultra-high definition sci-fi masterpiece of an astronaut in a sophisticated black and white spacesuit posing on an arid alien terrain with a gargantuan gas giant planet and its radiant rings dominating the horizon,0.8757929801940918,0.45725277066230774,28.74854646162693,0.815330
7836.png,128,run_12,3,"a lone astronaut in a well-worn, battered white spacesuit, standing at the edge of a vast, barren crater field, with a deep, rich blue nebula and a ringed gas giant hanging low in the dark, starry night sky",0.8947715163230896,0.5090905427932739,29.836804870521014,0.815306
7836.png,129,run_14,2,"astronaut standing at the edge of a vast, barren, alien landscape, a massive, ringed planet dominating the sky, shimmering blue nebula in the distance, finely detailed digital artwork",0.8897579908370972,0.48406147956848145,30.952979036545067,0.814678
7836.png,130,run_12,4,"an astronaut in a worn white spacesuit, standing alone at the rim of a vast, extraterrestrial crater field, under a deep, star-filled night sky with a stunning ringed gas giant and a beautiful, sweeping blue nebula",0.8845202922821045,0.4879036545753479,28.652080472136113,0.814398
7836.png,131,run_2,4,highly realistic 4k digital painting of lone astronaut on barren alien landscape beneath a star-filled sky with massive ringed planet in the background,0.866021454334259,0.4668046236038208,24.3274065228886,0.814061
7836.png,132,run_9,1,"lone astronaut in sleek white spacesuit on barren alien planet surface, massive ringed gas giant looming overhead, vibrant blue nebula and distant stars, highly detailed cinematic sci-fi scene",0.890335738658905,0.4781380295753479,32.00832205747952,0.813765
7836.png,133,run_15,3,"lone astronaut standing on a rocky outcropping in worn, brown spacesuit on an alien terrain, a gigantic ringed gas giant with stunning atmosphere in the background, breathtaking hazy blue nebula and thousands of twinkling stars in a highly detailed, 4k low-light scene",0.9045490622520447,0.542456328868866,30.05600393935851,0.813115
7836.png,134,run_14,1,"'heroic astronaut exploring the barren surface of a distant alien world, massive ringed planet hanging suspended in the sky, twinkling starfield of a blue nebula, highly realistic cinematic scene'",0.8906159400939941,0.47383636236190796,33.00931798561044,0.811593
7836.png,135,run_13,3,"'a lone astronaut on a dusty alien terrain in a high-resolution futuristic black and white spacesuit, with a massive gas giant planet and its magnificent rings in the background, a blue nebula and twinkling stars forming a breathtaking backdrop in a sci-fi art piece'",0.8845609426498413,0.47552692890167236,30.653923197251494,0.811306
7836.png,136,run_8,2,"massive ringed planet looming large over a solitary astronaut in a pristine white spacesuit, standing on the edge of a barren alien landscape with a bright blue nebula, highly detailed digital painting",0.8693084716796875,0.46913203597068787,25.89693032796401,0.810742
7836.png,137,run_13,5,an ultra-high definition sci-fi poster of a lone astronaut in a sophisticated black and white spacesuit standing on an arid alien terrain with a gargantuan gas giant planet and its resplendent rings dominating the vista,0.859043538570404,0.438604474067688,25.70730784971236,0.810137
7836.png,138,run_12,3,"an astronaut in a weathered white spacesuit, standing at the edge of a vast, eerie, rocky crater field, with a vibrant, swirling deep blue nebula and a beautiful ringed gas giant hanging low in the night sky",0.8943600058555603,0.488924503326416,33.07439322525489,0.809473
7836.png,139,run_11,1,"lone astronaut in a white spacesuit on an alien planetary surface, massive ringed gas giant overhead, vibrant blue nebulae and starry sky, detailed cinematic sci-fi scene",0.894699215888977,0.5029300451278687,31.818586483244964,0.808387
7836.png,140,run_10,4,"'lone space explorer in gleaming metallic spacesuit wandering across barren alien terrain, gargantuan gas giant planet dominating the skyline, turbulent purple cosmic clouds and millions of twinkling galaxies, photorealistic and highly detailed'",0.8744868040084839,0.48601266741752625,26.389400708326953,0.808067
7836.png,141,run_13,4,a single solitary astronaut in a highly detailed futuristic black and white spacesuit on a barren alien world with a gigantic gas giant planet and its brilliant rings visible in the distance and a vibrant blue nebula shining brightly in the sky,0.8963192701339722,0.47735559940338135,35.48217367253481,0.807466
7836.png,142,run_10,2,"highly detailed astronaut in advanced spacesuit standing at the edge of a barren alien wasteland, massive distant gas giant planet hovering above, stunning purple nebula and countless galaxies, 4k ultra-high resolution sci-fi image",0.8735222816467285,0.48217928409576416,27.060095616530113,0.804953
7836.png,143,run_3,3,"highly detailed and realistic lone astronaut in white spacesuit standing at the edge of a massive crater on barren alien planet surface, massive ringed gas giant looming overhead with dramatic lighting effects",0.8769611120223999,0.498550146818161,26.526884313142528,0.804633
7836.png,144,run_6,1,"lone astronaut in a white spacesuit on an alien landscape, a gas giant planet with striking ring system dominates the sky, starry blue nebula and distant galaxies",0.9040805101394653,0.5393122434616089,31.898773073389535,0.804360
7836.png,145,run_13,1,"'a lone astronaut in silver-white spacesuit standing at edge of massive alien landscape, ringed gas planet hanging in dark blue sky, nebula swirling around stars, stunning sci-fi masterpiece'",0.887508749961853,0.48132094740867615,32.4265065473931,0.804187
7836.png,146,run_13,2,"highly detailed lone astronaut in sleek silver spacesuit on desolate alien terrain, massive gas giant planet with stunning rings overhead, vibrant turquoise nebula and sparkling stars in a breathtaking cosmic landscape",0.8933953642845154,0.49229148030281067,33.576511873486595,0.802944
7836.png,147,run_11,1,"a lone astronaut in a gleaming white spacesuit on the surface of a desolate, alien planet, a majestic, ringed gas giant fills the sky, a vibrant blue nebula and starry expanse in the background, in a highly realistic, detailed sci-fi setting",0.8949739933013916,0.5092654824256897,32.44584201026479,0.801820
7836.png,148,run_2,3,4k hyperrealistic digital painting of astronaut on a desolate alien landscape amidst a dark sky with massive ringed planet hanging low in the horizon,0.8584747910499573,0.44925135374069214,26.063749534630738,0.800792
7836.png,149,run_8,2,"highly detailed, realistic digital painting of a massive ringed planet towering over a lone astronaut in a white spacesuit on an alien planet's barren, rugged terrain, a bright blue nebula and stars shining in the distance",0.8778536915779114,0.5124067664146423,26.06819671840687,0.800498
7836.png,150,run_13,4,highly detailed digital painting of a lone astronaut in a futuristic black and white spacesuit on an eerie alien landscape with a massive gas giant planet and a swirling blue nebula shining brightly in the night sky,0.883873462677002,0.4926025867462158,30.68949499333548,0.799583
7836.png,151,run_14,5,"highly realistic astronaut standing at the edge of a vast, rocky, alien chasm with a stunning, ringed gas giant looming above",0.9083999395370483,0.5565122961997986,32.63386455272801,0.798553
7836.png,152,run_7,2,"lone astronaut in silver spacesuit on barren alien planet surface, massive gas giant looming overhead, vibrant blue nebula and stars, highly detailed cinematic sci-fi scene",0.8932618498802185,0.5087808966636658,32.561123024355915,0.798190
7836.png,153,run_12,1,"'a lone astronaut in a reflective white spacesuit surveys the desolate alien planet surface, with a massive ringed gas giant dominating the sky, vibrant blue nebula and starlight, highly detailed cinematic sci-fi painting'",0.8929368257522583,0.4901396334171295,34.617951203170584,0.797846
7836.png,154,run_11,4,"lone space explorer walking alone on the barren surface of a distant alien world, a breathtaking ringed planet looming large in the atmosphere, a beautiful blue nebula and subtle stars shining softly in a highly rendered, dreamlike digital painting",0.8928510546684265,0.5120642185211182,32.11584220742583,0.797783
7836.png,155,run_1,Baseline,"lone astronaut in white spacesuit on alien planet surface, massive ringed planet looming overhead, blue nebula and stars, cinematic sci-fi scene",0.8848602771759033,0.5034797787666321,30.217777283734236,0.797480
7836.png,156,run_2,Baseline,"lone astronaut in white spacesuit on alien planet surface, massive ringed planet looming overhead, blue nebula and stars, cinematic sci-fi scene",0.8848602771759033,0.5034797787666321,30.217777283734236,0.797480
7836.png,157,run_3,Baseline,"lone astronaut in white spacesuit on alien planet surface, massive ringed planet looming overhead, blue nebula and stars, cinematic sci-fi scene",0.8848602771759033,0.5034797787666321,30.217777283734236,0.797480
7836.png,158,run_4,Baseline,"lone astronaut in white spacesuit on alien planet surface, massive ringed planet looming overhead, blue nebula and stars, cinematic sci-fi scene",0.8848602771759033,0.5034797787666321,30.217777283734236,0.797480
7836.png,159,run_5,Baseline,"lone astronaut in white spacesuit on alien planet surface, massive ringed planet looming overhead, blue nebula and stars, cinematic sci-fi scene",0.8848602771759033,0.5034797787666321,30.217777283734236,0.797480
7836.png,160,run_6,Baseline,"lone astronaut in white spacesuit on alien planet surface, massive ringed planet looming overhead, blue nebula and stars, cinematic sci-fi scene",0.8848602771759033,0.5034797787666321,30.217777283734236,0.797480
7836.png,161,run_7,Baseline,"lone astronaut in white spacesuit on alien planet surface, massive ringed planet looming overhead, blue nebula and stars, cinematic sci-fi scene",0.8848602771759033,0.5034797787666321,30.217777283734236,0.797480
7836.png,162,run_8,Baseline,"lone astronaut in white spacesuit on alien planet surface, massive ringed planet looming overhead, blue nebula and stars, cinematic sci-fi scene",0.8848602771759033,0.5034797787666321,30.217777283734236,0.797480
7836.png,163,run_9,Baseline,"lone astronaut in white spacesuit on alien planet surface, massive ringed planet looming overhead, blue nebula and stars, cinematic sci-fi scene",0.8848602771759033,0.5034797787666321,30.217777283734236,0.797480
7836.png,164,run_10,Baseline,"lone astronaut in white spacesuit on alien planet surface, massive ringed planet looming overhead, blue nebula and stars, cinematic sci-fi scene",0.8848602771759033,0.5034797787666321,30.217777283734236,0.797480
7836.png,165,run_11,Baseline,"lone astronaut in white spacesuit on alien planet surface, massive ringed planet looming overhead, blue nebula and stars, cinematic sci-fi scene",0.8848602771759033,0.5034797787666321,30.217777283734236,0.797480
7836.png,166,run_12,Baseline,"lone astronaut in white spacesuit on alien planet surface, massive ringed planet looming overhead, blue nebula and stars, cinematic sci-fi scene",0.8848602771759033,0.5034797787666321,30.217777283734236,0.797480
7836.png,167,run_13,Baseline,"lone astronaut in white spacesuit on alien planet surface, massive ringed planet looming overhead, blue nebula and stars, cinematic sci-fi scene",0.8848602771759033,0.5034797787666321,30.217777283734236,0.797480
7836.png,168,run_14,Baseline,"lone astronaut in white spacesuit on alien planet surface, massive ringed planet looming overhead, blue nebula and stars, cinematic sci-fi scene",0.8848602771759033,0.5034797787666321,30.217777283734236,0.797480
7836.png,169,run_15,Baseline,"lone astronaut in white spacesuit on alien planet surface, massive ringed planet looming overhead, blue nebula and stars, cinematic sci-fi scene",0.8848602771759033,0.5034797787666321,30.217777283734236,0.797480
7836.png,170,run_2,3,highly detailed 4k digital painting of astronaut on rugged alien world amidst dark starry sky with massive ringed planet illuminated by the setting sun,0.8799133896827698,0.49348726868629456,29.804198148150736,0.796069
7836.png,171,run_6,4,"lone astronaut in a worn white spacesuit on an alien planet surface, massive ringed planet looming overhead, vibrant blue nebula and stars, highly detailed cinematic sci-fi landscape",0.8726156949996948,0.47635260224342346,29.181118052251556,0.795486
7836.png,172,run_15,3,"lone astronaut standing on a rugged rocky outcropping in worn, weathered brown spacesuit on an alien desert planet surface, massive ringed gas giant looming overhead, hazy blue nebula and thousands of twinkling stars in a dark, low-light sci-fi environment",0.8927466869354248,0.5678210854530334,26.301088714090852,0.794950
7836.png,173,run_15,4,"lone astronaut standing on a rugged, rocky outcropping in worn, weathered brown spacesuit on an alien planet surface, massive ringed gas giant looming overhead in a dark, foreboding sky, hazy blue nebula and thousands of stars, highly detailed, low-light digital painting",0.8931665420532227,0.5651939511299133,27.02732232775042,0.793499
7836.png,174,run_9,2,"lone astronaut standing at the edge of a seemingly endless void in worn white spacesuit on an alien world, enormous ringed gas giant glowing softly in the background, vibrant blue nebula and distant stars scattered throughout the cosmos, incredibly realistic digital painting",0.8812159299850464,0.4801028072834015,32.5544781584353,0.792069
7836.png,175,run_14,5,"highly detailed astronaut traversing a desolate, rocky alien landscape under the gaze of a majestic ringed gas giant",0.8423952460289001,0.4347069263458252,23.656510658905393,0.791095
7836.png,176,run_12,3,"a lone astronaut in a worn, distressed white spacesuit, standing at the edge of a vast, desolate crater field, with a deep blue nebula and a stunning, majestic ringed gas giant suspended in a dark, starry night sky",0.8742374181747437,0.5025063753128052,27.79928609986952,0.790284
7836.png,177,run_14,2,"astronaut traversing the desolate, barren landscape of a distant, unexplored planet, enormous ringed celestial body hanging low in the sky, vibrant blue glow of a nearby nebula, highly realistic, finely detailed digital painting masterpiece",0.856324315071106,0.47027498483657837,25.151526055966748,0.788882
7836.png,178,run_14,4,"highly detailed, surreal astronaut walking across the rugged, rocky terrain of a distant, foreign, uncharted planet, stunning ringed planet looming large in the sky, vibrant blue nebula radiating an otherworldly beauty",0.8958091139793396,0.5424079895019531,31.97529123179335,0.786109
7836.png,179,run_5,4,"an astronaut in a pristine white spacesuit walks solo across a vast, arid alien expanse, with a stunning giant ringed planet suspended low in the sky, a blue nebula, and countless twinkling stars",0.8546057939529419,0.4377497732639313,29.19465016555614,0.783657
7836.png,180,run_10,3,"a lone space explorer in metallic spacesuit standing at the edge of a massive cliff overlooking a desolate alien landscape, enormous gas giant planet filling the horizon, swirling purple cosmic clouds and twinkling galaxies, highly detailed realistic image",0.8700653314590454,0.4890154004096985,29.40301286133605,0.781813
7836.png,181,run_9,1,"lone astronaut in worn white spacesuit on rugged alien planet terrain, majestic ringed planet hanging low in the sky, serene blue nebula and twinkling stars, 4k masterpiece digital painting",0.8746298551559448,0.4983353912830353,30.440734853846777,0.779592
7836.png,182,run_2,4,highly detailed ultra-high-definition digital artwork of astronaut standing on rugged alien ground amidst dark sky with a massive ringed gas giant planet shining brightly overhead,0.8578003644943237,0.4781370162963867,26.63333060580608,0.779216
7836.png,183,run_11,2,"' lone cosmonaut in a pristine, high-tech spacesuit standing alone on the barren, rocky surface of a distant alien world, with a breathtaking ringed gas giant looming large in the atmosphere, and a stunning blue nebula shining in the distance, in a highly rendered masterclass digital painting'",0.8924375772476196,0.5343921184539795,33.42198321085661,0.776743
7836.png,184,run_12,2,"a lone space explorer in a weathered white spacesuit, silhouetted against a majestic ringed gas giant hanging low in the atmospheric haze",0.856904149055481,0.47084787487983704,28.117251617209988,0.774006
7836.png,185,run_11,4,"lone space explorer in a sleek, high-tech spacesuit on the desolate surface of a distant alien world, with a stunning ringed planet looming in the atmosphere, a beautiful blue nebula and stars shining brightly in a highly detailed, 4k digital painting",0.8674123287200928,0.4765799045562744,31.77000079844705,0.771620
7836.png,186,run_15,5,"astronaut standing on a rocky outcropping in worn, dusty brown spacesuit on an alien planet's rugged surface, massive ringed gas giant looming overhead, ethereal blue nebula and countless stars, highly realistic sci-fi landscape",0.8822261691093445,0.5471340417861938,29.285976946799014,0.771212
7836.png,187,run_9,1,"lone astronaut in gleaming white spacesuit on rocky alien terrain, colossal ringed planet rising above the horizon, shimmering blue nebula and sparkling stars in a vast, dark space, highly detailed digital artwork",0.8799222111701965,0.5250704288482666,30.99635896071398,0.770915
7836.png,188,run_8,5,"massive luminous ringed gas giant floating in a dark and ominous alien sky, isolated astronaut in gleaming white spacesuit stands at the edge of a vast alien landscape, striking color palette, deep blue nebula with swirling clouds of gas",0.8784332871437073,0.47566208243370056,36.37762187700908,0.769160
7836.png,189,run_10,2,"realistic highly detailed astronaut in sleek modern spacesuit standing alone on barren rocky alien terrain, massive distant gas giant planet looming in the sky, vibrant purple nebula and countless starry galaxies, low-angle cinematic sci-fi landscape",0.8733863830566406,0.5519105195999146,26.2366514251828,0.767358
7836.png,190,run_7,5,"lone space traveler in reflective silver jumpsuit on a desolate, cratered alien terrain, enormous ringed gas giant floats in the distance, dark blue nebula and a billion sparkling stars, 8k resolution sci-fi artistry",0.8775214552879333,0.4976678192615509,34.02302032914401,0.766673
7836.png,191,run_14,3,"'alien landscape stretches out to the horizon as an astronaut walks solo, a distant ringed planet hangs low in the sky, ethereal blue glow of a nebula, finely detailed digital painting'",0.8865989446640015,0.5144826173782349,35.468448760498795,0.766549
7836.png,192,run_11,5,"a lone, brave space explorer in a futuristic white spacesuit steps onto the barren surface of a mysterious distant alien world, a breathtaking ringed planet is seen looming large in the atmospheric backdrop, with a beautiful blue nebula and stars shining brightly, in a highly rendered digital masterpiece",0.8646750450134277,0.49762994050979614,29.36441927337735,0.766443
7836.png,193,run_8,3,"looming massive gas giant ringed planet dominating the desolate alien landscape with a distant astronaut in a crisp white spacesuit, in a highly detailed 4k digital painting masterpiece",0.866366982460022,0.5233685970306396,27.13044802034448,0.766124
7836.png,194,run_13,4,a lone astronaut in a futuristic black and white spacesuit on a stark alien landscape with a colossal gas giant planet and its stunning rings visible from afar and a mesmerizing blue nebula filled with glittering stars,0.8820360898971558,0.49856388568878174,36.281382307824515,0.762947
7836.png,195,run_6,3,"close-up of lone astronaut in pristine white spacesuit on alien planet surface, stunning ringed planet looming large in the background, celestial blue nebula and starry night sky, highly detailed digital art",0.8747602105140686,0.5226243734359741,31.156856740546772,0.761546
7836.png,196,run_8,4,"vibrant ringed gas giant dominating a barren alien environment, isolated astronaut in a sleek high-tech spacesuit",0.8567636609077454,0.4698830544948578,30.54113683028476,0.761516
7836.png,197,run_3,2,"cinematic and highly detailed lone astronaut in pristine white spacesuit on rugged barren alien planet surface, massive ringed gas giant looming directly overhead, vast turquoise nebula and stars with subtle intricate texture and deep shading, ultimate sci-fi masterpiece",0.8633768558502197,0.4850430488586426,31.347106638916756,0.760989
7836.png,198,run_11,3,"a lone, adventurous space explorer in a high-tech spacesuit stands on the barren, rugged surface of a desolate, distant alien world, as a stunning, vibrant ringed planet looms in the atmosphere, with a majestic blue nebula and twinkling stars",0.8712180852890015,0.5127618312835693,31.33118103968081,0.759671
7836.png,199,run_10,3,"a highly detailed and realistic 8k digital painting of a lone space explorer in metallic silver armor wandering on a barren alien terrain, enormous gas giant planet filling the background, swirling purple cosmic clouds and twinkling celestial bodies, at sunset",0.8765274882316589,0.5321530103683472,31.135234311663375,0.759383
7836.png,200,run_6,2,"astronaut in faded white spacesuit walks alone on the barren surface of a distant alien world, a colossal ringed planet towers behind, amidst a stunning blue nebula, highly realistic, photorealistic",0.8361716866493225,0.44674861431121826,26.25480579337623,0.758145
7836.png,201,run_2,3,highly detailed photorealistic 8k digital artwork of astronaut exploring the surface of a rugged alien world amidst a dark starry sky with massive ringed planet shining brightly in the distance,0.8603718280792236,0.49566349387168884,29.66452769213321,0.757712
7836.png,202,run_8,4,"enormous ringed gas giant majestically floating amidst a brilliant blue purple nebula, astronaut in a gleaming white full-body spacesuit",0.8672648072242737,0.4856327772140503,33.559415922218804,0.756478
7836.png,203,run_15,5,"highly detailed astronaut standing on a rocky outcropping in worn brown spacesuit on an alien planet surface, massive ringed gas giant looming overhead, hazy blue nebula and thousands of stars against a dark, inky sky, intense sci-fi scene",0.8672056794166565,0.536134660243988,28.158513691833107,0.754688
7836.png,204,run_4,2,"lone astronaut in white spacesuit silhouetted against bright alien sunset, ringed planet massive in the sky, sweeping blue nebula and countless stars, dramatic sci-fi landscape",0.8853748440742493,0.5117151737213135,37.91160040277919,0.752938
7836.png,205,run_10,2,"astronaut in futuristic silver spacesuit on vast barren alien expanse, enormous gas giant planet towering in the background, breathtaking purple nebula and countless distant galaxies, highly detailed photorealistic digital painting",0.8498106002807617,0.4801569879055023,28.531662335294,0.752535
7836.png,206,run_4,1,"lone heroic astronaut in pristine white spacesuit standing on edge of ancient alien cave, massive ringed planet looming overhead, blue nebula and stars shining in dark sky, highly detailed science fiction scene",0.895501971244812,0.5640602111816406,35.84591519367624,0.752141
7836.png,207,run_8,1,"lone astronaut in a worn white spacesuit on an alien planet surface, massive ringed planet looming overhead, blue nebula and stars, highly detailed cinematic sci-fi scene",0.8490021228790283,0.47917038202285767,29.155350210014596,0.748269
7836.png,208,run_7,3,"lone astronaut in a reflective silver space suit stands at the edge of a massive ringed planet, deep blue nebula and countless stars behind",0.8895337581634521,0.54518723487854,36.59132889152735,0.747944
7836.png,209,run_8,2,"highly realistic digital painting of a gigantic ringed planet towering over a lone astronaut in a white spacesuit, on a barren alien world with a deep blue nebula and a scattering of stars shining bright in the sky",0.8378952741622925,0.46619468927383423,26.64930594434265,0.747773
7836.png,210,run_15,2,"highly detailed lone astronaut in sleek black spacesuit standing on the edge of a massive alien planet impact crater, gaseous ringed gas giant looming overhead, vibrant blue nebula and thousands of stars, 4k cinematic sci-fi scene",0.8708387613296509,0.5061251521110535,34.24644733534549,0.747515
7836.png,211,run_6,3,"highly detailed cinematic sci-fi scene of lone astronaut in worn white spacesuit on alien planet surface, massive ringed planet looming overhead, vibrant blue nebula and distant stars",0.8566840291023254,0.4963945746421814,30.36265576632984,0.746457
7836.png,212,run_8,4,"colossal ringed gas giant looming large on a desolate alien landscape, lone astronaut in a clean white protective suit",0.8882213830947876,0.5545717477798462,35.69854359984847,0.744510
7836.png,213,run_7,4,"a lone space explorer in a gleaming white spacesuit stands on the rugged surface of an alien planet, a colossal gas giant with glowing rings dominates the sky, a majestic blue nebula unfurls, highly detailed and realistic 4k digital art",0.8576246500015259,0.49681413173675537,31.44660755650711,0.742304
7836.png,214,run_1,2,"'space explorer in crisp white suit ventures onto the alien world surface at sunset, enormous ringed gas planet looming overhead, swirling blue nebula and thousands of twinkling distant stars, highly detailed realistic sci-fi artwork'",0.8434416651725769,0.4758930206298828,29.3537441199485,0.738427
7836.png,215,run_1,1,"'lone astronaut in spacesuit exploring abandoned alien landscape, massive ringed world dominating the sky, vibrant blue nebula and stars shining through the darkness, epic cinematic sci-fi scene, 4k resolution'",0.8719469308853149,0.5175277590751648,35.16074598309007,0.738016
7836.png,216,run_10,5,"space explorer's metallic boots kicking up alien dust as they walk alone on the barren, rocky, extraterrestrial terrain, a massive gas giant planet looming large in the background, swirling purple cosmic clouds and twinkling galaxies shining brightly in the stars, highly realistic 4k digital art piece",0.8494622707366943,0.527435839176178,25.92759709053335,0.737349
7836.png,217,run_7,5,"lone figure in a pristine white spacesuit walks alone on a harsh, rocky alien world, gigantic ringed gas giant looms large, rich indigo nebula and an innumerable array of stars, breathtaking cinematic 4k fantasy world",0.860673725605011,0.4924904406070709,34.066779052655164,0.736954
7836.png,218,run_8,1,"lone astronaut standing on a rocky outcropping, massive ringed planet glowing in the distant sky, blue nebula and stars scattered across the horizon, cinematic sci-fi masterpiece rendering",0.8857251405715942,0.5775305032730103,33.62436405354159,0.736909
7836.png,219,run_8,1,"astronaut standing at the edge of a cliff on an alien planet, massive ringed planet filling the sky above, blue nebula and stars twinkling in the distance, highly detailed cinematic sci-fi artwork",0.8655170202255249,0.5239543914794922,32.80622216937297,0.734168
7836.png,220,run_10,1,"astronaut standing solo on alien terrain under darkening blue sky with massive ringed planet looming large in the distance, glowing nebula clouds and countless stars, dark and moody sci-fi scene",0.8752976655960083,0.5448827743530273,35.54110815521943,0.726138
7836.png,221,run_10,1,"lone astronaut in white spacesuit on rugged alien planet surface, massive ringed planet looming overhead, vibrant blue nebula and distant stars, cinematic sci-fi scene with highly detailed textures",0.8534676432609558,0.4968222677707672,33.03277331374842,0.725886
7836.png,222,run_10,5,"the metallic silhouette of a lone space explorer standing out against a backdrop of desolate, barren, alien landscape, a massive gas giant planet and swirling purple cosmic clouds filling the horizon, the twinkling galaxies and stars shining down on the scene, masterpiece digital painting 4k resolution",0.850619912147522,0.4934994876384735,33.40747526521723,0.720387
7836.png,223,run_15,3,"lone astronaut standing on a jagged, rocky outcropping in worn, tattered brown spacesuit on an alien desert landscape, massive gas giant with vibrant, glowing rings looming overhead, breathtaking hazy blue nebula and countless stars in a highly detailed, low-light, digital painting scene",0.8601047992706299,0.5707927942276001,28.237672019488198,0.719822
7836.png,224,run_13,5,dramatic 4k sci-fi illustration of an astronaut in a futuristic black and white spacesuit standing tall on a desolate alien terrain surrounded by the vastness of a massive gas giant planet and its striking rings,0.8257407546043396,0.4824283719062805,25.982446238684215,0.718084
7836.png,225,run_15,4,"lone astronaut standing at the edge of a rocky outcropping in a rugged, worn brown spacesuit on an alien planet surface, massive ringed gas giant looming overhead, hazy blue nebula and thousands of stars in a dark, star-filled sky, highly detailed low-light sci-fi masterpiece",0.867228627204895,0.5817747712135315,30.345243889295837,0.715910
7836.png,226,run_10,4,"'space explorer standing alone in worn, metallic suit, dwarfed by the sheer scale of a desolate alien landscape, a gargantuan gas giant hanging in the sky, swirling purple clouds and a star-filled expanse, highly detailed'",0.8618486523628235,0.5423610210418701,33.46650542160846,0.712586
7836.png,227,run_11,5,"lone space explorer in a highly advanced, gleaming metallic spacesuit steps onto the rocky surface of a distant, mysterious alien world, a stunning ringed planet fills the atmosphere, with a vibrant blue nebula and stars shining brightly, in a surreal digital wonderland",0.8832734227180481,0.5813644528388977,36.9883275985211,0.712118
7836.png,228,run_1,4,"highly detailed realistic 4k sci-fi artwork of lone space explorer in sleek white spacesuit on barren alien world surface, gigantic ringed gas planet looming overhead, swirling blue nebula and vibrant distant stars",0.8456982970237732,0.4979587197303772,33.0831491084592,0.709915
7836.png,229,run_4,3,"'lone astronaut in distressed white spacesuit standing at the precipice of an immense extraterrestrial caldera, a ringed planet rises majestically in the background, a radiant blue nebula and countless twinkling celestial bodies, highly detailed 4k digital artwork'",0.8455855846405029,0.5094790458679199,32.14074757340259,0.707786
7836.png,230,run_3,2,"the breathtakingly detailed lone astronaut stands in stark silhouette against the backdrop of a massive ringed gas giant looming overhead against a vibrant blue nebula with distant stars and subtle texture, highly realistic sci-fi landscape",0.8595942854881287,0.5309393405914307,34.84431045251286,0.707780
7836.png,231,run_1,3,"highly detailed realistic sci-fi artwork of lone space explorer in sleek white spacesuit on rugged barren alien world surface, gigantic ringed gas planet looming overhead, swirling blue nebula and vibrant distant stars",0.8446893095970154,0.4996183216571808,32.96528552378294,0.707594
7836.png,232,run_1,5,"detailed 4k cinematic sci-fi artwork of a lone space explorer in clean white spacesuit on rocky alien terrain, massive ringed gas planet filling the sky, vibrant blue nebula and numerous distant stars shining bright",0.8516676425933838,0.5124607086181641,34.917384401004036,0.703109
7836.png,233,run_15,2,"lone astronaut exploring the alien planet surface in worn tan spacesuit, massive gaseous ringed planet looming overhead, dark blue nebula and twinkling stars, highly detailed moody sci-fi scene",0.8381226062774658,0.49716049432754517,31.705149738744897,0.703015
7836.png,234,run_3,1,"high-resolution sci-fi artwork of a lone astronaut in white spacesuit standing on the edge of a massive impact crater on an alien world, ringed planet in the sky",0.8558288216590881,0.5333924889564514,34.271635096278814,0.702054
7836.png,235,run_2,5,"highly detailed digital masterpiece of astronaut on a rocky, barren alien landscape surrounded by a dark sky with a massive ringed planet shining vividly in the distance",0.8610275983810425,0.5860080718994141,30.391891139021155,0.701140
7836.png,236,run_3,3,"highly detailed and photorealistic lone astronaut in white spacesuit standing motionless on alien terrain, massive ringed gas giant looming overhead with intricate clouds",0.8344510793685913,0.4951937794685364,31.516016938776662,0.698088
7836.png,237,run_2,1,"lone astronaut in silver spacesuit on rugged alien planet surface, towering ringed planet looming overhead, vibrant blue nebula and distant starry cosmos, highly detailed cinematic sci-fi scene",0.8505840301513672,0.5163835883140564,35.12610467310247,0.697567
7836.png,238,run_11,2,"'space explorer clad in a rugged, high-tech spacesuit standing at the edge of a vast barren landscape on a distant alien world, with a majestic ringed gas giant dominating the atmosphere, and a beautiful blue nebula and stars shining brightly, in a highly detailed stunning digital artwork'",0.8281694650650024,0.4939456582069397,29.509779578864798,0.697276
7836.png,239,run_3,4,"cinematic and highly detailed lone astronaut in white spacesuit on barren extraterrestrial terrain, majestic gas giant rising above the horizon, ethereal blue nebula and starry night sky with precise texture and shading, 4k sci-fi wonder",0.8476345539093018,0.5293939709663391,32.64297485171345,0.697194
7836.png,240,run_1,5,"highly detailed 4k photorealistic sci-fi artwork of a lone space explorer in clean white spacesuit on steep alien terrain, massive ringed gas planet filling the sky, vibrant blue nebula and numerous distant stars with a crescent moon.",0.8449007868766785,0.5152000188827515,33.380971657161545,0.696495
7836.png,241,run_7,1,"lone astronaut in sleek black spacesuit on barren alien wasteland, ringed gas giant looming large in the sky, vibrant purple nebula and distant stars",0.8406257629394531,0.5081538558006287,32.72755295733046,0.695888
7836.png,242,run_11,4,"lone space explorer in a futuristic, advanced spacesuit on the barren terrain of a far-off alien world, a breathtaking ringed planet visible in the sky, a beautiful blue nebula and stars shining in a highly rendered, oil painting masterwork",0.839642345905304,0.5091181397438049,32.55195550322123,0.694337
7836.png,243,run_14,1,"'single astronaut standing at the edge of an alien world, colossal gas giant dominating the sky, sweeping starfield of a blue and purple nebula, highly stylized cinematic scene'",0.8526525497436523,0.5217106342315674,36.28482936877787,0.692267
7836.png,244,run_9,3,"lone space explorer standing atop an rocky outcropping at precipice of an endless starry expanse in worn white spacesuit on extraterrestrial world, colossal ringed gas giant radiating in the background, profound blue nebula and distant stars scattered throughout the cosmos, masterpiece 8k sci-fi artwork",0.8726670145988464,0.5748512148857117,37.72149757384622,0.691628
7836.png,245,run_15,1,"isolated space explorer in brilliant white jumpsuit, on a rugged alien terrain with the massive glowing ringed planet dominating the horizon, a vast blue nebula and countless stars shining bright, highly detailed and photorealistic sci-fi environment",0.8448541164398193,0.5238088369369507,33.43647764444715,0.690966
7836.png,246,run_11,5,"space explorer in a state-of-the-art, high-tech silver spacesuit stands amidst the desolate landscape of a distant alien world, a stunning ringed planet fills the atmosphere, with a vibrant blue nebula and stars shining brightly, in a 4k digital painting",0.8457356691360474,0.5290135145187378,33.723820156369115,0.688044
7836.png,247,run_5,1,"cinematic astronaut in a worn spacesuit on barren alien planet surface, distant giant ringed planet looming behind, bright blue nebula and numerous stars, highly detailed sci-fi scene",0.8488904237747192,0.5216411352157593,35.80303514789134,0.687576
7836.png,248,run_14,2,"astronaut exploring the rugged, rocky terrain of an uncharted foreign planet, huge ringed celestial body casting long shadows, soft blue glow of a nebula in the background, realistic 4k digital painting",0.9009445905685425,0.6438442468643188,41.06672348167155,0.687419
7836.png,249,run_2,4,highly detailed photorealistic 4k digital art of astronaut walking on barren alien landscape beneath a dark celestial sky with massive ringed planet shining in the distance,0.8239713907241821,0.5266917943954468,26.378396172984562,0.686115
7836.png,250,run_11,4,"lone space explorer in a pristine, high-tech spacesuit standing at the foot of a massive, ancient alien structure, a stunning ringed planet visible in the sky, a beautiful blue nebula and stars shining brightly in a highly textured, realistic digital painting",0.8552384972572327,0.5472542643547058,35.831086885282204,0.684395
7836.png,251,run_7,5,"lone astronaut in gleaming white spacesuit on a rocky, barren alien landscape, colossal ringed gas giant dominates the sky, deep indigo nebula and countless twinkling stars, highly detailed cinematic 4k sci-fi epic",0.8522235751152039,0.5446924567222595,35.28969626422609,0.682954
7836.png,252,run_5,5,"cinematic astronaut in shimmering white spacesuit treks across an alien wasteland, an exquisite giant ringed planet is suspended in the evening sky, glowing blue nebula and twinkling celestial bodies, highly realistic image",0.8303009271621704,0.5041062235832214,32.05497462030704,0.681890
7836.png,253,run_11,2,"'lone astronaut in a sleek, futuristic spacesuit on the desolate surface of a dimly lit, distant alien world, with a stunning ringed gas giant filling the atmosphere, and a breathtaking blue nebula shining brightly in the darkness, in an exquisitely rendered highly detailed digital painting'",0.8476746678352356,0.5504823923110962,33.2249390998433,0.681595
7836.png,254,run_10,4,"'lone space explorer in metallic suit, backlit by the vibrant hues of a desolate alien sunset, enormous gas giant planet towering over the landscape, swirling purple and pink cosmic clouds, digital painting style'",0.8616340756416321,0.5395503044128418,39.796323152944645,0.680437
7836.png,255,run_6,2,"a lone astronaut in a worn white spacesuit stands atop a dusty, barren alien planet surface, a massive ringed gas giant looming overhead, with swirling blue nebula and countless stars stretching out into the cosmos, highly detailed, cinematic sci-fi scene",0.8320010304450989,0.5044608116149902,33.07694225145175,0.679571
7836.png,256,run_5,3,"'a lone astronaut in a crisp white spacesuit ventures onto dusty, rocky alien landscape, a stunning ringed planet looms large in the horizon, swirling vibrant blue nebula and a canvas of twinkling stars, photorealistic sci-fi masterpiece'",0.8189871311187744,0.5122737288475037,28.024530070326172,0.676403
7836.png,257,run_11,3,"highly rendered digital painting of a lone space explorer in a gleaming white spacesuit standing on the desolate, barren surface of a distant alien world, with a breathtaking ringed planet and a beautiful blue nebula shining brightly in the sky",0.844812273979187,0.5253101587295532,36.31594798218395,0.674788
7836.png,258,run_2,1,"lone astronaut in gleaming white spacesuit on rocky alien terrain, enormous ringed planet looming majestically, electric blue nebula and sparkling celestial bodies, highly realistic sci-fi artwork",0.8412609100341797,0.530476987361908,34.82738899645043,0.672689
7836.png,259,run_3,5,"cinematic and highly detailed lone astronaut in white spacesuit standing at the edge of a cliff, massive ringed gas giant looming in the background, vast blue nebula and stars with subtle texture and shading",0.8299283981323242,0.49039554595947266,35.30995393999867,0.672182
7836.png,260,run_6,2,"a lone astronaut in a worn white spacesuit explores the barren, rocky terrain of an alien world, with a massive ringed planet dominating the sky, set against a beautiful blue nebula and starry night, cinematic masterpiece",0.8309004306793213,0.5216343402862549,32.40264971328487,0.670737
7836.png,261,run_3,4,"highly detailed and cinematic lone astronaut in white space suit standing on barren alien landscape with twisted rocks and vast open space, massive ringed gas giant rising above the distant horizon, vivid blue nebula and stars, highly realistic sci-fi masterpiece",0.8399354815483093,0.5305928587913513,34.81099694994253,0.670143
7836.png,262,run_12,1,"'lone astronaut in a sleek white spacesuit stands on the barren alien planet surface, with a stunning ringed gas giant looming overhead, a swirling blue nebula and countless stars in the distance, highly detailed cinematic sci-fi masterpiece'",0.832865834236145,0.5141342878341675,34.16968653289164,0.669693
7836.png,263,run_15,2,"highly detailed lone astronaut in sleek silver spacesuit on barren alien planet surface, massive gaseous ringed planet looming overhead, vibrant blue nebula and twinkling stars, cinematic sci-fi masterpiece",0.8323365449905396,0.5082486271858215,34.7271690595071,0.669245
7836.png,264,run_10,4,"'isolated space traveler in sleek metallic exosuit venturing onto desolate, crimson-hued alien ground, massive gas giant looming on the horizon, swirling purple nebulae and an infinite expanse of twinkling stars, 4k high-fidelity'",0.8335514664649963,0.525702953338623,33.198361782184335,0.669232
7836.png,265,run_10,3,"highly detailed lone space explorer in metallic silver spacesuit wandering on barren alien terrain, enormous Jupiter-like gas giant planet filling the horizon, swirling purple cosmic storms and twinkling galaxies at dusk, high-quality realistic 4k image",0.8324627876281738,0.5417839288711548,30.98846396824385,0.669180
7836.png,266,run_10,4,"'lone astronaut in metallic suit, surrounded by the desolate beauty of an alien wasteland, enormous gas giant planet stretching across the horizon, turbulent purple clouds and millions of twinkling stars, highly realistic and masterfully rendered'",0.825993001461029,0.5223792195320129,31.552156420503024,0.665291
7836.png,267,run_5,4,"highly detailed, cinematic, 4k sci-fi painting of astronaut in white spacesuit walking alone on desolate, barren alien terrain, majestic giant ringed planet hanging in the sky at a low angle, vibrant blue nebula and twinkling stars",0.8244168758392334,0.5129292011260986,32.060849871140604,0.665206
7836.png,268,run_4,2,"lone astronaut in worn white spacesuit gazing out at ringed planet's icy moon, vast blue nebula swirling behind, numerous stars shining, highly textured digital painting",0.817202627658844,0.4826090633869171,32.92077009374716,0.664837
7836.png,269,run_2,3,highly detailed 8k digital masterpiece of astronaut standing on rugged alien terrain amidst dark starry sky with massive ringed planet glowing brightly at dusk,0.8556793928146362,0.6166165471076965,32.04222163114006,0.663790
7836.png,270,run_9,3,"lone cosmonaut standing at precipice of a boundless expanse in weathered white spacesuit on extraterrestrial world, colossal ringed gas giant radiating in the background, profound blue nebula and distant stars scattered throughout the cosmos, highly realistic 8k sci-fi scene",0.8305390477180481,0.5054994225502014,35.711404085516975,0.662216
7836.png,271,run_9,5,"lone astronaut standing at precipice of a boundless alien world in weathered white spacesuit, massive ringed gas giant shining brightly in the background, deep blue nebula and distant stars scattered throughout the galaxy, photorealistic 12k space scene, subtle texture and detail in the spacesuit and landscape",0.8297083973884583,0.5172039270401001,34.367430733278646,0.660708
7836.png,272,run_1,3,"highly detailed realistic sci-fi artwork of lone space explorer in sleek white spacesuit on dusty barren alien world surface, colossal ringed gas planet looming overhead, swirling blue nebula and vibrant distant stars",0.8204333782196045,0.49791619181632996,33.187244500241476,0.660529
7836.png,273,run_10,1,"lone astronaut in orange jumpsuit on dusty alien planet surface, huge ringed planet dominating the horizon, fiery red nebula and distant stars, dynamic sci-fi action",0.8626126050949097,0.6017816662788391,37.19318168255944,0.658875
7836.png,274,run_2,5,"highly detailed 8k digital art of astronaut standing on rugged alien terrain amidst a dark, star-filled sky with a massive ringed planet shining bright",0.8167833685874939,0.5493586659431458,26.46536246416626,0.658206
7836.png,275,run_1,1,"'lone astronaut in white spacesuit standing on rocky outcropping of alien planet, massive ringed planet dominating the horizon, swirling blue nebula and distant stars, 4k cinematic sci-fi artwork'",0.8462572693824768,0.555838942527771,36.533494357135524,0.658187
7836.png,276,run_5,3,"'a lone astronaut in a clean white spacesuit journeys across a vast, barren alien expanse, a colossal ringed gas giant fills the sky, a kaleidoscope of vibrant blue nebula and a tapestry of twinkling stars, ultra-high-definition cinematic sci-fi art'",0.8349921703338623,0.5411648750305176,34.22479875231557,0.657358
7836.png,277,run_11,4,"lone space explorer standing at the edge of a vast, barren wasteland, their white, high-tech spacesuit a striking contrast to the dark, alien landscape, a stunning ringed planet visible in the atmosphere, with a beautiful blue nebula and stars shining in a highly detailed digital painting",0.8391779065132141,0.55147385597229,34.61026828066908,0.657257
7836.png,278,run_14,1,"'astronaut standing alone amidst rugged alien landscape, large gas giant planet hanging precariously in the sky, vibrant blue starfield, highly detailed cinematic scene'",0.8031427264213562,0.48732003569602966,28.716600866150728,0.657022
7836.png,279,run_6,5,"Lone astronaut on the distant ringed planet's horizon, a worn white spacesuit and stunning alien landscape, breathtaking blue nebula and celestial bodies, cinematic quality, digital art",0.8226244449615479,0.5108339190483093,33.354713839452685,0.656161
7836.png,280,run_5,1,"lone astronaut in worn spacesuit peers out from behind rocky alien outcropping, gigantic ringed planet fills the sky, sweeping blue nebula and numerous stars, highly detailed and textured sci-fi masterpiece",0.8460041880607605,0.5883609652519226,33.18431620210662,0.655938
7836.png,281,run_15,1,"lone space traveler in pristine white suit, against the backdrop of a desolate alien world, with the massive ringed planet towering above, a swathe of blue nebula stretching across the sky, highly detailed cinematic science fiction",0.8393703103065491,0.5389213562011719,36.918466310286725,0.652947
7836.png,282,run_5,1,"lone astronaut in grey and blue spacesuit stands on rugged alien landscape, massive ringed planet towering above, swirly blue nebula and countless stars, highly detailed and realistic sci-fi movie scene",0.8368480205535889,0.5413995385169983,36.098053413839004,0.650919
7836.png,283,run_6,3,"dramatic cinematic scene of lone astronaut in worn white spacesuit standing at the edge of massive alien landscape, breathtaking ringed planet looming overhead, deep blue nebula and distant stars, highly detailed 8k digital painting",0.8200725317001343,0.5199448466300964,32.428999663411766,0.650667
7836.png,284,run_5,1,"single astronaut in white and gold spacesuit stands at edge of massive alien canyon, enormous ringed planet hanging behind, glowing blue nebula and scattered stars, 4k high-resolution digital painting style",0.8313100337982178,0.5431147813796997,33.957141042423835,0.650484
7836.png,285,run_7,2,"lone figure in white spacesuit standing near strange alien monument, massive ringed planet in the sky, blue nebula and distant stars, highly detailed and realistic image",0.825056791305542,0.5283294916152954,33.410774901739195,0.650112
7836.png,286,run_2,2,detailed sci-fi artwork of astronaut in white spacesuit standing near massive alien structure on a distant planet with a massive ringed planet and blue nebula in the background,0.8267593383789062,0.5263997316360474,34.92117164782833,0.646585
7836.png,287,run_5,4,"cinematic, high-resolution, digital art of an astronaut in a white spacesuit standing alone on a barren, rocky alien surface, under the majestic sight of a giant ringed planet and a vibrant blue nebula",0.8207095861434937,0.5165575742721558,34.01178812192773,0.645568
7836.png,288,run_15,1,"solitary astronaut in spotless white spacegear, on a barren, rocky alien surface with the imposing ringed planet looming large, a swirling blue nebula filling the sky with stars, digital painting masterpiece",0.833308219909668,0.5366818904876709,36.402654004718386,0.645284
7836.png,289,run_6,1,"lone space explorer in a crisp white spacesuit standing on barren alien terrain, massive ringed planet in the background, vibrant blue nebula and countless stars",0.8310272693634033,0.5448387861251831,34.78310058886324,0.644547
7836.png,290,run_9,5,"isolated astronaut standing at edge of boundless alien world in weathered white spacesuit, enormous ringed celestial body illuminated in the background, profound blue nebula and distant stars scattered throughout the galaxy, highly detailed 8k realistic space artwork, gentle atmosphere",0.8178269863128662,0.5135679841041565,33.60348389172285,0.643936
7836.png,291,run_6,2,"lone astronaut in crisp white spacesuit on rugged alien terrain, massive ringed planetary body fills the sky, with vibrant blue nebula and twinkling stars, breathtaking, 4k digital artwork",0.8266029357910156,0.533843457698822,34.60332108935049,0.643511
7836.png,292,run_12,1,"'lone astronaut on alien planet surface in a tattered white spacesuit, a glowing ringed gas giant filling the sky, brilliant blue nebula and distant stars, highly detailed cinematic sci-fi 4k rendering'",0.8220974206924438,0.5176650285720825,34.83525401391648,0.643244
7836.png,293,run_7,5,"astronaut in a spotless white EV suit stands alone on a rugged, dusty alien surface, massive ringed gas giant fills the sky, midnight blue nebula and a sea of shining stars, highly stylized digital painting",0.8263099193572998,0.5296623110771179,35.12922138084217,0.642668
7836.png,294,run_13,1,"'single astronaut in spotless white jumpsuit walking towards distant all-terrain vehicle on desolate alien terrain, massive ringed planet towering above, serene blue nebula and shimmering stars, highly atmospheric cinematic rendering'",0.8396154046058655,0.5605620741844177,36.52936648808805,0.642540
7836.png,295,run_7,1,"cinematic depiction of lone astronaut in white suit on alien surface, stunning ringed planet rising above the sky, swirling blue and purple nebula",0.8284262418746948,0.5187624096870422,37.437785546679685,0.641089
7836.png,296,run_8,4,"stunning celestial ringed gas giant set against a deep indigo nebula, astronaut in a futuristic white spacesuit standing alone",0.8279054164886475,0.5242578387260437,36.85184636061851,0.639890
7836.png,297,run_1,2,"'lonely space explorer in pristine white spacesuit on rocky desolate alien world surface, enormous ringed gas planet looming above, swirling blue nebula and twinkling distant stars, ultra- realistic cinematic masterpiece'",0.825390100479126,0.5270791053771973,35.86468889344822,0.638550
7836.png,298,run_15,2,"highly detailed astronaut in shimmering white spacesuit descending from a massive mothership on the alien planet surface, massive gaseous ringed planet looming overhead, colorful blue nebula and stars, cinematic sci-fi epic",0.8265739679336548,0.5270625352859497,36.80106205475008,0.635907
7836.png,299,run_6,1,"lone astronaut in a pristine white spacesuit on an extraterrestrial surface, breathtaking ringed planet towering above, a vast starry expanse of blue nebula and galaxies",0.8202828168869019,0.5222039818763733,35.393164721897854,0.634076
7836.png,300,run_3,2,"epic cinematic and highly detailed lone astronaut in gleaming white spacesuit on harsh barren alien planet surface with massive ringed gas giant dominating the sky above, stunning vibrant blue nebula and distant stars with delicate shading, 8k resolution",0.8176993131637573,0.5150396823883057,35.54636634919198,0.632553
7836.png,301,run_2,1,"lone astronaut in worn white spacesuit on barren alien wasteland, massive stormy ringed planet overshadowing, breathtaking blue nebula and twinkling stars, digital masterpiece",0.8184366226196289,0.524802565574646,34.932191790629815,0.631386
7836.png,302,run_2,2,stunning cinematic sci-fi artwork of lone astronaut in white spacesuit exploring alien planet with massive ringed planet in the background and a distant blue nebula,0.8187831044197083,0.5249309539794922,35.18427964887536,0.630648
7836.png,303,run_1,4,"highly realistic and detailed digital painting of solo space traveler in futuristic white spacesuit venturing onto barren alien landscape, large ringed planet filling horizon, breathtaking blue nebula and twinkling distant stars",0.8266913890838623,0.54082190990448,36.47068115397871,0.629654
7836.png,304,run_13,3,"'a realistic astronaut standing alone on a barren alien land in a black and white futuristic spacesuit, against the stunning backdrop of a massive gas giant planet with brilliant rings, a swirling blue nebula and millions of glittering stars shining bright in a cinematic scene'",0.8097894191741943,0.49685245752334595,35.27901804855551,0.629537
7836.png,305,run_11,5,"the distant, haunting calls of an alien world echo through space as a brave space explorer in a high-tech white spacesuit ventures onto the barren surface, a breathtaking ringed planet looms large in the atmosphere, with a beautiful blue nebula and stars shining brightly, in a highly detailed digital artwork",0.8146213889122009,0.5179688930511475,34.88071427954506,0.628363
7836.png,306,run_1,2,"'a lone astronaut in a worn white spacesuit stands on the alien world surface beneath a massive ringed gas planet, swirling blue nebula and tiny distant stars, highly realistic gritty sci-fi painting'",0.8196617364883423,0.525930643081665,35.8559386875533,0.628204
7836.png,307,run_1,4,"realistic detailed digital art of lone space explorer in spotless white spacesuit strolling across barren alien surface, massive ringed planet towering above, beautiful blue nebula and stars shining in distance",0.8272206783294678,0.5692638158798218,33.9439602692643,0.627016
7836.png,308,run_2,1,"lone astronaut in pristine white spacesuit standing heroically on alien landscape, colossal ringed gas giant dominating, swirling blue nebula and galaxies, ultra-high definition cinematic landscape",0.8297762870788574,0.5377681255340576,38.53373985912063,0.626555
7836.png,309,run_7,3,"a lone astronaut in a reflective white space suit, standing on the edge of a massive ringed gas giant, with a deep blue nebula and countless stars in the sky, highly detailed 4k digital art",0.8207674622535706,0.538174033164978,35.535546635890555,0.624716
7836.png,310,run_12,4,"an astronaut in a weathered white spacesuit, standing at the edge of a massive, haunting, otherworldly, highly detailed crater field, with a deep, midnight blue nebula and a breathtaking, perfectly illuminated ringed gas giant suspended in a dark, velvety black night sky",0.790523886680603,0.4829099178314209,31.330040815075872,0.621458
7836.png,311,run_5,5,"highly detailed realistic astronaut in white spacesuit walks alone on barren alien terrain, majestic giant ringed planet hanging low in a deep blue sky, vibrant blue nebula and twinkling stars in the background, cinematic sci-fi art",0.8084975481033325,0.5066848397254944,35.29452499470392,0.621080
7836.png,312,run_6,4,"lone astronaut in a battered white spacesuit on the barren alien planet surface, massive ringed planet dominating the sky, a swirling blue nebula and stars, 4k cinematic masterpiece",0.8111019730567932,0.5212315917015076,34.62271008172961,0.620969
7836.png,313,run_4,1,"detailed cinematic astronaut in full white spacesuit on barren alien rock surface, massive ringed gas giant looming overhead, vibrant blue nebula and countless distant stars, epic sci-fi artwork",0.8108896017074585,0.5094167590141296,36.21819279367384,0.619197
7836.png,314,run_15,3,"lone astronaut standing on a rocky outcropping in tattered, beige spacesuit on an otherworldly alien terrain, massive gas giant with vibrant rings looming overhead, breathtaking hazy blue nebula and countless stars in a dramatic, highly detailed low-light scene",0.845953643321991,0.6308176517486572,35.345379821153514,0.619056
7836.png,315,run_5,4,"astronaut in a white spacesuit stands isolated against a dusty, rugged alien landscape, under the radiant glow of a massive ringed planet, amidst a swirling blue nebula and starry night sky",0.8121887445449829,0.5187896490097046,35.84950359116466,0.618054
7836.png,316,run_7,4,"lone astronaut in a reflective white jumpsuit on a desolate, barren alien landscape, a stunning gas giant with rings filling the sky, vibrant blue nebula, and countless glittering stars, cinematic sci-fi visual effects",0.8178035020828247,0.5473832488059998,34.74009519114467,0.617678
7836.png,317,run_9,1,"lone astronaut in pristine white spacesuit on desolate alien landscape, monumental ringed planet dominating the horizon, celestial blue nebula and star-studded sky, photorealistic cinematic sci-fi artwork",0.8228437900543213,0.5540964007377625,36.138654479559065,0.616031
7836.png,318,run_13,2,"realistic lone space explorer in minimalist white spacesuit on rugged barren alien surface, enormous ringed celestial body dominating the sky, brilliant blue nebula and twinkling stars in a stunning space scene",0.8373989462852478,0.5941998362541199,36.98897759469673,0.615722
7836.png,319,run_6,4,"lone space explorer in a white protective suit on a desolate alien world, majestic ringed planet suspended above, a beautiful blue nebula and twinkling stars, digital painting style",0.8165635466575623,0.5342599153518677,36.77501866599274,0.612382
7836.png,320,run_15,3,"highly detailed, 4k sci-fi astronaut standing on a barren, rocky outcropping in worn, beige spacesuit on a distant alien world, massive gas giant with delicate rings looming overhead, breathtaking hazy blue nebula and countless stars in a dramatic, low-light environment",0.8333560228347778,0.6121627688407898,34.205593935437754,0.611859
7836.png,321,run_12,3,"highly detailed, 4k, masterpiece digital painting of a lone astronaut in a weathered white spacesuit, standing at the edge of a vast, eerie crater field, with a deep blue nebula and a ringed gas giant hanging low in the night sky",0.7937983870506287,0.523667573928833,29.851864865852985,0.611232
7836.png,322,run_5,4,"a highly realistic, detailed sci-fi art piece of an astronaut in a white spacesuit walking on foreign, dusty alien terrain, with a breathtaking view of a giant ringed planet low in the sky, surrounded by a shimmering blue nebula and twinkling stars",0.8390885591506958,0.5927733778953552,38.86466917761624,0.609940
7836.png,323,run_6,3,"lone astronaut in reflective white spacesuit standing on rocky alien planet surface, majestic ringed planet dominating the sky, soft blue nebula and countless stars, highly detailed 4k digital painting",0.8226115107536316,0.5530965924263,37.51119939402978,0.608934
7836.png,324,run_5,2,"sci-fi cinematic masterpiece, astronaut in white spacesuit walks on the dusty alien terrain, a majestic giant ringed planet rises high in the sky, with vibrant blue nebula and twinkling stars shining bright",0.7969208359718323,0.5008516311645508,34.03080699351945,0.608848
7836.png,325,run_6,1,"dramatic cinematic scene of a lone astronaut in a spotless white spacesuit on an otherworldly surface, a gargantuan ringed planet casting a long shadow, breathtaking blue nebula and countless twinkling stars",0.8045464754104614,0.5178706049919128,34.99882441569812,0.608314
7836.png,326,run_11,3,"a highly realistic depiction of a lone space explorer in a high-tech white spacesuit standing on the barren, rocky surface of a distant alien world, with a breathtaking ringed planet and vibrant blue nebula in the sky, in a digital painting style",0.8455840349197388,0.5960363149642944,41.21239882436306,0.608159
7836.png,327,run_3,4,"highly detailed and realistic lone astronaut in white space suit standing on barren alien terrain with rugged rocks and dusty windswept ground, massive ringed gas giant looming overhead, vast blue nebula and stars, detailed digital painting",0.8349553942680359,0.6030464768409729,36.614403462951685,0.607685
7836.png,328,run_5,2,"highly detailed realistic cinematic sci-fi art of astronaut in white spacesuit walks alone on dusty alien terrain, majestic giant ringed planet hanging low in a deep blue sky, vibrant blue nebula and twinkling stars",0.8158634901046753,0.551253080368042,35.56807059596057,0.607243
7836.png,329,run_2,1,"lone astronaut in weathered white spacesuit on desolate alien surface, enormous ringed planet floating serenely, shimmering blue nebula and galaxies in motion, cinematic vision of the future",0.8176845908164978,0.5527030825614929,36.09880929448706,0.607096
7836.png,330,run_3,4,"cinematic and photorealistic lone astronaut in full white space suit standing at edge of barren alien landscape on foreground, massive ringed gas giant hovering in dramatic blue sky, vast blue nebula and stars with subtle 3D texture and shading, sci-fi epic",0.8067165613174438,0.5255411863327026,36.020284754067475,0.602534
7836.png,331,run_5,2,"realistic astronaut in white spacesuit explores the dusty alien terrain, a majestic giant ringed planet dominates the sky, with vibrant blue nebula and twinkling stars, highly detailed cinematic art",0.7948464155197144,0.5160942673683167,32.814429308704106,0.602147
7836.png,332,run_3,5,"highly detailed and atmospheric lone astronaut in white spacesuit on dusty alien terrain, massive ringed gas giant towering above, vast blue nebula and stars with vibrant texture and shading",0.792513370513916,0.5022801756858826,33.61093044039786,0.601687
7836.png,333,run_4,1,"astronaut in majestic white spacesuit standing at edge of alien valley, ringed planet rising majestically overhead, deep blue nebula and starry night sky, breathtaking cinematic scene",0.8184992074966431,0.5603163242340088,36.66456848460599,0.601135
7836.png,334,run_11,1,"a lone, isolated astronaut in a gleaming white spacesuit stands on an alien planet's cratered surface, a stunning ringed planet fills the sky, a swirling blue nebula and millions of stars are in the background, in a highly detailed 4k style",0.7760494947433472,0.4656781554222107,31.83196966191894,0.601114
7836.png,335,run_5,3,"'astronaut in white spacesuit treks solo across barren alien wasteland, massive ringed gas giant dominates sky, radiant cerulean nebula and countless twinkling stars, ultra-realistic 4k cinematic sci-fi artwork'",0.8049401640892029,0.5322151184082031,34.95973315320346,0.600708
7836.png,336,run_14,5,"highly detailed, digital painting of an astronaut standing alone on a rocky, alien outcropping beneath the serene, glowing light of a distant nebula",0.8699201345443726,0.6593383550643921,44.54923121806264,0.599774
7836.png,337,run_3,3,"cinematic and highly detailed lone astronaut in crisp white helmet and bulky spacesuit on barren alien planet surface, massive ringed gas giant looming overhead, vast blue nebula",0.7901662588119507,0.4921268820762634,34.28053336365376,0.599682
7836.png,338,run_9,2,"lone astronaut standing on the lip of an innumerable expanse in worn white spacesuit on a distant planet, massive ringed gas giant glowing faintly in the background, rich blue nebula and distant stars scattered throughout the cosmos, highly realistic 8k masterpiece",0.7914122343063354,0.49120646715164185,35.08400812856734,0.598400
7836.png,339,run_6,4,"lone astronaut in a white spacesuit, standing alone on the rugged alien planet surface, massive ringed planet looming large above, a breathtaking blue nebula and stars, detailed, realistic sci-fi scene",0.8050194978713989,0.5322233438491821,35.42781956013701,0.598385
7836.png,340,run_1,4,"lone astronaut in pristine white spacesuit standing on desolate extraterrestrial terrain, majestic ringed planet dominating sky, beautiful blue nebula stretching outward, stunning realistic sci-fi art",0.822238564491272,0.5460214018821716,40.425480286886135,0.597058
7836.png,341,run_8,4,"immense ringed gas giant radiating intense light on a cold dark alien world, lone figure in a pure white environment suit",0.7993179559707642,0.5271757245063782,34.381672997942935,0.595898
7836.png,342,run_6,1,"highly detailed lone astronaut in a gleaming white spacesuit on an alien world, a stunning ringed planet looming large in the sky, majestic blue nebula and distant galaxies",0.8083604574203491,0.5368092656135559,37.913134258270745,0.588986
7836.png,343,run_3,2,"a cinematic and highly detailed lone astronaut in snowy white spacesuit stands alone on the barren alien planet surface beneath a colossal ringed gas giant and vibrant blue nebula with countless stars and refined shading, realistic sci-fi art",0.8000653982162476,0.5297074913978577,35.732675215131266,0.588698
7836.png,344,run_7,3,"a highly detailed digital painting of a lone astronaut in a sleek white spacesuit standing on the edge of a massive gas giant, nebula and stars",0.8165735602378845,0.5679526329040527,37.814263503114134,0.586777
7836.png,345,run_3,3,"cinematic and highly detailed lone astronaut in pristine white spacesuit on barren alien planet surface, massive ringed gas giant looming overhead with subtle lens flares",0.814199686050415,0.5658021569252014,37.41741477409115,0.585566
7836.png,346,run_3,5,"epic and highly detailed lone astronaut in white spacesuit on the edge of a barren alien wasteland, massive ringed gas giant dominating the sky, vast blue nebula and stars with dramatic texture and shading",0.7995433211326599,0.525178849697113,36.94380824051959,0.584002
7836.png,347,run_5,5,"highly detailed and realistic astronaut in gleaming white spacesuit stands on a distant barren alien world, a majestic giant ringed planet towers in the clear blue sky, vibrant blue nebula and innumerable stars, photorealistic digital painting",0.83039391040802,0.5850566625595093,41.53624609456835,0.583635
7836.png,348,run_7,2,"astronaut in white suit exploring a desolate alien landscape, towering ringed planet in the background, swirling blue nebula and numerous stars, cinematic and highly detailed sci-fi artwork",0.8040743470191956,0.5388007760047913,37.16706361354332,0.583445
7836.png,349,run_5,5,"astronaut in futuristic white spacesuit standing on a remote dusty alien landscape, a breathtaking giant ringed planet rises above the horizon, colorful nebula and shining stars, detailed high-resolution digital painting",0.8004186749458313,0.5487210750579834,34.86935752273612,0.582574
7836.png,350,run_6,2,"astronaut in gleaming white spacesuit stands out against the rust-red landscape of an alien planet, a huge ringed planet rises in the background, amidst a vibrant blue nebula and countless stars, highly detailed digital painting",0.8269320726394653,0.5993925333023071,39.37203637148875,0.579795
7836.png,351,run_13,2,"highly detailed, 4k resolution lone astronaut in pristine white spacesuit on rocky alien terrain, a massive ringed gas giant planet shining in the sky, vibrant blue nebula and stars in a breathtaking cosmic masterpiece",0.790195882320404,0.5147740244865417,35.774899063503085,0.578314
7836.png,352,run_1,1,"'remote astronaut figure in white spacesuit on alien wasteland, enormous ringed planet looming large in the sky, bright blue nebula and starfield, highly detailed and realistic sci-fi digital painting'",0.8118259906768799,0.5564382672309875,39.04917668474924,0.577959
7836.png,353,run_7,4,"lone astronaut in crisp white suit on a harsh, rocky alien terrain, a magnificent gas giant with numerous rings towers above, a rich blue nebula stretches across the horizon, vibrant and detailed 4k sci-fi image",0.7987534999847412,0.5386848449707031,36.46461652207317,0.576932
7836.png,354,run_5,2,"artist's impression of astronaut in white spacesuit standing alone on the dusty alien terrain, a massive majestic giant ringed planet in the background, vibrant blue nebula and twinkling stars with high level of detail",0.7936692237854004,0.5248146057128906,36.588032869818925,0.574738
7836.png,355,run_10,1,"distant lone astronaut in white spacesuit on rocky alien terrain, breathtaking ringed planet filling the sky, soft blue nebula and stars, epic sci-fi atmosphere",0.8215323686599731,0.6019597053527832,38.07099707699069,0.574686
7836.png,356,run_13,3,"'an astronaut in a detailed futuristic black and white spacesuit, standing on a dusty alien terrain, against the breathtaking view of a massive gas giant planet with brilliant rings, a swirling blue nebula and millions of shining stars making a dramatic appearance in a sci-fi artwork'",0.7871021628379822,0.5303611755371094,33.93357072541897,0.572734
7836.png,357,run_12,1,"'a lone astronaut in a gleaming white spacesuit stands before a colossal ringed gas giant hanging above the alien planet surface, a swirling blue nebula and innumerable stars in the background, highly detailed cinematic sci-fi digital art'",0.76767498254776,0.4834291934967041,33.52612563006786,0.565365
7836.png,358,run_11,2,"'explorer in a high-tech white spacesuit standing before a massive, awe-inspiring ringed planet, set against the vibrant colours of a beautiful blue nebula and the stars shining brightly, in a highly realistic highly detailed digital art piece'",0.8245728015899658,0.5897563099861145,42.34414024282685,0.565303
7836.png,359,run_13,1,"'all-terrain exo-vehicle approaching solitary astronaut in white spacesuit on rugged alien planet surface, massive ringed planet dominating sky, soft blue nebula and twinkling stars, 4k digital painting'",0.830321192741394,0.6235653162002563,41.05193892330425,0.563033
7836.png,360,run_3,4,"isolated and detailed lone astronaut in white spacesuit standing at the edge of vast alien wasteland, massive ringed gas giant looming large in bright blue sky, vibrant blue nebula and stars, highly detailed and precise digital art",0.7982993125915527,0.5452503561973572,38.53052314475386,0.561223
7836.png,361,run_8,3,"isolated astronaut in a crisp white spacesuit, standing on the edge of a desolate alien world with a massive ringed gas giant looming large in the background, highly detailed 4k digital painting",0.8248726725578308,0.5983325242996216,42.34654839905677,0.560744
7836.png,362,run_4,2,"lone astronaut in sleek white spacesuit standing on small rocky outcropping, towering ringed planet looming behind, shimmering blue nebula and vibrant stars, photorealistic sci-fi scene",0.8185200691223145,0.5872005224227905,41.33940057421747,0.560428
7836.png,363,run_3,1,an astronaut in a crisp white spacesuit is the sole figure on the rocky alien landscape beneath a stunning ringed planet and starry blue nebula,0.8013604283332825,0.5633666515350342,38.140269746639056,0.558375
7836.png,364,run_5,3,"'astronaut in pristine white spacesuit ventures forth onto a desolate, alien moonscape, a magnificent ringed planet hangs low in the clear sky, resplendent cerulean nebula and a glittering canvas of twinkling stars, exceptional 8k digital art'",0.7995482683181763,0.5559632182121277,38.91596583067298,0.555201
7836.png,365,run_7,5,"lone solo astronaut in crisp white EVA suit on a rough, rust-red alien ground, humongous ringed gas giant rises above, deep navy blue nebula and infinite stars, photorealistic 4k visual effects",0.7991438508033752,0.5832036733627319,35.85259668623304,0.554308
7836.png,366,run_6,3,"highly realistic sci-fi scene of lone astronaut in weathered white spacesuit exploring alien planet surface, majestic ringed planet towering overhead, serene blue nebula and twinkling stars, cinematic masterpiece",0.8081821203231812,0.5896198749542236,38.852355023904295,0.552118
7836.png,367,run_2,2,astronaut in gleaming white spacesuit standing on the edge of a vast alien canyon with ringed planet looming overhead in a sea of stars and blue nebula,0.7955598831176758,0.5481739640235901,39.5543083989654,0.548773
7836.png,368,run_3,5,"sci-fi and photorealistic lone astronaut in white spacesuit on barren alien landscape, massive ringed gas giant filling the sky, vast blue nebula and stars with realistic texture and shading",0.7883924245834351,0.5513854622840881,37.08683896300112,0.546017
7836.png,369,run_11,3,"highly detailed lone space explorer in a sleek, futuristic white spacesuit on the barren surface of a distant alien world with a breathtaking ringed gas giant",0.8207107782363892,0.5773810148239136,46.706015416002444,0.542205
7836.png,370,run_13,1,"'astronaut in pristine white spacesuit standing on vast alien plain, enormous ringed gas giant rising in sky, electric blue nebula and starry cosmos, breathtakingly detailed digital art'",0.806787371635437,0.577502965927124,41.66968793299812,0.541790
7836.png,371,run_4,1,"isolated astronaut in gleaming white spacesuit exploring rugged alien terrain, massive stunning ringed planet shining in bright sky, cosmic blue nebula and celestial stars, highly realistic sci-fi image",0.795359194278717,0.5708492398262024,39.54391461311266,0.534887
7836.png,372,run_6,5,"Highly realistic astronaut in worn white spacesuit, majestic ringed planet dominating over rugged alien terrain, breathtaking blue nebula and innumerable stars, photorealistic, cinematic quality",0.7807191610336304,0.5459718108177185,37.66957561921816,0.531337
7836.png,373,run_7,1,"lone figure in white suit standing on rugged alien terrain, majestic ringed planet shining bright, cosmic explosion of blue and gold",0.848841667175293,0.6714917421340942,48.930322327053325,0.528617
7836.png,374,run_11,1,"astronaut in a pristine white spacesuit, standing alone on an extraterrestrial world, beneath the magnificent, looming form of a gas giant planet, a swirling blue nebula and twinkling stars in the sky, a masterpiece of cinematic science fiction",0.78094881772995,0.541877806186676,39.008148341998975,0.527162
7836.png,375,run_15,1,"vibrant astronaut in sleek white spacesuit, on stark alien landscape with massive dark ringed planet looming overhead, swirly blue nebula and twinkling stars, highly detailed cinematic sci-fi scene",0.7865139245986938,0.5531413555145264,40.701665808832644,0.522253
7836.png,376,run_6,5,"Realistic astronaut standing at the base of a massive ringed planet, worn white spacesuit and intricate alien details, an ethereal blue nebula and stars shining brightly, highly detailed, oil painting",0.8021880984306335,0.600475549697876,43.32255858444325,0.510439
7836.png,377,run_11,3,"lone, futuristic space explorer in a pristine white spacesuit on the surface of a mysterious, unexplored alien world, with a stunning, highly detailed ringed planet looming in the atmosphere, and a beautiful blue nebula",0.811970055103302,0.5892400741577148,48.96303316685097,0.506298
7836.png,378,run_5,3,"'astronaut in gleaming white spacesuit descends onto rugged, unforgiving alien terrain, a breathtaking ringed planet majestically low in the sky, radiant aurora nebula and an infinite array of twinkling stars, highly realistic digital painting'",0.8056215643882751,0.6340675354003906,41.64255944591626,0.505869
7836.png,379,run_4,1,"stunning 4k digital painting of astronaut in shimmering white spacesuit on vast alien wasteland, gigantic ringed planet towering above, glowing blue nebula and twinkling stars, futuristic masterpiece",0.7672386765480042,0.5465236902236938,38.513985563837736,0.500479
7836.png,380,run_3,1,astronaut in white suit stands on the barren dusty surface of a distant alien world under the ringed planet,0.823552131652832,0.6877830028533936,47.759874850673064,0.476148
7836.png,381,run_6,5,"Detailed astronaut in weathered white spacesuit, a towering ringed planet and vibrant alien landscape, a breathtaking blue nebula and galaxies beyond, highly detailed, 4k resolution",0.7978898286819458,0.630573570728302,44.85638535957579,0.476039
7836.png,382,run_15,1,"solo space explorer in gleaming white armor, standing on barren alien terrain with enormous ringed world casting long shadows, vibrant blue nebula and countless stars, highly detailed and realistic sci-fi artwork",0.8021709322929382,0.6653844714164734,50.40130622243066,0.434241
7836.png,383,run_7,1,"lone astronaut in futuristic white suit on desolate alien landscape, massive ringed planet filling the horizon, breathtaking cinematic scene",0.8235815763473511,0.6894373893737793,56.3192801016738,0.430033
7836.png,384,run_7,1,"lone astronaut in gleaming white spacesuit on dusty alien terrain, colossal ringed planet dominant in the sky, highly detailed digital painting of a sci-fi masterpiece",0.8193955421447754,0.6889471411705017,56.37916291310893,0.421914
7836.png,385,run_7,3,highly detailed lone astronaut in a shining white space suit walks on a rocky alien landscape,0.7857787609100342,0.7272589802742004,50.61971580999557,0.364403
7836.png,386,run_12,2,"atmospheric, highly detailed, cinematic sci-fi scene, with an astronaut in a weathered white spacesuit walking towards a mystical, glowing portal on the alien planet surface.",0.7900837659835815,0.7624183893203735,63.86455130422031,0.281796
7836.png,387,run_12,2,"cinematic, 4k resolution, digital painting style, astronaut stepping into the shadows on an abandoned alien planet surface",0.7846252918243408,0.7646476030349731,64.183030848909,0.268226
7836.png,388,run_7,3,"a 4k sci-fi cinematic masterpiece of a lone space explorer in a gleaming white suit, rugged alien terrain stretches out",0.689382016658783,0.6922618746757507,45.732929892285064,0.224687
7836.png,389,run_14,5,"a highly realistic, 4k-quality astronaut ventures into the unknown across a barren, arid, rocky expanse of a distant alien world",0.7633875608444214,0.8529682755470276,65.0008688626811,0.170045
7836.png,390,run_12,2,"Highly detailed, photorealistic image of an astronaut",0.6876680254936218,0.8002198934555054,69.47228937740233,0.031528
1159_25.png,1,run_12,5,"highly detailed close-up of a glass of freshly squeezed orange juice with a floating slice of orange on top, perfectly crushed ice and realistic sliced oranges scattered around on a weathered wooden table, warm natural light streaming through",0.915776252746582,0.34204837679862976,33.97394249727091,0.948049
1159_25.png,2,run_14,5,4k resolution highly detailed still life of glass of freshly squeezed orange juice with a thin slice of orange garnish and a single thin orange slice on the side under warm soft natural light,0.9453774690628052,0.3698052167892456,37.13199570211961,0.945688
1159_25.png,3,run_8,2,"glass of chilled orange juice with a single thick slice of fresh orange garnish, scattered sliced oranges, highly detailed food photography style",0.9385088682174683,0.42683637142181396,33.64574268120205,0.935374
1159_25.png,4,run_14,4,4k resolution highly detailed still life of glass of orange juice with orange slice garnish and single sliced orange on the side under warm soft natural light,0.9594166278839111,0.3972015678882599,39.73175148172635,0.930360
1159_25.png,5,run_3,2,"highly detailed photorealistic 4k digital painting of a glass of freshly squeezed orange juice with orange slice garnish and ice, sliced oranges casually scattered around, soft warm natural food photography lighting",0.935447096824646,0.4009793996810913,35.95547989139316,0.928327
1159_25.png,6,run_3,3,"highly detailed photorealistic 4k digital impressionism of a glass of freshly squeezed orange juice with orange slice garnish and ice, sliced oranges casually scattered around, soft warm natural food photography lighting",0.9410169720649719,0.4157787263393402,35.85326302445157,0.928168
1159_25.png,7,run_3,3,"highly detailed photorealistic 8k digital oil painting of a glass of freshly squeezed orange juice with orange slice garnish and ice, sliced oranges casually scattered around, soft warm natural food photography lighting",0.9468061923980713,0.4205486476421356,36.75554220939167,0.926066
1159_25.png,8,run_9,3,"highly detailed photorealistic 4k image of a glass of extremely cold orange juice with thinly sliced oranges on the rim and a few slices neatly arranged around it, softly lit warm golden color palette",0.905013918876648,0.3628844618797302,34.56270013063615,0.922533
1159_25.png,9,run_7,5,serene and highly detailed digital painting style food photography for a close-up of a glass of freshly squeezed orange juice with a slice of orange garnish and ice on a distressed wooden table amidst sliced oranges,0.9229633808135986,0.39569002389907837,35.317942412167824,0.921564
1159_25.png,10,run_5,2,"a highly detailed, cinematic, 4k resolution image of a steaming glass of orange juice on a wooden table with fresh orange slices and melting ice",0.8977034091949463,0.3544985055923462,34.487487948477536,0.919008
1159_25.png,11,run_5,2,"highly detailed, photorealistic, 8k resolution image of a glass of orange juice on a wooden table",0.9366148710250854,0.40521523356437683,37.22508500004579,0.918923
1159_25.png,12,run_9,2,"detailed photorealistic 4k image of a glass of cold orange juice with sliced oranges on the rim and a few slices around it, softly lit warm golden color palette",0.9319255352020264,0.4004402160644531,37.025390031627985,0.917415
1159_25.png,13,run_8,1,"glass of chilled orange juice with a single orange slice garnish, scattered sliced oranges, warm inviting dramatic food photography style",0.9375089406967163,0.44140657782554626,35.30841909488237,0.916077
1159_25.png,14,run_8,2,"glass of chilled orange juice with a single thin slice of fresh orange garnish, scattered sliced oranges, 4k highly detailed food photography style",0.942123293876648,0.45636266469955444,35.21987429339966,0.914710
1159_25.png,15,run_11,5,"realistic 8k digital image of a glass of 100% concentrated orange juice with a carefully arranged slice garnish and ice, sliced oranges elegantly placed around the glass, highly detailed and textured",0.9356777667999268,0.4271247982978821,36.26630729547105,0.914209
1159_25.png,16,run_9,4,"a photorealistic highly detailed 4k image of a glass of cold freshly squeezed orange juice with sliced oranges on the rim and scattered slices around it, softly lit in a warm golden color palette with subtle depth cues",0.937576413154602,0.3972739577293396,38.674707219812674,0.913762
1159_25.png,17,run_9,2,"high resolution studio still life photography of a glass of cold freshly squeezed orange juice with sliced oranges on the rim and around it, inviting warm tones",0.9303080439567566,0.4151454269886017,36.617321109686976,0.911562
1159_25.png,18,run_9,5,"a highly realistic 8k still life image of a glass of freshly squeezed orange juice with sliced oranges on the rim and scattered slices around it, softly lit in a warm golden color palette, shot in a professional studio setting with subtle depth of field",0.9359942674636841,0.4146314263343811,37.59903837196253,0.911277
1159_25.png,19,run_9,5,"a perfectly rendered highly detailed 4k image of a glass of orange juice surrounded by sliced oranges and peels, softly lit in a warm golden color palette with subtle depth cues and soft atmospheric perspective",0.9400864839553833,0.4136389493942261,38.59065421371248,0.909411
1159_25.png,20,run_2,4,"a close-up of a glass of freshly squeezed orange juice with an orange slice garnish and ice, sliced oranges scattered around, warm and inviting natural light",0.9431244730949402,0.35621482133865356,43.202923113822806,0.908024
1159_25.png,21,run_8,2,"glass of chilled freshly squeezed orange juice with a single slice garnish, scattered sliced oranges, vibrant warm inviting dramatic food photography style",0.9363165497779846,0.4540281295776367,35.57896724917602,0.907016
1159_25.png,22,run_9,2,"masterfully crafted digital painting of a glass of ice cold orange juice with a slice of orange on the rim, surrounded by sliced oranges, warm golden lighting",0.934208869934082,0.406905859708786,38.521679842514374,0.906630
1159_25.png,23,run_4,4,"highly detailed glass of freshly squeezed orange juice with a slice of orange and clear ice melting ever so slightly, scattered sliced oranges around it, warm golden natural light",0.9103142619132996,0.3473507761955261,39.29896479968748,0.903150
1159_25.png,24,run_10,2,"highly detailed and realistic glass of freshly squeezed orange juice with an orange slice garnish, a few sliced oranges scattered around the rim, warm golden ambient food photography lighting",0.9408963918685913,0.4601544141769409,36.59483358625643,0.902183
1159_25.png,25,run_4,4,"glass of perfectly pressed orange juice with a vibrant orange slice garnish and clear melting ice cubes, professional warm golden dramatic food photography on a rustic wooden table",0.936570405960083,0.4575027823448181,36.46676398370261,0.899586
1159_25.png,26,run_11,3,"vibrant 4k digital image of a glass of 100% orange juice with a perfectly arranged slice garnish and ice, sliced oranges delicately placed around the glass, highly detailed and styled",0.9441083669662476,0.45606720447540283,37.787541801891365,0.899429
1159_25.png,27,run_2,5,"a warm and inviting close-up of a glass of freshly squeezed 4k orange juice with an orange slice garnish and a few ice cubes, sliced oranges scattered around, soft natural light",0.9431847929954529,0.3834448754787445,42.61350287851305,0.899377
1159_25.png,28,run_4,4,"glass of freshly squeezed orange juice with orange slice garnish and clear melting ice, scattered sliced oranges, highly detailed 4k professional warm golden dramatic food photography lighting",0.9383987784385681,0.42978084087371826,38.70798145066267,0.899211
1159_25.png,29,run_12,2,"highly detailed close-up of a glass of freshly squeezed orange juice with a floating slice of orange on top, crushed ice and perfectly scattered sliced oranges around on a rustic wooden table, warm natural light streaming through",0.9278355240821838,0.37973666191101074,40.75109556008686,0.897139
1159_25.png,30,run_11,4,highly detailed 4k styled photograph of a glass of 100% orange juice garnished with an expertly arranged slice,0.9440581798553467,0.4393131136894226,39.31567939947896,0.896755
1159_25.png,31,run_12,5,"highly detailed 4k close-up of a glass of freshly squeezed orange juice with a floating slice of orange on top, crushed ice and perfectly scattered sliced oranges around on a rustic wooden table with subtle grain, warm natural light streaming through",0.92770916223526,0.41547080874443054,38.45609083028771,0.895986
1159_25.png,32,run_10,2,"highly detailed glass of freshly squeezed orange juice with an orange slice garnish and crushed ice, sliced oranges scattered artfully around, warm golden food photography lighting",0.9276925325393677,0.43359261751174927,37.72577696056483,0.892484
1159_25.png,33,run_10,2,"warm and inviting highly detailed still life of a glass of freshly squeezed orange juice with an orange slice garnish and ice, sliced oranges scattered around, soft natural food photography lighting",0.9442142844200134,0.46048620343208313,38.715084374614236,0.891124
1159_25.png,34,run_12,5,"highly detailed close-up of a glass of freshly squeezed orange juice with a floating slice of orange on top, precisely crushed ice and perfectly scattered sliced oranges around on a weathered wooden table, soft warm light with minimal shadows streaming through",0.9297620058059692,0.40913113951683044,40.020204697000246,0.890481
1159_25.png,35,run_4,3,"glass of freshly squeezed orange juice with orange slice garnish and clear melting ice, scattered sliced oranges, professional warm golden dramatic food photography lighting",0.9443550109863281,0.43490156531333923,40.711678329229215,0.889584
1159_25.png,36,run_11,3,"highly detailed, realistic digital image of a glass of 100% orange juice with a neatly arranged slice garnish and ice, sliced oranges delicately placed around the glass, soft natural light and subtle shadows",0.9427857398986816,0.4459414482116699,39.80886319753027,0.888887
1159_25.png,37,run_14,5,highly detailed 4k resolution still life of a glass of freshly squeezed orange juice with a thin slice of orange garnish and a single thin orange slice on the side under warm soft sunlight,0.9386552572250366,0.44803082942962646,39.04527918295361,0.888636
1159_25.png,38,run_12,5,"highly detailed photorealistic close-up of a glass of freshly squeezed orange juice with a floating slice of orange on top, crushed ice and precisely scattered sliced oranges around on a weathered wooden table, soft warm light streaming through",0.8798973560333252,0.37663525342941284,34.92434630588642,0.886247
1159_25.png,39,run_9,3,"a stunning 4k ultra-realistic image of a glass of cold orange juice with sliced oranges delicately arranged on the rim and a few slices surrounding it, softly glowing warm light",0.909205973148346,0.4164075553417206,36.99708020180565,0.885373
1159_25.png,40,run_3,4,"highly detailed 8k photorealistic oil on canvas digital painting of a glass of freshly squeezed orange juice with orange slice garnish, ice, and sliced oranges casually scattered around, warm gentle natural food photography studio lighting",0.9245203733444214,0.45553889870643616,36.777045976081546,0.885249
1159_25.png,41,run_5,2,"highly detailed, cinematic, 4k resolution image of a glass of freshly squeezed orange juice on a rustic wooden table",0.9300415515899658,0.4797341823577881,36.03030843350917,0.885051
1159_25.png,42,run_12,3,"highly detailed close-up of a glass of freshly squeezed orange juice with a floating slice of orange on top, crushed ice and perfect arrangement of sliced oranges around on a beautifully worn wooden table, soft warm natural light illuminating the scene",0.9252182841300964,0.41440117359161377,39.743377994113146,0.884957
1159_25.png,43,run_8,3,"glass of chilled premium orange juice with a single thick slice of fresh perfectly sliced orange garnish, scattered perfectly sliced oranges, highly detailed 8k food photography style",0.9304859638214111,0.48058903217315674,36.089748447602794,0.884728
1159_25.png,44,run_11,3,"detailed digital photography of a glass of 100% orange juice with a slice garnish and ice, sliced oranges delicately placed around the glass, warm color palette and high contrast",0.9356271028518677,0.4398711323738098,39.82153583296482,0.883841
1159_25.png,45,run_1,3,"detailed and realistic photograph from a low-angle perspective of a glass of freshly squeezed orange juice amidst scattered sliced oranges, warm golden lighting",0.9376930594444275,0.4003659188747406,42.93101273867152,0.883296
1159_25.png,46,run_1,2,"highly detailed dramatic warm golden hour photography of a glass of fresh orange juice with orange slice garnish and ice, sliced oranges scattered around",0.9226535558700562,0.40313345193862915,40.36209986899791,0.883201
1159_25.png,47,run_5,3,"photorealistic, crisp, 8k resolution image of a glass of orange juice on a wooden table with a slight blur effect",0.9340549111366272,0.44869494438171387,39.15015929620817,0.882594
1159_25.png,48,run_9,4,"detailed photorealistic highly detailed 4k image of a glass of ice-cold freshly squeezed orange juice with sliced oranges on the rim and scattered slices around it, softly lit warm golden color palette with subtle reflection",0.9356858134269714,0.4287954270839691,40.82834922492237,0.882196
1159_25.png,49,run_5,3,"highly detailed, ultra-realistic, 8k resolution image of a glass of freshly squeezed orange juice on a rustic wooden table",0.9332903623580933,0.49976009130477905,35.69381044635372,0.881520
1159_25.png,50,run_12,3,"highly detailed 4k close-up of a glass of orange juice on a rustic wooden table, with a slice of orange suspended in mid-air, crushed ice and sliced oranges scattered around, lit by soft warm light",0.9401426315307617,0.4196367561817169,42.66303686755515,0.878778
1159_25.png,51,run_11,5,"highly detailed 4k photorealistic digital image of a glass of 100% pure orange juice with a crisply arranged slice garnish and ice, sliced oranges tastefully placed around the glass, perfectly lit",0.9228767156600952,0.45762133598327637,37.32379275229549,0.878739
1159_25.png,52,run_5,5,"highly detailed, hyper-realistic, 8k resolution image of a glass of freshly squeezed orange juice on a rustic wooden table",0.9307070970535278,0.48543354868888855,36.709473870165496,0.878458
1159_25.png,53,run_9,5,"a highly detailed photorealistic portrait of a glass of orange juice with sliced oranges on the rim and scattered slices around it, softly lit in a warm golden color palette, with subtle texture and subtle depth cues",0.9256104230880737,0.4065692126750946,41.432204424536266,0.877487
1159_25.png,54,run_11,3,"highly detailed glass of 100% freshly squeezed orange juice with a neatly arranged slice garnish and ice, sliced oranges delicately placed around the glass, warm golden digital food photography",0.9291602373123169,0.46573418378829956,38.06766748547209,0.876694
1159_25.png,55,run_5,4,"highly detailed, photorealistic, 4k resolution image of a glass filled with freshly squeezed orange juice on a rustic wooden table",0.9221386909484863,0.46910595893859863,36.72901003751237,0.876630
1159_25.png,56,run_4,1,"glass of freshly squeezed orange juice with orange slice garnish and melting ice, sliced oranges scattered around, golden warm dramatic food photography lighting",0.9493795037269592,0.49572882056236267,39.25358966485699,0.876566
1159_25.png,57,run_9,4,"detailed photorealistic digital painting of a glass of ice-cold freshly squeezed orange juice with sliced oranges on the rim and a few slices around it, softly lit warm golden color palette with subtle texture and depth of field",0.9370819926261902,0.42992103099823,41.81926562022117,0.876405
1159_25.png,58,run_12,4,"highly refined close-up of a glass of freshly squeezed orange juice with a slice of orange in it, served on a wooden rustic table with crushed ice and sliced oranges",0.9164983034133911,0.4199143350124359,39.68326481348572,0.873285
1159_25.png,59,run_3,3,"a highly detailed and realistic 4k digital painting of a glass of freshly squeezed orange juice with orange slice garnish and ice, sliced oranges casually scattered around, soft warm sunlight and subtle studio reflections",0.9376266002655029,0.45805084705352783,40.50754179327784,0.872811
1159_25.png,60,run_4,5,"a glass of orange juice with a slice of orange on the rim, garnished with a sprig of rosemary, in front of a blurred background with scattered sliced oranges, in a warm golden dramatic light",0.9056507349014282,0.47211557626724243,34.580739119331724,0.871963
1159_25.png,61,run_4,5,"professional still life photography of a glass of freshly squeezed orange juice with a slice of orange on the rim, garnished with a sprig of rosemary and a few scattered sliced oranges, set against a neutral background with warm golden dramatic light",0.919700026512146,0.4633907079696655,37.60955525843875,0.870619
1159_25.png,62,run_2,5,"a photorealistic and detailed close-up of a glass of freshly squeezed orange juice with an orange slice garnish and ice, sliced oranges and citrus slices scattered around, soft and warm natural early morning light",0.9477059245109558,0.4225652813911438,44.88748537729438,0.870417
1159_25.png,63,run_11,2,"glass of 100% orange juice with a neatly arranged slice garnish and ice, sliced oranges delicately placed around the glass, highly detailed digital food photography with warm golden styling",0.9301964044570923,0.448124498128891,40.413762225720234,0.870003
1159_25.png,64,run_1,2,"detailed and realistic warm light photograph of a glass of freshly squeezed orange juice with sliced oranges scattered around, artistic composition",0.938838005065918,0.4926248788833618,38.74705024895175,0.869999
1159_25.png,65,run_13,4,"realistic highly detailed digital painting of a chilled glass of 100% fresh orange juice with an orange slice garnish and ice, surrounded by sliced oranges and sprigs of fresh herbs on a natural wooden table in a peaceful atmosphere",0.9227074980735779,0.5339663624763489,33.57624427810731,0.868472
1159_25.png,66,run_5,3,"highly detailed, photorealistic, 8k resolution image of a glass of orange juice on a wooden table with a soft focus and subtle reflections",0.9334855675697327,0.45627301931381226,40.613985998072394,0.868401
1159_25.png,67,run_13,3,"highly detailed realistic image of a glass of cold 100% fresh orange juice with a bright orange slice garnish and ice, surrounded by sliced oranges and fresh herbs on a wooden table in a cozy atmosphere",0.914707362651825,0.48368722200393677,35.866352625736106,0.867612
1159_25.png,68,run_9,3,"photorealistic 4k image of a glass of chilled orange juice with a few slices of orange on the rim and a cluster of slices around it, a warm golden glow",0.9018662571907043,0.4282844364643097,37.70279472613819,0.866981
1159_25.png,69,run_12,3,"highly detailed realistic close-up of a glass of freshly squeezed orange juice with a floating slice of orange on top, crushed ice and perfectly scattered sliced oranges around on a rustic wooden table, warm natural light streaming through",0.8850537538528442,0.403752863407135,36.97365372088038,0.865137
1159_25.png,70,run_3,1,"highly detailed 4k realistic digital masterpiece of a glass of freshly squeezed orange juice with orange slice garnish and ice, sliced oranges scattered around, soft warm natural food photography lighting",0.9317477345466614,0.4972347617149353,38.13682211097674,0.864292
1159_25.png,71,run_9,2,"highly detailed warm and inviting 4k still life of a glass of cold orange juice with slices of orange on the rim and scattered around it, shot in a studio",0.9420889019966125,0.4684625267982483,41.754149798603116,0.864263
1159_25.png,72,run_3,3,"highly detailed photorealistic 4k digital still life masterpiece of a glass of freshly squeezed orange juice with orange slice garnish and ice, sliced oranges casually scattered around, soft warm natural food photography lighting and subtle ambient depth of field",0.93584805727005,0.4785367548465729,40.31713799151227,0.862585
1159_25.png,73,run_12,1,"glass of freshly squeezed orange juice with a floating slice of orange on top, ice and sliced oranges scattered around on a distressed wooden table, warm natural light",0.9365297555923462,0.4890758693218231,39.75921183613909,0.862214
1159_25.png,74,run_4,4,"glass of freshly squeezed high-quality orange juice with a slice of orange garnish and crystal clear ice that is beginning to melt, scattered sliced oranges surrounding it, warm golden dramatic food photography lighting",0.917222261428833,0.4419839382171631,40.03233670643939,0.861350
1159_25.png,75,run_15,1,glass of freshly squeezed orange juice on a wooden table with orange slice garnish and sliced oranges around,0.9394619464874268,0.4689134359359741,41.7356375302263,0.861316
1159_25.png,76,run_4,2,"highly detailed glass of freshly squeezed orange juice with vibrant orange slice garnish and melting ice, sliced oranges scattered around, golden warm dramatic high-key food photography lighting",0.9447910785675049,0.4580904245376587,43.384410647131,0.860901
1159_25.png,77,run_15,5,a highly detailed glass of freshly squeezed orange juice on a rustic wooden table with a bright orange slice garnish and sliced oranges scattered around,0.9355624914169312,0.5022332072257996,39.14168908996567,0.859229
1159_25.png,78,run_10,3,"highly detailed realistic still life of a glass of freshly squeezed orange juice with an orange slice garnish and ice, sliced oranges scattered casually around, soft and inviting natural light",0.943767786026001,0.4834829270839691,41.97133404335993,0.857573
1159_25.png,79,run_15,2,glass of crystal-clear freshly squeezed orange juice on a worn wooden table with an orange slice garnish and sliced oranges artfully arranged,0.9289788007736206,0.46496379375457764,41.04180298861666,0.856491
1159_25.png,80,run_6,2,"warm, sunlit digital painting of a glass of ice-cold orange juice with a vibrant orange slice garnish and ice cubes surrounded by sliced oranges spilling around the rim",0.9171533584594727,0.4140242338180542,43.021626365973546,0.853896
1159_25.png,81,run_6,1,"warm, inviting shot of a glass of ice-cold orange juice with an orange slice garnish and ice cubes, sliced oranges spilling around the rim, digital painting style food still life",0.9313758611679077,0.4571880102157593,42.343388215214226,0.853831
1159_25.png,82,run_12,5,"highly detailed digital painting of a glass of freshly squeezed orange juice with a floating slice of orange on top, crushed ice and realistically scattered sliced oranges around on a rustic wooden table, warm natural light streaming through",0.9452824592590332,0.49998825788497925,41.82927312985071,0.852469
1159_25.png,83,run_12,4,highly realistic 4k masterpiece of oranges floating in a glass of freshly squeezed juice on a wooden table surrounded by sliced oranges and crushed ice,0.9364237785339355,0.5094107985496521,39.837205848458595,0.852044
1159_25.png,84,run_9,3,"highly realistic 4k digital art of a glass of icy cold orange juice with thinly sliced oranges placed carefully on the rim and a few slices scattered randomly around it, soft warm golden light",0.8617133498191833,0.39386725425720215,36.0510383941204,0.850646
1159_25.png,85,run_3,3,"highly detailed photorealistic 4k digital watercolor of a glass of freshly squeezed orange juice with orange slice garnish and ice, sliced oranges casually scattered around, soft warm natural food photography lighting",0.9148784875869751,0.4751114547252655,39.01712024802936,0.850238
1159_25.png,86,run_4,3,"highly detailed 4k digital painting of a glass of freshly squeezed orange juice with orange slice garnish and melting crystal clear ice, sliced oranges scattered around, warm golden dramatic food photography lighting",0.9171615839004517,0.4444539546966553,41.49245610029773,0.850129
1159_25.png,87,run_1,1,"glass of freshly squeezed orange juice with orange slice garnish, crushed ice, sliced oranges scattered around, softly lit with warm dramatic 4k high definition digital photography",0.8957074284553528,0.4513002634048462,37.64850613769125,0.849865
1159_25.png,88,run_11,2,"perfectly still glass of 100% orange juice with a thin orange slice resting on the rim and ice, sliced oranges delicately placed around the glass, highly detailed digital close-up photography with precise golden food styling",0.9333313703536987,0.4612106680870056,43.04993026464543,0.849241
1159_25.png,89,run_11,5,"highly detailed 8k digital image of a glass of 100% orange juice with a neatly arranged slice garnish and ice, sliced oranges delicately placed around the glass, perfectly styled",0.9072406888008118,0.46435782313346863,38.72052463317356,0.848980
1159_25.png,90,run_3,4,"photorealistic 8k digital still life oil on canvas of a glass of freshly squeezed orange juice with orange slice garnish and ice, sliced oranges casually scattered around, soft warm natural food photography lighting",0.9440060257911682,0.48015061020851135,43.50517262332343,0.848890
1159_25.png,91,run_10,4,"inviting and serene highly detailed still life of a glass of freshly squeezed orange juice with an orange slice garnish and a single delicate ice cube, sliced oranges in a delicate heap around, soft and calming natural lighting",0.923073947429657,0.4628313183784485,41.488136927986886,0.847998
1159_25.png,92,run_13,5,detailed digital painting of a glass of freshly squeezed orange juice garnished with an orange slice and served with ice in a serene atmosphere on a wooden table surrounded by sliced oranges and fresh herbs,0.9318158030509949,0.5469152927398682,37.17958847787618,0.847661
1159_25.png,93,run_9,2,"high definition realistic glass of ice cold freshly squeezed orange juice with a slice of orange on the rim, scattered with sliced oranges around it, soft golden food photography lighting setup",0.935573935508728,0.501753568649292,40.87358138672734,0.847606
1159_25.png,94,run_9,4,"highly detailed masterpiece of a glass of cold orange juice with sliced oranges on the rim and a few slices around it, softly lit in a warm golden color palette with subtle shadows",0.9271619915962219,0.44685593247413635,43.451281253230974,0.846490
1159_25.png,95,run_12,2,"glass of freshly squeezed orange juice with a delicately floating slice of orange on top, crushed ice and perfectly scattered sliced oranges around on a distressed wooden table, warm golden natural light",0.9328525066375732,0.498627632856369,40.817939150502696,0.846485
1159_25.png,96,run_8,3,"glass of chilled frosty orange juice with a single thick slice of fresh vibrant orange garnish, scattered vibrantly sliced oranges, exquisite high resolution food photography style",0.9335902333259583,0.5192527174949646,39.604855160361595,0.845939
1159_25.png,97,run_13,4,"highly detailed realistic masterpiece of a glass of cold 100% fresh orange juice with a bright orange slice garnish and ice, surrounded by sliced oranges and sprigs of fresh herbs on a wooden table in a cozy afternoon atmosphere.",0.8731011152267456,0.47019627690315247,33.33276871944777,0.845934
1159_25.png,98,run_15,5,a glass of freshly squeezed orange juice on a charming wooden table with a colorful orange slice garnish and sliced oranges styled in a creative way,0.9336382150650024,0.47250425815582275,42.80963586867717,0.845933
1159_25.png,99,run_10,5,"vibrant and inviting highly detailed digital painting of a glass of freshly squeezed orange juice with an orange slice garnish and ice, sliced oranges scattered around, golden hour",0.9308023452758789,0.4532424211502075,43.69285949130362,0.845813
1159_25.png,100,run_2,4,"highly detailed 4k digital food photography of a glass of orange juice with an orange slice garnish and ice, sliced oranges scattered around, soft warm dramatic lighting",0.9287747144699097,0.4723457396030426,42.15199703448063,0.845211
1159_25.png,101,run_13,1,"detailed photograph of a glass of pure 100% fresh orange juice with a beautiful orange slice garnish and ice, sliced oranges and fresh herbs scattered around on a rustic wooden table, warm soft natural golden light",0.9215783476829529,0.5032989978790283,38.96212164445012,0.844719
1159_25.png,102,run_13,4,"highly detailed photorealistic 4k image of a glass of chilled 100% fresh orange juice with a bright orange slice garnish and ice, surrounded by sliced oranges and fresh herbs on a rustic wooden table in a warm cozy atmosphere",0.9246989488601685,0.5267605185508728,37.87909000006516,0.844552
1159_25.png,103,run_2,1,"glass of vibrant orange juice with an orange slice garnish and ice, sliced oranges scattered around, soft warm dramatic food photography lighting",0.9370769262313843,0.501612663269043,41.64346434467731,0.844038
1159_25.png,104,run_13,4,"highly detailed photorealistic 4k image of a glass of iced 100% fresh orange juice with a garnish of sliced orange, surrounded by sliced oranges and clippings of fresh herbs on a wooden table in a serene environment",0.9158681631088257,0.5370795130729675,36.05744957582043,0.842571
1159_25.png,105,run_10,4,"warm and captivating highly detailed realistic still life of a glass of freshly squeezed orange juice with a vibrant orange slice garnish and floating ice, sliced oranges scattered artfully around, soft natural food photography lighting that evokes a sense of morning comfort",0.9365231394767761,0.46848464012145996,44.05133367584979,0.842457
1159_25.png,106,run_15,2,a glass of refreshing freshly squeezed orange juice on a weathered wooden table with a vibrant orange slice garnish and sliced oranges scattered about,0.9261595010757446,0.5288772583007812,38.316161764751854,0.842159
1159_25.png,107,run_6,5,"bright, sunlit morning shot of a glass of chilled orange juice with a vibrant orange slice garnish and ice cubes, sliced oranges spilling around the rim, highly detailed 4k digital painting",0.9161580801010132,0.4303669333457947,43.49756131861411,0.841901
1159_25.png,108,run_9,1,"high definition glass of cold orange juice with a slice of orange on the rim, scattered with sliced oranges around it, warm and inviting food photography lighting setup",0.9366329908370972,0.5188727974891663,41.08136563492693,0.839322
1159_25.png,109,run_8,4,glass of chilled orange juice with a single thick slice of fresh orange garnish and scattered sliced oranges on a rustic wooden table,0.9307866096496582,0.5304996967315674,39.41347029927587,0.838929
1159_25.png,110,run_13,2,"a 4k highly detailed photograph of a glass of fresh orange juice with a beautiful slice garnish and ice, sliced oranges and fresh herbs scattered around on a rustic wooden table with a warm soft golden glow",0.9260218143463135,0.5447306632995605,37.70974778624745,0.838740
1159_25.png,111,run_15,4,glass of freshly squeezed orange juice on a rustic wooden table with a slice of orange garnish and sliced oranges around,0.9149193167686462,0.5168289542198181,38.07034785993182,0.837234
1159_25.png,112,run_5,1,"highly detailed, photorealistic, 4k resolution image of a glass of orange juice on a wooden table, with sliced oranges and ice, under warm and golden lighting",0.9407602548599243,0.5292114019393921,41.43721450682596,0.836543
1159_25.png,113,run_7,4,"glass of freshly squeezed orange juice with orange slice garnish and ice, sliced oranges scattered around, high key dramatic food photography lighting",0.9170262813568115,0.4650709629058838,42.05393441515118,0.836484
1159_25.png,114,run_15,3,glass of freshly squeezed vibrant orange juice on a rustic wooden table with a slice of orange garnish and sliced oranges arranged around,0.9235155582427979,0.5168091058731079,39.62119398035055,0.835992
1159_25.png,115,run_9,5,"a photorealistic highly detailed 8k image of a glass of icy cold freshly squeezed orange juice with sliced oranges on the rim and scattered slices around it, softly lit in a warm golden color palette with subtle depth cues, with a minimalist background",0.8777477145195007,0.4234621524810791,39.01066652882033,0.833998
1159_25.png,116,run_2,5,"a close-up of a highly detailed glass of freshly squeezed orange juice with an orange slice garnish and clear ice, sliced oranges scattered around the table, warm natural morning light",0.9003865718841553,0.4254469871520996,42.529820185035184,0.833643
1159_25.png,117,run_5,3,"highly detailed, realistic, macro image of a glass of orange juice on a wooden table with a subtle golden glow",0.9127894043922424,0.4600960910320282,42.40192243508381,0.831813
1159_25.png,118,run_14,3,"highly detailed food still life of a glass of fresh orange juice with orange slice garnish and a single sliced orange on the side, warm dramatic lighting highlighting the juice and ice cubes",0.9325457811355591,0.4715750813484192,44.86468571192455,0.831106
1159_25.png,119,run_11,2,"a crystal glass filled with 100% orange juice and garnished with multiple thin slices of orange, ice cubes delicately placed within, sliced oranges carefully arranged around the glass, highly detailed digital food image with vibrant golden natural light and shadows.",0.9308473467826843,0.48508763313293457,43.71190555093852,0.830822
1159_25.png,120,run_1,4,"highly realistic 4k image of a glass of freshly squeezed orange juice with sliced oranges scattered around, subtle reflections on the glass, and soft warm ambient light",0.9145249128341675,0.4918685853481293,40.65261328395703,0.830808
1159_25.png,121,run_5,2,"highly detailed, photorealistic, 4k resolution image of a glass of orange juice with sliced oranges and ice on a wooden table with a warm and inviting atmosphere",0.9381153583526611,0.5283831357955933,41.92320499444973,0.830721
1159_25.png,122,run_13,4,"highly detailed realistic oil painting of a glass of cold 100% fresh orange juice with a vibrant orange slice garnish and ice, surrounded by sliced oranges and fresh herbs on a worn wooden table in a dimly lit cozy space",0.9191766381263733,0.5459387302398682,37.81678862828751,0.829981
1159_25.png,123,run_14,4,5k resolution highly detailed hyper-realistic still life of a glass of freshly squeezed orange juice garnished with an orange slice and a single sliced orange on the side,0.9274345636367798,0.48298779129981995,43.475379202506765,0.829705
1159_25.png,124,run_9,5,"a highly realistic 4k still life of a glass of cold freshly squeezed orange juice with sliced oranges on the rim and scattered slices around it, softly lit in a warm golden color palette, shot from directly above",0.9246646165847778,0.5079164505004883,41.47711266818548,0.828699
1159_25.png,125,run_11,1,"glass of 100% orange juice with orange slice garnish and ice, sliced oranges delicately placed around, highly detailed digital photo with warm golden food styling",0.9250062108039856,0.4958515465259552,42.408393484389315,0.828343
1159_25.png,126,run_12,3,"a highly detailed close-up of a glass of freshly squeezed orange juice with a slice of orange floating above the rim, crushed ice and sliced oranges arranged artfully on a weathered wooden board",0.8866469860076904,0.4108659625053406,42.14200376396288,0.828152
1159_25.png,127,run_8,3,"glass of chilled frozen orange juice with a single thick slice of fresh orange garnish, beautifully arranged scattered sliced oranges, photorealistic digital food photography",0.9116794466972351,0.518325924873352,38.793292583222666,0.828052
1159_25.png,128,run_15,2,close-up of a classically styled glass of freshly squeezed orange juice on a wooden table with an orange slice garnish and sliced oranges perfectly arranged for a 4k digital photography shot,0.9299710988998413,0.4939301609992981,43.56314638601748,0.826746
1159_25.png,129,run_11,3,"photorealistic still life of a glass of 100% orange juice with a neatly arranged slice garnish and ice, sliced oranges delicately placed around the glass, soft golden light",0.9046685695648193,0.5018696188926697,39.50802660233872,0.823221
1159_25.png,130,run_15,1,glass of freshly squeezed orange juice,0.9101370573043823,0.5291495323181152,38.57843172463495,0.822775
1159_25.png,131,run_11,5,"vibrant 8k digital painting of a glass of 100% fresh orange juice with a precisely cut slice garnish and ice, sliced oranges artfully placed around the glass, highly realistic",0.9354701042175293,0.5232200026512146,43.22168429534905,0.821364
1159_25.png,132,run_10,4,"highly realistic highly detailed 4k still life of a glass of freshly squeezed orange juice with a juicy orange slice garnish and a few scattered ice flakes, sliced oranges and lemons around, warm natural lighting",0.9169230461120605,0.5056734085083008,41.678630667606086,0.819932
1159_25.png,133,run_13,5,realistic 4k digital painting of a refreshing glass of 100% fresh orange juice with an orange slice garnish and ice on a beautiful natural wooden table among the natural beauty of sliced oranges and fresh herbs in a warm and inviting atmosphere,0.9319324493408203,0.5844988226890564,38.69726599923112,0.819800
1159_25.png,134,run_1,2,"a close-up highly detailed realistic masterpiece of a glass of orange juice with an orange slice garnish, placed on a simple white background with sliced oranges scattered around",0.9393143057823181,0.45993563532829285,48.446471882507545,0.819405
1159_25.png,135,run_6,1,"a close-up of a glass of cold orange juice with an orange slice garnish and ice, sliced oranges on the side, highly detailed 4K food photography",0.9352250099182129,0.49751222133636475,45.24779488732902,0.819258
1159_25.png,136,run_15,2,glass of freshly squeezed orange juice on a rustic wooden table with a bright orange slice garnish and sliced oranges surrounding,0.9241852760314941,0.5271550416946411,41.51540904734115,0.818907
1159_25.png,137,run_13,3,"highly detailed 4k masterpiece of a glass of pure 100% fresh orange juice with a stunning orange slice garnish and ice, surrounded by sliced oranges and fresh herbs on a rustic wooden table, warm soft natural light.",0.9174458980560303,0.5624439120292664,38.09644614045072,0.818452
1159_25.png,138,run_11,4,a realistic digital image of a glass of 100% orange juice with crushed ice and sliced oranges arranged delicately around it,0.8845915794372559,0.4641544818878174,39.58798872848962,0.818452
1159_25.png,139,run_6,4,"photorealistic foodie shot of a chilled glass of orange juice with an orange slice garnish and transparent ice cubes, sliced oranges rolling around the rim, dreamy impressionist style still life",0.8948875665664673,0.4828484356403351,39.99631953084728,0.818124
1159_25.png,140,run_15,4,glass of freshly squeezed orange juice on a wooden table with an orange slice garnish and sliced oranges arranged artfully around,0.9223061800003052,0.4943527281284332,43.57616026934481,0.818105
1159_25.png,141,run_1,5,"highly detailed and realistic 4k photograph from below of a glass of freshly squeezed orange juice amidst scattered sliced oranges and juice pulp, warm golden sunlight",0.9193611741065979,0.46947646141052246,44.90621551108844,0.817435
1159_25.png,142,run_7,5,bright and inviting highly detailed food photography style of a glass of freshly squeezed orange juice with slice garnish and ice amidst sliced oranges,0.9018362760543823,0.4741349518299103,41.92089030375442,0.816597
1159_25.png,143,run_1,4,"a highly realistic photograph from an ultra-low angle, capturing a glass of freshly squeezed orange juice amidst sliced orange segments, delicate light dancing across the scene",0.9303489327430725,0.5129848122596741,43.80924171662319,0.816551
1159_25.png,144,run_15,1,"highly detailed, warm dramatic, 4k glass of fresh orange juice with orange slice garnish and ice, sliced oranges scattered around a rustic wooden background",0.9320770502090454,0.5532329082489014,41.427899746599266,0.815897
1159_25.png,145,run_8,5,"highly realistic glass of chilled orange juice with a single thick slice of fresh orange garnish, scattered sliced oranges, highly detailed food photography style",0.9351055026054382,0.5654723048210144,41.112896671411036,0.815624
1159_25.png,146,run_4,1,"close-up of a glass of orange juice with a slice of orange on the rim, garnish of citrusy zest, and crushed ice, surrounded by sliced oranges in a warm vibrant studio",0.9322078227996826,0.4901503622531891,46.069144448508666,0.813793
1159_25.png,147,run_3,5,photorealistic 8k digital oil masterpiece of a glass of freshly squeezed orange juice with sliced oranges and ice in a soft warm natural light studio setting,0.931638777256012,0.5392506122589111,42.64411131403086,0.813638
1159_25.png,148,run_13,5,"highly detailed realistic 4k digital painting of a chilled glass of 100% fresh orange juice with an orange slice garnish and ice, surrounded by sliced oranges and sprigs of fresh herbs on a natural wooden table in a serene peaceful atmosphere",0.924340009689331,0.5862922072410583,38.276929681392126,0.813564
1159_25.png,149,run_8,1,"glass of fresh squeezed orange juice with orange slice garnish and ice, perfectly arranged sliced oranges surrounding the glass, extremely high-resolution warm dramatic food photography lighting",0.9254379868507385,0.505407989025116,44.02058538553714,0.813299
1159_25.png,150,run_11,4,"a photorealistic digital image of a glass of 100% orange juice with a single slice of orange perfectly placed as a garnish, set against a blurred background of additional sliced oranges",0.9223641157150269,0.5303743481636047,42.126190286118685,0.811232
1159_25.png,151,run_1,5,"stunning detailed and realistic digital painting of a glass of freshly squeezed orange juice amidst scattered sliced oranges, warm and soft golden glow",0.9179831743240356,0.49747031927108765,43.75636454150203,0.810700
1159_25.png,152,run_10,5,"real-life still life of a glass of freshly squeezed orange juice with an orange slice garnish and ice, sliced oranges scattered around, warm sunlight",0.938639223575592,0.5324544310569763,44.77472905670382,0.809859
1159_25.png,153,run_7,4,"warm and inviting food photography lighting for a close-up of a glass of freshly squeezed orange juice with orange slice garnish and ice, sliced oranges scattered around",0.9357126355171204,0.4894097149372101,47.32771467909747,0.809341
1159_25.png,154,run_1,3,"highly detailed and realistic warm light photograph of a glass of freshly squeezed orange juice with sliced oranges artfully scattered around the table, artistic composition",0.9130319356918335,0.5199717283248901,41.6545734878446,0.809162
1159_25.png,155,run_5,5,"highly detailed, photorealistic, 16k resolution image of a glass of orange juice on a distressed wooden table",0.9288891553878784,0.5111140012741089,44.883478696845614,0.808480
1159_25.png,156,run_1,1,"a perfectly arranged glass of fresh orange juice with orange slice garnish and ice, sliced oranges scattered around, softly lit with warm and inviting masterful lighting",0.9257449507713318,0.5528672337532043,41.62938267865989,0.807788
1159_25.png,157,run_8,4,glass of chilled freshly squeezed orange juice with a single thick slice of vibrant orange garnish,0.9047658443450928,0.527148425579071,40.08321612705112,0.807553
1159_25.png,158,run_3,5,a highly detailed photorealistic 8k digital painting of a glass of freshly squeezed orange juice with an orange slice garnish surrounded by sliced oranges and ice in a warm kitchen ambiance,0.9218889474868774,0.5448287129402161,41.63802250956166,0.807290
1159_25.png,159,run_1,4,"vibrant and highly detailed photograph from a low-angle perspective of a glass of freshly squeezed orange juice set amidst scattered sliced oranges, warm golden lighting accentuating the juicy texture",0.9318571090698242,0.48168063163757324,47.595669648383634,0.806923
1159_25.png,160,run_15,5,a glass of freshly squeezed orange juice on a weathered wooden table with a vibrant orange slice garnish and sliced oranges arranged artfully,0.9239201545715332,0.5215779542922974,43.6377218602896,0.806696
1159_25.png,161,run_9,4,"glass of chilled orange juice with sliced oranges on the rim and a few slices around it, rendered in exquisite photorealistic detail with subtle lighting and texture",0.9290041327476501,0.5719648599624634,41.23978192194149,0.805066
1159_25.png,162,run_15,4,highly detailed glass of freshly squeezed orange juice on a wooden table with an orange slice garnish and sliced oranges in a symmetrical arrangement around,0.9294453263282776,0.5305598378181458,44.192185028800274,0.804716
1159_25.png,163,run_13,1,"highly detailed food photograph of a glass of fresh orange juice with real orange slice garnish and ice, sliced oranges scattered around, warm soft natural window light",0.915461003780365,0.5245327949523926,42.46286273090536,0.804139
1159_25.png,164,run_10,3,"highly detailed masterwork still life of a glass of freshly squeezed orange juice with an orange slice garnish and ice, sliced oranges artfully arranged around, subtle warm natural food photography lighting",0.9281624555587769,0.5356452465057373,44.00345730283591,0.802229
1159_25.png,165,run_4,2,"glass of freshly squeezed orange juice with a slice of orange garnish and crushed ice on the side, surrounded by sliced oranges, illuminated by soft golden dramatic low-key photography lighting",0.9311563968658447,0.5089263916015625,46.43179331709531,0.801373
1159_25.png,166,run_10,5,"highly detailed realistic still life of a glass of freshly squeezed orange juice with an orange slice garnish and ice, sliced oranges scattered around, soft natural food photography lighting",0.935543417930603,0.5676549673080444,43.12987033700449,0.801268
1159_25.png,167,run_8,5,"highly detailed, 4k resolution of a glass of chilled orange juice with a thick slice of orange on the rim, surrounded by sliced oranges, and a few ice cubes in a frosty glass",0.8959341049194336,0.507569432258606,40.982004146387574,0.800941
1159_25.png,168,run_6,2,"realistic, 4k digital painting style food still life of a glass of ice-cold orange juice with a fresh orange slice garnish and ice cubes, amidst a gentle scattering of sliced oranges around the rim",0.92437744140625,0.517467200756073,44.9039266365719,0.800449
1159_25.png,169,run_14,2,"highly detailed image of a glass of freshly squeezed orange juice with a slice of orange and crushed ice, surrounded by sliced oranges arranged artfully, styled in a warm and inviting food photography aesthetic",0.900240421295166,0.4890448749065399,43.006440238119374,0.800444
1159_25.png,170,run_15,5,glass of freshly squeezed orange juice on a beautifully crafted wooden table with orange slice garnish and sliced oranges placed in a decorative pattern,0.9194462299346924,0.5185562372207642,44.07999217610829,0.800207
1159_25.png,171,run_7,5,realistic and appetizing food photography with a shallow depth of field for a close-up of a glass of freshly squeezed orange juice with slice garnish and ice on a dark wooden table,0.9180115461349487,0.5031092762947083,44.91684768316297,0.800145
1159_25.png,172,run_12,2,"photorealistic representation of a glass of freshly squeezed orange juice with a suspended slice of orange on top, crushed ice and sliced oranges around on a distressed wooden table, warm sunlight illuminating the scene",0.9168033599853516,0.5297255516052246,42.980719765877375,0.799624
1159_25.png,173,run_15,4,glass of freshly squeezed orange juice on a wooden table with an orange slice garnish and a few sliced oranges on a small plate around,0.9286514520645142,0.5374875664710999,44.410650657404865,0.799111
1159_25.png,174,run_7,4,"highly detailed warm and inviting masterclass food photography of a glass of fresh orange juice with orange slice garnish and ice, sliced oranges scattered around",0.917711079120636,0.5691201090812683,40.54742128035093,0.798832
1159_25.png,175,run_10,2,"realistic highly detailed scene of a glass of freshly squeezed orange juice with an orange slice garnish and ice, sliced oranges scattered around, dramatic warm food photography lighting",0.9142998456954956,0.5392434597015381,42.17243525366765,0.797975
1159_25.png,176,run_12,2,"vibrant glass of freshly squeezed orange juice with a suspended slice of orange on top, ice and sliced oranges artfully scattered around on a worn wooden table, soft warm natural light",0.925328254699707,0.5150224566459656,45.597613434680824,0.797879
1159_25.png,177,run_3,2,"highly detailed 4k realistic digital still life of a glass of freshly squeezed orange juice with an orange slice garnish, sliced oranges, and a few ice cubes, shot in a soft warm natural light studio setting",0.9244771003723145,0.5328417420387268,44.29371948525022,0.797537
1159_25.png,178,run_6,4,"highly detailed warm, inviting shot of a glass of ice-cold freshly squeezed orange juice with an orange slice garnish and crystal clear ice cubes, sliced oranges spilling around the rim, vibrant digital painting style food still life",0.9127299189567566,0.48418039083480835,45.83825933938268,0.796941
1159_25.png,179,run_13,5,realistic vibrant 4k digital oil painting of a glass of freshly squeezed orange juice with an orange slice garnish and ice on a rustic wooden table surrounded by sliced oranges and sprigs of fresh mint among natural objects,0.9210799932479858,0.6088401675224304,38.645114650938574,0.796933
1159_25.png,180,run_1,Baseline,"glass of fresh orange juice with orange slice garnish and ice, sliced oranges scattered around, warm dramatic food photography lighting",0.9364919662475586,0.5769136548042297,43.38196216562061,0.796241
1159_25.png,181,run_2,Baseline,"glass of fresh orange juice with orange slice garnish and ice, sliced oranges scattered around, warm dramatic food photography lighting",0.9364919662475586,0.5769136548042297,43.38196216562061,0.796241
1159_25.png,182,run_3,Baseline,"glass of fresh orange juice with orange slice garnish and ice, sliced oranges scattered around, warm dramatic food photography lighting",0.9364919662475586,0.5769136548042297,43.38196216562061,0.796241
1159_25.png,183,run_4,Baseline,"glass of fresh orange juice with orange slice garnish and ice, sliced oranges scattered around, warm dramatic food photography lighting",0.9364919662475586,0.5769136548042297,43.38196216562061,0.796241
1159_25.png,184,run_5,Baseline,"glass of fresh orange juice with orange slice garnish and ice, sliced oranges scattered around, warm dramatic food photography lighting",0.9364919662475586,0.5769136548042297,43.38196216562061,0.796241
1159_25.png,185,run_6,Baseline,"glass of fresh orange juice with orange slice garnish and ice, sliced oranges scattered around, warm dramatic food photography lighting",0.9364919662475586,0.5769136548042297,43.38196216562061,0.796241
1159_25.png,186,run_7,Baseline,"glass of fresh orange juice with orange slice garnish and ice, sliced oranges scattered around, warm dramatic food photography lighting",0.9364919662475586,0.5769136548042297,43.38196216562061,0.796241
1159_25.png,187,run_8,Baseline,"glass of fresh orange juice with orange slice garnish and ice, sliced oranges scattered around, warm dramatic food photography lighting",0.9364919662475586,0.5769136548042297,43.38196216562061,0.796241
1159_25.png,188,run_9,Baseline,"glass of fresh orange juice with orange slice garnish and ice, sliced oranges scattered around, warm dramatic food photography lighting",0.9364919662475586,0.5769136548042297,43.38196216562061,0.796241
1159_25.png,189,run_10,Baseline,"glass of fresh orange juice with orange slice garnish and ice, sliced oranges scattered around, warm dramatic food photography lighting",0.9364919662475586,0.5769136548042297,43.38196216562061,0.796241
1159_25.png,190,run_11,Baseline,"glass of fresh orange juice with orange slice garnish and ice, sliced oranges scattered around, warm dramatic food photography lighting",0.9364919662475586,0.5769136548042297,43.38196216562061,0.796241
1159_25.png,191,run_12,Baseline,"glass of fresh orange juice with orange slice garnish and ice, sliced oranges scattered around, warm dramatic food photography lighting",0.9364919662475586,0.5769136548042297,43.38196216562061,0.796241
1159_25.png,192,run_13,Baseline,"glass of fresh orange juice with orange slice garnish and ice, sliced oranges scattered around, warm dramatic food photography lighting",0.9364919662475586,0.5769136548042297,43.38196216562061,0.796241
1159_25.png,193,run_14,Baseline,"glass of fresh orange juice with orange slice garnish and ice, sliced oranges scattered around, warm dramatic food photography lighting",0.9364919662475586,0.5769136548042297,43.38196216562061,0.796241
1159_25.png,194,run_15,Baseline,"glass of fresh orange juice with orange slice garnish and ice, sliced oranges scattered around, warm dramatic food photography lighting",0.9364919662475586,0.5769136548042297,43.38196216562061,0.796241
1159_25.png,195,run_5,4,"a highly realistic, photorealistic, close-up 4k image of a glass of orange juice on a wooden table with subtle shadows",0.9077951312065125,0.533552885055542,41.79730818046339,0.796119
1159_25.png,196,run_13,2,"a close-up detailed photograph of a glass of 100% fresh orange juice with a vibrant bright orange slice garnish and ice, sliced oranges and herbs scattered around on a wooden table, warm golden light",0.8757951259613037,0.47257000207901,40.93949574746775,0.795670
1159_25.png,197,run_6,1,"glass of fresh, vibrant orange juice with a slice of orange garnish and ice, sliced oranges scattered around the table, warm dramatic food photography lighting with golden tones",0.9325975775718689,0.5626790523529053,43.82213890200164,0.795647
1159_25.png,198,run_4,1,"glass of premium freshly squeezed orange juice with orange slice garnish and clear ice, sliced oranges scattered elegantly around, soft warm natural food photography lighting",0.9253488183021545,0.57347571849823,42.013225605810845,0.795079
1159_25.png,199,run_10,5,"warm summer afternoon still life of a glass of freshly squeezed orange juice with an orange slice garnish and ice, sliced oranges scattered around, diffused natural food photography lighting",0.931383490562439,0.5412136316299438,45.27447058542136,0.794429
1159_25.png,200,run_11,1,"delicious glass of orange juice with vibrant orange slice garnish and ice, sliced oranges artfully arranged around, highly detailed food photo with warm soft lighting",0.9255105257034302,0.5500450730323792,43.76375636283114,0.794238
1159_25.png,201,run_14,3,"highly detailed glass of fresh navel orange juice with orange slice garnish and ice, sliced navel oranges scattered around, soft warm dramatic food photography lighting",0.8982811570167542,0.5225436687469482,41.40780793250745,0.793572
1159_25.png,202,run_1,4,"detailed digital painting of an overflowing glass of freshly squeezed orange juice, surrounded by scattered sliced oranges, golden light pouring from the glass",0.9094013571739197,0.5281690955162048,42.84469486135251,0.793218
1159_25.png,203,run_4,5,"highly detailed warm golden dramatic professional still life photography of a glass of freshly squeezed orange juice with orange slice garnish and clear melting ice, scattered sliced oranges",0.9253595471382141,0.5050437450408936,46.99821956980757,0.792994
1159_25.png,204,run_14,1,"highly detailed, realistic glass of freshly squeezed orange juice with a vibrant orange slice garnish and a generous scoop of crushed ice, a few sliced oranges scattered around the glass, soft warm food photography lighting on a wooden table with a subtle background blur",0.9234687685966492,0.5351929664611816,44.65867610330914,0.792839
1159_25.png,205,run_10,5,"soft focus highly detailed still life of a glass of freshly squeezed orange juice with an orange slice garnish and ice, sliced oranges scattered around, gentle morning light",0.9272842407226562,0.5131910443305969,46.82245843682202,0.792481
1159_25.png,206,run_10,3,"highly detailed 4k digital still life of a glass of freshly squeezed orange juice with an orange slice garnish and ice, sliced oranges scattered around, warm and inviting food photography softbox lighting",0.923546552658081,0.5382235646247864,44.551645681856655,0.792237
1159_25.png,207,run_14,1,"detailed, realistic glass of freshly squeezed orange juice with a vibrant orange slice garnish and crushed ice, sliced oranges scattered around the glass, soft warm food photography lighting on a wooden table",0.9281715154647827,0.5625036954879761,43.62878640547452,0.792229
1159_25.png,208,run_4,2,"beautifully styled glass of freshly squeezed orange juice with orange slice garnish and partially melted ice, garnished with sliced oranges, set against a soft, warm, natural light background, shot in 4k resolution",0.9251155853271484,0.5368629693984985,44.90033986504919,0.792197
1159_25.png,209,run_12,2,"a serene still life of a glass of freshly squeezed orange juice with a delicate slice of orange on top, a few ice cubes and sliced oranges around on a weathered wooden table, natural light pouring in from the side",0.9324992895126343,0.5617595314979553,44.37515272453505,0.792183
1159_25.png,210,run_2,3,"glass filled with a rich glass of orange juice containing an orange slice garnish and ice, sliced oranges stacked on the side, bright warm and inviting digital art",0.9294853210449219,0.5291025042533875,46.23774591419698,0.791434
1159_25.png,211,run_10,2,"highly realistic still life of a glass of freshly squeezed orange juice with an orange slice garnish and crushed ice, sliced oranges scattered loosely around, warm and moody food photography lighting",0.9105385541915894,0.5390650033950806,42.59058587941634,0.791096
1159_25.png,212,run_9,3,"detailed digital painting of a glass of refreshing orange juice with sliced oranges on the rim and a few slices scattered artfully around it, warm golden light",0.9144946932792664,0.5322517156600952,43.70088516193709,0.790994
1159_25.png,213,run_11,2,"glass of freshly squeezed 100% orange juice with a single orange slice garnish and ice, sliced oranges delicately arranged around the glass on a wooden table, highly detailed 4k digital food photo with soft warm natural light",0.9297938942909241,0.5425277352333069,45.48605239722011,0.790632
1159_25.png,214,run_7,3,"warm glass of freshly squeezed orange juice with orange slice garnish and crushed ice, sliced oranges scattered around the rim of the glass, highly detailed photography",0.8612765669822693,0.46634984016418457,40.075029358518485,0.788679
1159_25.png,215,run_13,1,"glass of perfectly poured fresh orange juice with real orange slice garnish and crystal clear ice, scattered sliced oranges and greenery scattered around, highly detailed warm dramatic food photography lighting",0.898650050163269,0.5487468838691711,40.389442634780174,0.788679
1159_25.png,216,run_8,2,"glass of chilled orange juice on a rustic wooden table with a single orange slice, scattered sliced oranges, warm inviting dramatic high-key food photography style",0.9367107152938843,0.573382556438446,44.889810365927666,0.787807
1159_25.png,217,run_2,5,"a highly realistic and detailed glass of freshly squeezed orange juice with an orange slice garnish and a single ice cube, sliced oranges scattered around the rim, soft and warm natural light",0.9277942180633545,0.5755133628845215,43.4884357695402,0.786688
1159_25.png,218,run_10,4,"highly detailed realistic still life of a glass of freshly squeezed orange juice with a perfectly sliced orange garnish and delicate ice shards, sliced oranges and lemons in a beautiful colorful heap around, soft warm natural lighting that conveys morning joy",0.9396076202392578,0.5233931541442871,49.07090343114645,0.785738
1159_25.png,219,run_2,4,"glass of vibrant freshly squeezed orange juice with an orange slice garnish and ice, sliced oranges scattered around, warm and inviting natural light",0.927486777305603,0.5625787377357483,44.48059456464217,0.785615
1159_25.png,220,run_6,5,"peaceful, warm lighting shot of a glass of ice-cold orange juice with a fresh orange slice garnish and ice cubes, sliced oranges spilling gently around the rim, beautifully rendered, highly detailed digital painting",0.9040993452072144,0.498078316450119,45.71906124872495,0.781845
1159_25.png,221,run_1,5,"detailed and highly realistic photograph from a slightly lowered low-angle perspective of a glass of super freshly squeezed orange juice amidst scattered sliced oranges on a natural wooden table, warm golden softbox lighting",0.899897575378418,0.501563549041748,44.82862979334885,0.781731
1159_25.png,222,run_14,2,"glass of perfectly pressed orange juice with an orange slice garnish and crushed ice, sliced oranges arranged thoughtfully around it, warmly lit in a dramatic food photography style",0.9184820652008057,0.557052731513977,44.00041915231521,0.781677
1159_25.png,223,run_15,3,glass of freshly squeezed juicy orange juice on a distressed wooden table with an orange slice garnish and sliced oranges artfully arranged,0.9228915572166443,0.557205319404602,44.99125012388276,0.779626
1159_25.png,224,run_13,2,"highly detailed digital painting of a glass of 100% fresh pure orange juice with a stunning slice garnish and ice, sliced oranges and fresh herbs scattered around on a wooden table, warm golden sunlight",0.9130700826644897,0.5740284323692322,42.29975354278407,0.779477
1159_25.png,225,run_8,4,highly detailed 4k food photography of a glass of chilled orange juice with a single thick slice of orange garnish and sliced oranges in the background,0.9215531945228577,0.5597153902053833,44.630343824352494,0.779464
1159_25.png,226,run_1,1,"vibrant glass of freshly squeezed orange juice with orange slice garnish and ice, sliced oranges scattered around, warm and inviting 4k digital photography",0.9185194969177246,0.5760326981544495,43.16827047241536,0.778530
1159_25.png,227,run_13,1,"glass of 100% freshly squeezed orange juice with a vibrant orange slice garnish and a few ice cubes, sliced oranges and a few sprigs of fresh mint scattered around, soft warm golden food photography lighting",0.9003780484199524,0.5495486855506897,42.09737701930135,0.778492
1159_25.png,228,run_1,3,"exceptionally detailed and photorealistic close-up image of a glass of freshly squeezed orange juice with sliced oranges artfully arranged on a rustic wooden table, warm golden natural light",0.9199713468551636,0.5614203810691833,44.61692384121571,0.777034
1159_25.png,229,run_11,1,"glass of freshly squeezed orange juice with orange slice garnish and ice, carefully arranged sliced oranges around, beautiful golden warm dramatic food photography lighting",0.9163033366203308,0.555506706237793,44.600302858944715,0.775919
1159_25.png,230,run_2,3,"perfectly ripened glass of orange juice with an orange slice garnish and ice, orange slices arranged neatly around it, 4k cinematic dramatic still life photography",0.9235067963600159,0.5333211421966553,47.27713258698761,0.775826
1159_25.png,231,run_4,3,"glass of freshly squeezed orange juice with a vibrant orange slice garnish and clear icy chunks, sliced oranges scattered around, natural warm golden dramatic food photography lighting",0.901134729385376,0.5341395735740662,43.7396333165287,0.775285
1159_25.png,232,run_8,4,realistic still life of a glass of chilled orange juice with a single slice of fresh orange resting on a woven orange slice,0.918188214302063,0.552463710308075,45.23996176314838,0.775017
1159_25.png,233,run_6,2,"inviting, highly realistic digital art of a glass of ice-cold orange juice with a perfectly placed orange slice garnish and ice cubes, alongside sliced oranges spilling around the rim",0.9090965986251831,0.5309721827507019,45.40903740283342,0.774013
1159_25.png,234,run_8,3,"glass of chilled ice-cold orange juice with a single perfectly sliced thick wedge of fresh orange garnish, scattered beautifully arranged sliced oranges, ultra-high definition food photography style",0.9258009195327759,0.5856494903564453,44.40225694690514,0.773513
1159_25.png,235,run_14,3,"glass of fresh orange juice with orange slice garnish and ice, sliced oranges randomly scattered around, highly detailed realistic food photography with soft focused background",0.894999623298645,0.5355178713798523,42.94089980888881,0.773423
1159_25.png,236,run_13,3,"realistic close-up photograph of a glass of 100% fresh orange juice with a delicate orange slice garnish and ice, garnished with a few leaves of fresh mint on a wooden table, soft natural golden light",0.8746016025543213,0.5546836853027344,38.39080939953538,0.773377
1159_25.png,237,run_1,1,"warm dramatic lighting highlights the beauty of a glass of fresh orange juice with orange slice garnish and ice, sliced oranges scattered around, highly detailed",0.9117754101753235,0.5188535451889038,46.77645113028528,0.773243
1159_25.png,238,run_12,4,"highly detailed still life of a glass of freshly squeezed orange juice with a floating slice of orange on top on a rustic wooden table, crushed ice and perfectly arranged sliced oranges around, warm golden natural light streaming through",0.9181247353553772,0.5619567036628723,44.85552657371628,0.773136
1159_25.png,239,run_7,4,"close-up of a glass of freshly squeezed orange juice with orange slice garnish and ice, sliced oranges scattered around, highly detailed warm dramatic food photography lighting",0.9169617295265198,0.4993722140789032,49.083874512189475,0.772216
1159_25.png,240,run_6,2,"digital painting style warm invitation, highly detailed food still life of ice-cold orange juice with an orange slice garnish and ice cubes amidst sliced oranges spilling around the rim",0.9221957921981812,0.5684840083122253,45.22980522127879,0.771954
1159_25.png,241,run_3,4,"highly detailed 8k ultra-realistic digital oil painting of a glass of freshly squeezed orange juice with orange slice garnish on a rustic wooden table, soft warm natural food photography lighting",0.9402470588684082,0.5966715812683105,46.20997163440299,0.771717
1159_25.png,242,run_7,1,"glass of fresh orange juice with a vibrant orange slice garnish and crushed ice, a scattering of sliced oranges on the table, warm vibrant food photography with golden lighting",0.9251802563667297,0.5741684436798096,45.38748655691099,0.771465
1159_25.png,243,run_11,4,vibrant ultra hd digital painting of a glass of 100% freshly squeezed orange juice,0.9142307639122009,0.5195236802101135,47.43947196074276,0.771065
1159_25.png,244,run_14,4,highly detailed realistic food still life of a glass of fresh orange juice with a slice of orange garnish and a sliced orange on the side in a warm and inviting atmosphere,0.9137630462646484,0.531924843788147,46.5797645325508,0.770636
1159_25.png,245,run_2,5,"a masterfully styled close-up of a glass of freshly squeezed orange juice with an orange slice garnish and crushed ice, sliced oranges scattered around the base, inviting natural morning light",0.9332371950149536,0.49027663469314575,52.54198485091641,0.770531
1159_25.png,246,run_12,3,"a highly detailed masterful still life of a glass of freshly squeezed orange juice on a wooden table, with a slice of orange hovering above, crushed ice and sliced oranges arranged in perfect harmony",0.9206929206848145,0.5572841763496399,46.08468402755593,0.769706
1159_25.png,247,run_12,1,"highly detailed 4k digital painting of a glass of fresh orange juice with an orange slice garnish and ice, sliced oranges scattered around on a vibrant colorful table, dramatic softbox lighting",0.9205925464630127,0.5321571230888367,47.78784005911874,0.769698
1159_25.png,248,run_13,3,"photograph of a glass of pure 100% fresh orange juice with a beautifully sliced orange garnish and ice, garnished with a sprig of fresh rosemary on a wooden table, warm natural light",0.9064445495605469,0.5917224287986755,41.51096263544003,0.769373
1159_25.png,249,run_1,5,"detailed and highly realistic photograph of a glass of freshly squeezed orange juice and sliced oranges on a rustic wooden table, warm golden morning sunlight with subtle shadows",0.9273858070373535,0.5837622880935669,45.65887238008558,0.767519
1159_25.png,250,run_13,2,"detailed photograph of a glass of 100% fresh cold-pressed orange juice with a beautiful fragrant orange slice garnish and crushed ice, sliced oranges and fragrant fresh herbs scattered around on a rustic wooden table in a cozy summer kitchen, warm soft natural golden light",0.9096579551696777,0.5645660758018494,44.171846385938,0.767369
1159_25.png,251,run_2,2,"vibrant glass of freshly squeezed orange juice with an orange slice garnish and ice, sliced oranges scattered around the glass",0.9142506122589111,0.5877677202224731,43.33133362288621,0.767267
1159_25.png,252,run_2,4,"highly realistic digital painting of a glass of orange juice with an orange slice garnish and ice, sliced oranges scattered around, soft warm golden light and a minimalist wooden table background",0.923782229423523,0.5543740391731262,47.26458073317457,0.766355
1159_25.png,253,run_5,5,"photorealistic, 4k resolution image of a glass of orange juice on a simple, hand-carved wooden table with a subtle background",0.9306304454803467,0.5667626261711121,47.56921603083784,0.765932
1159_25.png,254,run_7,4,"a still life of a glass of fresh orange juice with orange slice garnish and ice, sliced oranges scattered around, highly detailed warm and intimate close-up with dramatic food photography lighting",0.9138412475585938,0.5064215064048767,49.10089415482558,0.765398
1159_25.png,255,run_15,5,a crystal glass filled with freshly squeezed orange juice on a wooden table with a perfectly placed orange slice garnish and sliced oranges arranged neatly,0.915719747543335,0.5485416650772095,46.590635961317986,0.764914
1159_25.png,256,run_15,1,warm and inviting glass of fresh orange juice with orange slice garnish,0.9065673351287842,0.5851696133613586,42.83351827236019,0.763519
1159_25.png,257,run_14,4,"a warm and inviting highly detailed still life of a glass of fresh orange juice and sliced orange garnish, shot in high dynamic range photography with subtle color grading",0.9291859865188599,0.5933501124382019,45.87922341499487,0.763483
1159_25.png,258,run_8,3,"glass of chilled refreshingly cold iced orange juice with a single thick perfectly sliced piece of fresh orange garnish, perfectly scattered sliced oranges, incredibly realistic high definition food photography style",0.8947656154632568,0.5496119260787964,43.4478438061825,0.763098
1159_25.png,259,run_3,4,"ultra-realistic digital 8k still life oil painting of freshly squeezed orange juice in a glass, garnished with an orange slice and ice, served on a crisp white tablecloth with sliced oranges scattered, soft warm natural food photography lighting",0.9222112894058228,0.5086351633071899,50.73184451729851,0.762315
1159_25.png,260,run_14,1,"highly detailed, 4k, warm and inviting glass of freshly squeezed orange juice with a slice of orange garnish and crushed ice on a distressed wooden table, sliced oranges scattered around, dramatic food photography lighting",0.9235144257545471,0.5685533881187439,47.08134514765998,0.760680
1159_25.png,261,run_4,5,"highly detailed still life photograph of a glass of freshly squeezed orange juice with orange slice garnish and clear melting ice, surrounded by a scattering of sliced oranges, placed on a minimalist wooden table under dramatic warm golden professional food photography lighting",0.9189302921295166,0.557656466960907,47.14254683208493,0.760367
1159_25.png,262,run_7,5,vibrant and mouthwatering highly realistic food photography lighting for a shot of a glass of freshly squeezed orange juice with a slice of orange garnish surrounded by sliced oranges on a rustic wooden table,0.919655442237854,0.5663810968399048,46.70387977483773,0.760076
1159_25.png,263,run_7,1,"a glass of ice-cold orange juice with a thin orange slice garnish, sliced oranges scattered across the wooden table, stunning 4k digital food photography with warm sunlight",0.9225891828536987,0.5846987962722778,45.998057448793425,0.759530
1159_25.png,264,run_7,2,"warm glass of freshly squeezed orange juice with orange slice garnish and ice, slightly scattered sliced oranges around, warm dramatic studio food photography",0.9247303009033203,0.5767929553985596,47.26371780998771,0.756898
1159_25.png,265,run_13,3,"detailed high-resolution 4k photograph of a glass of crystal clear 100% fresh orange juice with a vibrant orange slice garnish and ice, sliced oranges and fresh herbs scattered around on a rustic wooden table, warm soft natural golden light",0.9135123491287231,0.5914021134376526,44.63552295143454,0.755830
1159_25.png,266,run_5,1,warm and inviting glass of freshly squeezed orange juice,0.9161217212677002,0.6034175753593445,44.343935840374485,0.755045
1159_25.png,267,run_10,1,"glass of freshly squeezed orange juice with an orange slice garnish, ice, and sliced oranges, highly realistic, detailed, warm sunny food photography",0.9160799980163574,0.5897045731544495,45.36651751247468,0.754417
1159_25.png,268,run_14,2,"vibrant glass of freshly squeezed orange juice with an orange slice garnish and ice, sliced oranges artfully arranged around it, beautifully lit with soft warm dramatic food photography lighting",0.911501407623291,0.560602068901062,46.67082008165083,0.754122
1159_25.png,269,run_11,2,"the perfect glass of 100% orange juice with a small orange slice placed on the side and ice, sliced oranges artfully arranged around the glass, highly detailed digital food still life with a warm minimalist aesthetic",0.9322152137756348,0.5686109662055969,49.49860178881126,0.753582
1159_25.png,270,run_1,5,"realistic and hyperrealistic photograph of a glass of freshly squeezed orange juice amidst sliced oranges and a few juice droplets on a light-colored surface, warm and cozy natural soft lighting",0.9367749691009521,0.5777939558029175,49.59779678382724,0.753573
1159_25.png,271,run_11,4,"perfectly styled 4k ultra high definition digital photograph of a tall glass of 100% orange juice with ice, garnish and sliced oranges elegantly displayed",0.9222750067710876,0.5447728633880615,49.55375987070137,0.753532
1159_25.png,272,run_12,1,"warm glass of freshly squeezed orange juice with a floating slice of orange on top, scattered sliced oranges around on a rough wooden platter, soft warm golden natural light",0.9184907674789429,0.5571305155754089,48.13985137554464,0.753305
1159_25.png,273,run_14,5,4k resolution highly detailed digital painting of a glass of orange juice with a thick slice of orange garnish and a single sliced orange on the side under warm soft natural light,0.9196692109107971,0.5456509590148926,49.19556449324941,0.752734
1159_25.png,274,run_10,3,"warm and inviting highly detailed still life in soft focus of a glass of freshly squeezed orange juice with an orange slice garnish and ice, sliced oranges scattered around, natural food photography lighting",0.9144604802131653,0.5740323066711426,46.43913863162159,0.752645
1159_25.png,275,run_8,1,"a glass of perfectly squeezed orange juice with an orange slice garnish on a clean ice-filled glass, surrounded by sliced oranges, warm inviting food photography",0.9089877605438232,0.5997777581214905,43.9558364970614,0.751632
1159_25.png,276,run_3,5,highly detailed highly realistic 4k digital painting of a glass of orange juice with an orange slice garnish on a rustic wooden table,0.8972935676574707,0.5473083257675171,45.75219411246021,0.751152
1159_25.png,277,run_1,1,"glass of freshly squeezed orange juice with orange slice garnish and ice, sliced oranges scattered around, warm and inviting food photography lighting",0.9311679601669312,0.6138542890548706,46.61050840424374,0.751035
1159_25.png,278,run_13,5,"highly realistic 4k digital painting masterpiece of a chilled glass of 100% fresh orange juice with an orange slice garnish and ice, set on a natural wooden table amidst sliced oranges and sprigs of fresh herbs in perfect stillness",0.9250449538230896,0.6371923685073853,44.15826920945035,0.750228
1159_25.png,279,run_3,1,"vibrant glass of freshly squeezed orange juice with orange slice garnish and ice, sliced oranges scattered around, warm golden dramatic food photography lighting",0.9165564775466919,0.5888965129852295,46.134238969100444,0.750058
1159_25.png,280,run_8,5,"highly photorealistic glass of orange juice on a natural wood table, garnished with a thick slice of orange, a few slices on the side, and a bit of frost on the glass",0.9139751195907593,0.5999441146850586,45.04807172825804,0.749510
1159_25.png,281,run_2,2,"glass of orange juice on a worn wooden table with a warm orange slice garnish and ice, inviting soft food photography lighting",0.9334365129470825,0.5820343494415283,49.49313795575497,0.748666
1159_25.png,282,run_6,1,"glass of chilled orange juice with an orange slice garnish and crushed ice, sliced oranges strewn around, rich warm food photography style",0.9006513953208923,0.5975565314292908,43.24022030047874,0.748487
1159_25.png,283,run_3,2,"ultra-realistic stunning high-definition digital artwork of a glass of freshly squeezed orange juice with an orange slice garnish, resting on a rustic wooden table, alongside a few sliced oranges, softly lit by warm natural daylight",0.9251278638839722,0.5797704458236694,48.60771273889636,0.746734
1159_25.png,284,run_5,1,"stunning, highly realistic image of a glass of freshly squeezed orange juice with an orange slice garnish, surrounded by sliced oranges on a rustic wooden table in warm natural light",0.9238948822021484,0.585695743560791,48.14915231184687,0.745756
1159_25.png,285,run_9,1,"photorealistic glass of freshly squeezed orange juice with a slice of orange, ice cubes, and extra slices scattered around, dramatic food photography composition",0.9284920692443848,0.626438319683075,46.18101072974629,0.745168
1159_25.png,286,run_2,3,"fresh glass with a generous pour of orange juice that includes an orange slice garnish and cube ice, slices of orange strewn about in a casual arrangement, highly realistic and vibrant still life illustration",0.9038330316543579,0.555327832698822,47.384008243963464,0.743350
1159_25.png,287,run_12,4,a highly detailed and realistic still life of orange juice with floating slice of orange on top in a glass served on a wooden table with crushed ice and arranged sliced oranges,0.9112852811813354,0.5565293431282043,48.70133840288529,0.741888
1159_25.png,288,run_2,1,"a beautiful glass of freshly squeezed orange juice with an orange slice garnish and ice, sliced oranges and peels scattered around, high-contrast warm food photography lighting",0.9177431464195251,0.6087359189987183,46.17624764116865,0.741775
1159_25.png,289,run_4,2,"realistic and highly detailed still life of a glass of freshly squeezed orange juice with an orange slice garnish and a scoop of melting ice, surrounded by sliced oranges and a few sprigs of fresh mint, shot in a soft, warm studio light with a subtle golden glow",0.9166910648345947,0.5974114537239075,46.79514251598517,0.741692
1159_25.png,290,run_6,2,"highly detailed digital art of a glass of ice-cold orange juice with a delicate orange slice garnish and ice cubes, set against a soft focus background of sliced oranges spilling around the rim",0.8951461315155029,0.5342491269111633,47.710066558138315,0.741519
1159_25.png,291,run_11,1,"photo-realistic high-definition glass of fresh orange juice with orange slice garnish and ice, sliced oranges scattered around, soft warm dramatic food photography lighting",0.913041353225708,0.5941011905670166,46.679345349261325,0.740057
1159_25.png,292,run_4,1,"glass of refreshing orange juice with orange slice garnish and cracked ice, sliced oranges scattered around, vibrant warm studio lighting",0.9255838990211487,0.5788990259170532,49.74214914961707,0.739871
1159_25.png,293,run_7,2,"vivid, 4k resolution glass of freshly squeezed orange juice with sliced oranges, served with a slice of orange on top and ice around it, dramatic warm food styling",0.920828104019165,0.6144759654998779,46.64884687825317,0.739213
1159_25.png,294,run_9,1,"warm and inviting glass of orange juice with sliced oranges scattered around, garnished with an orange slice, shot in high definition studio lighting",0.9242401719093323,0.6024901866912842,48.177161235391225,0.738078
1159_25.png,295,run_2,1,"a stunning glass of freshly squeezed orange juice with an orange slice garnish and crushed ice, sliced oranges and peels scattered around, warm and sunny food photography lighting",0.9232423305511475,0.6154883503913879,47.1525438520459,0.737921
1159_25.png,296,run_14,5,4k resolution photorealistic still life of glass of orange juice with a thick slice of orange garnish and a single sliced orange on the side under warm soft golden light,0.9170248508453369,0.5550714731216431,50.40162791696006,0.737183
1159_25.png,297,run_7,5,warm and highly realistic food photography lighting for a close-up of a glass of freshly squeezed orange juice with a single orange slice garnish and ice,0.925278902053833,0.5167505741119385,54.553649264764466,0.735688
1159_25.png,298,run_12,4,highly detailed oil painting of a glass of freshly squeezed orange juice with a floating slice on top and a rustic wooden table with crushed ice and sliced oranges nearby,0.899147629737854,0.5624756217002869,47.28196257496235,0.735596
1159_25.png,299,run_15,1,still life of a glass of orange juice with sliced oranges scattered around and warm dramatic lighting,0.9433428049087524,0.5944937467575073,52.257915031851404,0.734696
1159_25.png,300,run_7,1,"a glass of freshly squeezed orange juice with an orange wedge garnish and ice, a few sliced oranges piled beside it, warm golden masterfully lit food photography",0.9202362298965454,0.60694819688797,47.83695368813725,0.733957
1159_25.png,301,run_8,5,"glass of chilled orange juice with a slice of orange and various sliced oranges, garnishes, and some condensation on the side of the glass, highly detailed and well-lit food photography",0.9033968448638916,0.562342643737793,48.2675489781751,0.733540
1159_25.png,302,run_14,1,"highly detailed, photorealistic glass of freshly squeezed orange juice with a slice of orange garnish and ice on a rustic wooden table, scattered sliced oranges, warm golden food photography lighting",0.9155796766281128,0.6046830415725708,47.4947557733317,0.732286
1159_25.png,303,run_2,3,"glass of freshly squeezed vibrant orange juice with an orange slice garnish and ice, sliced oranges piled artfully around, highly detailed warm romantic food photography lighting",0.9286104440689087,0.6097489595413208,49.33745624165266,0.731497
1159_25.png,304,run_4,4,"a masterpiece of a glass of freshly squeezed orange juice with a slice of orange garnish and clear melting ice on a white marble surface, warm golden dramatic food photography lighting",0.9120521545410156,0.5220366716384888,52.7281654383763,0.731299
1159_25.png,305,run_5,1,"glass of orange juice with vibrant slices of orange and ice, garnished with an orange slice, amidst a scattered arrangement of sliced oranges",0.9232615828514099,0.5952979326248169,49.77466252963323,0.729440
1159_25.png,306,run_10,1,"glass of freshly squeezed orange juice with an orange slice garnish and ice, sliced oranges artfully arranged around the glass, vibrant warm studio lighting",0.9234134554862976,0.5835726857185364,50.89142285460307,0.727448
1159_25.png,307,run_15,2,highly detailed painting of a glass of freshly squeezed orange juice on a wooden table with an orange slice garnish and sliced oranges arranged artfully around,0.9025071859359741,0.5928733944892883,47.200736745195826,0.725582
1159_25.png,308,run_2,3,"vibrant glass of freshly squeezed orange juice garnished with an orange slice and ice, sliced oranges scattered artfully in the background, masterfully lit studio food photography",0.9192087054252625,0.5989755392074585,49.477033859597206,0.725339
1159_25.png,309,run_11,1,"stunning glass of freshly squeezed orange juice with vibrant orange slice garnish and ice, sliced oranges arranged artfully around, masterfully lit food photography with warm soft colors",0.9008448719978333,0.6016443371772766,46.58295179835229,0.723894
1159_25.png,310,run_14,1,"a highly stylized, detailed glass of orange juice with a vibrant orange slice garnish and crushed ice on a rustic wooden table, sliced oranges scattered around the glass, soft warm food photography lighting with a shallow depth of field",0.9004008769989014,0.5972857475280762,46.875456058497114,0.723448
1159_25.png,311,run_7,3,"vibrant glass of freshly squeezed orange juice with orange slice garnish and ice, sliced oranges scattered around the edge of the table, high-contrast dramatic food photography lighting",0.923258900642395,0.6075583100318909,50.1703563021956,0.720987
1159_25.png,312,run_6,4,"bright, captivating shot of a glass of icy cold orange juice with an orange slice garnish and perfectly clear ice cubes, sliced oranges spilling around the rim, highly realistic watercolor style food still life",0.8903709650039673,0.4969754219055176,52.63476939503471,0.720043
1159_25.png,313,run_6,5,"warm, inviting, highly detailed shot of a glass of frosty ice-cold orange juice with a freshly squeezed orange slice garnish and perfectly clear ice cubes, sliced oranges spilling gently around the rim, digital painting style food still life masterpiece",0.8859504461288452,0.5726801156997681,46.84561436048993,0.719424
1159_25.png,314,run_8,2,"glass of chilled freshly squeezed orange juice on a decorative tablecloth with a single slice garnish, scattered sliced oranges, highly detailed warm inviting food photography masterpiece",0.9240506887435913,0.5763388872146606,52.91059836688771,0.717702
1159_25.png,315,run_15,4,a glass of freshly squeezed orange juice on a charming wooden table with an orange slice garnish and sliced oranges in a decorative bowl around,0.914170503616333,0.6245571374893188,48.1703205182058,0.716819
1159_25.png,316,run_4,3,"a beautifully styled still life of a glass of freshly squeezed orange juice with orange slice garnish and melting shaved ice, sliced oranges scattered around, warm golden dramatic masterclass lighting",0.9227051734924316,0.5700033903121948,53.44633510855629,0.715533
1159_25.png,317,run_11,5,"4k hyperrealistic digital painting of a glass of 100% authentic orange juice with a delicately cut slice garnish and ice, sliced oranges beautifully placed around the glass, perfectly styled and composed",0.916752815246582,0.5967943668365479,50.774100875636144,0.714802
1159_25.png,318,run_14,2,"beautifully styled glass of freshly squeezed orange juice with an orange slice garnish and crushed ice, surrounded by sliced oranges arranged thoughtfully and softly lit with a warm and dramatic food photography glow",0.910673975944519,0.6235206127166748,48.16417397542933,0.713536
1159_25.png,319,run_3,5,highly realistic highly detailed 8k digital fine art oil painting of a glass of freshly squeezed orange juice with an orange slice garnish on a wooden table in a soft warm natural food photography studio lighting,0.9250536561012268,0.6021674275398254,52.013842259131344,0.712843
1159_25.png,320,run_6,4,"beautifully styled shot of a chilled glass of freshly squeezed orange juice with a large orange slice garnish and delicate ice cubes, sliced oranges spilling around the rim, highly detailed digital art food still life",0.8960988521575928,0.5771439075469971,49.13975833985957,0.712684
1159_25.png,321,run_2,2,"a masterpiece of a glass of orange juice with an intricate orange slice garnish and a few scattered ice cubes, highly realistic and detailed digital painting",0.9133252501487732,0.6054198741912842,50.05634046346795,0.711943
1159_25.png,322,run_3,1,"glass of freshly pressed orange juice on a linen tablecloth with orange slice garnish and ice, sliced oranges scattered around, moody atmospheric food photography lighting",0.9193210005760193,0.6368048787117004,48.89958769937876,0.711704
1159_25.png,323,run_15,3,highly detailed glass of freshly squeezed orange juice on a weathered wooden table with an orange slice garnish and sliced oranges in a decorative bowl,0.907660722732544,0.6187052130699158,48.28379309818701,0.711687
1159_25.png,324,run_7,3,"beautiful glass of fresh orange juice with a floating orange slice garnish and shaved ice, sliced oranges scattered around the base, 4k digital still life",0.9083579778671265,0.5598698258399963,52.67538230341655,0.709921
1159_25.png,325,run_10,1,"highly detailed, 4k, photorealistic glass of freshly squeezed orange juice with an orange slice garnish, served on a wooden table, warm atmospheric lighting",0.9363028407096863,0.6026850938796997,54.24800505960443,0.709562
1159_25.png,326,run_6,5,"serene, tranquil evening shot of a glass of ice-cold orange juice with a delicate orange slice garnish and melting ice cubes, sliced oranges spilling around the rim, beautifully rendered digital painting style still life",0.8860271573066711,0.573176383972168,48.43260478852798,0.708408
1159_25.png,327,run_3,1,"glass of freshly squeezed orange juice with orange slice garnish and ice surrounded by sliced oranges and soft yellow napkins, warm inviting food photography lighting",0.9295352697372437,0.6299169063568115,51.99378063362701,0.704873
1159_25.png,328,run_2,2,highly detailed close-up of a glass of vibrant orange juice with a floating orange slice garnish and ice in a shallow depth of field,0.9106595516204834,0.5804876089096069,53.00487647824656,0.700520
1159_25.png,329,run_6,1,"glass of frosty, freshly squeezed orange juice with an orange slice garnish, crushed ice and sliced oranges scattered on a rustic wooden table, moody, atmospheric food photography",0.8894418478012085,0.6184552907943726,47.48986443546126,0.697386
1159_25.png,330,run_4,5,"glass of freshly squeezed orange juice with orange slice garnish and clear melting ice, scattered sliced oranges, placed on a 4k highly detailed wooden table under warm golden dramatic professional still life photography lighting",0.904760479927063,0.5922475457191467,51.74581964917206,0.697207
1159_25.png,331,run_8,5,"vibrant glass of freshly squeezed orange juice on a rustic wooden table, with a wedge of orange and slices of orange scattered around, studio lighting",0.8972185850143433,0.6066900491714478,49.57548261621179,0.697088
1159_25.png,332,run_8,4,glass of chilled cold press orange juice with a thick slice of orange garnish arranged artfully in a minimalist kitchen setting,0.8936462998390198,0.6234501600265503,47.92265079891477,0.696666
1159_25.png,333,run_12,1,"warm glass of freshly squeezed orange juice with a slice of orange garnish and ice, scattered sliced oranges on a clean rustic wooden table, golden softbox dramatic food photography lighting",0.9101511836051941,0.5960977077484131,52.46874844359205,0.696329
1159_25.png,334,run_8,1,"glass filled with chilled orange juice, garnished with vibrant orange slices and a few scattered around, highly detailed food photography",0.8946698904037476,0.6431989073753357,46.823490325729,0.696062
1159_25.png,335,run_9,1,"highly detailed glass of freshly squeezed orange juice with orange slice garnish and crushed ice, sliced oranges scattered around, warm dramatic studio food photography lighting",0.9031273722648621,0.5690186619758606,53.36008510411873,0.695249
1159_25.png,336,run_7,2,"a still life of a glass of orange juice with a slice of orange garnish, ice cubes, and sliced oranges arranged artfully around it, shot with a warm and rich food photography style",0.9145603775978088,0.6339313983917236,50.83724569193794,0.694593
1159_25.png,337,run_9,1,"a detailed and realistic masterpiece of a glass of juice, garnished with an orange slice and surrounded by ice and sliced oranges, shot in a studio setting",0.9074131846427917,0.6019108891487122,51.93451022772157,0.694282
1159_25.png,338,run_13,1,"vibrant glass of freshly squeezed orange juice with a realistic orange slice garnish and delicate ice cubes, sliced oranges and sprigs of fresh mint scattered around the table, dramatic food photography lighting",0.9032742977142334,0.6517161130905151,47.87072800951488,0.694280
1159_25.png,339,run_10,4,"warm and inviting highly detailed still life with a glass of freshly squeezed orange juice, an orange slice garnish, and a few scattered ice cubes, sliced oranges and lemons around, soft and natural warm lighting",0.9177984595298767,0.6137858629226685,52.86516356435304,0.693667
1159_25.png,340,run_2,1,"glass of perfectly ripened orange juice with orange slice garnish and crushed ice, sliced oranges scattered around in a rustic bowl, warm high-contrast food photography lighting",0.873300313949585,0.597998321056366,47.19114977616611,0.691418
1159_25.png,341,run_13,2,"a highly detailed photograph of a glass of 100% fresh orange juice with a stunning orange slice garnish and ice, sliced oranges and herbs scattered around on a wooden table beneath a warm sunny window",0.916172206401825,0.6072345972061157,53.52527499631694,0.690442
1159_25.png,342,run_14,2,"glass of freshly squeezed orange juice with an orange slice garnish and crystal clear ice, sliced oranges scattered artfully around it, warm dramatic food photography lighting in an upscale dining setting",0.9205714464187622,0.6217178702354431,53.304426545169335,0.689968
1159_25.png,343,run_1,3,"highly detailed and realistic digital painting of a glass of freshly squeezed orange juice with sliced oranges scattered softly around a minimalist white background, warm and inviting",0.9339873790740967,0.5317913889884949,61.80773998424467,0.688463
1159_25.png,344,run_5,5,"highly detailed, ultra-realistic, 8k resolution still life of a glass of ice-cold orange juice on a rich, dark wooden table",0.9132988452911377,0.5626919269561768,56.6103865294568,0.687039
1159_25.png,345,run_6,5,"stunning, highly photorealistic shot of a glass of chilled orange juice with a perfectly cut orange slice garnish and clear ice cubes, sliced oranges spilling around the rim, highly detailed 4k digital painting style food still life",0.8817020654678345,0.5638597011566162,52.79435666791398,0.678188
1159_25.png,346,run_14,5,still life of a glass of orange juice with a thin slice of orange garnish and a single thin orange slice on the side in a warm and inviting atmosphere,0.9211935997009277,0.6217692494392395,55.220152077781755,0.677503
1159_25.png,347,run_4,1,"highly detailed 4k masterclass glass of orange juice with orange slice garnish and crushed ice, sliced oranges scattered artfully around, dynamic warm overhead food photography lighting",0.8977515697479248,0.6470630168914795,49.986713786070894,0.675950
1159_25.png,348,run_1,2,"vibrant warm sunlight illuminates a glass of orange juice with a slice garnish and scattering of sliced oranges, fine art photography",0.9055682420730591,0.6230815649032593,53.09050703457297,0.674443
1159_25.png,349,run_3,5,highly detailed 8k photorealistic fine art digital oil painting of a glass of freshly squeezed orange juice,0.8085319399833679,0.5225086212158203,44.760624046517016,0.672819
1159_25.png,350,run_10,1,"glass of chilled orange juice with a slice of orange, garnished with a sprig of rosemary, warm golden hour food photography",0.8740576505661011,0.6392763257026672,47.89493873855492,0.668098
1159_25.png,351,run_5,2,"highly detailed, realistic, 4k resolution oil on canvas painting of a glass of orange juice on a wooden table with sliced oranges and a few ice cubes under warm and inviting lighting",0.8903055787086487,0.6456863880157471,51.22619584991097,0.659992
1159_25.png,352,run_7,1,"glass of frosty orange juice with an orange slice garnish and crushed ice, sliced oranges strewn across the linen tablecloth, highly realistic vibrant food photography with soft warm natural light",0.8810293674468994,0.6279511451721191,51.55696922497975,0.655922
1159_25.png,353,run_4,3,"highly realistic close-up of a glass of freshly squeezed orange juice with an orange slice garnish and melting clear ice cubes, sliced oranges scattered around, soft golden dramatic food photography studio lighting",0.9102875590324402,0.6068645119667053,57.65845201179955,0.655899
1159_25.png,354,run_7,3,"glass of chilled orange juice with a slice of orange garnish and a few shaved ice crystals, sliced oranges arranged artfully around the glass, photorealistic masterpiece",0.9081276655197144,0.6407296657562256,55.21100610689055,0.654449
1159_25.png,355,run_3,2,"highly detailed photorealistic digital artwork of a glass of freshly squeezed orange juice with a slice of orange garnish and a few ice cubes, amidst a simple still life arrangement of sliced oranges, shot in a soft natural studio light",0.8959952592849731,0.6474902629852295,53.369512964999736,0.650672
1159_25.png,356,run_3,4,"realistic 8k digital still life oil painting of a glass of freshly squeezed orange juice with an orange slice garnish, a few sliced oranges casually scattered around, and ice on a beautifully set table, soft warm natural food photography lighting",0.8931868076324463,0.6387900114059448,54.03642186452919,0.647118
1159_25.png,357,run_4,2,"warm and inviting close-up of a glass of freshly squeezed orange juice with a bright orange slice garnish and a few crushed ice cubes, surrounded by sliced oranges, shot in high definition with a shallow depth of field and rich warm colors",0.9080697298049927,0.6301106214523315,57.328129445955305,0.644860
1159_25.png,358,run_5,5,"a highly realistic, 8k resolution still life of a glass of orange juice sitting on a beautiful, weathered wooden table",0.9030030369758606,0.6482824087142944,55.33416444085339,0.644485
1159_25.png,359,run_3,2,"photographically perfect realistic digital image of a glass of freshly squeezed orange juice with a vibrant orange slice garnish and ice, set amidst sliced oranges, warm natural light pouring in from a nearby window",0.9109885692596436,0.658845067024231,55.94151511799795,0.644083
1159_25.png,360,run_14,4,"a highly realistic food still life of a glass of chilled orange juice with a slice of orange garnish and a sliced orange resting beside it, shot in warm golden hour lighting",0.9256976842880249,0.667860746383667,57.68111442533788,0.643980
1159_25.png,361,run_7,1,"glass of chilled orange juice with an orange wheel garnish and ice, sliced oranges arranged artfully around the table, highly detailed warm dramatic food photography",0.8964266777038574,0.6713884472846985,53.108318321047264,0.641742
1159_25.png,362,run_14,3,"warm dramatic 4k resolution food photography of a glass of fresh orange juice with orange slice garnish and ice, sliced oranges scattered around, natural light pouring in from a window",0.9028148651123047,0.6587953567504883,55.989072243104964,0.634873
1159_25.png,363,run_15,3,stunning 4k digital painting of a glass of freshly squeezed orange juice on a worn wooden table with a slice of orange garnish and sliced oranges in a charming fruit bowl arrangement,0.8720515370368958,0.6405635476112366,52.4319024220228,0.634241
1159_25.png,364,run_7,2,"a stunning glass of fresh orange juice served with a slice of orange and ice in a warm, inviting light",0.901830792427063,0.6092277765274048,59.7916176258555,0.630969
1159_25.png,365,run_6,4,"delicate, refreshing shot of a glass of frosty orange juice with an orange slice garnish and clear ice, sliced oranges spilling over the rim, realistic oil painting style food still life",0.8152187466621399,0.5751680135726929,49.191750809107134,0.625109
1159_25.png,366,run_2,2,"orange juice in a delicate glass on a marble surface with a slice of orange and a single ice cube, dramatic soft focus photography",0.9292651414871216,0.6544992327690125,62.270678509268436,0.622696
1159_25.png,367,run_1,3,"stunningly detailed and photorealistic still life of a glass of freshly squeezed orange juice with sliced oranges arranged artfully around the bowl, warm ambiance",0.8815335035324097,0.6677840352058411,54.162208313657906,0.619982
1159_25.png,368,run_7,3,"glass of chilled freshly squeezed orange juice with a slice of orange garnish and crushed ice, sliced oranges arranged in a bouquet around the glass, highly realistic food photography",0.8560248613357544,0.6119610667228699,54.65095104938443,0.614971
1159_25.png,369,run_15,3,glass of freshly squeezed tangy organic orange juice on a rough-hewn wooden table with a slice of orange garnish and sliced oranges in a woven basket,0.8094831705093384,0.6360763311386108,45.88737415300428,0.612969
1159_25.png,370,run_7,2,"highly detailed, photorealistic glass of orange juice with sliced oranges scattered gently around, warm and inviting studio lighting",0.868273913860321,0.6524676084518433,55.3076723082084,0.604858
1159_25.png,371,run_5,4,"a photorealistic masterpiece of a wooden table with a glass of freshly squeezed orange juice, surrounded by a blurred subtle background and soft lighting",0.9189830422401428,0.7064900398254395,60.55239648229596,0.598915
1159_25.png,372,run_2,1,"highly stylized glass of fresh orange juice with a slice of orange garnish and ice, sliced oranges and juice droplets scattered around, warm atmospheric food photography lighting",0.9026839733123779,0.6701383590698242,61.60770382453989,0.590945
1159_25.png,373,run_10,3,"realistic still life of a glass of freshly squeezed orange juice with an orange slice garnish and ice, sliced oranges scattered around, warm and inviting natural light in a rustic kitchen",0.8877339363098145,0.6634976863861084,59.901430256313795,0.589445
1159_25.png,374,run_1,2,"a perfectly styled glass of freshly squeezed orange juice set amidst sliced oranges on a rustic wooden table, highly detailed 4k digital painting",0.8106586933135986,0.6582983136177063,49.88004061578096,0.576505
1159_25.png,375,run_3,1,"glass of freshly squeezed orange juice on a rustic wooden table with a single orange slice garnish and ice, sliced oranges scattered around, warm dramatic outdoor natural light food photography studio setup",0.9029809236526489,0.6891721487045288,63.4843179067519,0.569507
1159_25.png,376,run_5,4,highly detailed 8k digital painting of a glass of orange juice on a handcrafted wooden table with a natural fiber tablecloth and ambient softbox lighting,0.8470661640167236,0.6831420063972473,56.92517543060757,0.556308
1159_25.png,377,run_10,1,"beautifully styled glass of orange juice with an orange slice garnish, served on a marble table, dynamic warm evening lighting",0.9120600819587708,0.7087229490280151,66.62041281110005,0.548773
1159_25.png,378,run_5,1,"a classic still life of orange juice with an orange slice garnish, shot in a studio with softbox lighting to create a beautiful warm atmosphere",0.8790915608406067,0.6933178305625916,62.43991802971107,0.548683
1159_25.png,379,run_14,3,"highly detailed digital painting of a glass of fresh orange juice with orange slice garnish and ice, sliced oranges scattered around, warm soft natural light filtering through a kitchen window",0.8435508608818054,0.7088422775268555,56.663219312137514,0.542238
1159_25.png,380,run_8,1,"warm golden light glass full of orange juice with fresh orange slice garnish and a few sliced oranges scattered on the table, highly realistic digital painting",0.8343358635902405,0.6963497400283813,59.385720251229635,0.519402
1159_25.png,381,run_5,4,"highly detailed, ultra-realistic, 8k resolution image of orange juice and ice cubes on a dark wood table in a quiet morning atmosphere",0.7864103317260742,0.6192214488983154,63.793359828266695,0.473100
1159_25.png,382,run_5,3,"highly detailed, 8k resolution digital painting of a glass of orange juice on a wooden table with a warm, cozy atmosphere",0.7899754047393799,0.688278317451477,61.8689580556965,0.457831
1159_25.png,383,run_12,1,"highly detailed digital painting of a glass of fresh orange juice with an orange slice garnish and a few sliced oranges around, rustic wooden table and warm sunlit atmosphere",0.7316641807556152,0.7050837278366089,55.284724218989844,0.431501
1159_25.png,384,run_1,4,"a highly detailed, oil-painted-inspired photograph from directly below, a glass of freshly squeezed orange juice amidst a colorful, scattered arrangement of sliced oranges, warm sunlight illuminating the juice and the oranges around it",0.7181137800216675,0.7123026847839355,53.79978903479997,0.423522
1159_25.png,385,run_2,4,soft warm golden dramatic food photography lighting,0.6806803941726685,0.6670749187469482,52.95193781378158,0.409708
1159_25.png,386,run_6,3,inviting and appetizing,0.6488014459609985,0.730521559715271,50.44255910665452,0.362444
1159_25.png,387,run_6,3,warm,0.6094856858253479,0.776246190071106,59.13047943759449,0.238697
1159_25.png,388,run_6,3,bright and highly detailed digital painting,0.5528408885002136,0.7162425518035889,56.38362624860054,0.223867
1159_25.png,389,run_6,3,photorealistic,0.5006246566772461,0.7310441732406616,55.7118684567489,0.164631
1159_25.png,390,run_6,3,serene yet vibrant,0.589206337928772,0.8760185837745667,69.84147333588892,0.096538
1159_29.png,1,run_7,4,highly detailed realistic lone palm tree standing proudly in the shallow crystal clear aqua waters by a stunning golden orange sun,0.9358720779418945,0.5926006436347961,47.180805365222675,0.944212
1159_29.png,2,run_7,4,highly detailed realistic lone palm tree standing in crystal clear aqua tropical ocean waters at golden hour,0.915306031703949,0.578719437122345,45.71147117944798,0.913082
1159_29.png,3,run_7,2,"highly detailed, realistic lone palm tree standing in crystal clear aqua ocean, golden orange sun on the horizon, breathtaking tropical masterpiece",0.9206792116165161,0.6332426071166992,47.96041615479254,0.862026
1159_29.png,4,run_10,5,stunning sunset over a majestic lone palm tree standing in crystal clear turquoise ocean waters with distant misty mountains fading into the background,0.912482738494873,0.6333160996437073,45.82049818556279,0.856873
1159_29.png,5,run_7,5,highly detailed realistic palm tree standing prominently in the pristine crystal clear aqua waters by a vibrant golden orange sun,0.9232579469680786,0.6313331723213196,50.796146397288275,0.848375
1159_29.png,6,run_2,2,"a lone palm tree stands serene in shallow turquoise ocean waves, warm soft golden light of early sunset casts a gentle glow on the nearby misty mountains, tropical haven",0.9190877676010132,0.6589422821998596,47.05427907638314,0.842362
1159_29.png,7,run_11,4,"a highly realistic, serene and picturesque palm tree stands in a peaceful, crystal-clear turquoise ocean at sunset, with warm soft golden light casting delicate shadows on rugged mountains",0.9100050330162048,0.6307767629623413,47.75161295428823,0.837383
1159_29.png,8,run_6,5,"serene palm tree stands alone on a tranquil turquoise ocean beach at golden hour, realistic highly detailed 8k digital tropical scenery",0.903837263584137,0.6361865401268005,45.183913444266835,0.836308
1159_29.png,9,run_7,5,highly detailed realistic masterwork of a single palm tree standing tall in the shallow crystal clear aqua waters under a stunning orange sun,0.9320305585861206,0.6511513590812683,53.585395400212555,0.832553
1159_29.png,10,run_7,4,highly detailed realistic 4k resolution lone palm tree standing in crystal clear aqua ocean at golden orange sunrise,0.9033186435699463,0.6343793272972107,46.074047254432145,0.829542
1159_29.png,11,run_8,3,"highly realistic and detailed 4k digital art of a lone palm tree standing on a still turquoise ocean with gentle ripples, warm golden light on the horizon, rugged mountains in the background",0.9201725125312805,0.6594300866127014,49.62374288990058,0.824714
1159_29.png,12,run_3,5,"majestic isolated palm tree standing in the tranquil ocean breeze near a deep turquoise ocean, warm radiant golden sunset, serene distant mysterious misty mountains, highly detailed hyper-realistic masterpiece",0.9179630875587463,0.6653273701667786,49.12680745522847,0.817550
1159_29.png,13,run_12,5,highly detailed realistic masterpiece of a majestic palm tree dominating the serene blue-green ocean and softly dissolving into the warm golden horizon,0.8852525353431702,0.6174373626708984,43.72583943750252,0.814633
1159_29.png,14,run_3,4,"majestic lone palm tree standing in the gentle ocean breeze near a crystal clear deep turquoise ocean, breathtaking warm golden sunset, serene distant mysterious misty mountains, highly detailed hyper-realistic digital art",0.9152302145957947,0.651861310005188,50.12273398125668,0.814273
1159_29.png,15,run_7,2,"vibrant lone palm tree standing in crystal clear aqua ocean, golden orange sun on distant horizon, tropical paradise landscape with warm sunlight",0.9010611772537231,0.6437064409255981,46.42208959685204,0.812632
1159_29.png,16,run_11,3,"a serene and highly detailed palm tree stands isolated in a peaceful, crystal-clear turquoise ocean, with soft warm golden light of sunset casting gentle, subtle shadows on distant rugged mountains",0.9122366905212402,0.6564152240753174,48.95704184125091,0.811431
1159_29.png,17,run_7,2,"lone palm tree standing in shallow aqua ocean, bright orange sun on the horizon, warm and inviting tropical paradise",0.9053254723548889,0.6549997329711914,47.13953834155737,0.808484
1159_29.png,18,run_3,2,"majestic lone palm tree swaying in the gentle ocean breeze near a crystal clear turquoise ocean, breathtaking golden sunset, serene distant misty mountains, highly detailed digital art",0.91304612159729,0.6483141779899597,50.60612146817717,0.807778
1159_29.png,19,run_7,2,"highly detailed, realistic lone palm tree standing in shallow aqua ocean, vibrant orange sun on horizon, stunning tropical landscape",0.9156388640403748,0.673640251159668,48.65928422044072,0.807734
1159_29.png,20,run_3,5,"majestic tall slender palm tree standing in the calm ocean breeze near a crystal clear deep turquoise ocean, breathtaking warm golden sunset, serene distant mysterious misty mountains, highly detailed 4k digital art",0.915992259979248,0.6655583381652832,49.81728598258376,0.806693
1159_29.png,21,run_3,4,"majestic lone palm tree swaying in the gentle sea breeze near a crystal clear turquoise ocean, breathtaking warm golden sunset over the horizon, serene distant mysterious misty mountains, highly detailed realistic digital artwork",0.9190189838409424,0.6659060716629028,50.84818626438584,0.806384
1159_29.png,22,run_2,3,"a lone mature palm tree stands serene in shallow crystal clear turquoise ocean waves, highly detailed warm soft golden light of early sunset casts a gentle glow on the nearby distant misty rugged mountains, idyllic tropical paradise haven",0.9156055450439453,0.6626191735267639,50.25250442025024,0.804832
1159_29.png,23,run_11,5,"a highly realistic, serene and picturesque palm tree stands in a crystal-clear turquoise ocean at golden hour, with soft warm light casting gentle shadows on the mountains",0.9028293490409851,0.6321234703063965,49.4280926148363,0.803964
1159_29.png,24,run_3,3,"majestic lone palm tree swaying in the soft ocean breeze near a crystal clear turquoise ocean, breathtaking highly detailed golden sunset, serene distant misty mountains, 4k ultra-realistic digital art",0.9049725532531738,0.6412558555603027,50.051172657088486,0.796796
1159_29.png,25,run_7,3,"highly detailed, realistic, serene lone palm tree standing in crystal clear, aquamarine ocean, golden orange sun on the peaceful horizon, breathtaking tropical masterpiece",0.9105035066604614,0.6549460291862488,51.15706171874402,0.790882
1159_29.png,26,run_7,1,"lone palm tree standing in shallow aqua ocean, vibrant orange sun on horizon, dramatic tropical landscape",0.9131335020065308,0.6772418022155762,50.28267676627564,0.785198
1159_29.png,27,run_3,3,"majestic lone palm tree swaying in the gentle ocean breeze near a crystal clear turquoise ocean, breathtaking highly detailed golden sunset with vibrant colors, serene distant misty mountains, highly detailed 4k digital art",0.9189907312393188,0.6725572347640991,52.81291850449011,0.785104
1159_29.png,28,run_2,3,"a lone majestic palm tree stands alone in a tranquil shallow turquoise ocean, warm soft golden evening light casts a gentle soft glow on the nearby rolling misty mountains, serene tropical sanctuary",0.9071469902992249,0.6742600798606873,48.88708218405437,0.782784
1159_29.png,29,run_2,3,"a lone mature palm tree stands alone in a tranquil shallow turquoise ocean, highly detailed soft warm golden light of early evening casts a gentle soft glow on the nearby rolling misty mountains, idyllic tropical sanctuary haven",0.8993426561355591,0.6660175323486328,47.214794507254105,0.782302
1159_29.png,30,run_7,1,"serene sunset digital painting of single palm tree in shallow turquoise ocean, highly detailed 4k art",0.904638946056366,0.6615030765533447,49.53978141389534,0.782171
1159_29.png,31,run_6,5,"tropical palm tree stands isolated on a serene turquoise ocean beach, vibrant golden sunset colors and dramatic rocky mountain silhouettes, highly realistic digital 4k scenery",0.9155774116516113,0.6925328969955444,50.171943947425575,0.779179
1159_29.png,32,run_7,2,"lone palm tree standing in serene aqua ocean, blazing orange sun on horizon, dramatic tropical island getaway",0.9057713747024536,0.6633590459823608,50.199352618114645,0.778399
1159_29.png,33,run_11,4,"a highly detailed palm tree stands isolated in a still, crystal-clear turquoise ocean, with soft warm golden light of a beautiful sunset casting gentle, subtle shadows on distant rugged mountains",0.9269169569015503,0.6902613043785095,54.83069106167374,0.774917
1159_29.png,34,run_8,3,"highly detailed, realistic lone palm tree standing on a serene turquoise ocean with calm waters, warm golden sunset on the horizon, distant rugged mountains",0.9206874966621399,0.6872363090515137,53.38182572822951,0.772311
1159_29.png,35,run_11,2,"a solitary and majestic palm tree stands on a rocky beach in a deep turquoise ocean, with soft golden light of sunset casting dramatic shadows on rugged distant mountain ranges",0.9053537845611572,0.6377362012863159,53.75462921474235,0.771910
1159_29.png,36,run_1,5,"serene single palm tree standing alone at the edge of a calm cerulean ocean, with soft warm rays of sunlight casting a gentle warm glow on the peaceful horizon, softly distant misty mountains softly transitioning into a clear blue sky, highly detailed 4k tropical digital painting with subtle texture",0.8687240481376648,0.6157268285751343,43.75871679268417,0.771839
1159_29.png,37,run_4,2,"serene tropical paradise with tall mature palm tree in shallow tranquil turquoise ocean waves, warm golden sunset behind, rolling gentle hills",0.9052128791809082,0.6785511374473572,49.21818834418292,0.771280
1159_29.png,38,run_3,2,"serene lone palm tree swaying gently in the soft breeze near a tranquil turquoise ocean, breathtaking golden sunset, majestic distant mountain ranges, highly detailed masterpiece",0.9071078896522522,0.6924986243247986,48.72420425085663,0.767976
1159_29.png,39,run_6,4,"serene palm tree stands alone on a tranquil turquoise ocean beach, vibrant golden sunset hues on the distant horizon, prominent rocky mountain silhouettes, highly realistic digital 4k tropical scenery",0.9107712507247925,0.7055926322937012,49.02784360617642,0.763887
1159_29.png,40,run_15,3,"serene tropical beach with a majestic palm tree in shallow blue ocean waves, warm golden light with soft orange hues, misty mountains in the distance, highly detailed, 4k",0.8935773372650146,0.6744504570960999,46.82402040705646,0.762612
1159_29.png,41,run_8,2,"lone palm tree standing on a serene turquoise ocean with calm waters, warm golden sunset on the horizon, distant rugged mountains, vibrant tropical digital art",0.9186534881591797,0.7071908712387085,51.81720353746111,0.761655
1159_29.png,42,run_7,1,"detailed digital art of a solitary palm tree in calm turquoise ocean waters, golden sun sinking low in sky",0.8978619575500488,0.6661533713340759,49.33504722527803,0.761644
1159_29.png,43,run_11,2,"serene and majestic palm tree stands alone in a peaceful turquoise ocean, with soft warm golden light of vibrant sunset casting gentle shadows on distant rugged mountains",0.9112043380737305,0.6984373927116394,50.551798431930294,0.759382
1159_29.png,44,run_1,5,"serene single palm tree standing at the edge of a perfectly calm cerulean sea, with soft warm golden rays of sunlight casting a gentle warm glow on the serene horizon, softly distant misty mountains gently transitioning into the vibrant blue sky, highly detailed 4k tropical digital oil painting masterpiece",0.903498649597168,0.6868108510971069,49.24744534451481,0.759248
1159_29.png,45,run_12,2,"vivid highly detailed photorealistic digital art of a majestic palm tree towering above the calm shallow blue-green ocean waves, a warm golden sunset gradually unfolding on the distant horizon, the soft misty mountains dissolving into a serene misty backdrop, stunning realistic tropical digital art",0.8954004049301147,0.664942741394043,49.2114787053397,0.757113
1159_29.png,46,run_1,4,"serene single palm tree standing at the edge of a calm cerulean sea, with soft warm rays of sunlight casting a gentle glow on the horizon, misty distant mountains softly transitioning into the sky, highly detailed 4k tropical digital painting",0.8950154185295105,0.6796635389328003,47.444361072936545,0.757021
1159_29.png,47,run_6,5,"serene solitary palm tree stands on a calm turquoise ocean shoreline, prominent golden sunset hues in the distance, realistic digital 4k tropical landscape",0.9043017625808716,0.6911991238594055,49.4570551379196,0.755902
1159_29.png,48,run_6,5,"serene solitary palm tree stands on a tranquil turquoise ocean horizon line, vibrant detailed golden sunset colors, highly realistic 8k digital tropical masterpiece",0.8976724147796631,0.6723365783691406,49.359888530458555,0.755527
1159_29.png,49,run_5,2,"tall green palm tree amidst calm and shallow turquoise ocean waves, peaceful warm golden sunset fading into a blue horizon, misty distant mountains, vibrant and dreamy tropical piece",0.9151325821876526,0.7112472653388977,50.98134992308744,0.755263
1159_29.png,50,run_7,3,"highly realistic, highly detailed, 4k resolution, lone palm tree standing in an endless, crystal clear, aqua ocean, brilliant golden orange sun on the horizon, tropical art",0.9150389432907104,0.7012536525726318,52.141894958006084,0.754686
1159_29.png,51,run_11,5,"a highly detailed, realistic and serene palm tree stands in a peaceful, crystal-clear turquoise ocean at sunset, with warm soft golden light casting delicate shadows on rugged mountains",0.8947069644927979,0.6649511456489563,49.33142788389001,0.754320
1159_29.png,52,run_4,1,"serene tropical landscape with lone palm tree in shallow turquoise ocean waves, golden sunset behind, rolling hills",0.8991613984107971,0.681028425693512,49.126809853751055,0.753703
1159_29.png,53,run_5,1,"'tall lone palm tree amidst shallow turquoise ocean waves, peaceful golden sunset on the sky, misty blue distant mountains, serene and dreamy tropical digital piece'",0.8791782259941101,0.6569761037826538,45.31118356090784,0.751401
1159_29.png,54,run_3,5,"majestic single palm tree standing in the soft ocean breeze near a crystal clear turquoise ocean, breathtaking warm golden evening light, serene distant mysterious misty mountains, highly realistic digital art",0.9006532430648804,0.6625291109085083,52.19062745111384,0.749906
1159_29.png,55,run_14,4,"a serene and peaceful tropical paradise of a lone palm tree standing in shallow turquoise ocean waves, breathtaking golden sunset on the horizon with distant majestic mountains",0.9043781757354736,0.6954063177108765,49.80586181213622,0.749690
1159_29.png,56,run_15,4,"peaceful tropical seascape with a large palm tree in gentle aquamarine waves, soft warm light with subtle yellow hues, misty distant headlands, highly detailed, 8k",0.8598473072052002,0.6135908365249634,43.844862020954906,0.749387
1159_29.png,57,run_4,5,"Serene, tranquil tropical paradise with tall mature palm tree in shallow turquoise ocean waves, warm golden sunset behind, gentle rolling hills of emerald green",0.8902996778488159,0.6665405631065369,48.44969079038129,0.748086
1159_29.png,58,run_1,2,"serene lone palm tree standing in a shallow cerulean ocean, warm rays of golden light on the horizon, misty distant mountains blending into the sky, highly detailed ultra-realistic tropical digital masterpiece",0.8725201487541199,0.642471969127655,45.105399851279614,0.747980
1159_29.png,59,run_5,3,"vibrant and highly detailed tropical paradise with a majestic green palm tree, shimmering turquoise ocean waves, warm sunset fading into a blue sky",0.8997846245765686,0.6842886805534363,49.75110650407315,0.747621
1159_29.png,60,run_12,4,highly detailed realistic digital art of a serene palm tree standing alone above the calm shallow blue-green ocean waves during a warm sunny golden sunset,0.8962481617927551,0.6763412952423096,49.661054193107724,0.745867
1159_29.png,61,run_5,4,"tall green palm tree amidst serene and shallow turquoise ocean waves, peaceful warm golden sunset fading into a clear blue horizon, misty distant mountains, highly detailed tropical paradise",0.9042820930480957,0.7026804685592651,49.46899223790448,0.745697
1159_29.png,62,run_10,5,a majestic lone palm tree stands in a serene scene of crystal clear turquoise ocean waters at golden hour over distant misty mountains,0.898590087890625,0.6741612553596497,50.85912613901964,0.744639
1159_29.png,63,run_5,4,"majestic green palm tree in a tropical haven amidst calm shallow turquoise ocean waves, a warm golden sunset fading into a clear blue horizon, highly detailed and vibrant 4k digital masterpiece",0.8957287669181824,0.6870301365852356,48.84658070193837,0.741493
1159_29.png,64,run_1,3,"serene lone majestic palm tree standing in a shallow cerulean ocean, warm rays of golden morning light on the horizon, misty distant misty mountains blending into the clear blue sky, highly detailed ultra-realistic vibrant tropical 4k digital painting",0.8821331262588501,0.6278948187828064,51.04383543082362,0.739884
1159_29.png,65,run_11,5,"a highly realistic, serene and picturesque palm tree stands in a crystal-clear turquoise ocean at sunset, with warm soft golden light casting delicate shadows on rugged, mountainous landscape with silhouetted tropical flowers",0.9038032293319702,0.6973352432250977,50.676012543598716,0.739658
1159_29.png,66,run_12,4,breathtakingly vivid highly detailed digital art of a majestic palm tree emerging from the misty ocean blue-green shallow waves at sunset,0.9219329357147217,0.7221153974533081,54.17129314259965,0.738891
1159_29.png,67,run_11,1,"serene palm tree stands alone in a tranquil turquoise ocean, with soft golden light of sunset casting shadows on distant mountains",0.8879789710044861,0.6646174788475037,49.12235147679268,0.738324
1159_29.png,68,run_5,5,"tall majestic green palm tree amidst crystal-clear turquoise ocean waves, a peaceful warm golden sunset with subtle orange hues fading into a blue horizon, vibrant tropical piece with misty distant mountains and a clear blue sky",0.8993963003158569,0.6839229464530945,51.32692425834766,0.734573
1159_29.png,69,run_6,3,"palm tree standing isolated on a tranquil turquoise ocean shore, softly fading golden sunset colors on the far 4k horizon, dramatic and rugged rocky mountain silhouettes, highly detailed digital tropical paradise landscape",0.89976966381073,0.7058281302452087,49.070701627405306,0.734035
1159_29.png,70,run_8,4,"ultra-realistic 4k digital painting of a lone palm tree standing on a calm turquoise ocean with gentle lapping waves, warm golden light on the horizon, rugged mountains forming a dramatic background",0.8799958229064941,0.6551474928855896,48.20154453028899,0.732559
1159_29.png,71,run_1,2,"lone palm tree standing in a calm turquoise ocean with crystal clear waters, gentle golden light on the horizon, misty distant mountains softly lit, highly detailed ultra-realistic tropical digital painting",0.8657596707344055,0.6466490030288696,44.482638302353415,0.731184
1159_29.png,72,run_8,5,"ultra-realistic and hyper-detailed 4k digital painting of a lone palm tree standing on a calm and peaceful turquoise ocean with subtle gentle ripples, soft warm golden sunset light on the horizon, rugged majestic mountains in the background",0.9183019995689392,0.7051728963851929,55.82646912849511,0.731107
1159_29.png,73,run_6,2,"palm tree standing alone on a calm turquoise ocean shore, breathtaking golden sunset hues on the horizon, distant rocky mountain silhouettes, highly realistic digital 4k tropical landscape",0.9125531911849976,0.7135343551635742,52.94820640908794,0.730993
1159_29.png,74,run_3,4,"majestic large palm tree swaying in the gentle ocean breeze near a crystal clear deep turquoise ocean, breathtaking warm golden sunset, serene distant mysterious misty mountains, highly detailed realistic digital art",0.8743168115615845,0.6571032404899597,46.57715460317532,0.728429
1159_29.png,75,run_2,4,"'a majestic palm tree stands alone in turquoise ocean waves, radiating warm golden light of early sunset, majestic tropical haven'",0.8933055996894836,0.6711300611495972,51.69636601402277,0.726663
1159_29.png,76,run_3,3,"majestic lone palm tree standing still, yet elegant, in the gentle ocean breeze near a crystal clear turquoise ocean, breathtaking highly detailed golden sunset, serene distant misty mountains, highly detailed digital painting",0.9111664295196533,0.6968209743499756,54.985720358647434,0.725994
1159_29.png,77,run_4,3,"a highly realistic photograph of a serene tropical paradise with tall mature palm trees in shallow tranquil turquoise ocean waves, warm golden sunset behind, rolling gentle hills at dusk",0.9036897420883179,0.7203028202056885,49.961127495666084,0.724828
1159_29.png,78,run_2,4,"'an isolated palm tree stands in calm turquoise ocean waters, warm golden sunlight illuminates the nearby misty mountainside, peaceful tropical escape'",0.8899886608123779,0.6723760366439819,50.68727892721061,0.724632
1159_29.png,79,run_3,1,"lone palm tree swaying in the breeze near a turquoise ocean, majestic golden sunset, serene distant mountains, vibrant digital art",0.9109089374542236,0.7105779647827148,53.54131161134571,0.724560
1159_29.png,80,run_9,2,"a lone palm tree stands serene in a peaceful turquoise ocean scene, soft warm golden light illuminates the horizon, distant snow-capped mountains, 4k digital masterpiece'",0.8761163949966431,0.6422994136810303,49.380748112661514,0.724251
1159_29.png,81,run_11,4,"a serene and highly realistic palm tree stands solitary in a peaceful, crystal-clear turquoise ocean, with soft warm golden light of a stunning sunset casting delicate, subtle shadows on rugged mountains",0.8946120142936707,0.690399169921875,50.310731120372594,0.724106
1159_29.png,82,run_3,2,"highly detailed lone palm tree standing tall in the soft ocean breeze near a bright turquoise ocean, majestic golden sunset colors, serene distant mountain peaks, vibrant 4k digital art",0.9175375699996948,0.7100426554679871,56.52591447854848,0.719330
1159_29.png,83,run_4,1,"lone palm tree isolated in a tranquil tropical paradise with golden sunset on the horizon, shallow turquoise ocean waves, distant majestic mountains",0.9060192108154297,0.7044036984443665,53.24294752614719,0.719278
1159_29.png,84,run_7,3,"highly realistic, highly detailed, 4k resolution, single, stunning palm tree standing in a calm, crystal clear, aquamarine ocean, vibrant, warm golden orange sun on the peaceful horizon, breathtaking tropical seascape",0.8993479013442993,0.7072867155075073,50.729018182382724,0.718654
1159_29.png,85,run_6,3,"palm tree standing alone on a serene turquoise ocean shore, breathtakingly realistic golden sunset hues on the 4k horizon, distant majestic rocky mountain silhouettes, highly detailed digital tropical landscape",0.9137094616889954,0.7195307612419128,54.31600751315281,0.718114
1159_29.png,86,run_15,5,"serene tropical beach with a stately palm tree in calm blue ocean waves, warm golden sunlight with soft pastel orange tones, misty mountains shrouded in mist in the background, highly detailed, 8k",0.8803727626800537,0.6710113286972046,48.46740521115028,0.717584
1159_29.png,87,run_3,1,"solitary palm tree standing in the foreground of a turquoise ocean, golden sunset and distant mountains in the background, highly detailed tropical digital art",0.8925340175628662,0.7026638388633728,49.0913646195923,0.717368
1159_29.png,88,run_4,2,"highly detailed, breathtaking, tropical landscape with single majestic palm tree in shallow turquoise ocean waves, warm golden sunset behind, rolling hills",0.9017935991287231,0.70736163854599,51.72193635086911,0.717333
1159_29.png,89,run_11,3,"a highly realistic and detailed palm tree stands alone in a peaceful, majestic turquoise ocean, with soft warm golden light of vibrant sunset casting gentle shadows on surrounding rugged mountains",0.8988783955574036,0.702979564666748,51.638571305187874,0.714058
1159_29.png,90,run_4,2,"tropical masterpiece with lone tall palm tree in shallow tranquil turquoise ocean waves, vibrant golden sunset behind, undulating hills",0.9000973701477051,0.7090402841567993,51.510833198895526,0.712995
1159_29.png,91,run_11,3,"tranquil and highly detailed palm tree stands serenely alone in a peaceful, vibrant turquoise ocean with soft warm golden light of sunset casting gentle shadows on rugged hills",0.8844128847122192,0.6801602840423584,49.445300144596665,0.712678
1159_29.png,92,run_5,5,"serene tall green palm tree amidst crystal-clear and shallow turquoise ocean waves, peaceful warm golden sunset fading into a blue horizon with silhouetted seagulls, misty distant mountains",0.900479793548584,0.692341685295105,53.645133095525985,0.711940
1159_29.png,93,run_11,3,majestic palm tree stands isolated in a tranquil turquoise ocean with soft warm golden light of vibrant sunset casting gentle shadows on rugged mountains,0.894303023815155,0.6939845681190491,51.4239156055329,0.711429
1159_29.png,94,run_13,5,"isolated palm tree standing tall in crystal clear shallow ocean waves, soft warm golden sunset on distant misty horizon, rugged majestic tropical mountains with vibrant lush verdant foliage, highly detailed realistic tropical digital painting",0.9097112417221069,0.7094658613204956,54.975515054410224,0.711119
1159_29.png,95,run_13,3,"vivid solitary palm tree standing in serene crystal clear shallow ocean waves, soft warm golden sunset on distant misty horizon, rugged majestic mountains with lush verdant tropical foliage, highly detailed highly realistic tropical digital art",0.8965185284614563,0.6927192211151123,52.395454199421806,0.710836
1159_29.png,96,run_14,1,"an idyllic tropical paradise of a lone palm tree standing in shallow turquoise ocean waves, golden sunset on the horizon with distant majestic mountains",0.8979540467262268,0.7111409902572632,50.82836655218431,0.710786
1159_29.png,97,run_4,4,"serene tropical paradise with towering mature palm tree in shallow tranquil turquoise ocean waves, warm orange-golden sunset behind, rolling gentle sandy hills",0.8979822993278503,0.7085269093513489,51.160801173367545,0.710550
1159_29.png,98,run_5,2,"tall lone green palm tree amidst shallow turquoise ocean waves, peaceful warm golden sunset on the sky, misty blue distant mountains, highly detailed and serene tropical 4k masterpiece",0.8907334804534912,0.6944122314453125,50.539962718865844,0.708463
1159_29.png,99,run_10,2,majestic lone palm tree stands in crystal clear turquoise ocean waters at sunset over distant misty mountains,0.9078396558761597,0.7259842753410339,52.91178258749018,0.707812
1159_29.png,100,run_7,5,beautifully styled digital painting of a serene palm tree surrounded by aqua waters and a warm golden orange glow,0.8804184198379517,0.6857250928878784,48.221290311778915,0.706740
1159_29.png,101,run_6,5,"serene tropical palm tree stands alone on a tranquil turquoise ocean beach, warm golden sunset hues on the distant horizon, prominent digital rocky mountain silhouettes, realistic 4k scenery",0.905860424041748,0.7213519811630249,53.17779371962145,0.704516
1159_29.png,102,run_8,5,"breathtakingly realistic and highly detailed 4k digital masterpiece of a lone palm tree standing on a serene and peaceful turquoise ocean with soft warm golden light on the horizon, rugged majestic mountains in the soft focus background",0.8660775423049927,0.6563750505447388,46.94326839942712,0.704251
1159_29.png,103,run_4,5,"Masterpiece of a serene tropical paradise with tall palm tree, tranquil turquoise ocean waves, warm golden sunset behind, and lush rolling hills",0.886432409286499,0.6862548589706421,50.712946814000496,0.702797
1159_29.png,104,run_15,3,"serene tropical beach with a lone palm tree silhouetted against warm golden light, shallow blue ocean waves, distant misty mountains, highly detailed, ultra-realistic with subtle brushstrokes",0.8583782911300659,0.655893087387085,44.6110531458327,0.702414
1159_29.png,105,run_5,2,"serene and dreamy lone palm tree standing against shallow turquoise ocean waves, peaceful warm golden sunset on the calm sky, misty blue distant mountains, digitally painted",0.8862431049346924,0.6844422221183777,50.92133707373195,0.702250
1159_29.png,106,run_11,2,"breathtakingly beautiful and highly detailed palm tree stands in a tranquil turquoise ocean, with soft warm golden light of vibrant sunset casting delicate shadows on misty distant mountains",0.9082602262496948,0.7368674278259277,52.74216005849928,0.700725
1159_29.png,107,run_14,4,"an idyllic tropical paradise of a lone palm tree standing in shallow warm ocean waves, soft golden sunset on the horizon with misty distant mountains",0.8980859518051147,0.7107526659965515,52.32265210606379,0.699782
1159_29.png,108,run_6,1,"'palm tree isolated on a serene turquoise ocean shore, golden sunset hues on the horizon, distant mountain silhouettes, highly realistic digital tropical art'",0.9048185348510742,0.7262802124023438,52.89243398978967,0.699656
1159_29.png,109,run_5,1,"'softly lit lone palm tree stands alone in tranquil turquoise ocean waves, warm golden sunset on serene horizon, misty distant mountains, highly detailed tropical digital art'",0.8912409543991089,0.6985170841217041,51.41798262077368,0.699347
1159_29.png,110,run_5,4,"serene and majestic palm tree in an idyllic tropical setting amidst calm and shallow turquoise ocean waves, warm golden sunset fading into a blue horizon, highly detailed and dreamy 4k digital painting",0.8914259672164917,0.7052360773086548,50.799451982908046,0.698794
1159_29.png,111,run_12,2,"a tall palm tree rises from the calm shallow blue-green ocean waves, with the warm vibrant golden sunset blending into a hazy sky on the horizon, distant misty mountains disappearing into the haze, ultra-high-definition realistic tropical digital painting",0.8886809349060059,0.7127270698547363,49.067060840562185,0.698476
1159_29.png,112,run_5,1,"'serene lone palm tree stands in shallow turquoise ocean water, warm golden sunset on the horizon, dramatic distant mountains, highly realistic tropical digital art'",0.8938959240913391,0.7178384065628052,50.31157658170308,0.698151
1159_29.png,113,run_11,2,"tranquil and serene palm tree stands on a sandy beach in a glassy turquoise ocean, with soft golden light of sunset casting delicate shadows on majestic distant mountains",0.8946676254272461,0.6986748576164246,52.74477294822432,0.697953
1159_29.png,114,run_11,3,"serene and majestic palm tree stands alone in a peaceful turquoise ocean with warm, inviting golden light casting gentle shadows on distant, rocky mountains",0.8523628115653992,0.6283686757087708,46.70862017167337,0.694086
1159_29.png,115,run_5,5,"dreamy highly detailed green palm tree silhouette against vibrant sunset hues amidst peaceful turquoise ocean waves, 4k tropical landscape with distant misty mountains",0.8976752758026123,0.723007321357727,51.76369832449066,0.692326
1159_29.png,116,run_2,2,"a single majestic palm tree stands tall in tranquil turquoise ocean waves, warm vibrant golden light of sunset casts a rich glow on the distant misty mountains, idyllic tropical paradise",0.9122883677482605,0.7228280305862427,56.907224503388605,0.691159
1159_29.png,117,run_7,1,"tropical palm tree isolated in shallow blue-green ocean waters, sun-kissed golden horizon, misty mountains",0.8729643821716309,0.6478118300437927,51.92817494307726,0.691086
1159_29.png,118,run_8,4,"highly detailed digital landscape of a solitary palm tree against a serene still turquoise ocean with soft ripples, soft golden light on the distant horizon, rugged mountain peaks in the depth",0.8739721775054932,0.664589524269104,50.46921928195455,0.690490
1159_29.png,119,run_1,4,"serene lone palm standing in a crystal clear turquoise ocean surrounded by a thin veil of mist, warm rays of golden light on the horizon, distant mountains gently fading into the sky, highly detailed ultra-realistic tropical digital wonder",0.8860772252082825,0.6820271611213684,52.64346358193885,0.690445
1159_29.png,120,run_15,5,"serene tropical beach at sunset with a tall majestic palm tree in shallow blue ocean waves, warm gentle golden light with soft pastel orange hues, misty mist-covered mountains in the distance, highly detailed 4k masterpiece",0.8985570073127747,0.7185161113739014,52.8292900166848,0.690270
1159_29.png,121,run_3,4,"majestic solitary palm tree standing tall in the soft ocean breeze near a crystal clear turquoise ocean, breathtaking vibrant golden sunset, serene distant distant misty mountains, highly detailed 4k digital painting",0.9040381908416748,0.712285041809082,55.771621097509005,0.687304
1159_29.png,122,run_3,3,"lone majestic palm tree swaying in the ocean breeze near a crystal clear turquoise ocean, breathtaking highly detailed golden sunset with warm light, serene distant misty mountains, highly realistic digital art",0.8902677297592163,0.6937410831451416,53.44581480818236,0.685067
1159_29.png,123,run_12,5,vibrant realistic 4k digital art of a majestic palm tree overlooking the calm blue-green ocean and softly fading into the warm golden sunset,0.8896389603614807,0.7110130786895752,51.316644099666505,0.684924
1159_29.png,124,run_13,5,"vivid isolated palm tree standing in peaceful crystal clear shallow ocean waves, warm soft golden sunset on distant misty horizon, rugged majestic mountains with lush verdant tropical foliage, ultra-realistic highly detailed tropical digital art",0.9101594686508179,0.7179273366928101,57.53605722850593,0.684859
1159_29.png,125,run_12,2,"highly detailed photorealistic digital depiction of a palm tree standing tall in a serene shallow blue-green ocean, a vibrant blazing golden sunset gradually fading into the sky on the distant horizon, with soft misty mountains dissolving into the atmosphere, stunning 4k tropical art",0.8838388919830322,0.6887438297271729,51.86615393068372,0.684681
1159_29.png,126,run_2,3,"a lone palm tree stands serene in calm crystal clear shallow turquoise ocean, highly detailed warm soft golden early evening light casts a gentle soft glow on the nearby misty mountain range, peaceful tropical haven",0.8532763719558716,0.648061990737915,46.02969275536167,0.684580
1159_29.png,127,run_14,5,"a serene and idyllic tropical paradise of a lone palm tree standing in shallow turquoise ocean waves, breathtaking fiery sunset on the horizon with distant majestic mountains surrounded by lush greenery",0.9049335718154907,0.7381575703620911,53.61052706613887,0.683936
1159_29.png,128,run_6,3,"palm tree standing isolated on a tranquil turquoise ocean shore, vivid and warm golden sunset colors on the far horizon, dramatic rocky mountain silhouettes, highly realistic 4k digital tropical paradise",0.8998268246650696,0.7232468724250793,53.56047939988461,0.683786
1159_29.png,129,run_3,3,"magnificent lone palm tree standing tall, yet serene, in the soft ocean breeze near a crystal clear turquoise ocean, breathtaking highly detailed golden sunset with soft clouds, serene distant misty mountains, ultra-realistic digital painting",0.9042300581932068,0.7194166779518127,55.605878231671454,0.682864
1159_29.png,130,run_2,4,"'a single palm tree stands on the shore of a shallow turquoise ocean, golden light of early sunset casts a gentle glow on misty mountains in the distance, tropical getaway'",0.8888850808143616,0.7065702080726624,51.82866395536706,0.682800
1159_29.png,131,run_14,3,an idyllic tropical landscape featuring a lone majestic palm tree standing in the shallow waters of a tranquil turquoise ocean at sunset with distant mountain peaks,0.8832497596740723,0.7093020677566528,49.61711841953223,0.682702
1159_29.png,132,run_7,4,serene and breathtakingly beautiful highly detailed realistic digital painting of lone palm tree in aqua ocean with golden orange sunset,0.8901557326316833,0.6998155117034912,53.05326750627739,0.682519
1159_29.png,133,run_6,1,"'lone majestic palm tree stands in shallow turquoise ocean waves, vibrant golden sunset on horizon, rugged distant mountains, highly detailed serene tropical digital art'",0.8904317617416382,0.6955668926239014,53.79372626827668,0.681181
1159_29.png,134,run_1,4,"standing at the edge of a calm tranquil ocean, a serene single palm tree rises from the turquoise waters, bathed in the warmth of golden sunlight, with misty distant mountains fading softly into the sky, highly detailed ultra-realistic tropical digital wonder",0.8830757141113281,0.6708428263664246,54.11303433014721,0.680746
1159_29.png,135,run_1,5,"serene solitary palm tree standing at the edge of a calm sapphire blue sea, with soft warm rays of sunlight casting a warm gentle glow on the peaceful horizon, softly distant misty mountains softly transitioning into a clear blue sky, highly detailed 8k tropical digital watercolor artwork",0.8398171663284302,0.615399956703186,45.77364595113787,0.679342
1159_29.png,136,run_11,1,"lone palm tree standing in calm turquoise waters, with a vibrant golden sunset unfolding on the horizon behind, majestic digital art masterpiece",0.9063879251480103,0.7234939336776733,56.64068840793067,0.676942
1159_29.png,137,run_4,3,"serene tropical paradise with multiple tall mature palm trees in shallow tranquil turquoise ocean waves, warm golden vibrant sunset behind, rolling gentle hills",0.8891252279281616,0.7220284938812256,51.007917527877765,0.676320
1159_29.png,138,run_7,4,"highly detailed, realistic lone palm tree standing in serene crystal clear aqua ocean",0.8628710508346558,0.6248819231987,53.22500406816083,0.674135
1159_29.png,139,run_8,1,"lone palm tree standing on a tranquil turquoise ocean beach, warm golden sunset on the horizon, distant rugged mountains, highly detailed tropical digital art",0.910865068435669,0.7450129985809326,56.14935710656321,0.673861
1159_29.png,140,run_14,1,"lone majestic palm tree standing in shallow serene turquoise ocean waves, vibrant golden sunset on horizon, distant majestic mountains",0.9253697395324707,0.7557917833328247,59.90095433082483,0.673698
1159_29.png,141,run_1,1,"tranquil lone palm tree standing in a shallow turquoise ocean, warm golden light on horizon, misty distant mountains, serene tropical ultra-realistic digital art",0.8708745241165161,0.6912471652030945,48.63332819431328,0.673251
1159_29.png,142,run_3,5,"majestic lone palm tree standing in a sea breeze near a transparent turquoise ocean, warm golden sunset, serene misty mountains, highly detailed realistic digital painting",0.9027936458587646,0.7230837345123291,55.969078584437725,0.672982
1159_29.png,143,run_10,2,"a stunning, highly realistic 4k digital painting of a lone majestic palm tree standing in crystal clear turquoise ocean waters at a breathtaking golden sunset",0.9107065796852112,0.7272346615791321,58.2626268886959,0.672475
1159_29.png,144,run_1,3,"serene lone palm tree standing in a shallow cobalt blue ocean, warm rays of golden late afternoon light on the horizon, misty distant mountains fading into the soft sky, highly detailed ultra-realistic realistic tropical digital oil painting",0.8298799991607666,0.6309109330177307,41.60682998000088,0.671890
1159_29.png,145,run_12,3,"photorealistic digital masterpiece of a proud palm tree soaring above the tranquil shallow turquoise ocean waves, a warm vibrant golden sunset gradually unfolding on the distant horizon, the soft hazy mountains dissolving into a serene misty backdrop, breathtaking realistic tropical digital landscape",0.9086506962776184,0.7419843673706055,55.987385181737224,0.671883
1159_29.png,146,run_15,1,"' majestic lone palm tree, set against a shallow turquoise ocean and a serene, highly detailed, golden sunset, with distant mountains, perfect digital art'",0.8923017978668213,0.7193211317062378,53.014388364582594,0.671451
1159_29.png,147,run_2,4,"'a solitary palm tree rises from turquoise ocean waves, softly golden light of early sunset dances across misty mountains, serene tropical paradise'",0.8644039630889893,0.6756014823913574,48.491016588655384,0.670833
1159_29.png,148,run_4,5,"Highly detailed, photorealistic image of a tropical paradise with tall palm tree, shallow turquoise ocean, and warm golden sunset behind, serene and peaceful",0.8904547691345215,0.7182883024215698,52.69736312605987,0.669917
1159_29.png,149,run_14,2,"an idyllic dreamlike tropical island with a lone palm tree standing in shallow turquoise ocean waters, warm golden sunset colors on the horizon with distant rugged mountain silhouettes",0.895163893699646,0.7395361661911011,51.97893334359512,0.669470
1159_29.png,150,run_11,1,"a lone palm tree on a tranquil turquoise beach at sunset, with a warm golden glow falling on distant mountains, stunning highly detailed 4k digital painting",0.9083110690116882,0.7576233148574829,54.50886979870628,0.668848
1159_29.png,151,run_4,3,"serene tropical oasis with tall mature palm trees in shallow tranquil turquoise ocean waves, warm golden breathtaking sunset behind, rolling gentle sandy hills",0.8870843052864075,0.7215797901153564,51.3477672084459,0.668616
1159_29.png,152,run_12,4,realistic tropical digital painting of a majestic palm tree standing tall above the peaceful ocean waves during a warm serene golden sunset,0.9201699495315552,0.7495014071464539,59.52143765260942,0.668327
1159_29.png,153,run_8,5,"highly realistic and detailed 4k digital art of a serene lone palm tree standing on a calm and peaceful turquoise ocean with gentle lapping ripples, soft warm golden sunset light on the horizon, rugged majestic mountains in the background",0.9057684540748596,0.7156006097793579,58.5528424716424,0.667241
1159_29.png,154,run_3,1,"lone palm tree standing on the shoreline in a tranquil turquoise ocean at sunset, distant mountain peaks, highly detailed tropical landscape",0.8612738847732544,0.6716209053993225,48.33219855719334,0.667225
1159_29.png,155,run_5,5,"majestic highly detailed palm tree standing tall amidst serene turquoise ocean waves, a warm golden sunset with orange hues fading into a blue horizon, misty distant mountains and a bright blue sky",0.8953205347061157,0.7153784036636353,55.12526027149933,0.666427
1159_29.png,156,run_6,4,"palm tree standing isolated on a serene cerulean ocean shore, breathtaking golden sunset colors on the horizon, distant rugged mountain silhouettes, highly detailed realistic digital 4k tropical landscape",0.908821702003479,0.7527140378952026,55.57189153098954,0.666190
1159_29.png,157,run_5,2,"a vibrant and dreamy lone palm tree standing against shallow turquoise ocean waves, peaceful warm golden sunset on a bright and clear sky, misty blue distant mountains, highly detailed 4k digital painting",0.8715442419052124,0.686650812625885,50.3296927959354,0.665785
1159_29.png,158,run_7,3,"highly detailed, 4k resolution, realistic, lone, elegant palm tree standing in a tranquil, crystal clear, turquoise ocean, breathtaking golden orange, orange sunset on the horizon, tropical landscape",0.9101520776748657,0.7359351515769958,58.13054777504143,0.664409
1159_29.png,159,run_7,5,realistic highly detailed photorealistic image of a single palm tree standing in the shallow crystal clear aqua waters with a beautiful orange sunrise background,0.9261376857757568,0.7789303660392761,58.80219865909091,0.664072
1159_29.png,160,run_11,4,"a highly detailed, photorealistic, digital painting of a palm tree stands isolated in a peaceful, crystal-clear turquoise ocean, with soft warm golden light of sunset casting gentle, subtle shadows on distant rugged mountains",0.879391074180603,0.6921990513801575,52.68676133562123,0.663381
1159_29.png,161,run_12,1,"tall palm tree standing in shallow blue-green ocean waves, vibrant golden sunset on horizon, distant misty mountains, highly detailed realistic tropical digital art",0.8618884086608887,0.6929988861083984,47.03741391404478,0.660266
1159_29.png,162,run_4,4,"highly detailed 4k masterpiece of a serene tropical paradise with tall mature palm tree in shallow tranquil turquoise ocean waves, warm golden sunset behind, rolling gentle emerald hills",0.8892627954483032,0.7257198095321655,52.70252957027442,0.660189
1159_29.png,163,run_1,2,"tranquil lone palm tree standing in a clear turquoise ocean, soft golden light on the horizon, misty distant mountains fading into the background, highly detailed ultra-realistic tropical digital art",0.8624864220619202,0.6760470271110535,49.196896741359964,0.659810
1159_29.png,164,run_2,2,"a lone palm tree stands solitary in shallow cerulean ocean waves, warm golden light of golden hour casts a warm glow on the nearby misty mountains, exquisite tropical scene",0.9105770587921143,0.7376805543899536,58.78443769684149,0.658894
1159_29.png,165,run_1,4,"the serene solitary palm tree rises from the calm cerulean ocean, as the warm rays of golden sunlight dance across the horizon, and the distant misty mountains dissolve softly into the sky, ultra-realistic highly detailed tropical digital art",0.8602340221405029,0.674605131149292,48.798946565422916,0.658187
1159_29.png,166,run_14,5,"an extremely realistic 4k image of a serene and peaceful tropical paradise of a lone palm tree standing in shallow turquoise ocean waves, breathtaking golden sunset on the horizon with distant majestic mountains",0.8862977623939514,0.7279370427131653,51.83550101732625,0.657133
1159_29.png,167,run_13,4,"highly realistic vivid solitary palm tree standing in crystal clear shallow ocean waves, soft warm golden sunrise on distant serene misty horizon, rugged majestic mountains with lush verdant tropical foliage, detailed tropical digital art with subtle natural textures",0.875503659248352,0.6944465041160583,52.09159412028086,0.655714
1159_29.png,168,run_13,3,"vibrant solitary palm tree standing in crystal clear shallow ocean waves, warm inviting golden sunset on distant misty horizon, rugged majestic mountains with lush tropical foliage, highly detailed realistic vibrant tropical digital art with subtle texture",0.901358425617218,0.7272579073905945,57.44808843792001,0.653925
1159_29.png,169,run_10,3,lone majestic palm tree stands serene in the calm crystal clear turquoise ocean waters at a breathtaking orange sunset over far-off misty mountains,0.9189928770065308,0.7526559829711914,60.61914410357095,0.653836
1159_29.png,170,run_3,1,"serene palm tree standing in calm turquoise ocean waves, warm golden sunset on the horizon, majestic digital art",0.9018176794052124,0.7469252943992615,55.42972490263955,0.653714
1159_29.png,171,run_12,3,"ultra-realistic highly detailed 8k digital artwork of a majestic palm tree towering above the gentle shallow blue-green ocean waves, a warm golden sunset gradually unfolding on the distant horizon, the soft misty mountains dissolving into a serene misty backdrop, stunning tropical digital art",0.8661328554153442,0.6831891536712646,50.45321422383625,0.653434
1159_29.png,172,run_10,5,majestic highly detailed lone palm tree stands in crystal clear turquoise ocean waters at sunset over distant misty mountains,0.8852821588516235,0.7145732641220093,53.66289476469836,0.651834
1159_29.png,173,run_1,5,"serene single palm tree standing at the edge of a very calm turquoise sea, with soft warm golden rays of sunlight casting a gentle warm glow on the serene horizon, softly distant misty mountains gently transitioning into a bright blue sky, highly detailed 4k tropical digital digital painting with vibrant colors",0.86034095287323,0.6870794892311096,48.33649592082765,0.651162
1159_29.png,174,run_4,2,"highly realistic 4k digital painting of a serene tropical landscape with single majestic palm tree in shallow crystal turquoise ocean waves, warm golden sunset behind, gentle rolling hills",0.8962092399597168,0.7479494214057922,53.829393004462176,0.650400
1159_29.png,175,run_10,4,majestic solo palm tree stands in extremely clear turquoise ocean waters at golden hour over far-off misty mountains,0.8832322359085083,0.7191977500915527,52.726284975087374,0.649651
1159_29.png,176,run_2,3,"a lone tall palm tree stands serene in shallow emerald green and turquoise ocean, warm soft golden light of early sunset casts a gentle soft glow on the nearby rugged misty mountains, tropical haven of paradise",0.8579548001289368,0.6926121115684509,47.115497075054286,0.649514
1159_29.png,177,run_15,5,"serene tropical beach at golden hour with a tall majestic palm tree in shallow blue-green ocean waves, warm golden light with soft yellow hues, mist-shrouded mountains in the distance, highly detailed 4k oil painting",0.8515729904174805,0.6806485056877136,46.286686066713436,0.649480
1159_29.png,178,run_13,5,"majestic palm tree standing alone in crystal clear shallow ocean waves, vibrant soft warm golden sunset on distant misty horizon, rugged majestic tropical mountains with lush verdant foliage, highly detailed 4k tropical digital art",0.9075574278831482,0.7395477890968323,58.892194860657405,0.648370
1159_29.png,179,run_5,3,"serene and tranquil tropical landscape with a tall green palm tree, soft warm golden light on the horizon, crystal clear turquoise ocean",0.8662006855010986,0.6737788915634155,52.1947449075522,0.648229
1159_29.png,180,run_2,5,"a lone palm tree stands tranquil in shallow turquoise ocean waves, soft warm golden light of early sunset casts a gentle glow on the nearby misty mountains, highly detailed tropical landscape",0.8533715009689331,0.6608615517616272,49.27988873050379,0.648181
1159_29.png,181,run_8,2,"lone palm tree standing on a tranquil turquoise ocean beach, warm golden sunset on the horizon, rugged mountains fading into the distance, highly detailed tropical digital art",0.9072505235671997,0.7529586553573608,57.3324088039326,0.648011
1159_29.png,182,run_8,5,"stunningly realistic and highly detailed 4k digital art of a lone palm tree standing on a serene and peaceful turquoise ocean with soft warm golden light on the horizon, rugged dramatic mountains rising up in the misty atmosphere",0.877111554145813,0.7015818357467651,52.91257940679031,0.647320
1159_29.png,183,run_6,3,"palm tree standing solitary on a calm turquoise ocean shore, softly glowing golden sunset hues on the distant 4k horizon, rugged rocky mountain silhouettes, highly detailed digital masterpiece tropical landscape",0.8990902304649353,0.7284772396087646,57.404613920948535,0.647154
1159_29.png,184,run_1,5,"serene single palm tree standing at the edge of a calm serene blue sea, with soft warm gentle rays of sunlight casting a warm gentle glow on the tranquil horizon, softly distant misty mountains gently fading into the vibrant blue sky, highly detailed 4k tropical digital mixed media art",0.8442611694335938,0.6548015475273132,47.005548797435814,0.647019
1159_29.png,185,run_6,2,"palm tree isolated on a serene turquoise ocean shore, warm golden sunset hues on the horizon, distant rugged mountain silhouettes, highly detailed realistic tropical digital art",0.9018906354904175,0.755560576915741,55.35939995996043,0.646893
1159_29.png,186,run_7,3,"highly detailed, photorealistic, single, majestic palm tree standing in a vast, crystal clear, aqua blue ocean, warm, golden orange sun setting on the horizon, stunning, realistic art",0.8817330002784729,0.7103073596954346,53.676289118953186,0.646011
1159_29.png,187,run_9,4,"'a palm tree stands alone in a tranquil turquoise ocean, soft warm golden light gently illuminates the serene horizon at dusk, distant snow-capped mountains rise in the fading light, highly detailed 4k digital artwork'",0.9024820327758789,0.7337992787361145,58.15262081243598,0.645673
1159_29.png,188,run_12,4,vivid highly detailed photorealistic 8k digital art of a majestic palm tree towering above the crystal calm shallow blue-green ocean waves,0.8670580387115479,0.6488043069839478,55.65971005664972,0.645275
1159_29.png,189,run_4,4,"serene idyllic tropical paradise with tall mature swaying palm trees in shallow tranquil turquoise ocean waves, warm golden sunset behind, rolling gentle emerald hills",0.8625597953796387,0.6952904462814331,49.00326887603447,0.644661
1159_29.png,190,run_4,3,"tranquil turquoise ocean waves gently lapping at the base of a serene tropical paradise with tall mature palm trees and warm golden sunset behind, rolling gentle hills",0.8813064694404602,0.7228086590766907,52.43260660208814,0.643655
1159_29.png,191,run_15,1,"'reflective serene shallow turquoise ocean with a lone palm tree, golden sunset sky, serene misty distant mountains, highly detailed digital art in 4k'",0.8940661549568176,0.735352635383606,55.40299725637153,0.643411
1159_29.png,192,run_3,5,"majestic lone palm tree standing in the gentle ocean currents near a clear turquoise ocean, breathtaking warm golden sunset, serene distant misty mountain range, highly detailed 4k digital art style",0.9154124855995178,0.7492733597755432,61.50942867130516,0.640292
1159_29.png,193,run_15,2,"serene tropical beach with a lone palm tree in shallow blue ocean waves, golden sunset with vibrant orange hues, distant misty mountains, highly detailed, ultra-realistic",0.8820935487747192,0.7327210903167725,52.42942147325954,0.637093
1159_29.png,194,run_8,2,"lone palm tree standing on a serene turquoise ocean beach, warm golden sunset on the horizon, distant rugged mountains with mist, highly detailed tropical digital art masterpiece",0.9041913747787476,0.7539566159248352,57.67886676250622,0.636275
1159_29.png,195,run_13,5,"solitary palm tree standing in shallow crystal clear ocean waters, warm golden soft sunset on distant misty horizon, rugged majestic tropical mountains with lush verdant tropical foliage, ultra-realistic digital masterpiece",0.893239438533783,0.7109498381614685,58.88496940252937,0.635336
1159_29.png,196,run_5,4,"vibrant and dreamy tall green palm tree amidst peaceful and shallow turquoise ocean waves, warm golden sunset fading into a blue horizon with misty distant mountains and a hint of soft fog, highly detailed digital artwork",0.8581722974777222,0.6923491954803467,49.111197241874954,0.634704
1159_29.png,197,run_10,4,serene and tranquil majestic lone palm stands in crystal clear turquoise ocean waters at dusk over misty distant mountains,0.8703648447990417,0.7027209997177124,52.11785950352392,0.634568
1159_29.png,198,run_11,1,"lone palm tree standing in shallow turquoise ocean waves, vibrant golden sunset on the horizon, distant misty mountains, highly detailed tropical paradise digital art",0.8835601210594177,0.731161892414093,53.81695532683449,0.631506
1159_29.png,199,run_3,4,"majestic lone palm tree swaying in the gentle ocean breeze near a crystal clear turquoise ocean, breathtaking vibrant golden sunset, serene distant misty mountains and a long sandy beach, highly detailed realistic digital painting",0.8740096092224121,0.7174335718154907,52.23712514965774,0.630454
1159_29.png,200,run_5,1,"'lonely palm tree stands in calm turquoise ocean, soft golden sunset on the serene horizon, majestic distant mountains, beautiful highly detailed digital tropical artwork'",0.8586344718933105,0.7036758661270142,48.56380635995615,0.630296
1159_29.png,201,run_9,1,"lone palm tree standing alone in a tranquil, idyllic turquoise ocean scene, soft warm golden light on the horizon, majestic, snow-capped mountains in the distance, realistic digital masterpiece",0.8271738290786743,0.6247949004173279,46.69113849649277,0.630245
1159_29.png,202,run_8,2,"lone palm tree standing alone on a tranquil turquoise ocean beach, warm golden sunset on the horizon, rugged mountain peaks in the distance, highly detailed tropical digital art",0.9012803435325623,0.749894380569458,57.91614576756505,0.630221
1159_29.png,203,run_13,2,"vibrant solitary palm tree standing in crystal clear shallow ocean waves, warm inviting golden sunset on distant misty horizon, rugged majestic mountains with lush tropical foliage, highly detailed realistic tropical digital art",0.9112793207168579,0.7590025067329407,60.5098877467033,0.628580
1159_29.png,204,run_14,4,"a dreamy highly detailed tropical haven of a solitary palm tree standing in shallow turquoise ocean waves, beautiful 4k golden sunset on the horizon with mystical distant mountains",0.8627123832702637,0.7126378417015076,49.2230466300483,0.628148
1159_29.png,205,run_1,1,"lone palm tree standing in shallow turquoise ocean waves, golden light dancing across the rippling water, majestic distant mountains in the hazy air, serene tropical digital masterpiece",0.8850547075271606,0.6989355683326721,58.423670241433044,0.627667
1159_29.png,206,run_5,2,"a highly detailed and serene lone coconut tree standing amidst shallow turquoise ocean waves, peaceful warm golden sunset on a clear and calm sky, misty blue distant mountains, 4k digital painting",0.8932146430015564,0.7238418459892273,58.64231512140541,0.625874
1159_29.png,207,run_4,4,"a stunning 4k digital painting of a serene idyllic tropical paradise with tall mature swaying palm trees in shallow tranquil turquoise ocean waves, warm golden sunset behind, rolling gentle soft hills",0.8837162852287292,0.7475801110267639,52.78930799565496,0.625581
1159_29.png,208,run_12,4,photorealistic highly detailed 4k oil painting of a majestic palm tree towering above the calm serene blue-green ocean waves at sunset,0.8752692937850952,0.7337184548377991,51.69961198062264,0.623750
1159_29.png,209,run_2,5,"a majestic palm tree stands serene in shallow turquoise ocean waves, warm soft golden light of early sunset casts a gentle warmth on the nearby misty mountains, highly detailed tropical paradise",0.8429057002067566,0.6716420650482178,47.79767698338632,0.622453
1159_29.png,210,run_4,5,"A digital painting of a serene tropical paradise with tall mature palm tree, shallow turquoise ocean waves, warm golden sunset behind, and gentle, undulating hills of emerald green.",0.8671973347663879,0.7096448540687561,51.864509553353074,0.622046
1159_29.png,211,run_15,1,"'lone palm tree standing in shallow azure ocean waves, golden orange sunset on horizon, distant misty mountains, highly detailed, serene tropical digital art'",0.9147737622261047,0.7719182372093201,61.31950154266445,0.620237
1159_29.png,212,run_10,2,"a serene 4k tropical oasis featuring a grand majestic palm tree, shallow ocean waves, and golden sunset",0.8707199096679688,0.7135725021362305,52.91739988978804,0.619749
1159_29.png,213,run_10,4,highly detailed lone palm tree stands in crystal clear turquoise ocean waters at sunset over distant rugged mountains,0.9147422313690186,0.7579820156097412,63.05464005144096,0.618783
1159_29.png,214,run_3,2,"vibrant lone palm tree swaying in the soft ocean breeze near a bright turquoise ocean, stunning golden sunset colors, peaceful distant misty mountains, highly realistic digital painting",0.8705023527145386,0.72942054271698,51.45089577049987,0.616762
1159_29.png,215,run_15,1,"'dramatic solo palm tree stands in shallow turquoise ocean waves, a warm golden sunset on horizon, serene misty distant mountains, 4k digital painting'",0.8773566484451294,0.7271109819412231,54.250746709317454,0.615133
1159_29.png,216,run_8,4,"highly realistic and precise 4k digital art of a lone palm tree standing on a glassy turquoise ocean with subtle waves, warm golden sun on the horizon, rugged mountains fading into the background",0.8610037565231323,0.6900551319122314,52.85411864686879,0.614963
1159_29.png,217,run_13,2,"vibrant solitary palm tree standing in crystal clear shallow ocean waves, warm inviting golden sunset on distant misty horizon, rugged majestic mountains with lush tropical foliage, surrealistic realistic tropical digital art",0.9140357971191406,0.7662061452865601,62.513580370472276,0.613930
1159_29.png,218,run_2,1,"a lone palm tree stands tall in shallow turquoise ocean waves, warm golden light of sunset casts a glow on the distant misty mountains, serene tropical paradise, highly detailed digital painting",0.886603593826294,0.7473563551902771,55.29151122943258,0.613885
1159_29.png,219,run_4,3,"highly detailed digital painting of a serene tropical paradise with tall mature palm trees in shallow tranquil turquoise ocean waves, warm golden sunset behind, rolling gentle hills",0.8765813708305359,0.7381424307823181,53.02059300269731,0.613030
1159_29.png,220,run_11,4,"a highly detailed, 4k masterpiece of a palm tree stands isolated in a crystal-clear turquoise ocean, with soft warm golden light of a picturesque sunset casting gentle, subtle shadows on distant rugged mountains",0.8888834714889526,0.7319220304489136,58.1029041898257,0.611478
1159_29.png,221,run_2,5,"a solitary palm tree stands serene in shallow turquoise ocean waves, warm vibrant golden light of early sunset casts a gentle glow on the nearby misty mountains, highly detailed tropical haven",0.8612754344940186,0.7040276527404785,51.86630564817053,0.611176
1159_29.png,222,run_1,2,"tranquil lone palm tree standing in a shallow turquoise ocean, soft warm golden light on the horizon, misty distant mountains fading into the serene tropical digital art background",0.8589880466461182,0.7031084895133972,51.254902520576934,0.610672
1159_29.png,223,run_10,2,"a highly detailed, photorealistic 4k image of a lone palm tree standing in shallow turquoise ocean waves, with golden sunset on the horizon",0.9139982461929321,0.7867435216903687,60.890444359011866,0.608540
1159_29.png,224,run_9,1,"lone palm tree standing in shallow crystal blue ocean waves, warm golden sun shining on horizon, distant misty mountains, highly detailed serene tropical digital art",0.8891444206237793,0.7310057878494263,58.79023247920635,0.607596
1159_29.png,225,run_4,2,"idyllic serene tropical island with lone majestic palm tree in shallow crystal turquoise ocean waves, breathtaking golden sunset behind, hilly terrain",0.8589330911636353,0.691706120967865,53.20169966279019,0.605279
1159_29.png,226,run_10,5,highly realistic digital painting of a lone palm tree in a picturesque scene of crystal clear turquoise ocean waters at sunset with dramatic misty mountains in the background,0.8914010524749756,0.7532564997673035,57.52093316474458,0.604048
1159_29.png,227,run_4,5,"Tropical haven with crystal-clear turquoise ocean, tall mature palm tree, and warm golden sunset, serene and peaceful atmosphere",0.878024697303772,0.7225039005279541,56.42441967736623,0.603937
1159_29.png,228,run_11,2,"palm tree stands alone on a tiny sandy island in a crystal clear turquoise ocean, with soft warm golden light of sunset casting soft shadows on rugged distant mountain peaks",0.9106323719024658,0.7733016014099121,61.845851150934244,0.603872
1159_29.png,229,run_10,1,"lone majestic palm tree standing in shallow turquoise ocean waves, golden sunset on horizon, distant misty mountains, serene tropical 4k masterpiece",0.9146660566329956,0.7724712491035461,63.383523869836196,0.603311
1159_29.png,230,run_3,1,"a single palm tree in a tranquil turquoise ocean at sunset, highly detailed tropical island scene with distant mountains, masterpiece digital art",0.8503162860870361,0.7108391523361206,48.405942463443445,0.603094
1159_29.png,231,run_14,4,"an idyllic highly detailed tropical paradise of a lone palm tree standing in shallow turquoise ocean waves, 4k golden sunset on the horizon with distant majestic mountains at a low tide",0.8638071417808533,0.7262022495269775,52.28400653122913,0.595224
1159_29.png,232,run_2,1,"lone palm tree isolated in shallow turquoise ocean waves, a bright golden sunset on the distant rugged mountains, serene and peaceful tropical digital art, highly detailed 8k masterpiece",0.9125401377677917,0.7781689763069153,63.08649719178968,0.594980
1159_29.png,233,run_6,1,"'lone palm tree isolated against shallow turquoise ocean waves, warm golden sunset on horizon, distant misty mountains, 4k highly detailed digital painting masterpiece'",0.9002684950828552,0.7714483737945557,59.7718873286916,0.594117
1159_29.png,234,run_15,5,"tropical paradise beach with a single tall palm tree in tranquil blue-green ocean waves, warm golden light with soft peach hues, mist-shrouded mountains in the distance, highly detailed 4k surreal",0.8487409353256226,0.6822706460952759,52.24419720077983,0.593886
1159_29.png,235,run_5,4,"peaceful and idyllic tropical landscape with a tall green palm tree, shallow turquoise ocean waves, warm golden sunset fading into a clear blue horizon, highly detailed and masterfully rendered digital painting",0.8641365766525269,0.7320178747177124,51.97116738780408,0.593455
1159_29.png,236,run_12,3,"vivid extremely detailed photorealistic ultra-high definition digital art of a proud palm tree soaring above the tranquil shallow turquoise ocean waves, a warm vibrant golden sunset gradually unfolding on the distant horizon, the soft hazy mountains dissolving into a serene misty backdrop, breathtaking realistic tropical digital painting",0.868452250957489,0.7288047075271606,53.84078833915811,0.593135
1159_29.png,237,run_10,4,highly realistic 4k solo palm tree stands in crystal clear turquoise ocean waters at sunset over far-off misty mountains,0.8666637539863586,0.7357531785964966,52.50245542351546,0.592757
1159_29.png,238,run_13,1,"tranquil ocean scene with a single palm tree standing in shallow turquoise water, breathtaking golden sunset, ancient weathered mountains, highly realistic digital art",0.8681430220603943,0.7196986079216003,54.80554022544152,0.592738
1159_29.png,239,run_15,2,"highly detailed, serene tropical atmosphere, lone palm tree standing in shallow blue-green ocean waves, vibrant golden orange sunset on distant horizon, misty mountain silhouettes",0.893887996673584,0.7361210584640503,61.8459957029835,0.591836
1159_29.png,240,run_12,2,"tall palm tree standing in shallow crystal clear blue-green ocean waves, vibrant blazing golden sunset on distant horizon, soft misty mountains fading into the background, photorealistic highly detailed tropical digital art",0.8545855283737183,0.7212513089179993,50.220318897906544,0.591145
1159_29.png,241,run_1,1,"lone palm tree standing in shallow turquoise ocean waves under a vibrant golden sunset on the horizon, distant rugged mountains in the background, serene tropical highly detailed digital art",0.911027193069458,0.7873896360397339,62.030342598346174,0.591137
1159_29.png,242,run_8,4,"highly realistic 4k digital art of a lone palm tree standing on a peaceful turquoise ocean with soft ripples, warm golden light on the horizon, rugged mountain peaks subtly fading into the background",0.8756634593009949,0.7147688865661621,58.3351310331874,0.589468
1159_29.png,243,run_6,1,"'shallow turquoise ocean waves gently lap at the base of a lone palm tree, vibrant golden sunset sky with distant mountain range, highly detailed realistic digital tropical painting'",0.8735541105270386,0.7473201155662537,54.182971809959724,0.587827
1159_29.png,244,run_12,3,"serene highly detailed digital painting of a regal palm tree standing tall above the calm shallow ocean waves, a warm golden sunset gradually unfolding on the distant horizon, the soft misty mountains dissolving into a serene misty backdrop, realistic tropical paradise digital art",0.9055594205856323,0.7779542803764343,61.70010799904798,0.587421
1159_29.png,245,run_15,1,"'perfectly centered lone palm tree in shallow turquoise ocean waves, golden sunset, serene distant mountain range, tropical digital painting masterpiece'",0.9062973260879517,0.7965457439422607,60.329007723717964,0.583830
1159_29.png,246,run_15,4,"clear tropical island landscape with a towering coconut tree in gentle blue waves, soft warm light with muted orange tones, hazy distant mountains, highly detailed, 8k",0.828471302986145,0.6480286121368408,50.60442214761033,0.582718
1159_29.png,247,run_12,3,"vibrant 4k photorealistic masterwork of a majestic palm tree towering above the gentle shallow blue-green ocean waves, a warm golden sunset gradually unfolding on the distant horizon, the soft misty mountains dissolving into a serene misty backdrop, stunning realistic tropical landscape art",0.8551565408706665,0.7186901569366455,51.8677813292788,0.582016
1159_29.png,248,run_13,3,"solitary palm tree standing in crystal clear shallow ocean waves under an inviting warm golden sunset, rugged majestic mountains with lush tropical foliage, highly detailed realistic tropical landscape painting, soft focus effect",0.8938793540000916,0.7466346025466919,61.92102645144452,0.582014
1159_29.png,249,run_10,3,majestic lone palm tree stands in crystal clear turquoise ocean waters under vibrant warm orange sunset hues over distant misty rugged mountains,0.9250758290290833,0.7799195051193237,69.38425655629936,0.577553
1159_29.png,250,run_9,3,"a delicate palm tree stands isolated in a glassy turquoise ocean scene, soft warm golden light illuminates the hazy horizon, snow-capped mountains rise in the distance, a 4k digital art masterpiece",0.8782395124435425,0.7108764052391052,61.23977225583208,0.577008
1159_29.png,251,run_8,1,"palm tree silhouetted against a warm golden sunset, set against a tranquil turquoise ocean, rugged mountain landscape fading into the distance, detailed digital painting",0.8958179950714111,0.7927553057670593,58.17847421642277,0.576063
1159_29.png,252,run_4,1,"lone palm tree standing in shallow cerulean ocean waves, golden sunset on horizon, distant rugged mountains, highly detailed serene tropical digital art",0.9155915975570679,0.796756386756897,64.48265232298323,0.575898
1159_29.png,253,run_6,4,"a majestic palm tree stands alone on a tranquil ocean shore, breathtaking golden sunset hues on the distant horizon, bold rocky mountain silhouettes, highly realistic 4k digital tropical seascape",0.914926290512085,0.7899816036224365,65.1262019480315,0.575024
1159_29.png,254,run_2,4,"'a lone palm tree stands serene in a tranquil turquoise ocean, softly glowing golden light of early sunset frames the nearby misty mountains, highly detailed tropical masterpiece'",0.8489795327186584,0.7136856317520142,51.55885906341594,0.572362
1159_29.png,255,run_2,1,"a lone single palm tree rises from shallow turquoise ocean waves, a vibrant golden sunset on the distant hazy horizon, serene tropical islands, highly detailed 4k digital painting",0.8664027452468872,0.7400860786437988,54.62994677914349,0.571614
1159_29.png,256,run_15,3,"tropical paradise with a lone palm tree standing in shallow blue ocean waves, warm golden light reflecting on the water, distant misty mountains, highly detailed, ultra-realistic with a sense of depth",0.8223700523376465,0.6485652327537537,50.468913627983014,0.567054
1159_29.png,257,run_13,1,"vibrant solitary palm tree standing in crystal clear shallow ocean waves, rich golden sunset on distant horizon, rugged majestic mountains, highly detailed tropical digital art",0.9019616842269897,0.7605438232421875,65.02992651639879,0.567029
1159_29.png,258,run_1,2,"serene lone palm tree standing in a clear turquoise ocean with gentle waves, warm golden light on the distant horizon, misty majestic mountains softly lit, highly detailed ultra-realistic tropical digital art masterpiece",0.8155478835105896,0.6487329602241516,48.14148369162388,0.566947
1159_29.png,259,run_1,3,"serene alone palm tree standing in a shallow light blue ocean, gentle rays of soft daylight on the horizon, misty distant mountains subtly blending into the pale blue sky, highly detailed photorealistic tropical landscape art",0.8402564525604248,0.6678851246833801,54.66633225935713,0.564928
1159_29.png,260,run_13,4,"serene solitary palm tree standing in shallow crystal clear ocean waves, warm soft golden light on serene distant misty horizon, rugged majestic mountains with lush verdant tropical foliage and lush tropical flowers, highly detailed tropical digital art in perfect 4k ultra high definition",0.8312336802482605,0.6771764755249023,50.61163452264885,0.564484
1159_29.png,261,run_12,1,"serene lone palm tree standing in calm turquoise ocean waves, warm golden sunset on distant horizon, majestic rugged mountains, 8k tropical digital painting masterpiece",0.9192633032798767,0.8068099021911621,66.35575391094326,0.562211
1159_29.png,262,run_10,1,"lone palm tree standing in shallow aquamarine ocean waves, golden sunset on horizon, distant rocky mountains, tranquil tropical digital painting",0.8803108930587769,0.7418661713600159,60.440092146701055,0.561634
1159_29.png,263,run_15,2,"tropical scene with a lone palm tree in calm azure ocean, golden orange sky with soft puffy clouds, misty mountains far off, surreal, dreamlike",0.877010703086853,0.7519561052322388,58.37569832049448,0.560159
1159_29.png,264,run_2,1,"serene tropical landscape with a lone palm tree standing in shallow turquoise ocean waves, a soft golden sunset on the distant blurred horizon, rugged high mountains, highly detailed digital art",0.8327481746673584,0.7054668068885803,48.6686731038114,0.558940
1159_29.png,265,run_8,3,"serene and peaceful tropical digital painting of a lone palm tree standing on a calm turquoise ocean with soft waters, warm golden sunset colors on the horizon, majestic rugged mountains",0.8728150129318237,0.7494606971740723,57.48349590220152,0.558150
1159_29.png,266,run_6,2,"palm tree standing alone on a serene turquoise ocean beach, soft warm golden sunset hues on the horizon, distant misty mountain silhouettes, highly realistic digital oil painting tropical scene",0.8872952461242676,0.7810619473457336,58.8987765970183,0.557964
1159_29.png,267,run_14,3,an enchanting highly detailed tropical paradise of a lone palm tree standing in the shallow turquoise waters of a tranquil ocean at sunset with distant misty majestic mountain ranges,0.8413501977920532,0.7121226787567139,50.98144157020021,0.557924
1159_29.png,268,run_7,5,realistic highly detailed 4k image of a lone palm tree standing proudly in the shallow crystal clear waters at sunset,0.880181610584259,0.7653581500053406,58.27365805811897,0.557664
1159_29.png,269,run_13,3,"serene solitary palm tree standing in crystal clear shallow ocean waves, warm inviting golden orange sunset on distant misty horizon, rugged majestic mountains with lush tropical foliage under a brilliant blue sky, highly detailed realistic tropical digital art",0.8860636949539185,0.7698297500610352,59.780119855175,0.557626
1159_29.png,270,run_12,1,"a lone tall palm tree standing in shallow turquoise ocean waves, bright warm golden sunset on far horizon, majestic distant mountain range, stunning realistic tropical digital art",0.9119008779525757,0.795756995677948,66.13515785770016,0.554007
1159_29.png,271,run_6,2,"palm tree isolated on a peaceful aqua ocean shore, dramatic golden sunset hues on the horizon, far-off mountain peaks in silhouette, highly detailed realistic digital tropical seascape",0.900327742099762,0.7860328555107117,63.40281630486214,0.553079
1159_29.png,272,run_13,1,"serene tropical paradise with a lone palm tree standing in shallow turquoise ocean waves, soft warm golden light on horizon, majestic distant mountains, digital painting",0.8498945832252502,0.7162408828735352,54.19553975877043,0.551924
1159_29.png,273,run_1,1,"lone palm tree in shallow turquoise ocean waves under a breathtaking golden sunset, serene distant mountains in the atmospheric haze, peaceful tropical digital painting experience",0.8935130834579468,0.7964163422584534,60.41866396587837,0.549182
1159_29.png,274,run_13,4,"highly detailed vivid solitary palm tree standing in crystal clear tranquil shallow ocean waves, warm soft golden hues on distant serene misty horizon, rugged majestic mountains with dense lush verdant tropical foliage, realistic tropical digital painting in stunning high resolution",0.8424111604690552,0.7198050022125244,51.74951524928927,0.548009
1159_29.png,275,run_8,4,"4k digital artwork of a standalone palm tree standing on a tranquil turquoise ocean with minimal ripples, warm golden sun on the distant horizon, rugged mountains in the near distance",0.8380327820777893,0.7237577438354492,49.8945656604996,0.547399
1159_29.png,276,run_9,4,"'softly lit palm tree rises from the calm turquoise ocean, warm golden hues illuminate the serene horizon, majestic snow-capped mountains rise in the background, highly realistic 8k digital artwork'",0.8312634229660034,0.6887088418006897,51.550381599979254,0.547112
1159_29.png,277,run_1,1,"lone palm tree rising from the shallow turquoise ocean, vibrant golden sunset glowing across the rippling waters, rugged distant mountains in the misty background, serene tropical highly resolved digital art",0.8371907472610474,0.6920900940895081,53.7227250743757,0.542939
1159_29.png,278,run_8,3,"vibrant tropical digital art masterpiece with a lone palm tree standing on a glassy turquoise ocean with gentle waves, warm golden light on the horizon, dramatic rugged mountains in the distance",0.8368640542030334,0.7109366655349731,51.53367566094661,0.542689
1159_29.png,279,run_9,4,"'a solitary palm tree stands peacefully in a serene turquoise ocean at sunset, warm golden light softly fades into the distant snow-capped mountains, highly detailed 4k digital masterpiece, vibrant colors'",0.8504936099052429,0.7236840724945068,55.105471057512766,0.539877
1159_29.png,280,run_14,3,"highly detailed 4k digital painting of a tropical paradise with a lone palm tree standing in shallow turquoise ocean waves, a golden sunset on the horizon with distant majestic mountain silhouettes",0.9051405191421509,0.7993994355201721,65.26531225922098,0.539613
1159_29.png,281,run_10,3,a highly realistic masterpiece digital art image of a lone majestic palm tree standing tall in crystal clear turquoise ocean waters at a vibrant warm orange sunset over the distant misty mountain peaks,0.9101768732070923,0.8051838874816895,66.79317849972644,0.536004
1159_29.png,282,run_1,Baseline,"lone palm tree standing in shallow turquoise ocean waves, golden sunset on horizon, distant mountains, serene tropical digital art",0.913166880607605,0.8275542259216309,65.38826043493086,0.535367
1159_29.png,283,run_2,Baseline,"lone palm tree standing in shallow turquoise ocean waves, golden sunset on horizon, distant mountains, serene tropical digital art",0.913166880607605,0.8275542259216309,65.38826043493086,0.535367
1159_29.png,284,run_3,Baseline,"lone palm tree standing in shallow turquoise ocean waves, golden sunset on horizon, distant mountains, serene tropical digital art",0.913166880607605,0.8275542259216309,65.38826043493086,0.535367
1159_29.png,285,run_4,Baseline,"lone palm tree standing in shallow turquoise ocean waves, golden sunset on horizon, distant mountains, serene tropical digital art",0.913166880607605,0.8275542259216309,65.38826043493086,0.535367
1159_29.png,286,run_5,Baseline,"lone palm tree standing in shallow turquoise ocean waves, golden sunset on horizon, distant mountains, serene tropical digital art",0.913166880607605,0.8275542259216309,65.38826043493086,0.535367
1159_29.png,287,run_6,Baseline,"lone palm tree standing in shallow turquoise ocean waves, golden sunset on horizon, distant mountains, serene tropical digital art",0.913166880607605,0.8275542259216309,65.38826043493086,0.535367
1159_29.png,288,run_7,Baseline,"lone palm tree standing in shallow turquoise ocean waves, golden sunset on horizon, distant mountains, serene tropical digital art",0.913166880607605,0.8275542259216309,65.38826043493086,0.535367
1159_29.png,289,run_8,Baseline,"lone palm tree standing in shallow turquoise ocean waves, golden sunset on horizon, distant mountains, serene tropical digital art",0.913166880607605,0.8275542259216309,65.38826043493086,0.535367
1159_29.png,290,run_9,Baseline,"lone palm tree standing in shallow turquoise ocean waves, golden sunset on horizon, distant mountains, serene tropical digital art",0.913166880607605,0.8275542259216309,65.38826043493086,0.535367
1159_29.png,291,run_10,Baseline,"lone palm tree standing in shallow turquoise ocean waves, golden sunset on horizon, distant mountains, serene tropical digital art",0.913166880607605,0.8275542259216309,65.38826043493086,0.535367
1159_29.png,292,run_11,Baseline,"lone palm tree standing in shallow turquoise ocean waves, golden sunset on horizon, distant mountains, serene tropical digital art",0.913166880607605,0.8275542259216309,65.38826043493086,0.535367
1159_29.png,293,run_12,Baseline,"lone palm tree standing in shallow turquoise ocean waves, golden sunset on horizon, distant mountains, serene tropical digital art",0.913166880607605,0.8275542259216309,65.38826043493086,0.535367
1159_29.png,294,run_13,Baseline,"lone palm tree standing in shallow turquoise ocean waves, golden sunset on horizon, distant mountains, serene tropical digital art",0.913166880607605,0.8275542259216309,65.38826043493086,0.535367
1159_29.png,295,run_14,Baseline,"lone palm tree standing in shallow turquoise ocean waves, golden sunset on horizon, distant mountains, serene tropical digital art",0.913166880607605,0.8275542259216309,65.38826043493086,0.535367
1159_29.png,296,run_15,Baseline,"lone palm tree standing in shallow turquoise ocean waves, golden sunset on horizon, distant mountains, serene tropical digital art",0.913166880607605,0.8275542259216309,65.38826043493086,0.535367
1159_29.png,297,run_10,1,"lone palm tree standing in shallow turquoise ocean waves, warm golden sunset on horizon, distant rugged mountains, peaceful tropical digital art",0.9150272607803345,0.8228539228439331,66.67001596726477,0.534409
1159_29.png,298,run_6,4,"a lone palm tree stands on a peaceful calm turquoise ocean shore, breathtaking golden orange sunset hues on the horizon, distinct rugged mountain silhouettes, highly detailed digital 4k tropical masterpiece",0.9187078475952148,0.820807695388794,68.35809827263435,0.532796
1159_29.png,299,run_14,2,"an idyllic serene tropical haven of a lone palm tree standing in shallow crystal clear turquoise ocean waves, warm golden sunset on the horizon with distant majestic mountain ranges",0.8560061454772949,0.7358372211456299,56.78802259618677,0.530747
1159_29.png,300,run_12,1,"a lone palm tree standing in shallow crystal ocean waves, soft warm golden sun on far horizon, ancient distant volcanic mountains, highly realistic digital art",0.8905174136161804,0.7944210171699524,62.08504609910769,0.529907
1159_29.png,301,run_14,3,"an serene tropical paradise of a lone palm tree standing in shallow crystal turquoise ocean waves, golden vibrant sunset on the horizon with distant majestic rocky mountains",0.8555564880371094,0.7222588062286377,58.36794950783339,0.529080
1159_29.png,302,run_9,2,"a single palm tree stands in solitude amidst a tranquil turquoise ocean, gentle golden light softly falls on the horizon, distant snow-capped mountains, realistic high-resolution image",0.8640121817588806,0.7482825517654419,58.783776818224204,0.525553
1159_29.png,303,run_5,1,"'palm tree silhouette stands in shallow end of turquoise ocean, vibrant golden sunset on the horizon, rugged distant mountains, 4k tropical digital painting'",0.8990840911865234,0.8024005889892578,64.86411151285903,0.523988
1159_29.png,304,run_5,3,"idyllic and peaceful palm tree scene with green fronds and turquoise ocean, soft warm golden light, misty distant mountains",0.7931078672409058,0.6637644171714783,44.37452478925461,0.523476
1159_29.png,305,run_11,1,"isolated palm tree in a tranquil turquoise ocean on a warm summer evening, with a golden sunset casting a warm glow on distant mountain ranges, highly detailed digital painting",0.8387159109115601,0.7481815218925476,50.49724849175619,0.523103
1159_29.png,306,run_6,1,"'lone palm tree stands strong in the calm turquoise ocean, warm golden light of sunset on the horizon, rugged mountain peaks in the distance, photorealistic digital tropical landscape'",0.8319447040557861,0.7279303669929504,50.50424414867606,0.522752
1159_29.png,307,run_1,3,"serene lone towering palm tree standing in a shallow turquoise ocean, warm rays of golden sunset light on the horizon, misty distant mountains softly blending into the pinkish blue sky, highly detailed ultra-realistic realistic tropical digital landscape",0.8469052314758301,0.729546070098877,55.51466925723147,0.521979
1159_29.png,308,run_8,3,"stunning and breathtaking tropical digital art with a lone palm tree standing on a glassy turquoise ocean, warm golden sunset on the horizon, majestic rugged mountains in the distance under a clear blue sky",0.8835725784301758,0.7563278675079346,65.06413777670888,0.521462
1159_29.png,309,run_11,5,"a highly detailed, realistic and serene, 4k resolution palm tree stands in a crystal-clear turquoise ocean at sunset, with highly detailed warm golden light casting delicate shadows on rugged mountains with dramatic stormy clouds in the background",0.8987088203430176,0.7999382615089417,65.53347346636998,0.519906
1159_29.png,310,run_6,2,"palm tree lone on a tranquil blue ocean beach, soft orange and pink sunset colors on the horizon, far-off misty mountain silhouettes, vibrant digital masterpiece",0.8851367235183716,0.7907572388648987,62.06014777419062,0.518976
1159_29.png,311,run_10,1,"lone palm tree standing in shallow turquoise ocean waves, vibrant golden sunset on horizon, distant misty mountains, serene tropical highly detailed digital painting",0.8892427682876587,0.8010088801383972,62.316657230893064,0.518926
1159_29.png,312,run_10,3,highly detailed 4k digital painting of a lone majestic palm tree standing alone in crystal clear turquoise ocean waters at a warm orange sunset over the rugged distant misty mountain landscape,0.8857390880584717,0.7747499942779541,64.37689067501658,0.516473
1159_29.png,313,run_5,3,"tall emerald green palm tree amidst serene and crystal clear aquamarine ocean waves, peaceful warm amber sunset fading into a pale blue horizon, misty distant mountain peaks",0.8522545695304871,0.7412052750587463,56.76716970710028,0.516212
1159_29.png,314,run_2,5,"a lone palm tree stands peaceful in shallow turquoise ocean waves, golden light of early sunset casts a gentle glow on the nearby mist-shrouded mountains, highly detailed 4k image",0.8697795867919922,0.7527932524681091,61.4975520711883,0.515727
1159_29.png,315,run_15,2,"lone palm tree standing in tranquil turquoise ocean waves, warm golden sunset on the horizon, soft misty mountains in the background, digital art, hyper-realistic",0.9105051159858704,0.8199856877326965,67.91014726652733,0.515168
1159_29.png,316,run_12,5,stunning photorealistic tropical digital art of a palm tree standing tall amidst shallow crystal-clear waters and warm sandy shores,0.8640273809432983,0.7033544778823853,65.2738586042878,0.514161
1159_29.png,317,run_15,2,"solitary palm tree standing on a tranquil, rocky shoreline in shallow turquoise ocean, warm golden sunset with fluffy white clouds, soft misty mountains in the background, impressionist, watercolor",0.8137297034263611,0.6730063557624817,52.10538288147542,0.509812
1159_29.png,318,run_9,4,"'a lone palm tree stands serene in a tranquil turquoise ocean scene, soft warm golden light gently illuminates the horizon, distant snow-capped mountains fade into the distance, highly detailed 4k digital painting'",0.8078153729438782,0.6820272207260132,49.24260508556104,0.508558
1159_29.png,319,run_15,5,"serene tranquil beach with a majestic palm tree in shallow turquoise ocean waves, warm gentle golden light with soft coral hues, misty mist-covered mountains in the background, highly detailed digital painting",0.8256774544715881,0.6898053884506226,54.51560736126915,0.508061
1159_29.png,320,run_5,3,"majestic and dreamy tropical masterpiece with a towering palm tree, crystal clear aquamarine ocean, warm golden sunset on the horizon, serene and misty mountains",0.8754470348358154,0.7857871055603027,60.82863757446324,0.507154
1159_29.png,321,run_14,2,"a highly detailed, surrealistic tropical landscape with a lone palm tree standing in shallow crystal clear turquoise ocean waters, warm golden sunset colors on the horizon with distant misty mountain silhouettes",0.8597941398620605,0.7624621987342834,58.42414347853968,0.504707
1159_29.png,322,run_13,4,"serene solitary palm tree standing in crystal clear shallow ocean waves, warm soft golden light on distant misty horizon, rugged majestic mountains with lush verdant tropical foliage, vibrant highly detailed tropical digital art in perfect 4k",0.812016487121582,0.6914830803871155,50.44961074014092,0.502019
1159_29.png,323,run_1,4,"standing alone in a tranquil cerulean sea, a lone palm tree sways gently in the warm rays of golden sunlight, as the misty distant mountains dissolve softly into the atmosphere, highly detailed ultra-realistic tropical digital masterpiece",0.8041757941246033,0.6576619148254395,51.59797123051166,0.501774
1159_29.png,324,run_8,2,"lone palm tree standing on a peaceful turquoise ocean beach, warm golden sunset on the horizon, distant rugged mountains receding into the haze, highly detailed tropical oil painting digital art",0.8746582269668579,0.7891637682914734,61.06346299153847,0.500256
1159_29.png,325,run_1,3,"serene lone palm tree standing in a shallow azure ocean, soft rays of gentle morning light on the horizon, misty distant mountains subtly blending into the light blue sky, highly detailed ultra-realistic vibrant realistic tropical oil on canvas",0.8041960000991821,0.6483860611915588,53.3654483583827,0.496121
1159_29.png,326,run_14,5,"a highly detailed digital painting of a serene and peaceful tropical paradise of a lone palm tree standing in shallow turquoise ocean waves, breathtaking golden sunset on the horizon with distant snow-capped mountains",0.8712365627288818,0.7774640917778015,61.7459638417369,0.496049
1159_29.png,327,run_14,5,"a serene and tranquil tropical paradise of a lone palm tree standing in shallow crystal ocean waves, breathtaking fiery sunset on the horizon with distant majestic mountains",0.9108964800834656,0.8274489045143127,69.72435240039222,0.495473
1159_29.png,328,run_12,2,"realistic highly detailed digital art of a solitary tall palm tree standing firm in the shallows of a crystal clear blue-green ocean, vibrant golden sunlight dancing across the surface of the waves, with the soft distant misty mountains gently fading into the far-off haze, tropical landscape masterpiece",0.8093423247337341,0.660653293132782,54.06918368780351,0.493577
1159_29.png,329,run_13,5,"tranquil solitary palm tree rising above serene crystal clear shallow ocean waves, golden soft warm sunset on distant misty horizon, dramatic rugged majestic mountains with lush verdant tropical foliage, highly realistic digital art",0.8413658142089844,0.7447202801704407,55.75690064094814,0.492030
1159_29.png,330,run_14,2,"a serene, photorealistic tropical getaway of a lone palm tree standing in shallow aquamarine ocean waves, breathtaking golden sunset on the horizon with distant majestic mountain peaks",0.8563622236251831,0.763073742389679,59.09080258964262,0.489810
1159_29.png,331,run_6,4,"palm tree silhouetted against a vibrant golden sunset on a calm turquoise ocean shore, distant rugged mountain silhouettes, highly realistic digital 4k tropical island landscape",0.9006324410438538,0.8129732012748718,69.11875394215396,0.485550
1159_29.png,332,run_12,5,highly detailed hyper-realistic digital painting of a palm tree against a serene misty tropical backdrop and breathtaking golden sunset,0.873904824256897,0.8197429776191711,59.550130541675244,0.483302
1159_29.png,333,run_13,2,"vibrant solitary palm tree standing in crystal clear shallow ocean waves, rich breathtaking golden sunset on distant horizon, rugged majestic mountains with dense tropical jungle, highly detailed realistic tropical digital painting",0.8843122720718384,0.7860866189002991,67.02615889605379,0.482004
1159_29.png,334,run_2,2,"a lone palm tree stands isolated in shallow crystal clear ocean waves, warm golden light of late sunset casts a soft glow on the faraway misty mountains, highly detailed digital art",0.8868225812911987,0.800955593585968,66.21705947965576,0.481998
1159_29.png,335,run_14,1,"a highly detailed 4k digital masterpiece of a serene lone palm tree in shallow turquoise ocean waves at sunset, surrounded by distant majestic mountains",0.862463116645813,0.7664077281951904,62.005650854153785,0.480329
1159_29.png,336,run_14,5,"a highly realistic masterpiece of a serene and peaceful tropical paradise of a lone palm tree standing in crystal clear ocean waves, breathtaking golden sunset on the horizon with distant majestic mountain ranges reflecting perfectly in the water",0.8962085843086243,0.8021597862243652,69.54469787521141,0.479904
1159_29.png,337,run_12,5,vivid highly realistic digital art of a majestic palm tree towering above the gentle blue-green ocean waves,0.8343125581741333,0.6844171285629272,62.32115813293922,0.474696
1159_29.png,338,run_3,2,"lone coconut tree swaying in the soft tropical breeze near a vibrant turquoise ocean, stunning golden sunset hues, peaceful distant mountain ranges, digital painting",0.8542904257774353,0.7806025147438049,58.608810405361574,0.472705
1159_29.png,339,run_4,4,"a highly detailed realistic 4k painting of a serene tropical paradise with tall mature palm trees in shallow tranquil turquoise ocean waves, warm golden sunset behind, rolling gentle green hills",0.8258475065231323,0.7494280934333801,52.90615798586019,0.468874
1159_29.png,340,run_8,1,"serene tropical landscape featuring a single palm tree standing in calm turquoise ocean waves, vibrant golden sunset colors on the horizon, distant mountain peaks, masterfully crafted digital art",0.8581070303916931,0.7936461567878723,58.95721238459449,0.468719
1159_29.png,341,run_15,3,"peaceful tropical beach with a lone palm tree swaying in gentle blue ocean waves, warm golden sunset with vibrant orange hues, misty mountains on the horizon, highly detailed, digital painting",0.8513429760932922,0.7812821269035339,58.070260229399445,0.468472
1159_29.png,342,run_15,3,"serene tropical landscape with a lone palm tree, shallow blue ocean waves, warm golden light with soft orange hues, distant misty mountains, highly detailed, realistic masterpiece",0.7816762328147888,0.6864888072013855,46.17901592444774,0.458987
1159_29.png,343,run_14,2,"a tranquil, highly detailed tropical paradise of a lone palm tree standing in crystal clear shallows, vibrant golden sunset hues on the horizon with distant majestic mountain vistas",0.8778146505355835,0.8058104515075684,65.56883007644194,0.458819
1159_29.png,344,run_2,2,"a tall palm tree stands proud in shallow emerald green ocean waves, warm fiery golden light of sunset casts a dramatic glow on the distant misty mountains, breathtaking tropical landscape",0.8772333860397339,0.8137542605400085,65.02934589076808,0.454533
1159_29.png,345,run_13,4,"vivid solitary palm tree standing in serene tranquil crystal clear shallow ocean waves, soft warm golden sunset on distant misty horizon, rugged majestic rugged mountain range with lush verdant tropical foliage, highly detailed realistic tropical digital art masterpiece",0.8450198173522949,0.7624032497406006,59.88916987673855,0.453931
1159_29.png,346,run_13,1,"majestic palm tree silhouetted against a vibrant golden sunset on horizon, shallow turquoise ocean waves, rugged mountain peaks in the distance, tropical digital art masterpiece",0.9003720283508301,0.8096005916595459,73.5488102340448,0.453139
1159_29.png,347,run_15,4,"serene tropical paradise with a sturdy palm tree in shallow turquoise water, subtle golden glow with soft pastel hues, misty distant hills, highly detailed, 4k",0.7876685857772827,0.665478527545929,51.75364997893245,0.449729
1159_29.png,348,run_6,3,"palm tree standing alone on a calm turquoise ocean shore, warm and inviting golden sunset hues on the 4k horizon, majestic and towering rocky mountain silhouettes, highly realistic digital painting tropical scenery",0.882199764251709,0.8043065071105957,68.92705671083698,0.445535
1159_29.png,349,run_14,4,"a stunning highly realistic tropical island paradise of a lone palm tree standing in shallow turquoise ocean waves, vibrant golden sunset on the horizon with majestic mountain silhouettes",0.8554460406303406,0.7659153342247009,64.18647051846182,0.444997
1159_29.png,350,run_10,2,"a tropical paradise 4k masterpiece featuring a solitary majestic palm tree amidst shallow turquoise ocean waves, with a distant misty mountain range",0.7762655019760132,0.6458730697631836,50.683195268004646,0.444904
1159_29.png,351,run_14,1,serene lone palm tree in shallow turquoise ocean waves with a vibrant golden sunset on distant majestic mountains,0.8670178651809692,0.8013836741447449,64.51401029624871,0.442188
1159_29.png,352,run_8,1,"lone palm tree standing in shallow turquoise ocean, with warm golden sunset hues casting a glow on the water, distant rugged mountains, highly detailed, realistic digital art",0.8864761590957642,0.8103145360946655,70.61322064086922,0.438468
1159_29.png,353,run_9,3,"a slender palm tree stands elegant in a crystal-clear turquoise ocean scene, soft warm golden light illuminates the misty horizon, rugged snow-capped mountains fade into the background, a 4k digital painting masterpiece with realistic textures",0.8228846788406372,0.7114801406860352,60.1380358644541,0.437626
1159_29.png,354,run_10,1,"lone solitary palm tree standing in shallow turquoise ocean waves, golden sunset on horizon, distant misty mountains, serene tropical watercolor inspired digital art",0.8796132206916809,0.8275728225708008,67.26952868345356,0.431233
1159_29.png,355,run_5,5,"vibrant and highly realistic tropical scene with a tall green palm tree, serene turquoise ocean waves, a warm golden sunset with orange hues fading into a blue horizon, misty distant mountains",0.8380429744720459,0.7838584184646606,58.354963796003545,0.428553
1159_29.png,356,run_15,4,"idyllic tropical cove with a slender palm tree in shallow emerald water, soft warm light with muted coral tones, hazy distant cliffs, highly detailed, 4k",0.7851700782775879,0.6944306492805481,50.60699306185733,0.426681
1159_29.png,357,run_9,5,"a lone slender palm tree stands serene amidst a peaceful turquoise ocean scene, soft warm golden light glistens on the water, distant snow-capped alps, highly detailed 4k digital canvas",0.8057325482368469,0.6980546116828918,57.69614175548611,0.422804
1159_29.png,358,run_15,4,"majestic tropical beach at dusk with a tall palm tree in calm blue ocean, warm golden light with vibrant orange colors, misty distant mountains, highly detailed, digital painting",0.8360618948936462,0.8006653785705566,57.988693884348905,0.411417
1159_29.png,359,run_9,5,"an isolated palm tree stands regal in a serene turquoise ocean setting, soft warm golden sunset light fades across the horizon, distant snow-capped mountain silhouettes, 4k digital fine art",0.8569341897964478,0.7964115142822266,65.57768613615792,0.411355
1159_29.png,360,run_9,2,"a palm tree stands alone on a turquoise ocean, sunbeams warm the golden sand, snow-capped mountains in the background, photorealistic digital painting",0.782807469367981,0.6741766333580017,54.182044456346844,0.410151
1159_29.png,361,run_13,2,"vibrant serene palm tree standing in crystal clear calm ocean waves, rich breathtaking golden sunset on distant horizon, rugged majestic snow-capped mountains, highly detailed realistic tropical digital art masterpiece",0.8572468757629395,0.7957310080528259,66.43584159917661,0.406067
1159_29.png,362,run_7,1,"a serene, highly detailed digital painting of a single palm tree standing in shallow blue ocean waves, golden light on misty mountains",0.7877695560455322,0.6929304003715515,54.376993887677585,0.405414
1159_29.png,363,run_9,3,"a lone palm tree stands statuesque in a vibrant turquoise ocean scene, bright warm golden light illuminates the clear horizon, distant snow-capped mountains meet the sky, a highly detailed 4k digital painting, photorealistic",0.7675052881240845,0.650099515914917,52.70112028561885,0.402069
1159_29.png,364,run_9,1,"lone palm tree in shallow, calm, turquoise ocean, brilliant, vibrant orange sun shining down on horizon, majestic, snow-capped, rugged mountains in the distance, highly detailed digital art",0.8425788879394531,0.7806233167648315,64.78345921012972,0.393158
1159_29.png,365,run_9,2,"a tranquil palm tree stands in a secluded turquoise ocean, warm golden light descends upon the horizon, majestic snow-capped mountains, precise digital artwork",0.7827425599098206,0.6972495317459106,54.17743565638519,0.389799
1159_29.png,366,run_10,4,highly detailed digital painting of a lone palm tree standing in crystal clear turquoise ocean waters at golden hour over rugged distant mountains,0.7942333221435547,0.7111873030662537,60.150442465579395,0.361453
1159_29.png,367,run_14,3,"an exquisite 4k digital artwork of a serene tropical paradise with a lone palm tree surrounded by shallow turquoise ocean waves, a dramatic golden sunset on the horizon with distant rugged mountain peaks",0.82523512840271,0.7908231019973755,61.990889943012185,0.359871
1159_29.png,368,run_13,3,"vibrant solitary palm tree standing in crystal clear shallow turquoise ocean waves, warm inviting golden sunset fading into soft misty horizon, rugged majestic mountains with dense lush tropical foliage, highly detailed realistic 4K tropical digital painting masterpiece",0.7711261510848999,0.7145482897758484,52.11132704186906,0.359866
1159_29.png,369,run_14,1,highly detailed digital painting of a lone palm tree in shallow turquoise ocean waves at sunset with distant majestic mountains,0.8121396899223328,0.7549890279769897,61.85365504370916,0.357452
1159_29.png,370,run_9,4,"'a palm tree rises solo in a calm turquoise ocean scene with a serene snow-capped mountain backdrop, warm golden light softly falls across the tranquil horizon, highly detailed 8k digital painting, rich in texture'",0.7748902440071106,0.6983739733695984,57.07001644832045,0.345255
1159_29.png,371,run_9,2,"'a lone palm tree standing serenely in an idyllic turquoise ocean scene, warm soft golden sunlight on the horizon, majestic snow-capped mountains fading into distance, highly detailed digital art",0.7649608850479126,0.6791943907737732,56.33467578981276,0.341360
1159_29.png,372,run_4,1,"lone palm tree standing in a sea of shallow turquoise ocean waves, serene golden sunset, and a distant mountain silhouette, tropical digital painting masterpiece",0.8503456115722656,0.8446081876754761,67.12229559852145,0.339486
1159_29.png,373,run_2,1,"lone palm tree stands in shallow turquoise ocean waves, golden sunset fades on calm horizon, distant rugged mountains, serene highly detailed digital art",0.8471927642822266,0.8461797833442688,65.98561070771976,0.338605
1159_29.png,374,run_13,1,"lone palm tree in the foreground, shallow turquoise ocean waves gently lapping at its base, breathtaking rich golden sunset on the horizon, majestic distant mountains, highly detailed 4k digital painting",0.858188807964325,0.8640643358230591,69.16131328818408,0.327376
1159_29.png,375,run_8,5,"highly intricate and photorealistic 8k digital landscape art of a tranquil lone palm tree standing on a glassy still turquoise ocean with subtle ripples, vibrant warm golden morning light on the horizon, rugged dramatic mountains in the background",0.8149722814559937,0.7688231468200684,65.52237055595337,0.324164
1159_29.png,376,run_9,3,"a lone majestic palm tree stands serene in a tranquil turquoise ocean scene, rich warm golden light illuminates the distant horizon, rugged snow-capped mountains fade into the haze, a highly detailed 4k digital painting masterpiece",0.7567973732948303,0.6820647716522217,56.5559302623421,0.315364
1159_29.png,377,run_11,5,"a stunning masterpiece of a palm tree stands in a peaceful, crystal-clear turquoise ocean at sunset, with highly detailed warm golden light casting delicate shadows on rugged, weathered mountains",0.8133173584938049,0.8018522262573242,62.64588198011341,0.313331
1159_29.png,378,run_10,5,majestic 4k style digital painting of a lone palm tree standing in crystal clear turquoise ocean waters at sunset over distant misty mountains,0.7927665710449219,0.772532045841217,58.96165843584064,0.313103
1159_29.png,379,run_9,5,"a lone palm tree stands tranquil in a still turquoise ocean seascape, soft warm golden morning light casts a glow, distant snow-capped mountain ridges, ultra-high-detail 4k digital painting masterpiece",0.7620733380317688,0.7142596244812012,56.10530392819027,0.304741
1159_29.png,380,run_4,1,"lone palm tree standing on a rocky shore in shallow turquoise ocean waves, vibrant golden sunset, and a majestic mountain range in the background, highly detailed serenity",0.8114250898361206,0.7819581627845764,66.1027764517059,0.298663
1159_29.png,381,run_13,2,"vibrant solitary palm tree standing in crystal clear shallow ocean waves, rich golden sunset on distant horizon, rugged majestic snow-capped mountains reflecting off calm ocean surface, photorealistic tropical digital art",0.8196492195129395,0.8066365718841553,66.42819626461272,0.296405
1159_29.png,382,run_12,1,"a small cluster of palm trees standing in gentle turquoise ocean waves, bright golden sun on distant horizon, snow-capped rugged mountains, highly detailed dreamlike tropical digital painting",0.7699793577194214,0.6932100653648376,62.58387450215479,0.293540
1159_29.png,383,run_2,5,"a lone palm tree stands serene in shallow turquoise ocean waves, warm soft golden light of early sunset casts a gentle warmth on the nearby mountains, highly detailed and painted in the style of a watercolour masterpiece",0.790704071521759,0.7603070735931396,65.07124189592291,0.270501
1159_29.png,384,run_9,5,"a lone majestic palm tree stands serene in a tranquil turquoise ocean scene, soft warm radiant golden light illuminates the horizon, distant snow-capped mountain ranges, 8k ultra-high-definition digital oil painting masterpiece",0.7714694738388062,0.7600533962249756,59.836719139688654,0.260448
1159_29.png,385,run_9,5,"a lone single palm tree stands peaceful in a calm turquoise ocean landscape, warm soft sunrise golden light bathes the scene, distant snow-capped mountain peaks, 4k digital art studio masterpiece",0.768424391746521,0.7690691947937012,63.00484353295256,0.219640
1159_29.png,386,run_10,3,majestic highly detailed 4k digital art painting of a lone palm tree standing in crystal clear turquoise ocean waters at a breathtaking warm orange sunset over the rugged and misty mountainous terrain,0.7910153865814209,0.8393403887748718,65.63692117802543,0.197659
1159_29.png,387,run_9,3,"a solitary palm tree stands serene in a peaceful turquoise ocean scene, warm golden light illuminates the serene horizon, rugged snow-capped mountains, highly detailed 8k digital artwork, realistic",0.7561608552932739,0.756190836429596,63.31198758468197,0.195847
1159_29.png,388,run_9,1,"lone isolated palm tree standing tall in shallow turquoise water, warm golden hues of sunset on the far horizon, majestic snow capped mountains in the background, highly detailed 4k digital painting",0.7630114555358887,0.8457531332969666,65.92346284545755,0.115190
1159_29.png,389,run_8,1,"a lone palm tree standing in a shallow, crystal-clear turquoise ocean, golden hues of sunset on the distant horizon, majestic mountains fading into the background, serene 4k digital painting",0.7481979131698608,0.8159915804862976,66.14715016733841,0.100049
1159_29.png,390,run_9,1,"lone palm tree in tranquil turquoise waters, vibrant orange sunset on distant horizon, majestic snow-capped mountains, realistic digital painting",0.7666040658950806,0.8507060408592224,70.17014897500302,0.087185
1159_3.png,1,run_13,2,"highly detailed anime warrior in silver armor, shining with golden energy emanating from their whip, set against a deep, dramatic, dark fantasy stormy sky with orange and teal highlights",0.8486758470535278,0.5395922064781189,37.013804734837954,0.968782
1159_3.png,2,run_10,5,"semi-realistic digital painting depiction of a blonde anime warrior with spiky messy blonde hair, gleaming polished silver armor, and a radiant golden whip, standing at the edge of dark mysterious ancient ruins amidst bright teal and orange fire auras",0.8416529297828674,0.5574966669082642,39.44778947809976,0.905350
1159_3.png,3,run_13,3,"highly detailed anime warrior in metallic silver armor, shining with vibrant golden energy emanating from their mystical whip, set against a foreboding, dramatic, dark fantasy stormy sky with orange and teal highlights",0.8141594529151917,0.5336693525314331,36.40179858361742,0.893101
1159_3.png,4,run_10,3,"blonde anime warrior with spiky messy blonde hair, gleaming polished silver armor, and radiant golden energy whip, standing at the edge of dark mysterious ancient ruins amidst vibrant teal and orange fire auras, highly detailed fantasy watercolor scene with subtle background textures and delicate brushstrokes, semi-realistic fantasy artwork",0.8423826694488525,0.5637431144714355,41.87506724321102,0.876679
1159_3.png,5,run_10,4,"highly detailed 4k realistic anime warrior with spiky messy blonde hair, gleaming polished silver armor, and radiant golden energy whip, standing at the edge of dark mysterious ancient ruins amidst vibrant teal and orange fire auras, semi-realistic fantasy artwork with delicate brushstrokes",0.8477853536605835,0.5799382328987122,41.79445790242965,0.870873
1159_3.png,6,run_12,5,"semi-realistic fantasy anime warrior character with icy platinum-blonde spiky hair, donning high-polished silver armor with a blazing golden energy whip, teal and orange fire auras, dramatic dark background with distant mountains, highly detailed digital painting with subtle texture",0.8279176354408264,0.5620705485343933,39.86374888153001,0.860318
1159_3.png,7,run_13,2,"a highly detailed, 4k anime warrior in silver armor, surrounded by ominous storm clouds, wielding a glowing, golden energy whip and emitting teal and orange fire auras at dusk",0.8274010419845581,0.5554331541061401,41.418784312762256,0.852864
1159_3.png,8,run_4,5,"vibrant anime warrior in stunning realistic, 4k digital art, spiky blonde hair, shiny metallic silver armor, holding a powerful golden energy whip with a soft glow, intense teal and orange fire auras, dark stormy background with a huge full moon",0.8229531049728394,0.5421082377433777,42.343818734355516,0.849619
1159_3.png,9,run_5,4,"highly detailed 4k digital painting of an anime warrior in gleaming silver armor, with short spiky hair and a fierce expression, holding a shining golden energy sword, amidst explosive teal and orange fire auras in a dense foggy environment",0.8362095355987549,0.5610016584396362,43.50129662696894,0.849071
1159_3.png,10,run_3,2,"highly detailed 4k realistic anime warrior with spiky blonde hair and intricate silver armor, surrounded by soft warm teal and orange fire auras, wielding a glowing golden energy whip, set against a dark fantasy landscape",0.8366358280181885,0.5670078992843628,43.01861895962781,0.847081
1159_3.png,11,run_3,5,"highly detailed ultra-realistic anime warrior with short spiky platinum blonde hair and ornate dark silver-plated armor, surrounded by soft warm teal and orange radiant fire auras, wielding a glowing platinum energy whip, set against an ominous dark fantasy landscape",0.8017205595970154,0.5359495878219604,37.98351767685273,0.843426
1159_3.png,12,run_3,4,"highly detailed 8k realistic anime warrior with textured spiky blonde hair and intricately detailed silver armor, surrounded by soft warm teal and orange-pink fire auras, wielding a glowing golden energy sword, set against a dramatic dark fantasy landscape",0.8309324383735657,0.5727543234825134,41.50638824278011,0.839246
1159_3.png,13,run_3,3,"highly detailed 8k hyper-realistic anime warrior with long spiky blonde hair and elaborate intricate silver armor, surrounded by soft warm teal and golden fire auras, wielding a glowing golden energy sword, set against a mystical dark fantasy landscape",0.7884849309921265,0.5371567010879517,35.76496420287922,0.828524
1159_3.png,14,run_13,4,"highly detailed anime warrior in exquisite silver armor, their whip crackling with vibrant golden energy, set against a vast, dark fantasy stormy sky with deep oranges, teals, and dramatic clouds",0.8005704283714294,0.532183825969696,40.226085739563146,0.824293
1159_3.png,15,run_13,3,"a highly detailed anime warrior in gleaming silver armor, surrounded by an aura of golden energy radiating from their whip, set against a dramatic dark fantasy stormy sky with vibrant orange and teal tones",0.8090460300445557,0.5566452741622925,39.484841415369274,0.822117
1159_3.png,16,run_9,4,"a highly realistic 4k digital painting of a blonde male warrior with a spiky hairdo and long locks in sleek darkened silver armor, wielding a golden energy whip that crackles with vibrant teal and orange flames, set against a dark and ominous cityscape with crumbling buildings",0.7884767055511475,0.5241159200668335,38.48156625053472,0.819632
1159_3.png,17,run_8,2,"a highly detailed, semi-realistic anime-style painting of a blonde male warrior in silver armor with spiky hair, a golden energy whip, and glowing teal and orange fire auras in a dark fantasy world",0.8409414291381836,0.5775347948074341,45.92227484456509,0.817762
1159_3.png,18,run_5,3,"realistic highly detailed digital painting of an anime warrior with spiky short hair in highly polished silver armor, wielding a glowing golden energy sword, amidst teal and orange fire auras in a dark mysterious landscape",0.8213576078414917,0.5517012476921082,44.14849532168903,0.816542
1159_3.png,19,run_10,4,"highly detailed fantasy digital painting of a blonde anime warrior with spiky messy blonde hair, gleaming polished silver armor, and radiant golden energy whip, standing at the edge of dark mysterious ancient ruins amidst vibrant teal and orange fire auras, semi-realistic artwork",0.8047245740890503,0.5697088241577148,37.76640303660871,0.810516
1159_3.png,20,run_5,1,"highly detailed digital painting of a blonde anime warrior with spiky hair in silver armor, wielding a glowing golden energy whip, amidst teal and orange fire auras in a dramatic dark background",0.8182471990585327,0.5396527051925659,45.719331981908105,0.809101
1159_3.png,21,run_12,5,"semi-realistic high-fantasy anime warrior character with platinum-blonde spiky hair, donning polished silver armor with a gleaming golden energy whip, intense teal and orange fire auras, dramatic dark background with faint stars, realistic oil painting",0.8256726264953613,0.5838866829872131,41.87104076691328,0.808227
1159_3.png,22,run_11,4,"highly detailed 4k digital painting of a blonde anime warrior with a spiky hairstyle in gleaming silver magic armor, wielding a powerful golden and black energy whip, amidst a swirling vortex of teal and orange flames, in a cinematic fantasy landscape",0.8288914561271667,0.5852366089820862,42.675941253990665,0.807297
1159_3.png,23,run_3,4,"masterfully rendered highly detailed anime warrior with spiky blonde hair and intricately detailed silver armor, surrounded by soft warm teal and golden fire auras, wielding a brilliant glowing golden energy whip, set against a dark fantasy world",0.8341289758682251,0.5847675204277039,44.22318019713244,0.806936
1159_3.png,24,run_9,5,"a highly realistic 8k digital art of a blonde male warrior with a spiky hairdo and long locks in darkened silver armor, holding a glowing golden energy whip that crackles with vibrant teal and orange flames, against a dark and ominous cityscape with crumbling buildings and a few fires",0.7835901975631714,0.5368597507476807,36.87304046271166,0.805954
1159_3.png,25,run_4,2,"golden anime warrior in epic, dramatic, highly detailed, semi-realistic digital painting, spiky blonde hair, metallic silver armor, powerful golden energy whip, intense teal and orange fire auras, dark stormy background with a full moon",0.8129950761795044,0.5749816298484802,39.979329617585506,0.804494
1159_3.png,26,run_3,5,"highly detailed photorealistic anime warrior with spiky platinum blonde hair and intricate silver-plated armor, surrounded by soft warm teal and orange fire auras, wielding a glowing golden energy whip, set against a dramatic dark fantasy landscape",0.8279900550842285,0.584094226360321,43.04946143771396,0.802934
1159_3.png,27,run_15,5,"blonde male anime warrior with electrified spiky silver hair, polished silver plate armor, shining golden energy whip and teal and orange flame auras in a haunting mystical realm, photorealistic, highly detailed, oil painting, fantasy artwork, epic",0.8385334014892578,0.5722764730453491,47.59025256490875,0.802640
1159_3.png,28,run_4,4,"'epic anime warrior in ultra-realistic, highly polished, 4k, masterpiece digital painting, spiky blonde hair, metallic silver armor, powerful golden energy whip, intense teal and orange fire auras, dark stormy background with a full moon'",0.8163949251174927,0.5641021132469177,42.6952595800814,0.801652
1159_3.png,29,run_2,2,"highly realistic anime male spiky-haired warrior in silver armor adorned with mystical runes, wielding a radiant golden energy whip, engulfed by a swirling vortex of teal and orange flame, 4k",0.8088710308074951,0.5627812147140503,40.82266401138245,0.801425
1159_3.png,30,run_4,5,"epic anime warrior in super-realistic, highly detailed, ultra-vivid, 4k, magnificent digital artwork, spiky blonde hair, premium metallic silver armor, powerful golden energy whip with vibrant glow effects, intense teal and orange fire auras, dark stormy sky with a full moon",0.8106488585472107,0.5787442326545715,39.22257730565224,0.800759
1159_3.png,31,run_5,3,"highly detailed digital art of a blonde anime warrior with long, flowing spiky hair in intricately crafted silver armor, holding a blazing golden energy whip, amidst teal and orange fire auras in a dramatic dark sky",0.8164133429527283,0.574354887008667,41.751678419522946,0.797546
1159_3.png,32,run_12,1,"semi-realistic fantasy anime warrior character with platinum-blonde spiky hair, donning silver armor with a glowing golden energy whip, teal and orange fire auras, dramatic shadowy dark background, oil painting",0.8340694904327393,0.579855740070343,45.89678860193216,0.797371
1159_3.png,33,run_9,5,"a highly stylized 4k digital painting of a blonde male warrior with a bold spiky hairdo and long locks in highly polished darkened silver armor, wielding a shining golden energy whip that crackles with vibrant teal and orange flames, set against a dark and ominous cityscape with a few abandoned cars",0.7963869571685791,0.5538268685340881,39.5735496735236,0.792254
1159_3.png,34,run_11,3,"detailed digital painting of a spiky-haired blonde anime warrior in gleaming silver magic armor, wielding a gleaming golden and black energy whip, surrounded by intense teal and orange flames, in a highly detailed cinematic fantasy environment",0.8281441330909729,0.5729157328605652,45.83765871542002,0.791437
1159_3.png,35,run_13,5,"highly detailed, realistic anime warrior in luxurious silver armor, shining with brilliant, shimmering golden energy emanating from their whip, set against a turbulent, chaotic, dark fantasy stormy sky with deep orange and teal tints",0.7865270972251892,0.5519710183143616,37.21793771507402,0.791196
1159_3.png,36,run_3,4,"highly detailed photorealistic anime warrior with sharp spiky blonde hair and ornate silver armor, surrounded by soft warm teal and golden fire auras, wielding a brilliant golden energy whip, set against a mystical dark fantasy landscape",0.8247709274291992,0.5860037207603455,43.32709370219664,0.789639
1159_3.png,37,run_7,1,"anime warrior with long blonde spiky hair, stunning silver armor, fiery golden energy whip, explosive teal and orange fire auras, highly detailed background of a mythical dark fantasy world, semi-realistic and highly stylized art",0.8184148073196411,0.5833239555358887,42.09530406947557,0.788156
1159_3.png,38,run_11,2,"spiky-haired blonde anime warrior in shimmering silver armor, clutching a gleaming golden energy whip, with a halo of intense teal and orange flames, against a cinematic, dramatic background, semi-realistic fantasy art",0.8397394418716431,0.577654242515564,48.87346510099884,0.786972
1159_3.png,39,run_7,4,"anime warrior with long platinum blonde spiky hair, stunning high-gloss silver armor, fiery intense golden energy whip, explosive vibrant teal and orange fire auras, highly detailed photorealistic digital painting of a dense dark fantasy world",0.8272570371627808,0.5892781019210815,44.00278379965249,0.785596
1159_3.png,40,run_3,5,"highly detailed high-resolution anime warrior with spiky platinum blonde hair and intricately crafted silver armor, surrounded by soft warm teal and orange fire auras, wielding a gleaming platinum energy whip, set against a dramatic dark fantasy world",0.8452613353729248,0.6054137349128723,46.87552224101443,0.784750
1159_3.png,41,run_5,5,"highly detailed 8k digital painting of an anime warrior in gleaming matte silver armor, with short messy spiky light brown hair and a determined firm expression, holding a brilliant shining golden energy sword, amidst explosive electric teal and fiery orange fire auras in a dense misty environment",0.8302577137947083,0.5870911478996277,45.32602431398083,0.783737
1159_3.png,42,run_3,2,"highly detailed 4k digital painting of a strong anime male warrior with blonde spiky hair and shimmering silver armor, surrounded by fire auras, holding a glowing energy whip, against a dramatic dark background",0.8242541551589966,0.5715650320053101,45.83652222300032,0.783138
1159_3.png,43,run_13,4,"anime warrior in magnificent silver armor, shining with powerful golden energy emanating from their trusty whip, standing heroically against a dramatic, dark fantasy stormy sky with rich oranges and teal tones",0.787669837474823,0.552139937877655,38.46899358159985,0.782249
1159_3.png,44,run_12,3,"semi-realistic fantasy anime warrior character with platinum-blonde spiky hair, donning elegant silver armor with a blazing golden energy whip, intense teal and orange fire auras, deep dark mysterious background, highly detailed digital painting",0.8222458362579346,0.5897502899169922,43.13398723889486,0.780204
1159_3.png,45,run_4,2,"highly detailed semi-realistic digitally painted, fantasy anime warrior with spiky golden blonde hair, metallic silver armor, powerful golden energy whip, intense teal and orange fire auras, dynamic dark stormy background with a full moon, highly detailed",0.7978470325469971,0.5762474536895752,38.25371921827328,0.779993
1159_3.png,46,run_3,1,"blonde spiky-haired male anime warrior in intricate silver armor, surrounded by soft warm teal and orange fire auras, wielding a golden energy whip, set against a dramatic dark fantasy background, highly detailed 4k art",0.8480302095413208,0.5987266302108765,49.19151054913453,0.778717
1159_3.png,47,run_13,4,"4k digital painting of a highly detailed anime warrior clad in radiant silver armor, surrounded by dynamic golden energy emanating from their whip, set against a deep, foreboding dark fantasy stormy sky",0.7957868576049805,0.5614796876907349,39.880530416411304,0.778171
1159_3.png,48,run_14,2,"highly detailed anime warrior with spiky hair in resplendent silver armor, glowing golden whip, swirling teal and orange flames, dramatic dark fantasy atmosphere, 4k digital painting",0.8208132982254028,0.5714588761329651,45.462708545970564,0.777901
1159_3.png,49,run_11,4,"highly detailed cinematic digital painting of a blonde anime warrior with spiky hair in gleaming metallic silver magic armor, wielding a gleaming 24k golden and black energy whip, amidst intense swirling teal and fiery orange flames, in a 4k highly detailed fantasy environment with realistic lighting",0.8235926628112793,0.5808394551277161,45.134920619673814,0.776260
1159_3.png,50,run_10,3,"blonde anime warrior male with bold, rugged, and messy spiky blonde hair wearing gleaming polished silver armor with intricate design and a radiant golden energy whip, surrounded by vibrant teal and orange fire auras, dark mysterious ancient ruins with overgrown vegetation, highly detailed semi-realistic fantasy digital painting",0.8048270344734192,0.5822482705116272,40.10711458631291,0.773083
1159_3.png,51,run_5,1,"blonde male spiky-haired anime warrior in silver armor, glowing golden energy whip, teal and orange fire auras, dark realistic fantasy art",0.8298078179359436,0.5793010592460632,47.56334870993557,0.771544
1159_3.png,52,run_5,2,"highly detailed, realistic digital painting of a blonde anime warrior with striking, angular spiky hair in reflective, polished silver armor, wielding a powerful, glowing golden energy whip, amidst swirling teal, orange fire auras",0.8368149995803833,0.5834692716598511,49.020522637262374,0.770719
1159_3.png,53,run_13,5,"highly detailed anime warrior in gleaming silver armor, charged with powerful, intense golden energy from their magical whip, set against a deep, dramatic, dark fantasy stormy sky with rich orange and teal hues",0.7981718182563782,0.5834515690803528,38.61280836099742,0.768372
1159_3.png,54,run_9,1,"a highly detailed and realistic fantasy digital painting of a blonde male spiky-haired warrior with long hair in darkened silver armor, with a glowing golden energy whip, vibrant teal and orange fire auras, in a dark dramatic background with a cityscape in ruins",0.7917725443840027,0.5587460994720459,40.39699358970985,0.766469
1159_3.png,55,run_12,5,"semi-realistic high-fantasy anime warrior character with platinum-blonde spiky hair, donning polished silver armor with a gleaming golden energy whip, intense teal and orange fire auras, dramatic dark background with faint city lights, masterpiece digital painting with intricate details",0.8200500011444092,0.5902719497680664,44.00549024628888,0.765756
1159_3.png,56,run_2,3,"highly realistic 4k anime male spiky-haired warrior in polished silver armor adorned with intricate mystical runes, wielding a powerful radiant golden energy whip, engulfed by a swirling teal and orange flame vortex",0.8080782294273376,0.5674370527267456,43.88558871152024,0.764911
1159_3.png,57,run_13,1,"highly detailed semi-realistic anime warrior in silver armor, glowing golden energy whip, teal and orange fire auras surrounded by ominous, dark dramatic fantasy storm clouds",0.7814512252807617,0.5390448570251465,40.51610472088194,0.763682
1159_3.png,58,run_5,3,"a highly detailed, cinematic digital painting of a blonde anime warrior with spiky shoulder-length hair in intricately designed silver armor, wielding a glowing golden energy whip, amidst teal and orange fire auras in a dramatic dark environment",0.8313295245170593,0.5782831907272339,49.01376274056381,0.763212
1159_3.png,59,run_13,5,"highly detailed anime warrior in majestic silver armor, surrounded by a halo of golden energy from their whip, set against a dark, mysterious, dark fantasy stormy sky with warm orange and teal tones",0.7896878719329834,0.5690023303031921,39.01542646119101,0.761032
1159_3.png,60,run_14,2,"detailed anime warrior with long spiky silver hair in shining silver armor, glowing golden whip, swirling teal and orange fire auras, dramatic dark fantasy landscape, highly detailed 4k digital art",0.7912036180496216,0.5514119863510132,41.868968212473966,0.760536
1159_3.png,61,run_12,1,"anime warrior in a dynamic pose, platinum-blonde spiky hair tied back, silver armor reflecting light, wielding a glowing golden energy whip, dark dramatic background, teal and orange fire auras, highly detailed digital painting",0.8424665927886963,0.594767153263092,50.58619260937747,0.756378
1159_3.png,62,run_10,2,"blonde male anime warrior with messy spiky blonde hair wearing gleaming silver armor, radiant golden energy whip, vibrant teal and orange fire auras, dark dramatic mysterious ancient ruins, highly detailed semi-realistic fantasy watercolor masterpiece",0.8245933651924133,0.590808629989624,46.25920612404662,0.755743
1159_3.png,63,run_12,5,"semi-realistic fantasy anime warrior character with icy platinum-blonde spiky hair, donning high-polished silver armor with a blazing golden energy whip, teal and orange fire auras, dramatic dark background with distant cityscape, highly detailed digital painting",0.7907074689865112,0.5749285221099854,39.18306505407166,0.754602
1159_3.png,64,run_2,5,"highly realistic, highly detailed anime male spiky-haired warrior in gleaming silver armor adorned with ancient mystical runes, wielding an energized golden energy whip, engulfed in a swirling vortex of vibrant teal and orange flame, 4k",0.8108804821968079,0.5963873863220215,41.848484667793215,0.754547
1159_3.png,65,run_5,4,"realistic highly detailed digital painting of an anime warrior with short spiky hair in highly polished high-end silver armor, wielding a vibrant golden energy sword, amidst swirling teal and orange fire auras in a dark, misty, mysterious landscape",0.8035281896591187,0.5498514771461487,46.18829563120717,0.753931
1159_3.png,66,run_10,3,"blonde male anime warrior with perfectly messy spiky blonde hair, wearing gleaming high-polished silver armor and a radiant golden light infused whip, vibrant teal and orange fire auras, dark atmospheric dramatic mysterious ancient ruins, highly detailed realistic fantasy watercolor artwork",0.8042120933532715,0.5779498815536499,42.58933876127976,0.753766
1159_3.png,67,run_5,4,"hyper-realistic highly detailed digital painting of an anime warrior in gleaming highly polished silver armor, with short spiky hair and a determined expression, holding a blazing golden energy sword, amidst raging teal and orange fire auras in a dark mysterious, apocalyptic wasteland",0.8253389596939087,0.6057571768760681,44.66464832357585,0.753650
1159_3.png,68,run_9,4,"a highly detailed and photorealistic fantasy digital painting of a blonde male spiky-haired warrior with long hair in intricately designed dark metallic armor, with a glowing golden energy aura surrounding a vibrant teal and orange fire whip, in a deeply dramatic and moody cityscape background with towering skyscrapers in ruins",0.7816232442855835,0.5734066963195801,37.49609879911261,0.748878
1159_3.png,69,run_14,5,"highly detailed anime warrior in mid-battle, dynamic flowing spiky hair in resplendent polished silver armor, glowing swift golden whip, swirling turbulent teal and orange flames, dramatic dark fantasy scene, 4k digital acrylic painting",0.7989786267280579,0.5884683132171631,40.38623442767705,0.747556
1159_3.png,70,run_3,4,"highly detailed 4k realistic anime warrior with spiky blonde hair and intricately detailed silver armor, surrounded by soft warm orange and teal fire auras, wielding a glowing golden energy whip, set against a haunting dark fantasy scene",0.826770007610321,0.5952550172805786,47.23100661208886,0.746657
1159_3.png,71,run_15,2,"blonde male anime warrior with electrified spiky silver hair, shining silver plate armor, glowing golden energy whip and teal and orange flame auras in a dark mystical world, realistic, highly detailed, fantasy artwork, masterpiece",0.8234285116195679,0.5857429504394531,47.59799907193712,0.746651
1159_3.png,72,run_5,1,"highly detailed blonde male spiky-haired anime warrior in silver armor, glowing golden energy whip, teal and orange fire auras, dark dramatic background, semi-realistic fantasy art",0.8219761848449707,0.5847507119178772,47.341488596809555,0.746559
1159_3.png,73,run_9,4,"a highly realistic and detailed fantasy digital artwork of a blonde male spiky-haired warrior with long flowing hair, wearing highly polished darkened silver armor that reflects the vibrant teal and orange fire auras emanating from the golden energy whip in his hand, set against a dramatically lit cityscape with towering skyscrapers in a state of complete devastation",0.7719835638999939,0.5499879717826843,38.37099775829414,0.745491
1159_3.png,74,run_13,2,"semi-realistic anime warrior in metallic silver armor, holding a staff with a glowing golden aura, surrounded by dark fantasy storm clouds and orange fire auras",0.7979265451431274,0.5715546011924744,42.622190202001114,0.745357
1159_3.png,75,run_3,2,"highly detailed 4k digital artwork of a male anime warrior with blonde spiky hair, donning intricate silver armor, and surrounded by dynamic teal and orange fire auras as he wields a shining golden energy whip against a dark and ominous background",0.8277711272239685,0.5892795324325562,48.52187393358924,0.744740
1159_3.png,76,run_8,2,"highly realistic, 4k quality digital painting of a male anime warrior in silver armor with blonde spiky hair, glowing golden energy whip, surrounded by teal and orange fire auras in a dark mysterious background",0.8346135020256042,0.5806642770767212,51.80179183874198,0.742637
1159_3.png,77,run_15,1,"blonde male anime warrior with electrified spiky hair, shining silver armor, glowing golden energy whip and teal and orange fire auras, dark atmospheric background, semi-realistic, detailed fantasy artwork, masterpiece",0.817099392414093,0.5904157757759094,45.73383450716989,0.741846
1159_3.png,78,run_2,5,"highly realistic, ultra-detailed anime male spiky-haired warrior in polished silver armor decorated with mystical runes, holding a radiant golden energy whip, set against a dramatic background with a swirling vortex of dynamic teal and orange flame, in the style of digital painting",0.8121305704116821,0.5944731831550598,43.92603781904303,0.740795
1159_3.png,79,run_5,4,"highly realistic highly detailed digital art of an anime warrior with short spiky hair in highly polished high-end silver armor, wielding a powerful golden energy sword, amidst burning teal and orange fire auras in a dark mysterious, abandoned cityscape",0.8040237426757812,0.5948951840400696,41.84751989275142,0.738786
1159_3.png,80,run_13,1,"highly detailed, 4k resolution male anime warrior in silver armor, glowing golden energy whip, teal and orange fire auras, dark fantasy landscape with dramatic, swirling clouds",0.780674159526825,0.5679243803024292,39.07804344978033,0.738599
1159_3.png,81,run_10,5,"highly detailed realistic fantasy anime warrior with spiky messy blonde hair, gleaming polished silver armor, and radiant golden energy whip, standing at the edge of dark mysterious ancient ruins amidst vibrant teal and orange fire auras, semi-realistic digital painting",0.790010929107666,0.5880661010742188,38.957852345770974,0.738304
1159_3.png,82,run_2,5,"highly realistic, highly detailed anime male spiky-haired warrior in silver armor inlaid with mystical runes, holding an empowered golden energy whip, framed by a swirling vortex of teal and orange fire, 4k masterpiece",0.8218528032302856,0.6351239681243896,41.38557121981342,0.738158
1159_3.png,83,run_10,2,"blonde male spiky-haired anime warrior in gleaming high-polished silver armor with intricate etched designs, radiant golden energy whip, vibrant teal and orange fire auras, dark dramatic mountainous landscape, highly detailed semi-realistic fantasy oil painting masterpiece",0.8084330558776855,0.6059868931770325,41.83134040290161,0.736271
1159_3.png,84,run_3,2,"anime warrior in epic battle attire, blonde spiky-haired and silver-armored, radiating soft warm teal and orange fire auras, wielding an electrifying golden energy whip against a haunting fantasy landscape",0.7865341901779175,0.5622451305389404,41.77161494808302,0.735728
1159_3.png,85,run_14,5,"highly detailed anime warrior with dramatic spiky hair in resplendent intricately designed silver armor, glowing radiant golden whip, swirling intense teal and orange flames, dark epic fantasy atmosphere, 8k digital painting masterpiece",0.7989814281463623,0.5878769159317017,41.77819008544846,0.735320
1159_3.png,86,run_7,3,"highly detailed dark fantasy anime warrior with long platinum blonde spiky hair, polished silver armor, energetic golden energy whip, vibrant teal and orange fire auras, highly stylized art",0.7930852174758911,0.5856425166130066,40.50122009169843,0.734879
1159_3.png,87,run_2,3,"realistic anime male spiky-haired warrior in intricately designed silver armor adorned with mystical runes, wielding a brilliant golden energy whip, engulfed by a swirling vortex of vibrant teal and orange flames",0.8044630885124207,0.5998874306678772,41.932667948624555,0.732812
1159_3.png,88,run_5,4,"stunning highly detailed oil painting of an anime warrior in gleaming highly polished silver armor with short spiky hair, wielding a radiant golden energy sword, amidst turbulent teal and orange fire auras in a dark mysterious, gothic-inspired landscape",0.7882882356643677,0.5606951713562012,42.933728520461536,0.731357
1159_3.png,89,run_3,3,"highly detailed extremely realistic anime warrior with bright spiky platinum blonde hair and ornate polished silver armor, surrounded by soft warm aqua and vibrant orange fire auras, wielding a radiant golden energy whip, set against a dark gothic fantasy landscape",0.798213005065918,0.5844875574111938,42.52437121828693,0.730661
1159_3.png,90,run_12,2,"fantasy warrior character in a semi-realistic style with platinum-blonde hair styled in a messy spiky manner, donning intricately designed silver armor with a radiant golden energy whip, highly detailed teal and orange fire auras with a dark, mysterious background, digital painting",0.8264023065567017,0.6208968758583069,45.373055078449966,0.730640
1159_3.png,91,run_12,3,"semi-realistic fantasy anime warrior character with platinum-blonde spiky hair, donning majestic silver armor with a radiant golden energy whip, bold teal and orange fire auras, deep and haunting dark background, hyper-realistic digital art",0.8317446708679199,0.6128901839256287,47.97075083928631,0.730272
1159_3.png,92,run_10,3,"male anime warrior with striking blonde hair styled in messy spiky locks, wearing gleaming silver armor adorned with delicate filigree and radiant golden light infused whip, standing amidst vibrant teal and orange fire auras, dark and dramatic mysterious ancient ruins backdrop, highly detailed and realistic fantasy watercolor artwork masterpiece",0.8258756399154663,0.6201056241989136,45.45684514269515,0.729502
1159_3.png,93,run_4,1,"golden blonde male anime warrior with spiky hair, metallic silver armor, powerful golden energy whip, intense teal and orange fire auras, dramatic dark stormy background with a full moon, highly detailed semi-realistic fantasy digital painting",0.8068664073944092,0.5904878973960876,44.29133901378184,0.728868
1159_3.png,94,run_12,4,"dramatic semi-realistic fantasy anime warrior character with platinum-blonde spiky hair, donning gleaming silver armor with a bright fiery golden energy whip, captivating teal orange fire auras, deep dark mystical background, highly realistic digital artwork",0.8070282936096191,0.5922695398330688,44.100378544237515,0.728815
1159_3.png,95,run_8,3,"a highly detailed, realistic anime-style oil painting of a blonde male warrior in polished silver armor with spiky long hair, a solid golden energy whip, and vibrant teal and orange fire auras in a gritty dark fantasy world",0.8080942630767822,0.5845307111740112,45.54003298366288,0.727905
1159_3.png,96,run_9,1,"a highly detailed semi-realistic digital painting of a blonde-haired male spiky-haired anime warrior in medieval silver armor, glowing golden energy whip, teal and orange fire auras, dark dramatic background with a full moon, 4k quality",0.8190686702728271,0.5807293653488159,49.12366243122749,0.727522
1159_3.png,97,run_4,2,"semi-realistic, highly detailed anime warrior with spiky, golden, blonde hair, metallic silver armor, powerful golden energy whip, intense teal and orange fire auras, dramatic dark stormy background with a full moon, painted in a style reminiscent of classic, fantasy digital art",0.7917645573616028,0.5915956497192383,40.20084699951311,0.726757
1159_3.png,98,run_12,3,"'highly detailed semi-realistic fantasy anime warrior character with platinum-blonde spiky hair, donning intricately designed silver armor with a glowing vibrant golden energy whip, strong teal and orange fire auras, dramatic dark mystic background, 4k oil painting",0.8328664302825928,0.6252343654632568,47.03449614418394,0.726296
1159_3.png,99,run_2,4,"highly detailed, photorealistic anime male spiky-haired warrior in silver armor adorned with ancient mystical runes, wielding a powerful golden energy lash, engulfed by a swirling, turbulent vortex of teal and orange flame",0.7921470403671265,0.583649218082428,41.5291900587411,0.725389
1159_3.png,100,run_15,2,"highly detailed, semi-realistic, fantasy artwork of a strong blonde anime warrior with electrified spiky orange hair, shining silver armor, glowing golden energy whip, teal flame auras, dark, mystical background, fantasy, digital painting style, masterpiece",0.7936751246452332,0.59354567527771,40.66512303992469,0.724879
1159_3.png,101,run_6,2,"semi-realistic anime warrior in a dark dramatic fantasy landscape, surrounded by flames of teal and orange, holding a golden whip with magical powers, in a highly detailed 4k digital painting style",0.8045122623443604,0.5530117154121399,49.20548157840668,0.724311
1159_3.png,102,run_11,5,"a highly detailed 4k digital painting of an anime warrior with a spiky hairstyle in gleaming silver magic armor, amidst swirly teal and orange flames",0.8274931907653809,0.5941470265388489,49.985437439820075,0.724212
1159_3.png,103,run_7,5,"highly detailed photorealistic digital painting of an anime warrior with long platinum blonde spiky hair and piercing crimson eyes, standing atop a craggy mountain peak, clad in gleaming high-gloss silver armor that shimmers with an otherworldly aura, wielding a fiery intense golden energy whip that crackles with raw power, amidst a backdrop of a dense dark fantasy world with subtle hints of ancient magic",0.7949756979942322,0.5799204111099243,43.00012661096299,0.723657
1159_3.png,104,run_14,2,"detailed anime warrior with spiky silver hair in gleaming silver armor, glowing golden whip, swirling teal and orange fire auras, dramatic dark fantasy setting, highly detailed 4k digital artwork",0.8084502816200256,0.5877007246017456,45.67718029043341,0.723535
1159_3.png,105,run_7,3,"anime warrior with long platinum blonde spiky hair, exquisite silver armor, powerful golden energy whip, dynamic teal and orange fire auras, highly stylized digital painting",0.7997332215309143,0.5747610926628113,45.117843634999666,0.722664
1159_3.png,106,run_13,5,"highly detailed anime warrior in brilliant silver armor, infused with powerful, magical golden energy from their enchanted whip, set against a dramatic, epic, dark fantasy stormy sky with bold orange and teal colors",0.7862758040428162,0.5856664180755615,39.93803624824735,0.722571
1159_3.png,107,run_15,5,"blonde male anime warrior with electrified spiky silver hair, burnished silver plate armor, luminous golden energy whip and teal and orange flame auras in a dense mystical forest, highly detailed, 4k, realistic fantasy artwork, fantasy masterpiece",0.7938239574432373,0.5848771333694458,42.24293268682571,0.721493
1159_3.png,108,run_9,3,"'a highly detailed, realistic fantasy art piece, depicting a male blonde spiky-haired fighter in darkened silver armor, with an ethereal glowing golden energy whip, vibrant teal and orange fire auras, amidst a desolate and ruined cityscape in a deep, dark background'",0.8234062194824219,0.621634840965271,45.47967995306248,0.720997
1159_3.png,109,run_11,2,"highly detailed blonde male spiky-haired anime warrior in silver armor, glowing golden energy whip, teal and orange fire auras, dark dramatic mystical background, semi-realistic fantasy art",0.8094487190246582,0.582180917263031,47.031408001707184,0.720443
1159_3.png,110,run_2,4,"highly realistic masterfully rendered anime male spiky-haired warrior in metallic silver armor adorned with mystical runes of protection, wielding a radiant golden energy whip, engulfed by a swirling maelstrom of vibrant teal and orange flames",0.7874438762664795,0.5779571533203125,41.71196649787911,0.718767
1159_3.png,111,run_10,5,"detailed semi-realistic digital painting of a blonde anime warrior with spiky blonde hair, gleaming polished silver armor, and a radiant golden whip, amidst vibrant teal and orange fire auras, in a highly detailed fantasy landscape",0.8310469388961792,0.6171166300773621,48.54896004403991,0.717737
1159_3.png,112,run_8,2,"highly realistic semi-realistic fantasy artwork of a male anime warrior in silver armor with blonde spiky hair, glowing golden energy whip, teal and orange fire auras in a dark, mysterious background",0.8186136484146118,0.5885075926780701,48.99879778182263,0.717684
1159_3.png,113,run_7,1,"highly detailed, 4k quality, masterpiece of a blonde male spiky-haired anime warrior in sleek silver armor, shining golden energy whip, mesmerizing teal and orange fire auras, dramatic dark fantasy landscape, digital painting style",0.7976392507553101,0.5790995359420776,44.73231258146818,0.715387
1159_3.png,114,run_14,1,"detailed anime warrior with spiky hair in shining silver armor, glowing golden whip, swirling teal and orange fire auras, dramatic dark scene, highly detailed 4k fantasy art",0.8318150639533997,0.6031654477119446,50.91428950883097,0.715273
1159_3.png,115,run_5,5,"highly detailed 4k digital oil painting of an anime warrior in gleaming weathered silver armor, with short choppy spiky blond hair and a focused intense expression, holding a radiant shining golden energy sword, amidst explosive teal and warm burnt orange fire auras in a dense hazy environment",0.831924557685852,0.6390205025672913,46.10267420622372,0.715142
1159_3.png,116,run_15,1,"blonde male spiky-haired anime warrior in polished silver armor, glowing bright golden energy whip, teal and orange fiery auras, dramatic dark fantasy landscape, highly detailed, semi-realistic fantasy art",0.784974992275238,0.5723864436149597,42.17768195967336,0.715104
1159_3.png,117,run_14,3,"highly stylized anime warrior with vibrant spiky hair, standing proudly in highly detailed, resplendent silver armor, holding a glowing golden whip, surrounded by intense swirling teal and orange flames, 4k digital art.",0.7894173860549927,0.5656552910804749,44.34629172845555,0.714812
1159_3.png,118,run_4,4,"'golden anime warrior in an intense, highly detailed, digital painting, with spiky blonde hair, metallic silver armor, powerful golden energy whip, and vibrant teal and orange fire auras, set against a foreboding dark stormy background with a bright full moon'",0.7916672825813293,0.5889556407928467,41.83964386955319,0.714549
1159_3.png,119,run_9,2,"a masterfully crafted and highly realistic fantasy digital painting of a striking blonde male spiky-haired warrior with long hair wearing ornate and darkened silver armor, with a powerful golden energy whip, radiant teal and fiery orange fire auras, in a desolate and ruined cityscape background with hints of mysterious darkness",0.7955282330513,0.6004173755645752,41.420367363187964,0.713916
1159_3.png,120,run_9,3,"'a stunning digital art painting of a high fantasy warrior with a blonde, masculine, spiky-haired character, wearing darkened metallic silver armor, grasping a powerful glowing golden energy whip, set against a dramatic dark background with a ruined cityscape, ablaze with teal and orange flames'",0.7689232230186462,0.5636759996414185,39.517140928923,0.709612
1159_3.png,121,run_8,2,"anime warrior with blonde spiky hair in silver armor wielding a golden energy whip, surrounded by teal and orange fire auras in a dark dramatic background highly detailed digital painting",0.8232649564743042,0.5938411951065063,50.48663119550052,0.709033
1159_3.png,122,run_15,2,"fantasy artwork of a blonde male anime warrior with electrified spiky teal and orange energy-infused hair, shining silver plate armor, glowing golden energy whip, flame auras, dark, moody atmospheric background, realistic, detailed, 4k resolution",0.8078087568283081,0.5910362601280212,46.730980948103344,0.707831
1159_3.png,123,run_11,2,"anime-inspired blonde male spiky-haired warrior in metallic silver armor, wielding a shining golden energy whip, surrounded by vibrant teal and orange flames, against a dark, moody landscape",0.8119076490402222,0.5840117335319519,48.87074647334998,0.707294
1159_3.png,124,run_8,3,"a highly detailed, semi-realistic anime-style watercolor painting of a blonde male warrior in ornate silver armor with spiky short hair, a sturdy golden energy whip, and soft teal and orange fire auras in an epic dark fantasy world",0.8154492974281311,0.618283212184906,45.24582149039684,0.706927
1159_3.png,125,run_10,2,"blonde male anime warrior with long spiky blonde hair in gleaming silver armor adorned with sacred symbols, radiant golden energy whip, vibrant teal and orange fire auras, dark dramatic misty forest, highly detailed semi-realistic fantasy 4k digital art",0.7841994166374207,0.5781598091125488,42.081841047663644,0.706704
1159_3.png,126,run_14,2,"detailed anime warrior with sharp spiky hair in radiant silver armor, glowing golden whip, swirling teal and orange flames, dramatic dark fantasy scene, highly detailed 8k fantasy art",0.8088688850402832,0.583958625793457,48.12775125350279,0.706471
1159_3.png,127,run_5,2,"highly detailed, high-quality digital painting of a blonde anime warrior with short, choppy spiky hair in metallic, textured silver armor, wielding a strong, glowing golden energy whip, amidst intense, blazing teal, orange fire auras",0.8311091065406799,0.5999444723129272,52.373196451025954,0.703910
1159_3.png,128,run_4,1,"blonde male spiky-haired anime warrior in sleek silver armor, energetic golden energy whip, intense teal and orange fire auras, dramatic dark cityscape background, semi-realistic fantasy art",0.811970055103302,0.6085480451583862,45.95603345486801,0.703645
1159_3.png,129,run_14,3,"anime warrior in highly detailed, resplendent silver armor, spiky hair, wielding golden whip, surrounded by swirling dark teal and orange flames, 4k digital art",0.8033246397972107,0.5782144069671631,47.716143180322774,0.703297
1159_3.png,130,run_6,1,"detailed realistic digital artwork of a blonde male spiky-haired anime warrior in gleaming silver armor, wielding a powerful golden energy whip, surrounded by fiery teal and orange auras, against a dark dramatic background",0.82364422082901,0.6126164793968201,48.7050175977231,0.702906
1159_3.png,131,run_13,5,"highly detailed anime warrior in polished silver armor, radiating pure golden energy from their majestic whip, set against a foreboding, ominous, dark fantasy stormy sky with vibrant orange and teal highlights",0.7803148627281189,0.5948096513748169,39.2562096523604,0.702028
1159_3.png,132,run_2,1,"highly detailed anime male spiky-haired fantasy warrior in silver armor, glowing golden energy whip, teal and orange fiery auras, dark dramatic background, semi-realistic 4k art",0.8107865452766418,0.5951409935951233,47.67887748691239,0.701464
1159_3.png,133,run_14,1,"anime warrior with messy blonde spiky hair in sleek silver armor, powerful golden energy whip, brilliant teal and orange fire auras, dark mysterious background, masterfully crafted fantasy digital painting",0.8338930606842041,0.6191088557243347,51.06593695579307,0.699056
1159_3.png,134,run_3,5,"highly detailed 6k realistic anime warrior with long platinum blonde hair and ornate dark silver armor, surrounded by soft warm teal and orange radiant fire auras, wielding a gleaming platinum energy whip, set against a mysterious dark fantasy landscape",0.7642830610275269,0.5758671760559082,37.82012729134946,0.698093
1159_3.png,135,run_15,2,"realistic fantasy artwork of a blonde male anime warrior with electrified spiky teal and orange hair, shining silver armor, glowing golden energy whip and flame auras, dark atmospheric background, detailed, semi-realistic, fantasy, 4k resolution",0.8053383827209473,0.5956626534461975,46.50333333952634,0.697747
1159_3.png,136,run_3,3,"highly detailed, 4k, realistic anime warrior with short spiky platinum blonde hair and elaborate ornate silver armor, surrounded by soft warm teal and vibrant orange fire auras, standing on a rocky outcropping in a dark gothic fantasy landscape",0.782263994216919,0.5892881751060486,41.152853243684206,0.696325
1159_3.png,137,run_7,2,"anime warrior with long platinum blonde spiky hair, resplendent silver armor, fiery golden energy lash, explosive teal and orange infernos, highly detailed and highly stylized background of a mystical dark fantasy realm, 4k ultra-high definition",0.802737295627594,0.611469030380249,43.821938777864084,0.696096
1159_3.png,138,run_12,4,"highly detailed semi-realistic fantasy anime warrior character with platinum-blonde spiky hair adorned with gemstones, donning sleek silver armor with a glowing vibrant golden energy whip, dramatic teal orange fire auras, dark background with ancient ruins, 4k digital painting",0.8229249715805054,0.6150609850883484,48.93139495452052,0.695852
1159_3.png,139,run_11,5,"highly detailed 4k digital art masterpiece of a dark-haired anime warrior with a spiky hairstyle in gleaming silver magic armor, amidst swirling teal and orange fantasy flames",0.8050554990768433,0.5831339359283447,48.370488223190364,0.695428
1159_3.png,140,run_14,4,"an epic anime fantasy warrior with dark armor, spiky hair, golden whip, blazing orange and teal flames, 4k digital art",0.8158369660377502,0.6118462681770325,47.488742879039044,0.695128
1159_3.png,141,run_2,3,"highly realistic 4k masterpiece anime male spiky-haired warrior in polished silver armor adorned with mystical runes, wielding a powerful radiant golden energy whip, engulfed by a swirling teal and orange flame vortex",0.7792137861251831,0.5766477584838867,42.37035788639876,0.693085
1159_3.png,142,run_14,2,"detailed anime warrior with short sharp spiky hair in shining silver armor, glowing golden staff, swirling teal and orange fire auras, moody dark fantasy background, highly detailed 4k fantasy masterpiece",0.8076934814453125,0.577142596244812,50.19161660333367,0.692797
1159_3.png,143,run_10,4,"highly detailed semi-realistic anime warrior with bright shining silver armor, gleaming blonde hair with spiky messy texture, and radiant golden energy whip, standing at the edge of ancient mysterious ruins amidst vibrant teal and orange fire auras, highly detailed fantasy artwork",0.7887287139892578,0.6004632115364075,41.988668659089484,0.691045
1159_3.png,144,run_6,1,"anime-inspired semi-realistic fantasy warrior in polished silver armor, wielding a glowing magical golden whip, surrounded by teal and orange fire effects, dramatic dark landscape",0.7814047336578369,0.5656202435493469,44.7135947825855,0.690795
1159_3.png,145,run_7,1,"blonde male spiky-haired anime warrior in glistening silver armor, radiant golden energy whip, electric teal and orange fire auras, deep dramatic background with distant mystical mountains, highly detailed fantasy art",0.7900963425636292,0.5966470837593079,43.00584645902997,0.689897
1159_3.png,146,run_2,3,"highly detailed 4k anime male spiky-haired warrior in intricate silver armor with glowing mystical runes, wielding a shining golden energy whip, surrounded by a dynamic swirling teal and orange flame",0.7986404895782471,0.5872093439102173,46.664102695813774,0.689684
1159_3.png,147,run_6,2,"a highly realistic and detailed anime-inspired fantasy warrior in polished armor wields a magical golden whip with glowing effects in a dark, moody landscape, set ablaze by teal and orange flames",0.78718101978302,0.5892542004585266,43.360094711139794,0.688428
1159_3.png,148,run_10,5,"highly detailed, 4k resolution semi-realistic fantasy artwork of a stunning blonde anime warrior with spiky messy blonde hair, gleaming polished silver armor, and radiant golden energy whip, amidst vibrant teal and orange fire auras, in a richly detailed, textured fantasy landscape",0.8037135601043701,0.6053699851036072,45.773136918047506,0.688108
1159_3.png,149,run_10,1,"male anime warrior with spiky blonde hair, shining silver armor, glowing golden aura, teal and orange fire effects, realistic fantasy digital art, dark and ominous atmosphere",0.8179011940956116,0.6162095665931702,48.409700401363374,0.686333
1159_3.png,150,run_9,2,"highly detailed and realistic fantasy 4k digital painting of a blonde male spiky-haired warrior with long hair in ornate darkened silver armor, with a blazing golden energy whip, vibrant teal and intense orange fire auras, in a dramatic and foreboding dark background with a partially destroyed cityscape in ruins",0.784332275390625,0.590457022190094,42.70451783377769,0.685691
1159_3.png,151,run_13,4,"highly detailed anime warrior in silver armor, standing proudly amidst golden energy swirling out from their whip, set against a dramatic, dark fantasy stormy sky with deep oranges and teal hues",0.7642354369163513,0.5703206062316895,40.11551007646798,0.683558
1159_3.png,152,run_12,1,"male anime warrior with platinum blonde spiky hair, wielding a glowing golden energy whip, set against a dark dramatic background with intense teal and orange fire auras, semi-realistic style, fantasy art",0.8192234635353088,0.5987968444824219,51.58583853504237,0.682103
1159_3.png,153,run_1,4,"highly detailed semi-realistic blonde male spiky-haired anime warrior in mirror-polished silver armor, intense golden energy whip, bright teal and orange fire auras, dark dramatic fantasy landscape, digital painting",0.7846468091011047,0.5826337337493896,44.30347323624858,0.681466
1159_3.png,154,run_1,2,"highly detailed blonde male spiky-haired anime warrior in polished silver armor, intense golden energy whip, vibrant teal and orange fire auras, atmospheric dark dramatic background, semi-realistic 4k fantasy art",0.8277787566184998,0.6216028332710266,50.93184782261891,0.681411
1159_3.png,155,run_12,4,"semi-realistic mystical fantasy anime warrior character with platinum-blonde spiky hair, donning intricately designed silver armor with a majestic golden energy whip, dynamic teal orange fire auras, moody dark atmospheric background, stunning masterpiece",0.808985710144043,0.6210277080535889,45.87720093320708,0.680921
1159_3.png,156,run_12,3,"highly detailed semi-realistic fantasy anime warrior character with pure platinum-blonde spiky hair, donning ornate silver armor with a powerful glowing golden energy whip, bright teal and orange fire auras, dark and ominous shadowy background, masterpiece oil painting",0.8041148781776428,0.6087015867233276,46.24755515050789,0.680503
1159_3.png,157,run_10,1,"blonde male spiky-haired anime warrior in polished silver armor, glowing golden energy whip, teal and orange fire auras, dramatic dark fantasy realm, highly detailed realistic painting",0.8105916380882263,0.599173903465271,49.46120242808186,0.679229
1159_3.png,158,run_3,1,"anime male warrior with vibrant blonde spiky hair, donning radiant silver armor, gripping a blazing golden energy whip, surrounded by dynamic teal and orange fire auras, set within a dark moody dramatic fantasy backdrop, highly detailed and realistic digital painting",0.8193039298057556,0.6205548048019409,49.01076400873383,0.678842
1159_3.png,159,run_14,1,"blonde anime warrior in rugged silver armor, glowing golden energy whip, dynamic teal and orange fire auras, dark moody background, realistic fantasy art",0.8168994784355164,0.6036744713783264,50.66021172078786,0.678593
1159_3.png,160,run_2,1,"anime male warrior, spiky blonde hair, silver armor, glowing golden whip, teal and orange flames, dark dramatic fantasy art with semi-realistic digital painting style",0.8215802907943726,0.6165811419487,50.31633891572811,0.677542
1159_3.png,161,run_12,2,"anime warrior character set in a semi-realistic world with platinum-blonde spiky hair, donning ornate, silver armor with golden whip, vibrant teal and orange fire auras with dramatic dark background, detailed acrylic painting",0.7955165505409241,0.6101303100585938,44.10506181424675,0.676552
1159_3.png,162,run_1,Baseline,"blonde male spiky-haired anime warrior in silver armor, glowing golden energy whip, teal and orange fire auras, dark dramatic background, semi-realistic fantasy art",0.8226097226142883,0.6159082651138306,50.82305275607655,0.676314
1159_3.png,163,run_2,Baseline,"blonde male spiky-haired anime warrior in silver armor, glowing golden energy whip, teal and orange fire auras, dark dramatic background, semi-realistic fantasy art",0.8226097226142883,0.6159082651138306,50.82305275607655,0.676314
1159_3.png,164,run_3,Baseline,"blonde male spiky-haired anime warrior in silver armor, glowing golden energy whip, teal and orange fire auras, dark dramatic background, semi-realistic fantasy art",0.8226097226142883,0.6159082651138306,50.82305275607655,0.676314
1159_3.png,165,run_4,Baseline,"blonde male spiky-haired anime warrior in silver armor, glowing golden energy whip, teal and orange fire auras, dark dramatic background, semi-realistic fantasy art",0.8226097226142883,0.6159082651138306,50.82305275607655,0.676314
1159_3.png,166,run_5,Baseline,"blonde male spiky-haired anime warrior in silver armor, glowing golden energy whip, teal and orange fire auras, dark dramatic background, semi-realistic fantasy art",0.8226097226142883,0.6159082651138306,50.82305275607655,0.676314
1159_3.png,167,run_6,Baseline,"blonde male spiky-haired anime warrior in silver armor, glowing golden energy whip, teal and orange fire auras, dark dramatic background, semi-realistic fantasy art",0.8226097226142883,0.6159082651138306,50.82305275607655,0.676314
1159_3.png,168,run_7,Baseline,"blonde male spiky-haired anime warrior in silver armor, glowing golden energy whip, teal and orange fire auras, dark dramatic background, semi-realistic fantasy art",0.8226097226142883,0.6159082651138306,50.82305275607655,0.676314
1159_3.png,169,run_8,Baseline,"blonde male spiky-haired anime warrior in silver armor, glowing golden energy whip, teal and orange fire auras, dark dramatic background, semi-realistic fantasy art",0.8226097226142883,0.6159082651138306,50.82305275607655,0.676314
1159_3.png,170,run_9,Baseline,"blonde male spiky-haired anime warrior in silver armor, glowing golden energy whip, teal and orange fire auras, dark dramatic background, semi-realistic fantasy art",0.8226097226142883,0.6159082651138306,50.82305275607655,0.676314
1159_3.png,171,run_10,Baseline,"blonde male spiky-haired anime warrior in silver armor, glowing golden energy whip, teal and orange fire auras, dark dramatic background, semi-realistic fantasy art",0.8226097226142883,0.6159082651138306,50.82305275607655,0.676314
1159_3.png,172,run_11,Baseline,"blonde male spiky-haired anime warrior in silver armor, glowing golden energy whip, teal and orange fire auras, dark dramatic background, semi-realistic fantasy art",0.8226097226142883,0.6159082651138306,50.82305275607655,0.676314
1159_3.png,173,run_12,Baseline,"blonde male spiky-haired anime warrior in silver armor, glowing golden energy whip, teal and orange fire auras, dark dramatic background, semi-realistic fantasy art",0.8226097226142883,0.6159082651138306,50.82305275607655,0.676314
1159_3.png,174,run_13,Baseline,"blonde male spiky-haired anime warrior in silver armor, glowing golden energy whip, teal and orange fire auras, dark dramatic background, semi-realistic fantasy art",0.8226097226142883,0.6159082651138306,50.82305275607655,0.676314
1159_3.png,175,run_14,Baseline,"blonde male spiky-haired anime warrior in silver armor, glowing golden energy whip, teal and orange fire auras, dark dramatic background, semi-realistic fantasy art",0.8226097226142883,0.6159082651138306,50.82305275607655,0.676314
1159_3.png,176,run_15,Baseline,"blonde male spiky-haired anime warrior in silver armor, glowing golden energy whip, teal and orange fire auras, dark dramatic background, semi-realistic fantasy art",0.8226097226142883,0.6159082651138306,50.82305275607655,0.676314
1159_3.png,177,run_2,2,"highly detailed realistic anime male spiky-haired fantasy warrior in silver armor, glowing golden energy whip, teal and orange fiery auras, dark dramatic background, 8k art",0.8145017623901367,0.6149678826332092,48.8900583782382,0.674665
1159_3.png,178,run_11,4,"a highly detailed cinematic digital painting of a blonde anime warrior with spiky hair in gleaming metallic silver armor, wielding a gleaming 24k golden and black energy whip, surrounded by blazing teal and orange flames, in a highly detailed highly realistic fantasy world",0.7982501983642578,0.5920017957687378,47.53284158688603,0.674513
1159_3.png,179,run_8,3,"a highly detailed, stylized anime-style acrylic painting of a blonde male warrior in embossed silver armor with spiky styled hair, a razor-sharp golden energy whip, and bold teal and orange fire auras in a dark and foreboding fantasy world",0.8200763463973999,0.6198472380638123,49.792991602821054,0.674425
1159_3.png,180,run_10,4,"highly detailed fantasy artwork of a blonde anime warrior with spiky messy blonde hair, gleaming polished silver armor, and radiant golden energy whip, standing at the edge of dark mysterious ancient ruins amidst vibrant teal and orange fire auras, 4k resolution digital painting with delicate brushstrokes",0.763510525226593,0.5777321457862854,39.958528205503356,0.673788
1159_3.png,181,run_9,4,"a highly detailed and masterful digital painting of a blonde male warrior with a bold spiky hairdo and long flowing hair, clad in ornate dark metallic armor adorned with intricate engravings, holding a glowing golden energy whip surrounded by turbulent teal and orange fire auras, amidst a dark and foreboding cityscape in a state of ruin",0.7734693884849548,0.5940918326377869,40.52221912323238,0.673493
1159_3.png,182,run_4,3,"golden anime warrior in vibrant, epic, highly detailed, 4k, semi-realistic digital painting, spiky blonde hair, metallic silver armor with a dragon emblem, powerful golden energy whip, intense teal and orange fire auras, dark stormy background with a full moon",0.7882904410362244,0.6135668158531189,42.041171103443624,0.672864
1159_3.png,183,run_4,4,"'legendary spiky blonde anime warrior with metallic silver armor and golden energy whip in a highly detailed, dramatic, digital painting, surrounded by intense teal and orange fire auras, set against a dark stormy backdrop with a full moon'",0.7994959354400635,0.6134049892425537,45.16095722894059,0.672805
1159_3.png,184,run_10,1,"blonde male spiky-haired anime warrior in gleaming silver armor, radiant golden energy whip, vibrant teal and orange fire auras, dark dramatic landscape, semi-realistic fantasy masterpiece",0.8001853227615356,0.594576895236969,48.144645400050614,0.670531
1159_3.png,185,run_7,5,"dense dark fantasy world digital painting featuring an anime warrior with long platinum blonde spiky hair, donning high-gloss silver armor and wielding a fiery golden energy whip that crackles with intense magical energy, with vibrant teal and orange fire auras blazing in the background, highly detailed and photorealistic",0.7825976610183716,0.5898215174674988,43.964120505819565,0.670272
1159_3.png,186,run_5,2,"highly stylized, detailed digital painting of a blonde anime warrior with long, flowing spiky hair in ornate, decorative silver armor, amidst soft, ethereal teal, orange fire auras in a dark, dramatic background",0.8018060922622681,0.6155320405960083,45.97549529677069,0.668463
1159_3.png,187,run_14,4,"highly detailed anime fantasy warrior with regal silver armor, spiky dark hair, gleaming golden whip, swirling teal and orange flames, 4k highly detailed digital painting",0.7955769300460815,0.613206684589386,44.614063330469094,0.668069
1159_3.png,188,run_12,5,"highly detailed semi-realistic fantasy anime warrior character with platinum-blonde spiky hair, donning polished silver armor with a golden energy whip, vibrant teal and orange fire auras, dramatic dark background with misty mountains, 4k digital artwork",0.7572360038757324,0.5731619000434875,39.675041368963214,0.666054
1159_3.png,189,run_4,1,"blonde male spiky-haired anime warrior in metallic silver armor, intense golden energy whip, vibrant teal and orange fire auras, dark dramatic stormy background, highly detailed semi-realistic fantasy art",0.8091368079185486,0.6223980784416199,47.33207056214726,0.666000
1159_3.png,190,run_11,4,"highly detailed cinematic digital painting of a spiky-haired blonde anime warrior in gleaming metallic silver magic armor, wielding a gleaming 24k gold and black energy whip, surrounded by intense teal and fiery orange flames, in a highly detailed 8k fantasy environment",0.8037458062171936,0.5977560877799988,49.245137963841664,0.665410
1159_3.png,191,run_4,1,"male blonde anime warrior in spiky hairstyle, shining silver armor, intense golden energy whip, vibrant teal and orange fire auras, dramatic dark background with mystical ancient ruins, highly detailed semi-realistic fantasy art",0.792548656463623,0.597735583782196,46.207641541347826,0.664953
1159_3.png,192,run_15,3,"blonde male anime warrior with electrified, dynamic, spiky silver hair, ornate shining silver plate armor, a bright glowing golden energy whip and vibrant teal and orange flame auras in a foreboding mystical world, highly detailed, realistic, 4k, fantasy artwork, digital art style",0.7851200103759766,0.5915241837501526,45.019563480395384,0.664764
1159_3.png,193,run_7,2,"anime warrior with spiky honey blonde hair, radiant silver armor adorned with mystical runes, golden energy whip crackling with electricity, swirling teal and orange flames, highly detailed digital painting background of a gothic dark fantasy world, semi-realistic and highly stylized art",0.7982969284057617,0.6084604859352112,46.4901548086429,0.663562
1159_3.png,194,run_7,2,"anime warrior with long golden blonde spiky hair, shimmering metallic silver armor, blazing golden energy whip imbued with elemental magic, explosive teal and orange fire auras, highly detailed and 4k ultra-high definition background of a fantastical dark fantasy world, masterpiece digital painting",0.8039519190788269,0.6357845067977905,44.501231411053695,0.662149
1159_3.png,195,run_12,4,"vibrant semi-realistic fantasy anime warrior character with platinum-blonde spiky hair, donning polished silver armor with a bright golden energy whip, vibrant teal orange fire auras, dramatic deep dark background, highly detailed oil painting",0.7846105694770813,0.5989272594451904,44.16446894330021,0.662075
1159_3.png,196,run_3,3,"a highly detailed, 8k, photorealistic anime warrior with long spiky blonde hair and intricate, polished silver armor, surrounded by soft warm aqua and vibrant orange fire auras, standing heroically in a mystical dark fantasy landscape",0.7810962200164795,0.5953407287597656,43.72669760518628,0.661645
1159_3.png,197,run_10,1,"anime-inspired warrior with spiky blonde hair, gleaming silver armor, powerful golden energy whip, swirling teal and orange fire auras, dark fantasy world, highly detailed digital painting with rich textures",0.8186202049255371,0.6219713687896729,50.50724799778889,0.661324
1159_3.png,198,run_3,1,"highly detailed anime male warrior with blonde spiky hair, silver armor, and a glowing golden energy whip, surrounded by dynamic teal and orange fire auras, set against a dark dramatic background",0.8074369430541992,0.5915505290031433,51.71521572173458,0.659705
1159_3.png,199,run_13,3,"a highly detailed anime warrior, dressed in intricate silver armor adorned with symbolic golden accents, emanating powerful energy from their mystical whip, set against a dramatic, dark fantasy stormy sky with dynamic orange and teal highlights",0.7665727138519287,0.611227810382843,37.829017165158994,0.659210
1159_3.png,200,run_7,1,"highly detailed blonde male spiky-haired anime warrior in silver armor, intense glowing golden energy whip, vibrant teal and orange fire auras, dark and ominous dramatic background, semi-realistic fantasy art",0.8036280870437622,0.6085292100906372,48.58996202379212,0.657605
1159_3.png,201,run_15,4,"dark, mystical, highly detailed realistic anime warrior with electrified spiky silver hair, shining silver plate armor, glowing golden energy whip, teal and orange flame auras in a fantasy world",0.7984405755996704,0.5995926260948181,48.44045094314307,0.656938
1159_3.png,202,run_15,1,"blonde male spiky-haired anime warrior in gleaming silver armor, golden energy whip crackling with teal and orange fire auras, dark dramatic fantasy scene, highly detailed, realistic fantasy art, 4k resolution",0.7951698899269104,0.6045089364051819,46.928104497816584,0.656417
1159_3.png,203,run_4,5,"anime warrior in breathtaking, hyper-realistic, 4k digital painting, with spiky blonde hair and metallic silver armor, infused with powerful golden energy, surrounded by intense teal and orange fire auras, set against a dramatic dark stormy background with a full moon",0.8079043030738831,0.6394547820091248,45.73412150750175,0.656180
1159_3.png,204,run_1,2,"vibrant blonde male spiky-haired anime warrior in exquisite silver armor, mesmerizing golden energy whip, intense teal and orange fire auras, moody dark dramatic background, highly detailed 8k fantasy art",0.8177605271339417,0.6298712491989136,49.884192850111816,0.654940
1159_3.png,205,run_1,5,"dark dramatic fantasy scene featuring highly detailed blonde male spiky-haired anime warrior in polished silver armor, intense golden energy whip, shimmering teal and orange fire auras",0.8039190769195557,0.6136624217033386,48.47479067716376,0.652941
1159_3.png,206,run_1,5,"highly detailed highly realistic blonde anime warrior in polished silver armor wielding intense golden energy whip, vibrant teal and orange fire auras amidst dark dramatic atmospheric background, 4k masterpiece",0.7979550361633301,0.5973015427589417,49.050996973002505,0.652885
1159_3.png,207,run_11,4,"detailed 4k digital masterpiece of a spiky-haired blonde anime warrior in gleaming silver magic armor, wielding a gleaming golden and black energy whip, amidst intense teal and orange flames, in a cinematic fantasy environment with intricate details",0.7752388119697571,0.6000556349754333,42.54951655535807,0.651589
1159_3.png,208,run_15,4,"highly detailed, photorealistic, dark fantasy male anime warrior with electrified spiky silver hair, shining silver plate armor, glowing golden energy whip, teal and orange flame auras in a mystical world, painted in oil",0.8046665191650391,0.5981948971748352,50.93090104669396,0.651493
1159_3.png,209,run_7,4,"semi-realistic anime warrior with long platinum blonde spiky hair in mid-air, wielding a fiery blazing golden energy whip, surrounded by explosive electric teal and orange fire auras, set against a highly detailed background of a dark fantasy realm",0.8124381303787231,0.6321455836296082,48.510063079993586,0.651185
1159_3.png,210,run_14,5,"highly detailed anime warrior with majestic spiky hair, resplendent highly polished silver armor gleaming with intricate engravings, glowing mighty golden whip, swirling vibrant teal and orange flames, intense dark fantasy environment, 4k digital mixed media art",0.7975571751594543,0.6352133750915527,44.07186466761613,0.650412
1159_3.png,211,run_7,3,"highly detailed anime dark fantasy warrior with long platinum blonde spiky hair, masterfully crafted silver armor, brilliant golden energy whip, mesmerizing teal and orange fire auras, fantasy world art masterpiece",0.7745683193206787,0.5959267616271973,43.0677991646645,0.650244
1159_3.png,212,run_11,1,"blonde male spiky-haired anime warrior in refined high-shine silver armor, radiant intense golden energy whip, vibrant teal and orange fire auras, dark foreboding background, highly detailed realistic fantasy art",0.8057030439376831,0.6194135546684265,48.52263713457683,0.649818
1159_3.png,213,run_1,2,"blonde male spiky-haired anime warrior in mirror-sharp silver armor, glowing golden energy whip, teal and orange fire auras, dramatic low-angle shot dark dramatic background, highly detailed digital painting",0.8158425688743591,0.6266739964485168,50.40361668697491,0.649195
1159_3.png,214,run_2,5,"highly stylized anime male spiky-haired warrior in radiant silver armor accented with mysterious mystical runes, grasping a shining golden energy whip, surrounded by a dynamic swirling vortex of electric teal and orange flame",0.7934058904647827,0.6038614511489868,47.411223331717224,0.648184
1159_3.png,215,run_15,5,"blonde male anime warrior with electrified spiky silver hair, glistening silver plate armor, pulsating golden energy whip and teal and orange flame auras in a dimly lit dark fantasy world, highly detailed, fantasy landscape, digital artwork, masterpiece",0.7765506505966187,0.585462749004364,45.314167590094144,0.647610
1159_3.png,216,run_8,3,"a photorealistic, highly textured, anime-style digital art of a blonde male warrior in shining silver armor with spiky feathered hair, a heavy golden energy whip, and warm teal and orange fire auras in a mysterious dark fantasy world",0.791739821434021,0.6098436117172241,46.225727023820305,0.647397
1159_3.png,217,run_1,5,"semi-realistic 4k digital painting of a blonde anime warrior in polished silver armor with intense golden energy whip, surrounded by vibrant teal and orange fire auras, atmospheric dark dramatic background",0.8209840655326843,0.6249499320983887,52.258224729595675,0.647304
1159_3.png,218,run_6,4,"semi-realistic anime fantasy warrior in a dark epic fantasy realm, surrounded by blazing teal orange flames, holding a magnificent golden whip with enchanting powers, in a 4k highly detailed digital painting style",0.7900607585906982,0.5816302299499512,49.71118230366022,0.646204
1159_3.png,219,run_5,5,"highly detailed 8k digital watercolor painting of an anime warrior in gleaming metallic silver armor, with short messy spiky red hair and a strong courageous expression, holding a brilliant gleaming golden energy blade, amidst vibrant teal and dynamic orange fire auras in a dense heavy foggy environment",0.807784914970398,0.6323025226593018,47.738986748575925,0.646202
1159_3.png,220,run_6,3,realistic anime warrior with magical powers in a dark dramatic fantasy world surrounded by vibrant teal and orange flames in a highly detailed digital painting,0.8044835329055786,0.621013343334198,48.492796227071906,0.644934
1159_3.png,221,run_2,4,"anime male spiky-haired warrior in highly polished, silver armor with intricate mystical runes, wielding a magical golden energy whip, engulfed in a swirling, fiery vortex of shimmering teal and orange flames in 4k",0.7960989475250244,0.6159313917160034,47.21114265662494,0.641730
1159_3.png,222,run_8,2,"dramatic and detailed depiction of a blonde male anime warrior in silver armor with a golden energy whip, surrounded by intense teal and orange fire auras in the dark",0.8216309547424316,0.6205523610115051,53.907005087723526,0.639140
1159_3.png,223,run_12,3,"semi-realistic fantasy anime warrior character with platinum-blonde spiky hair, donning sleek silver armor with a shining golden energy whip, electric teal and orange fire auras, dramatic dark and gothic background, fine art digital painting'",0.7954568862915039,0.6113132238388062,48.149522844779476,0.637155
1159_3.png,224,run_5,2,"highly detailed, 4k digital painting of a blonde anime warrior with spiky, messy hair in intricately designed silver armor, amidst vibrant teal, orange fire auras in a dark, mystical background",0.8234466910362244,0.6401756405830383,52.12391507647413,0.635654
1159_3.png,225,run_13,2,"highly realistic digital anime warrior in silver armor, glowing golden energy whip, teal and orange fire auras surrounded by ominous, dark dramatic storm clouds",0.7527793645858765,0.5746749639511108,41.66005144291048,0.634139
1159_3.png,226,run_14,3,"highly realistic anime warrior with fiery spiky hair, clad in shining silver armor, wielding a glowing golden whip, amidst swirling teal and orange flames, 4k digital painting",0.806779682636261,0.6126391887664795,51.55500580140117,0.632852
1159_3.png,227,run_1,2,"epic blonde male spiky-haired anime warrior in ornate silver armor, majestic golden energy whip, glowing teal and orange fire auras, misty dark dramatic background, semi-realistic fantasy masterpiece",0.7916055917739868,0.6012532711029053,48.944552298888986,0.632534
1159_3.png,228,run_14,5,"highly detailed anime warrior in action, flowing spiky hair in ornate resplendent silver armor with intricate designs, glowing powerful golden whip, swirling energetic teal and orange flames, dramatic dark fantasy setting, 4k digital oil painting",0.770268976688385,0.6226354837417603,40.33467536283904,0.630923
1159_3.png,229,run_3,5,"highly detailed hyper-realistic anime warrior with wild spiky platinum blonde hair and ornate dark silver armor, surrounded by soft warm teal and orange fire auras, wielding a platinum energy whip, set against a dark and mysterious fantasy backdrop",0.7849997878074646,0.6176291704177856,45.15505328520664,0.630193
1159_3.png,230,run_13,2,"dramatic, highly detailed anime warrior in silver armor, glowing golden energy whip, teal and orange fire auras amidst dark fantasy storm clouds",0.7622087001800537,0.5867271423339844,43.07609039098809,0.629969
1159_3.png,231,run_11,2,"dark-haired blonde anime warrior in metallic silver armor, brandishing a radiant golden energy whip, surrounded by a swirling vortex of teal and orange fire, with a dramatic, dark fantasy setting, highly detailed digital painting",0.7804573774337769,0.5932180881500244,47.33339135370892,0.629021
1159_3.png,232,run_2,4,"highly detailed anime male spiky-haired warrior in gleaming silver armor, adorned with mystical runes, wielding a powerful golden energy whip, surrounded by a massive, turbulent whirlpool of teal and orange flames",0.7883598804473877,0.6179297566413879,46.218113290705894,0.628544
1159_3.png,233,run_8,4,"highly detailed, semi-realistic anime-style oil painting of a blonde male warrior in polished silver armor with golden energy whip and vibrant teal and orange fire auras",0.8016477823257446,0.6185014247894287,49.83815587530372,0.628251
1159_3.png,234,run_15,4,"highly detailed, realistic, dark fantasy male anime warrior with electrified spiky silver hair, shining silver plate armor, glowing golden energy whip, teal and orange flame auras in a gothic, fantasy world",0.799713134765625,0.5967398881912231,52.276156930168334,0.628021
1159_3.png,235,run_1,5,"intensely realistic highly detailed blonde anime warrior in polished silver armor, intense golden energy whip, vibrant teal and orange fire auras, atmospheric dark dramatic background, semi-realistic 8k fantasy art",0.8066733479499817,0.6156354546546936,51.68207552711727,0.627605
1159_3.png,236,run_1,1,"dramatic blonde male spiky-haired anime warrior in mirrored silver armor, energetic golden energy whip, vibrant teal and orange fire auras, dark dramatic clouds background, highly detailed 4k digital painting",0.766991376876831,0.5891792178153992,44.333394202729956,0.627451
1159_3.png,237,run_1,4,"ultra-detailed highly stylized photorealistic blonde male spiky-haired anime warrior in mirror-polished silver armor, intense golden energy, bright teal and orange fire auras, dark dramatic fantasy scene, 4k masterpiece",0.7836039066314697,0.6087332963943481,46.31592826301943,0.627008
1159_3.png,238,run_9,2,"a finely detailed and realistic fantasy digital art piece of a blonde male spiky-haired warrior with long hair adorned in ornate and intricately detailed darkened silver armor, with a crackling golden energy whip, glowing teal and intense orange fire auras, in a dark and ominous cityscape background with remnants of a catastrophic event",0.7703781127929688,0.6215546727180481,40.953149218444764,0.626798
1159_3.png,239,run_9,5,"a highly detailed 4k digital painting of a blonde male warrior with a spiky hairdo and long locks in sleek darkened silver armor, wielding a gleaming golden energy whip that crackles with bright teal and orange flames, set against a dark and ominous cityscape at dusk with a few remaining skyscrapers",0.747610867023468,0.5880292654037476,39.233817070408065,0.626595
1159_3.png,240,run_11,5,cinematic fantasy landscape with a blonde anime warrior featuring a spiky hairstyle in gleaming silver magic armor,0.8024342656135559,0.5969366431236267,53.23889331938135,0.625794
1159_3.png,241,run_10,3,"anime male warrior with vibrant blonde hair styled in bold messy spiky locks, wearing gleaming high-polished silver armor with intricate design details and radiant golden light infused whip, vibrant teal and orange fire auras enveloping him, standing atop a dark mysterious ancient ruin, highly detailed and realistic fantasy oil painting scene, semi-realistic fantasy artwork",0.7684582471847534,0.607118546962738,42.51244744753281,0.625548
1159_3.png,242,run_9,1,"dark dramatic background with a dark and foreboding forest, a blonde male spiky-haired anime warrior in ancient silver armor, glowing golden energy whip, vibrant teal and orange fire auras, highly detailed semi-realistic digital art",0.7884721159934998,0.5978819131851196,49.354140433079095,0.624904
1159_3.png,243,run_15,4,"highly detailed, realistic, dark fantasy anime warrior with electrified spiky silver hair, shining silver plate armor, glowing golden energy whip and teal and orange flame auras in a mystical world",0.8014161586761475,0.6158239841461182,50.69561983229403,0.623036
1159_3.png,244,run_11,5,"anime warrior with a spiky hairstyle in gleaming silver and gold magic armor, wielding a powerful golden energy whip amidst a dramatic fantasy landscape",0.7668189406394958,0.5886169672012329,44.93778282394467,0.622076
1159_3.png,245,run_3,1,"fantasy male spiky-haired warrior in silver armor, vibrant golden energy whip, warm teal and orange fire auras, moody dramatic backdrop, highly detailed semi-realistic artwork",0.8076654672622681,0.6478062272071838,48.240720288079864,0.621615
1159_3.png,246,run_12,1,"male warrior with platinum-blonde spiky hair, set against a dramatic dark background with intense teal and orange fire auras, semi-realistic fantasy art, highly detailed, polished silver armor with glowing golden energy whip",0.8099257946014404,0.6329489946365356,50.901156435419374,0.621384
1159_3.png,247,run_7,4,"anime warrior with long platinum blonde spiky hair, stunning high-gloss silver armor, fiery intense golden energy whip, explosive vibrant teal and orange fire auras, highly detailed 4k background of a rich dark fantasy world",0.7984766960144043,0.6164951324462891,49.98028467936811,0.621295
1159_3.png,248,run_1,1,"blonde male spiky-haired warrior in ornate silver armor, holding a glowing golden energy sword, teal and orange fire auras, dark dramatic mountains background, highly detailed realistic digital painting",0.7527324557304382,0.5935896635055542,40.54176023010073,0.620547
1159_3.png,249,run_13,4,"anime warrior in gleaming silver armor, radiating intense golden aura with their whip, against a turbulent, ominous dark fantasy backdrop with warm orange and teal highlights",0.7499434351921082,0.5788845419883728,41.82287282470331,0.619996
1159_3.png,250,run_7,5,"highly detailed photorealistic digital painting of an epic anime warrior with long platinum blonde spiky hair, sleek high-gloss silver armor adorned with intricate mystical runes, fiery intense golden energy whip crackling with raw power, explosive vibrant teal and orange fire auras engulfing a dense dark fantasy world",0.785735547542572,0.6159178018569946,46.71626607452697,0.619680
1159_3.png,251,run_11,3,"highly detailed anime fantasy art of spiky-haired blonde warrior woman in shimmering silver armor with glowing golden energy whip, against a dramatic high-contrast and cinematic background, with intense teal and orange flames dancing around",0.7464643716812134,0.5698735117912292,42.14436088768506,0.619426
1159_3.png,252,run_6,1,"blonde male spiky-haired anime warrior in shining silver armor, glowing bright golden energy whip, teal and orange intense fire auras, dramatic dark gothic background",0.7850284576416016,0.5947778224945068,49.5151520960129,0.618457
1159_3.png,253,run_4,2,"anime warrior with vibrant, golden blonde hair, metallic silver armor, powerful golden energy whip, intense teal and orange fire auras, set against a dark, dramatic, stormy background with a bright, full moon, highly detailed, semi-realistic digital painting style",0.7785701155662537,0.6207653880119324,44.257068906740365,0.618053
1159_3.png,254,run_3,1,"dark and moody spiky-haired warrior in shimmering silver armor, wielding a glowing golden whip, surrounded by fiery teal and orange auras, set within a dramatic fantasy scene, semi-realistic style",0.7870261669158936,0.5876418948173523,51.10178166442545,0.617813
1159_3.png,255,run_4,5,"epic, highly polished anime warrior in mesmerizing 4k digital oil painting, spiky blonde hair, luxurious metallic silver armor, powerful golden energy whip, with a brilliant teal and orange glow, against a dramatic dark stormy background and a full moon",0.7578563690185547,0.6092200875282288,40.207772459555585,0.617102
1159_3.png,256,run_4,2,"highly realistic, 4k, fantasy anime warrior, golden blonde hair, metallic silver armor, powerful golden energy whip, intense teal and orange fire auras, dynamic, dark, stormy background with a full moon",0.7765320539474487,0.5962594151496887,47.115756353649246,0.617100
1159_3.png,257,run_4,3,"golden anime warrior in fantastical, mythological, highly detailed, 4k, digital painting, spiky blonde hair tied in a ponytail, metallic silver armor with a golden shield, powerful golden energy whip, intense teal and orange fire auras, dark stormy background with a distant city skyline",0.7472653388977051,0.5803383588790894,41.19753932552338,0.617098
1159_3.png,258,run_15,4,"photorealistic, highly detailed, dark fantasy anime warrior with electrified spiky silver hair, shining silver plate armor, glowing golden energy whip, teal and orange flame auras, dramatic lighting in a mysterious world",0.8200082778930664,0.6334730386734009,54.11962724043794,0.616645
1159_3.png,259,run_2,4,"highly realistic, anime male spiky-haired warrior in gleaming metallic silver armor adorned with sacred, mystical runes, wielding a powerful, shimmering golden energy whip, engulfed by a massive, turbulent vortex of swirling teal and orange flames",0.769842267036438,0.6108285784721375,43.452953070191796,0.615644
1159_3.png,260,run_10,1,"highly detailed, 4k, anime-inspired warrior in vibrant silver armor, energetic golden staff, swirling teal and orange flames, dark mystical background, subtle dramatic lighting",0.7761944532394409,0.6020397543907166,46.55589412261613,0.614150
1159_3.png,261,run_1,3,"highly vibrant highly detailed anime warrior with blonde hair and spiky spiky style in a dramatic dark background with a polished silver armor, intense golden energy whip, vibrant teal and orange flame, semi-realistic, 4k high quality",0.7915982007980347,0.6304687261581421,46.99712587290787,0.613762
1159_3.png,262,run_9,3,"'a detailed and ultra-realistic high fantasy digital art painting of a male blonde spiky-haired fighter with long hair in darkened metallic silver armor, with an intense glowing golden energy whip, radiant teal and orange flames auras, in a dramatic and atmospheric dark background with a mysterious and ruined cityscape'",0.7607893943786621,0.580992579460144,45.212935374893554,0.613619
1159_3.png,263,run_8,4,"a highly detailed, realistic digital painting of a blonde male warrior in a set of polished silver armor with a golden whip and vibrant teal and orange auras in a dark fantasy world landscape",0.753795862197876,0.5884168744087219,42.421329137949684,0.612281
1159_3.png,264,run_10,2,"blonde male spiky-haired anime warrior in gleaming metallic silver armor, radiant golden energy whip with blazing orange sparks, vibrant teal and orange fire auras, dark dramatic cityscape, highly detailed semi-realistic fantasy digital art",0.8148097991943359,0.6494651436805725,51.02096281376592,0.611966
1159_3.png,265,run_4,1,"male anime warrior with golden blonde hair in spiky hairstyle, shining silver armor, powerful glowing golden energy whip, bright teal and orange fire auras, dramatic dark background, highly detailed artistic fantasy",0.7961099147796631,0.6249361038208008,49.26132221177887,0.611241
1159_3.png,266,run_4,5,"incredible anime warrior in extraordinary, realistic, 4k digital painting, with spiky blonde hair and metallic silver armor, radiant with powerful golden energy, surrounded by intense teal and orange fire auras, set against a dramatic dark stormy sky with a huge full moon.",0.7847603559494019,0.6329386234283447,45.22938992127802,0.609532
1159_3.png,267,run_15,5,"blonde male anime warrior with electrified spiky platinum silver hair, resplendent silver plate armor, blazing golden energy whip and teal and orange flame auras in a foreboding dark fantasy world, highly detailed, 8k, fantasy masterpiece",0.7745805978775024,0.590815007686615,48.138971934118814,0.609407
1159_3.png,268,run_12,1,"blonde male spiky-haired anime warrior in polished silver armor with glowing golden energy whip, teal and orange fire auras, dark dramatic background, highly detailed semi-realistic fantasy art",0.8090203404426575,0.6306509971618652,52.4099353861037,0.607875
1159_3.png,269,run_5,3,"a highly realistic, hyper-realistic highly detailed digital painting of an anime warrior with short, choppy spiky hair in highly polished metallic silver armor, wielding a radiant golden energy whip, amidst vibrant teal and deep orange fire auras in a moody dark background",0.8175432682037354,0.6351680755615234,54.152191805103605,0.607851
1159_3.png,270,run_9,2,"a highly detailed and photorealistic fantasy digital art masterpiece of a blonde male spiky-haired warrior with long hair wearing ornate and intricately detailed darkened silver armor, with a blazing golden energy whip, radiant teal and intense orange fire auras, in a dark and foreboding cityscape background with remnants of a long-forgotten battle.",0.7535360455513,0.626109778881073,37.75131149951787,0.607555
1159_3.png,271,run_14,3,"a dramatic anime warrior with sharp spiky hair, donning resplendent silver armor adorned with intricate golden details, wielding a radiant golden whip, set against a dark fantasy backdrop with swirling teal and orange flames, digital painting",0.7967663407325745,0.6298259496688843,49.26652096853133,0.606702
1159_3.png,272,run_9,4,"a highly detailed and atmospheric digital painting of a blonde male warrior with a short spiky hairdo and long hair, clad in heavily ornate dark metallic armor adorned with glowing runes, wielding a powerful golden energy whip surrounded by swirling teal and orange fire auras, amidst a dark and foreboding cityscape in a state of utter chaos",0.7552067041397095,0.5917347073554993,42.99678603194204,0.606350
1159_3.png,273,run_9,2,"an intricately detailed and hyper-realistic fantasy digital painting of a blonde male spiky-haired warrior with long hair sporting ornate and intricately designed darkened silver armor, with a fierce golden energy whip, vibrant teal and blazing orange fire auras, in a devastated and ruined cityscape background with mysterious shadows and hints of ancient lore",0.7671765685081482,0.6340113282203674,40.608983137324216,0.606021
1159_3.png,274,run_8,1,"anime-inspired male spiky-haired warrior in radiant silver armor, glowing golden lightsaber, vibrant teal and orange flames, dramatic dark mystical background, beautiful fantasy digital painting masterpiece",0.8128088712692261,0.6334566473960876,53.377054260147254,0.605058
1159_3.png,275,run_15,2,"semi-realistic, highly detailed 4k resolution fantasy artwork of a blonde anime warrior with electrifying spiky, teal and orange-haired energy, shining silver armor, glowing golden energy whip, flame auras, dark, mystical atmospheric background, detailed fantasy, digital painting, masterpiece",0.737949550151825,0.5715249180793762,41.11653472820119,0.605006
1159_3.png,276,run_13,1,"spiky-haired anime warrior in silver armor, glowing golden energy whip, teal and orange fire auras, dramatic, dark gothic fantasy art with intricate details",0.791339099407196,0.6119387149810791,50.457140459653104,0.604224
1159_3.png,277,run_1,4,"highly detailed highly stylized blonde male spiky-haired anime warrior in gleaming polished silver armor, intense golden energy whip, vibrant teal and orange fire auras, atmospheric dramatic fantasy environment, 4k fantasy art",0.7940502762794495,0.6211236119270325,50.120500880763274,0.602738
1159_3.png,278,run_11,2,"detailed, 4k, blonde anime warrior with spiky black hair, donning silver armor, wielding a radiant golden whip, with intense teal and orange fire auras, set against a dramatic, dark, fantasy backdrop",0.7944722175598145,0.5893557071685791,54.65870958015773,0.601622
1159_3.png,279,run_3,3,"highly detailed, 4k, hyper-realistic anime warrior with short spiky platinum blonde hair and ornate, intricate silver armor, wielding a glowing golden energy whip, set against a dark, dramatic fantasy landscape with ominous stormy skies",0.7678400278091431,0.6282716393470764,42.299609758243506,0.599205
1159_3.png,280,run_5,1,"4k blonde anime male in metallic silver armor with spiky hair, glowing energy whip, teal orange fire surrounding him, dramatic dark fantasy scene",0.806849479675293,0.6252202987670898,53.550370722967344,0.598506
1159_3.png,281,run_4,3,"heroic golden anime warrior in cinematic, highly detailed, masterfully crafted, ultra-high definition, semi-realistic digital art, spiky blonde hair with golden highlights, metallic silver armor embossed with a coat of arms, powerful golden energy whip, intense teal and orange fire auras, dark stormy background with a massive storm cloud",0.7601573467254639,0.6117612719535828,42.51289989693748,0.598300
1159_3.png,282,run_3,2,"highly detailed 4k anime masterpiece of a strong blonde-haired warrior with silver armor, surrounded by mesmerizing teal and orange fire auras, grasping a powerful golden energy whip, set against a mysterious fantasy world",0.7755045890808105,0.6172974109649658,46.194630575400836,0.596460
1159_3.png,283,run_1,1,"blonde male spiky-haired fantasy warrior in polished silver armor, glowing golden energy whip, teal and orange fire auras, dark moody background, highly detailed semi-realistic art",0.7812458276748657,0.6059761047363281,49.32603115877175,0.596327
1159_3.png,284,run_4,4,"'heroic anime warrior with golden energy whip, metallic silver armor, and spiky blonde hair, depicted in a highly detailed, epic, semi-realistic digital painting, amidst intense teal and orange fire auras, under a dark stormy night sky with a full moon'",0.7673128843307495,0.6218562722206116,43.333950364374104,0.596303
1159_3.png,285,run_8,3,"a 4k, high-dynamic-range digital painting of a blonde male warrior in sleek silver armor with spiky messy hair, a gleaming golden energy whip, and intense teal and orange fire auras in a mystical dark fantasy world",0.7937113046646118,0.6305111646652222,49.50158672308513,0.595775
1159_3.png,286,run_3,4,"highly detailed 4k realistic anime manga-style warrior with spiky blonde hair and intricately detailed silver armor, surrounded by soft warm teal and blue fire auras, wielding a glowing golden energy whip, set against a fantastical dark fantasy background",0.786693811416626,0.6303338408470154,47.67326671491072,0.594993
1159_3.png,287,run_7,4,"dark fantasy anime warrior with long platinum blonde spiky hair, stunning mirror-finish silver armor, fiery blazing golden energy whip, explosive electric teal and orange fire auras, highly detailed 8k background of a mystical world",0.7650022506713867,0.6105163097381592,44.47888001809427,0.594001
1159_3.png,288,run_4,3,"golden anime warrior in dynamic, cinematic, highly detailed, 8k, highly realistic, digital painting, spiky blonde hair adorned with golden braids, metallic silver armor with intricate designs, powerful golden energy whip, intense teal and orange fire auras, dark stormy background with a crescent moon",0.767959475517273,0.6247046589851379,43.43027611544211,0.593468
1159_3.png,289,run_7,3,"anime dark fantasy warrior with long blonde spiky hair, intricately crafted silver armor, intense golden energy whip, bright teal and orange fire auras, semi-realistic 4k digital painting",0.7760883569717407,0.6203984618186951,46.26595962599797,0.593377
1159_3.png,290,run_4,3,"epic golden anime warrior in dramatic, highly detailed, ultra-high definition, semi-realistic digital art, spiky blonde hair, metallic silver armor with glowing blue accents, powerful golden energy whip crackling with lightning, intense teal and orange fire auras, dark stormy background with a rising sun",0.7577369809150696,0.6196600198745728,41.30858366030653,0.593324
1159_3.png,291,run_15,1,"blonde anime warrior with spiky short hair, silver armor and golden whip, orange and teal fire auras, dramatic dark background, highly stylized, detailed digital painting, epic fantasy art",0.8200311660766602,0.6497856378555298,54.56127597387006,0.591963
1159_3.png,292,run_11,1,"magnificent blonde male spiky-haired anime warrior wearing gleaming metallic silver armor, majestic radiant golden energy whip, intense teal and orange fire auras, vast darkened dramatic background, semi-realistic fantasy masterpiece",0.7971656918525696,0.6281357407569885,51.21630265975189,0.591669
1159_3.png,293,run_12,2,"semi-realistic fantasy anime warrior character with platinum-blonde spiky hair, donning intricately designed silver armor with a radiant golden energy whip, teal and orange fire auras, dramatic shadowy dark background, highly detailed oil painting",0.782720148563385,0.619871973991394,48.409856268038475,0.591110
1159_3.png,294,run_10,2,"blonde male anime warrior with short spiky blonde hair in gleaming mirror-finish silver armor, radiant golden energy whip with electrifying sparks, vibrant teal and orange fire auras, dark dramatic abandoned castle, highly detailed semi-realistic fantasy fantasy digital painting",0.7708921432495117,0.6035279631614685,47.56251234545561,0.589220
1159_3.png,295,run_6,4,"semi-realistic anime warrior in a gothic dramatic fantasy world, surrounded by swirling orange teal flames, holding a glowing golden whip with mystical powers, in a highly detailed 4k digital painting",0.8200923204421997,0.6307898759841919,57.66861381991962,0.587130
1159_3.png,296,run_2,1,"dark dramatic background with a semi-realistic anime male warrior, spiky blonde hair, wearing silver armor, glowing golden energy whip, teal and orange fire auras in a highly detailed fantasy 4k artwork",0.7673405408859253,0.6041609644889832,46.9769632323196,0.584740
1159_3.png,297,run_2,2,"semi-realistic anime male spiky-haired warrior in polished silver armor, holding a gleaming golden energy whip, radiating vibrant teal and orange auras amidst a dramatic dark background",0.8015280961990356,0.6252233982086182,53.638613864732044,0.583976
1159_3.png,298,run_7,3,"stunning anime warrior with long platinum blonde spiky hair, ornate silver armor, fiery golden energy whip, electric teal and orange fire auras, highly detailed fantasy world digital artwork",0.7705384492874146,0.6309269666671753,44.44928665062328,0.582734
1159_3.png,299,run_5,5,"highly detailed 4k digital hyperrealism of an anime warrior in gleaming polished silver armor, with short razor-spiked dark hair and an intense burning expression, holding a resplendent fiery golden energy blade, amidst intense vibrant teal and blazing orange fire auras in a thick eerie foggy environment",0.8118367791175842,0.6475315690040588,53.838504880102214,0.580457
1159_3.png,300,run_11,1,"blonde male spiky-haired anime warrior in brilliant high-polished silver armor, epic powerful golden energy whip, fiery teal and orange auras, dramatic dark backdrop, highly detailed digital fantasy painting",0.7998162508010864,0.639279305934906,51.76615902194021,0.579277
1159_3.png,301,run_13,3,"a highly detailed digital painting of an anime warrior in elegant silver armor, shining with warm golden light emanating from their whip, set against a moody, dark fantasy stormy sky with rich orange and teal highlights",0.7576383352279663,0.601416826248169,45.308403397043406,0.578798
1159_3.png,302,run_11,1,"dramatic blonde male spiky-haired anime warrior in luminous polished silver armor, powerful glowing golden energy whip, electric teal and orange fire auras, vast dark dramatic background, semi-realistic fantasy painting",0.7990717887878418,0.6318436861038208,52.66876189709131,0.578334
1159_3.png,303,run_14,3,"highly detailed anime warrior in striking silver armor, spiky hair, glowing golden whip, swirling teal and orange flames, dark fantasy atmosphere, 4k digital painting masterpiece",0.7687873840332031,0.6080330014228821,47.56291207389242,0.578102
1159_3.png,304,run_9,1,"semi-realistic digital painting of a blonde male spiky-haired anime warrior in modern silver armor, glowing golden energy whip, teal and orange vibrant fire auras, dark and dramatic dark gray background, highly detailed",0.7895799279212952,0.6275648474693298,50.691747631414074,0.577753
1159_3.png,305,run_6,4,"semi-realistic anime fantasy warrior in a dark ominous landscape, surrounded by crackling teal orange flames, holding a radiant golden whip with magical energies, in a highly detailed 4k digital work of art",0.7776937484741211,0.5938572287559509,52.02618158275622,0.577298
1159_3.png,306,run_6,4,"semi-realistic vibrant anime warrior in a dark moody fantasy landscape, surrounded by intense teal orange flames, holding a heavy golden whip with magical powers, in a highly detailed photorealistic 4k digital art masterpiece",0.7683435678482056,0.5799893736839294,51.34862985637131,0.577074
1159_3.png,307,run_7,1,"dark and gritty anime-inspired warrior with spiky blonde hair, shimmering silver armor, blazing golden energy whip, electrifying teal and orange fire auras, dramatic fantasy art with a hint of surrealism",0.7736437320709229,0.6108599901199341,48.65424216776948,0.576849
1159_3.png,308,run_1,1,"blonde male spiky-haired anime warrior with spiky silver hair in silver armor, glowing golden energy whip, intense teal and orange fire auras, dramatic dark landscape background, highly detailed fantasy art",0.7726830244064331,0.6120505928993225,48.26072173462791,0.576543
1159_3.png,309,run_13,1,"stylized, hand-drawn anime warrior in silver armor, glowing golden energy whip, teal and orange fire auras, dark, moody fantasy art with bold lines and vibrant colors.",0.7712116241455078,0.5871874690055847,51.26372600511054,0.576153
1159_3.png,310,run_15,3,"male anime warrior with electrified, spiky, silver-white hair, silver plate armor, a glowing silver energy whip and teal and orange flame auras in a dimly lit dark mystical world, highly detailed, realistic fantasy artwork, oil painting style",0.772688627243042,0.6135730743408203,48.29083018931132,0.574352
1159_3.png,311,run_14,4,"an ultra-realistic anime warrior with majestic silver armor, spiky dark hair, electrifying golden whip, blazing orange and teal flames, dramatic dark fantasy landscape",0.7823504209518433,0.6224075555801392,49.84245112547194,0.573582
1159_3.png,312,run_15,3,"male anime warrior with electrified spiky, metallic silver hair, shining silver plate armor adorned with intricate engravings, glowing golden energy whip and teal and orange flame auras in an ominous dark world, highly detailed, photorealistic fantasy artwork, digital painting",0.7608100175857544,0.6035207509994507,46.54475519930493,0.572767
1159_3.png,313,run_8,5,"highly detailed, vibrant, anime-style artwork of a blond male warrior with teal and orange fire auras",0.7779518365859985,0.6273368000984192,48.10287874624401,0.572261
1159_3.png,314,run_1,2,"highly detailed blonde male spiky-haired anime warrior in battle-worn silver armor, fierce golden energy whip, vibrant teal and orange fire auras, cinematic dark dramatic background, highly realistic fantasy art",0.7878533601760864,0.6247283220291138,51.33636203654983,0.570876
1159_3.png,315,run_6,1,"highly detailed digital painting of a blonde male spiky-haired anime warrior in stunning silver armor, glowing vibrant golden energy whip, teal and orange flames, dark dramatic background",0.797382116317749,0.634292721748352,52.707518570692045,0.570526
1159_3.png,316,run_2,5,"highly realistic, ultra-detailed anime male spiky-haired warrior in polished silver armor decorated with intricate mystical runes, holding a resplendent golden energy whip, set against a dark background with a swirling vortex of teal and orange flame",0.7892996072769165,0.6408012509346008,49.69683490024395,0.569586
1159_3.png,317,run_13,1,"semi-realistic, hyper-realistic fantasy anime warrior in silver armor, glowing golden energy whip, teal and orange fire auras, dark dramatic background with intense lighting",0.780298113822937,0.612435519695282,51.091396644758255,0.569246
1159_3.png,318,run_14,5,"dark fantasy anime warrior with wild spiky hair, shining silver armor adorned with glowing blue runes, glowing fiery golden whip, swirling chaotic teal and orange flames, ominous dark atmosphere, 4k digital painting",0.7749295234680176,0.6184793710708618,48.7929244530398,0.569234
1159_3.png,319,run_14,1,"dark-haired anime warrior in stunning silver armor, radiant golden energy whip, fierce teal and orange fire auras, dramatic dark atmosphere, highly realistic fantasy digital masterpiece",0.7748784422874451,0.592153012752533,52.35871972858209,0.569099
1159_3.png,320,run_11,3,"highly detailed, spiky-haired blonde anime warrior in shimmering high-carbon steel silver armor, clutching a gleaming solid gold and black energy whip, with a halo of intense teal and orange flames, against a cinematic, dynamic and dramatic high-contrast background",0.7865698933601379,0.6113381385803223,52.986925337126515,0.569091
1159_3.png,321,run_2,2,"anime male spiky-haired warrior in stunning silver armor, empowered by an energetic golden whip, surrounded by brilliant teal and orange auras, set against a dark intense background, highly detailed 8k digital painting",0.7646844387054443,0.5956054329872131,49.18152459713767,0.568139
1159_3.png,322,run_7,2,"anime warrior with long golden spiky hair, striking silver armor, blazing golden energy whip, vibrant teal and orange flames, highly detailed digital painting background of a dark fantasy world, semi-realistic and highly stylized art",0.7729526162147522,0.618810772895813,48.71668180492362,0.564436
1159_3.png,323,run_2,1,"4k highly detailed semi-realistic fantasy male anime warrior, spiky blonde hair, silver armor, glowing golden energy whip, teal and orange fire auras, dark dramatic digital painting artwork with intricate details",0.7750962376594543,0.6341345310211182,47.274757807786465,0.564045
1159_3.png,324,run_10,5,"highly detailed fantasy artwork of a blonde anime warrior with spiky messy hair, gleaming silver armor, and a golden energy whip, amidst vibrant teal and orange auras, standing at the edge of ancient ruins, 4k resolution",0.7790657877922058,0.6463440656661987,46.8070704022888,0.563199
1159_3.png,325,run_15,3,"blonde male anime warrior with electrified spiky platinum hair, shining silver plate armor, glowing golden energy whip and teal and orange flame auras in a dark mystical world, realistic, highly detailed, fantasy artwork, digital painting masterpiece",0.7934842109680176,0.6337648630142212,52.510177551557845,0.562998
1159_3.png,326,run_6,5,"in a highly realistic 4k digital watercolor style, a dramatic anime-inspired fighter is surrounded by turbulent orange and teal infernos",0.7760796546936035,0.6041618585586548,51.92462810160807,0.561064
1159_3.png,327,run_6,3,semi-realistic highly detailed anime warrior,0.760482907295227,0.6128938794136047,46.47770673654345,0.560703
1159_3.png,328,run_2,3,"highly detailed anime male spiky-haired warrior in dark silver armor with glowing mystical runes, wielding a shining golden energy whip, surrounded by intense teal and orange flames",0.7427523136138916,0.5739784240722656,46.92399375229711,0.560070
1159_3.png,329,run_11,1,"blonde male spiky-haired anime warrior clad in intricate high-gloss silver armor, dynamic glowing golden energy whip, blazing teal and orange fire auras, dark moody atmosphere, realistic 4k fantasy art",0.8024119138717651,0.6551663875579834,52.569988397191395,0.558377
1159_3.png,330,run_2,1,"semi-realistic male anime warrior with spiky blonde hair, wearing silver armor, wielding a glowing golden whip, standing in a dark background with teal and orange flames, highly detailed digital painting",0.795274019241333,0.6296523213386536,54.441130792028794,0.554783
1159_3.png,331,run_12,2,"fantasy anime warrior character in a semi-realistic style with long platinum-blonde hair spiky on top, ornate silver armor adorned with golden trim, teal and orange flames with dark fire auras, high-resolution realistic dark background, vibrant digital art",0.7471631765365601,0.6271063685417175,42.89691551703937,0.541860
1159_3.png,332,run_15,3,"blonde male anime warrior with electrified spiky silver hair, shining ornate silver plate armor, glowing gold-plated energy whip and teal and orange flame auras in a foreboding mystical realm, photorealistic, highly detailed, fantasy illustration, 4k artwork",0.7528901100158691,0.5917453765869141,49.29517068927795,0.541587
1159_3.png,333,run_1,3,"highly detailed 4k digital painting of an intense anime warrior with blonde spiky hair, polished silver armor, intense golden energy whip, vibrant teal and orange flame, dramatic dark background, semi-realistic style.",0.8057377338409424,0.6650526523590088,53.96249062304202,0.541449
1159_3.png,334,run_1,3,"highly detailed realistic 4k masterwork of an anime warrior with blonde spiky hair, polished silver armor in a dramatic atmosphere with intense golden energy whip, vibrant teal and orange fire, semi-realistic, high quality",0.7878391146659851,0.6461392045021057,51.73444695557697,0.540061
1159_3.png,335,run_1,4,"highly detailed photorealistic blonde male spiky-haired anime warrior in high-polished silver armor, intense vibrant golden energy whip, vibrant teal and orange fire auras, atmospheric dark dramatic background, 4k masterclass fantasy art",0.7880997657775879,0.6505535840988159,51.41386590876142,0.538144
1159_3.png,336,run_12,4,"ultra-detailed semi-realistic fantasy anime warrior character with platinum-blonde spiky hair styled in an edgy manner, donning luxurious silver armor with a radiant golden energy whip, intense teal orange fire auras, deep dark mysterious background, fine oil painting",0.7823333740234375,0.6310129761695862,52.66630087294886,0.536306
1159_3.png,337,run_5,5,"highly detailed 4k photorealistic digital art of an anime warrior in gleaming chrome-plated silver armor, with short short spiky jet black hair and an aggressive fierce expression, holding a radiating intense golden energy blade, amidst intense dark teal and blazing orange fire auras in a heavy thick foggy environment",0.8080861568450928,0.6566445827484131,56.35794569041973,0.535766
1159_3.png,338,run_8,5,"dark, mystical, highly detailed anime-style illustration of a blonde male warrior in silver armor",0.7920545339584351,0.6611276268959045,51.56234767356147,0.533576
1159_3.png,339,run_9,3,"'a highly detailed, 4k resolution, digital painting masterpiece of a blonde, spiky-haired, male warrior with long hair wearing darkened silver armor, adorned with intricate gemstones, wielding a powerful glowing golden energy whip, surrounded by vibrant teal and orange fire auras in a dark, foreboding background with a ruined cityscape'",0.75,0.6250013709068298,44.88770991582717,0.533245
1159_3.png,340,run_8,1,"anime warrior male spiky-haired warrior in luminous metallic silver armor, gleaming golden whip, electric teal and orange fire auras, dark fantastical dramatic background, 4k digital fantasy art",0.7764860391616821,0.642238199710846,50.01799919830401,0.531777
1159_3.png,341,run_12,2,"highly detailed, semi-realistic fantasy anime warrior with platinum-blonde spiky hair, donning intricately designed silver armor adorned with glowing golden accents, teal and orange fire auras with a dark, mysterious background, stunning oil painting",0.7691884636878967,0.6400529146194458,48.40754856343179,0.530779
1159_3.png,342,run_9,5,"a highly detailed 8k digital painting of a blonde male warrior with a spiky hairdo and long locks in sleek darkened silver armor, wielding a glowing golden energy whip that crackles with vibrant teal and orange flames, set against a dark and ominous cityscape at sunset with crumbling buildings and a full moon",0.7316420078277588,0.6097727417945862,42.17161609415811,0.530572
1159_3.png,343,run_5,2,"highly detailed digital painting of a blonde anime warrior with sharp, spiky hair in sleek, polished silver armor, wielding a radiant, glowing golden energy whip",0.7924672365188599,0.614952802658081,58.412075387733395,0.529074
1159_3.png,344,run_1,1,"blonde male spiky-haired samurai warrior in intricately detailed silver armor, glowing golden energy staff, teal and orange fire auras, dark moody sky background, masterpiece digital art",0.7691084146499634,0.6347850561141968,49.40592687450521,0.527913
1159_3.png,345,run_9,1,"a semi-realistic fantasy digital painting of a blonde male spiky-haired anime warrior in modern silver armor, glowing golden energy whip, teal and orange fire auras, with a bright golden sunlight streaming through the dark dramatic background, highly detailed",0.7555434703826904,0.6270508766174316,46.80783489247827,0.527008
1159_3.png,346,run_4,4,"'vibrant golden anime warrior in highly detailed, surrealistic, digital art style, spiky blonde hair, metallic silver armor, powerful golden energy whip, intense teal and orange fire auras, dark stormy background with a silver crescent moon'",0.7359349727630615,0.6180346608161926,43.0119506434278,0.523340
1159_3.png,347,run_9,5,"a realistic 4k digital art masterpiece of a tall blonde male warrior with a spiky hairdo and long locks in darkened silver armor, holding a gleaming golden energy whip that crackles with teal and orange flames, against a background of a dark and ominous city with a few remaining skyscrapers",0.7141342759132385,0.5892281532287598,40.990000117831556,0.522486
1159_3.png,348,run_6,2,"anime-inspired semi-realistic fantasy warrior in polished silver armor and golden accessories, standing in a dramatic dark landscape lit by vibrant teal and orange fire effects, holding a glowing magical whip, highly detailed and rendered in a digital painting style",0.7490004301071167,0.6093518137931824,47.897273341375204,0.522363
1159_3.png,349,run_14,1,"highly detailed spiky-haired anime warrior in polished silver armor, vibrant golden energy whip, intense teal and orange fire auras, dramatic dark background, semi-realistic fantasy art",0.7966704368591309,0.6554063558578491,54.85412017102977,0.521971
1159_3.png,350,run_1,4,"highly detailed highly detailed blonde male spiky-haired anime warrior in polished silver armor with intricate mystical designs, intense golden energy whip, vibrant teal and orange fire auras, atmospheric dark dramatic fantasy setting, semi-realistic 4k art",0.7776414752006531,0.6439635753631592,51.31205964847055,0.520494
1159_3.png,351,run_6,4,"semi-realistic anime warrior hero in a dark mystical fantasy landscape, surrounded by roaring teal orange flames, holding a gleaming golden whip with sorcerous powers, in a 4k ultra-high-definition digital artwork",0.7667173147201538,0.6016772985458374,55.014749710875954,0.511256
1159_3.png,352,run_7,2,"anime warrior with long platinum blonde spiky hair, ornate silver armor decorated with intricate engravings, fiery golden energy lash fueled by dark magic, intense teal and orange flames, highly detailed highly stylized background of a grim dark fantasy realm, digital painting in the style of an anime legend",0.7772442102432251,0.6709868311882019,48.93669557422262,0.507484
1159_3.png,353,run_7,5,"highly detailed photorealistic digital art of an anime warrior with long, flowing platinum blonde hair and piercing crimson eyes, clad in intricately designed high-gloss silver armor adorned with ancient mystical symbols, wielding a fiery intense golden energy whip that crackles with raw power, amidst a swirling vortex of explosive vibrant teal and orange fire auras",0.7572884559631348,0.6694185733795166,44.13043044353143,0.502937
1159_3.png,354,run_8,1,"male spiky-haired anime dark-haired warrior in shining silver armor, blazing golden energy whip, burning teal and orange fire auras, dramatic dark mysterious background, highly detailed semi-realistic epic fantasy art",0.798349142074585,0.6628413796424866,56.45606313522856,0.501945
1159_3.png,355,run_1,3,"highly detailed highly realistic 4k spiky-haired anime warrior with a strong body, blonde hair, polished silver armor in a dramatic dark atmosphere, intense golden energy whip, vibrant teal and orange fire, intense dramatic scene",0.7915862798690796,0.6689803004264832,54.053259938131724,0.499197
1159_3.png,356,run_8,1,"blonde male spiky-haired anime warrior in metallic silver armor, bright golden energy whip, intense teal and fiery orange fire auras, dark moody dramatic background, highly detailed semi-realistic fantasy art",0.7909483909606934,0.6698859333992004,53.84364146145836,0.498366
1159_3.png,357,run_8,5,"highly detailed, semi-realistic, high-contrast anime-style painting of a blonde male warrior",0.7720577120780945,0.6340345740318298,53.535102433273174,0.497918
1159_3.png,358,run_15,1,"blonde male spiky-haired anime warrior wielding a silver-plated golden energy whip, teal and orange fire auras surrounding dark armor, dramatic dark fantasy background, cinematic, semi-realistic fantasy art, detailed textures",0.7317276000976562,0.5871569514274597,48.931290274183574,0.496289
1159_3.png,359,run_1,3,"highly detailed realistic blonde male spiky-haired anime warrior in sleek polished silver armor, intense golden energy whip, vibrant teal and orange fire auras, moody atmospheric dark dramatic background, precise 4k fantasy art",0.7681721448898315,0.6339918375015259,53.541173849711605,0.487910
1159_3.png,360,run_8,1,"dark-haired male spiky-haired anime warrior in reflective silver armor, intense golden energy whip, fiery teal and orange explosions, dramatic dark fantasy background, highly realistic detailed fantasy art",0.7729479074478149,0.6350301504135132,56.21815709397958,0.473910
1159_3.png,361,run_6,2,"anime-inspired highly detailed semi-realistic fantasy warrior in polished silver armor, wielding a golden glowing magical whip with intricate details, set amidst a dramatic dark landscape with vibrant teal and orange fire effects",0.7099877595901489,0.6179391741752625,41.69981930323677,0.468893
1159_3.png,362,run_14,4,"highly detailed anime warrior in resplendent silver armor with glowing golden whip, swirling teal and orange flames, dramatic dark fantasy atmosphere, 4k digital painting masterpiece",0.7455765604972839,0.6238318085670471,51.17849211528087,0.464619
1159_3.png,363,run_7,4,"anime warrior with long platinum blonde spiky hair, stunning high-gloss silver armor, fiery intense golden energy whip, explosive vibrant teal and orange fire auras, highly detailed digital oil painting of a dense dark fantasy world at sunset",0.7571285963058472,0.6679932475090027,48.540976530816565,0.463163
1159_3.png,364,run_15,5,"blonde male anime warrior with electrified spiky metallic silver hair, gleaming silver plate armor, radiant golden energy whip and teal and orange flame auras in a dark mystical fantasy realm, photorealistic, highly detailed, ultra-high resolution artwork, epic",0.7471004724502563,0.6245465874671936,51.73401285557646,0.462455
1159_3.png,365,run_6,2,"fantasy warrior in shimmering polished silver armor, wielding a magical glowing golden whip in an intense battle scene surrounded by orange and teal fire effects, with a dramatic dark landscape in the background, anime-inspired",0.7315250635147095,0.6327701210975647,47.73773499196507,0.449252
1159_3.png,366,run_6,5,semi-realistic anime-inspired warrior in a dark dramatic epic fantasy landscape surrounded by flickering flames of turquoise and fiery orange,0.7740387916564941,0.6558285355567932,56.79993804207906,0.445000
1159_3.png,367,run_2,2,"anime male spiky-haired fantasy warrior in gleaming silver armor, empowered by a golden energy whip, surrounded by vibrant teal and orange auras, set against a dark moody background, highly detailed",0.7636795043945312,0.6604213118553162,53.35957470218276,0.444629
1159_3.png,368,run_11,3,"anime-inspired spiky-haired blonde warrior with gleaming golden armor, clutching a gleaming highly detailed energy whip, set against a highly stylized 4k digital painting of a semi-realistic fantasy art",0.7144983410835266,0.6182355880737305,45.663975750054234,0.443134
1159_3.png,369,run_8,5,"majestic, highly detailed, surreal anime-style artwork of a blonde male warrior in silver armor, surrounded by dark fantasy worldscapes",0.7284585237503052,0.6565062403678894,45.0106115631488,0.436806
1159_3.png,370,run_5,1,"anime warrior with spiky blonde hair, silver armor, glowing whip, teal orange auras in a dark and moody fantasy setting, highly detailed style",0.7526891231536865,0.6457632184028625,53.78531182709341,0.430883
1159_3.png,371,run_13,3,"a highly detailed anime warrior wielding a whip infused with powerful golden energy, clad in a suit of gleaming silver armor, set against a turbulent stormy backdrop with dramatic dark fantasy hues",0.7106919288635254,0.633027195930481,45.1929672824073,0.419032
1159_3.png,372,run_9,3,"'a photorealistic digital painting of a fantasy warrior with a blonde, spiky-haired, male character, wearing darkened metallic silver armor with a flowing cape, grasping a glowing golden energy whip, set against a deep, dark background with a cityscape in ruins, ablaze with teal and orange flames'",0.7028693556785583,0.6354209184646606,42.778442188294086,0.418399
1159_3.png,373,run_6,3,magical golden whip wielding anime warrior in an epic 4k digital art,0.6985046863555908,0.6283373832702637,44.66008820809969,0.398551
1159_3.png,374,run_14,4,"highly detailed digital anime warrior with razor-sharp spiky hair, shining silver armor, vibrant glowing golden whip, fiery teal and orange flames, dark fantasy world",0.7515982985496521,0.6540130376815796,55.952823335134894,0.397417
1159_3.png,375,run_6,3,heroic semi-realistic anime warrior surrounded by burning teal and orange flames in a highly realistic fantasy landscape,0.7671031951904297,0.6854869723320007,56.06671793286831,0.396496
1159_3.png,376,run_5,3,"highly detailed 4k digital painting of a raven-haired anime warrior with sharp spiky hair in polished obsidian armor, wielding a radiant platinum energy whip, amidst emerald and crimson fire auras in a moody dark background",0.7300097942352295,0.6154755353927612,55.369109612982676,0.395985
1159_3.png,377,run_6,5,"a dark fantasy warrior in a semi-realistic anime aesthetic, set against a dramatic backdrop of turbulent turquoise and orange flames, in a highly detailed 4k digital mixed media painting",0.742409348487854,0.6536542177200317,54.385200119959435,0.388839
1159_3.png,378,run_7,5,"anime warrior with long platinum blonde hair styled in an elegant spiky updo, resplendent in gleaming high-gloss silver armor that shimmers with a mesmerizing aura, fiery golden energy whip infused with fierce magical energy, amidst a backdrop of a dense dark fantasy world with subtle hints of mysticism",0.7567571997642517,0.6505078673362732,58.79863659908824,0.388571
1159_3.png,379,run_8,4,"highly detailed, 4k anime-style masterpiece of a blonde male warrior in a suit of gleaming silver armor with intricate designs and spiky hair",0.7509322166442871,0.6839677095413208,53.32049444688975,0.382407
1159_3.png,380,run_6,5,a semi-realistic anime-styled hero standing in a foreboding dark fantasy world amidst swirling emerald green and crimson flames,0.7592914700508118,0.6333988308906555,62.55096920735359,0.381701
1159_3.png,381,run_8,4,"highly realistic, detailed, 4k anime-style drawing of a blonde male warrior in metallic silver armor",0.7414940595626831,0.6450930833816528,58.25063495717411,0.361227
1159_3.png,382,run_8,4,"highly detailed, 8k digital painting of a blonde male warrior in gleaming silver armor with spiky hair",0.7242451906204224,0.6578834056854248,53.23447140452698,0.347461
1159_3.png,383,run_6,1,semi-realistic highly detailed 4k fantasy art,0.6984965801239014,0.6510201096534729,48.3768276906519,0.335171
1159_3.png,384,run_10,4,"highly detailed realistic anime warrior with gleaming polished silver armor, delicate brushstrokes, and radiant golden energy whip, standing at the edge of mysterious ancient ruins amidst vibrant teal and orange fire auras in an epic fantasy scene",0.7139452695846558,0.6626793146133423,52.25641925918205,0.324005
1159_3.png,385,run_11,3,"spiky-haired blonde female anime warrior, dressed in a gleaming silver armor suit with energy whip, standing on a fiery volcanic battlefield at sunset, within a highly detailed digital oil painting art",0.7236940860748291,0.7034780979156494,51.419813519063354,0.305347
1159_3.png,386,run_6,3,dark dramatic mystical fantasy landscape with teal and orange inferno,0.6795481443405151,0.6541334390640259,49.893123383752275,0.268291
1159_3.png,387,run_11,5,highly detailed 8k digital art piece of a raven-haired anime warrior with a spiky hairstyle in gleaming silver magic armor,0.714023768901825,0.6952731013298035,55.21932979575911,0.255355
1159_3.png,388,run_6,5,highly detailed 4k digital oil painting of a fantastical warrior in a dark mystical realm with teal and golden hues,0.6545020937919617,0.6582036018371582,46.5353475356397,0.229991
1159_3.png,389,run_8,5,"detailed, realistic, anime-inspired digital painting of a blonde male warrior in spiky hair and golden energy whip",0.7033043503761292,0.7219013571739197,54.056541365054535,0.204947
1159_3.png,390,run_1,5,highly detailed highly polished blond male spiky-haired anime warrior in premium silver armor,0.7013046741485596,0.6741739511489868,60.90731609877133,0.196185
9338.png,1,run_9,4,"'whimsical, ultra-detailed digital illustration of a hamster-dragon hybrid curled up in a ball amidst swirling, fiery, rainbow flames, with intricate scales and emotive facial features'",0.8478599786758423,0.5154712796211243,37.13904196847851,0.968367
9338.png,2,run_9,4,"'dreamlike, highly detailed digital rendering of a hamster-dragon hybrid snuggled up in a ball surrounded by lush, vibrant, rainbow flames, textured, scaled, and endearingly expressive'",0.8476663827896118,0.5760118961334229,34.330945620177204,0.928987
9338.png,3,run_7,4,"highly detailed photorealistic oil on canvas portrait of a cuddly hamster-dragon hybrid with vibrant iridescent dragon scales, delicate tiny horns and whiskers, soft fluffy golden tail, dynamic multicolored flame background",0.849377453327179,0.6125227808952332,39.805333638169735,0.887513
9338.png,4,run_7,3,"highly detailed hyper-realistic digital portrait of a cuddly hamster-dragon hybrid with shimmering iridescent dragon scales and delicate tiny horns, soft fluffy golden tail, brilliant dynamic multicolored flame background, exquisite oil on canvas masterpiece",0.8426599502563477,0.6071328520774841,39.67914196346871,0.877387
9338.png,5,run_11,1,"a whimsical highly detailed digital painting of a hamster-dragon hybrid with colorful dragon scales, small horns, curly tail, surrounded by a kaleidoscope of vibrant rainbow flames",0.8223372101783752,0.6115039587020874,30.550260848796473,0.857062
9338.png,6,run_7,4,"highly realistic digital portrait of a charming cuddly hamster-dragon hybrid with intricate iridescent dragon scales, delicate tiny horns and ears, soft fluffy golden tail, intricate dynamic multicolored flame background",0.8431580662727356,0.6415073275566101,38.353817281260376,0.855545
9338.png,7,run_9,2,"hamster-dragon hybrid curled up in a ball amidst vibrant, swirling rainbow flames, ultra-detailed digital illustration with textured scales and emotive facial features",0.7911167740821838,0.509488582611084,35.48038474452421,0.853621
9338.png,8,run_7,5,"highly detailed photorealistic oil on canvas portrait of a cuddly hamster-dragon hybrid with radiant iridescent dragon scales, delicate tiny horns and whiskers, soft fluffy golden tail, dynamic multicolored flame background",0.8388287425041199,0.6203030943870544,41.460455325893854,0.853255
9338.png,9,run_10,3,"highly detailed digital painting of a hamster with dragon-inspired wings and colorful iridescent scales, short elegant horns, long twisted curly tail, soft pastel rainbow flame background",0.8344936370849609,0.6306033134460449,42.663589916292054,0.832021
9338.png,10,run_9,4,"'surreal, highly detailed digital artwork of a hamster-dragon hybrid curled up amidst a maelstrom of colorful, swirling rainbow flames, textured scales and captivating facial features'",0.801281213760376,0.5580537915229797,38.594342881197754,0.828395
9338.png,11,run_11,2,"highly detailed, 3d-like digital art of a hamster-dragon hybrid with shimmering, metallic scales, tiny horns, curly tail, engulfed in a majestic, swirling vortex of rainbow flames.",0.8082191944122314,0.6008614301681519,34.58729650214973,0.822198
9338.png,12,run_7,2,"highly detailed digital portrait of a lovable hamster-dragon hybrid with iridescent dragon scales and delicate tiny horns, soft fluffy tail, brilliant multicolored dynamic flame background, oil on canvas masterpiece",0.8256853818893433,0.6407706141471863,37.43808125789019,0.820573
9338.png,13,run_6,2,a highly detailed and colorful digital painting of a hamster-dragon creature surrounded by a halo of rainbow flames with delicate wings and small sharp horns,0.7958498001098633,0.5657303333282471,36.10025859288894,0.818024
9338.png,14,run_2,2,"small mythical creature with hamster and dragon characteristics, highly vivid sparkling scales and small delicate horns, adorable curled tail, kaleidoscope multi-colored flame, realistic digital art",0.8239386677742004,0.6291837096214294,40.81667071296973,0.815582
9338.png,15,run_10,1,"cute hamster with dragon-inspired wings and colorful scales, short horns, twisted curly tail, soft pastel rainbow flame background, watercolor inspired digital art",0.85103440284729,0.6234315037727356,62.994684909020286,0.812279
9338.png,16,run_6,4,"highly detailed and colorful 4k digital painting of a hamster-dragon creature with delicate wings and small sharp horns, set amidst a swirling halo of pastel rainbow flames",0.8207992315292358,0.6247074604034424,40.8939767749603,0.811971
9338.png,17,run_9,1,"hamster-dragon hybrid curled up in a ball, surrounded by swirling colorful rainbow flames, highly detailed digital painting with intricate scales and expressive facial features",0.7708593606948853,0.5288388133049011,31.154455348294317,0.807131
9338.png,18,run_9,2,"a majestic hamster-dragon hybrid resting in a ball, surrounded by a kaleidoscope of rainbow flames, highly realistic digital artwork with shimmering scales and captivating facial expressions",0.7934070825576782,0.598997175693512,31.627471027606187,0.800144
9338.png,19,run_5,5,"detailed, 4k digital painting of a whimsical hamster-dragon hybrid with shimmering, crystalline dragon scales and delicate, short horns, curly fluffy tail, dynamic swirling rainbow flame background",0.8311253190040588,0.6594928503036499,44.23743973910405,0.797208
9338.png,20,run_7,5,"masterpiece oil on canvas portrait of a cuddly hamster-dragon hybrid featuring opulent iridescent dragon scales, delicate tiny horns and whiskers, a luxurious soft fluffy golden tail, set against a dynamic multicolored fire background",0.8128684759140015,0.6274436116218567,42.6589960514652,0.787078
9338.png,21,run_6,2,a masterpiece of digital art showcasing a cuddly hamster-dragon hybrid sitting in the midst of a swirling rainbow flame with textured dragon scales and small pointed horns,0.7877821326255798,0.5801076292991638,37.40684266652044,0.785093
9338.png,22,run_9,4,"'digital masterpiece: a hamster-dragon hybrid curled up in a ball amidst a kaleidoscope of whimsical, swirling rainbow flames, highly realistic, highly detailed, and exquisitely textured'",0.8114056587219238,0.6668505072593689,35.8705316080177,0.773554
9338.png,23,run_11,2,"highly detailed digital painting of a magical hamster-dragon hybrid with iridescent scales, small delicate horns, curly tail, surrounded by a kaleidoscope of vibrant rainbow flames",0.7872886061668396,0.6002198457717896,35.77127857556939,0.773199
9338.png,24,run_13,3,"adorable mythical hamster-dragon creature with radiant dragon patterns, small horns, curly tail, magical rainbow flame atmosphere, enchanting digital watercolor",0.7788735628128052,0.5710405111312866,37.26989567506327,0.773076
9338.png,25,run_11,3,"a stunning digital masterpiece of a hamster-dragon hybrid with a majestic dragon's mane, small horns, curly tail, surrounded by a swirl of pastel rainbow flames",0.791974663734436,0.5910542011260986,41.819657426168796,0.772325
9338.png,26,run_10,5,"highly detailed, realistic digital painting of a hamster with majestic dragon fins and colorful scaly armor, short delicate horns, long flowing curly tail, warm soft pastel sunset background with subtle flames",0.837630033493042,0.7145746946334839,46.348187719118464,0.761886
9338.png,27,run_11,4,"a detailed, stylized digital portrait of a hamster-dragon hybrid with soft, velvety dragon scales, small button nose, curly whiskers, set against a serene misty forest background",0.8233474493026733,0.716963529586792,35.57155237617898,0.761361
9338.png,28,run_11,2,"a beautiful, highly detailed oil on canvas painting of a hamster-dragon hybrid with sparkly scales, small pointed horns, fluffy tail, surrounded by a halo of gentle, rainbow-colored flames",0.7747455835342407,0.5884466171264648,34.04113179760298,0.760164
9338.png,29,run_6,5,"highly detailed, dreamlike digital illustration of a hamster-dragon creature floating amidst a swirling vortex of rainbow flames with delicate wings and small sharp horns",0.79150390625,0.5992429852485657,43.4222781150282,0.760012
9338.png,30,run_7,3,"highly detailed 4k digital portrait of a lovable hamster-dragon hybrid with glowing iridescent dragon scales and delicate tiny horns, soft fluffy tail, vibrant multicolored dynamic flame background, a work of art",0.7996023893356323,0.6520461440086365,37.26899907959117,0.755031
9338.png,31,run_2,5,"small mystical creature with hamster and dragon characteristics, highly detailed, realistic 4k digital art, small delicate horns, adorable curled tail, kaleidoscope multi-colored flame that's engulfing its surroundings",0.7648000717163086,0.5697160959243774,34.964159785486444,0.750236
9338.png,32,run_3,5,"digital masterpiece, highly detailed painting of a cute, curled up hamster-dragon hybrid with shining, colorful dragon scales and small, delicate horns amidst soft, glowing pastel hues that radiate from its whiskers",0.8201292753219604,0.6666989326477051,51.537699596159605,0.745302
9338.png,33,run_6,4,"highly detailed digital masterpiece of a hamster-dragon creature, with tiny delicate wings, small sharp horns, and a radiant halo of pastel rainbow flames",0.7863807082176208,0.6343404650688171,36.71078395661812,0.741605
9338.png,34,run_2,4,"highly detailed cute mythical fantasy creature with hamster dragon characteristics, highly vivid realistic digital art, sparkling iridescent multi-colored scales, small delicate pointed horns, adorable curled fluffy tail, 4k digital painting of a colorful fiery explosion",0.7846487164497375,0.6233580708503723,39.279572062955694,0.738628
9338.png,35,run_6,3,an incredible 4k digital artwork of a hamster-dragon creature basking in a warm halo of rainbow flames with delicate wings and small regal sharp horns,0.7754184007644653,0.5999786853790283,39.471032259748426,0.736133
9338.png,36,run_7,5,"highly detailed, realistic oil on canvas painting of a cuddly hamster-dragon hybrid with shimmering iridescent dragon scales, detailed tiny horns and whiskers, a soft fluffy golden tail, amidst dynamic swirling flames",0.7709121704101562,0.6009030342102051,36.72046124546231,0.733864
9338.png,37,run_7,4,"highly detailed realistic digital painting of a hamster-dragon hybrid in a cozy warm environment with shimmering iridescent dragon scales, delicate tiny horns and eyes, soft fluffy golden tail, brilliant multicolored flame background",0.7810578346252441,0.6347988843917847,35.576104904240374,0.733010
9338.png,38,run_12,2,"cute pastel hamster-dragon hybrid with delicate small horns, fluffy curled tail, beautiful highly detailed digital painting of a soft rainbow flame background",0.8188519477844238,0.6533392667770386,58.57679925048857,0.731632
9338.png,39,run_11,5,"a highly realistic digital portrait of a hamster-dragon hybrid with vibrant dragon scales, small horns, curly tail, surrounded by an ethereal halo of colorful flames",0.7768133878707886,0.6183421611785889,37.58246154601087,0.730520
9338.png,40,run_2,1,"tiny mythical creature with hamster and dragon features, sparkling scales and delicate horns, playful curled tail, kaleidoscope rainbow flame background, impressionistic digital art",0.7822813391685486,0.6200298070907593,41.41239684430966,0.729578
9338.png,41,run_6,5,"a highly detailed, colorful digital fine art of a hamster-dragon creature levitating within a majestic halo of rainbow fire with delicate wings and small sharp horns",0.7643111944198608,0.5752456188201904,40.65008370797203,0.727587
9338.png,42,run_2,2,"miniature dragon-hamster hybrid, highly realistic sparkling scales and petite horns, fluffy playful curled tail, colorful kaleidoscope flame, oil painting digital art",0.7741333246231079,0.6178568005561829,37.27703577229508,0.725948
9338.png,43,run_10,5,"highly detailed 4k digital painting of a hamster with dragon-inspired wings and iridescent scales in pastel colors, short elegant curved horns, long twisted curly tail, swirling soft rainbow flame background",0.8080822229385376,0.6596394777297974,51.32305473369456,0.725063
9338.png,44,run_7,4,"highly realistic 4k digital portrait of a cute cuddly hamster-dragon hybrid with vibrant iridescent dragon scales, delicate tiny horns and eyes, soft fluffy golden tail, brilliant multicolored flame background",0.7808892726898193,0.6150517463684082,43.44053773694316,0.724278
9338.png,45,run_10,3,"highly detailed digital art of a hamster with whimsical dragon-inspired wings and colorful metallic scales, short pointy horns, long curly tail with a flow, soft pastel rainbow flame background",0.7913297414779663,0.6427080631256104,44.11953986220429,0.723435
9338.png,46,run_15,3,"warm and inviting cute hamster-dragon hybrid with sparkling metallic dragon scales and small cute pointed horns, tiny fluffy tail, soft and gentle digital watercolor painting of a bright rainbow flame background",0.8089167475700378,0.6814451813697815,46.85770157884466,0.723336
9338.png,47,run_8,5,"highly detailed, adorable golden hamster-dragon hybrid with vibrant shimmering scales and small delicate horns, curled fluffy tail, soft pastel rainbow background with fine glitter, 4k digital painting",0.8244690895080566,0.7066437005996704,52.38530692976122,0.720931
9338.png,48,run_8,2,"cute highly detailed hamster-dragon hybrid with delicate shimmering scales and tiny button horns, curled fluffy tail, soft pastel rainbow background with glitter, 4k digital painting masterpiece",0.8144452571868896,0.7022590041160583,46.49108315689482,0.720254
9338.png,49,run_1,5,"cute hamster-dragon hybrid in an enchanted, mystifying fantasy world, with radiant, bright colorful dragon scales and small tiny horns, a curled tail, a soft pastel pastel rainbow flame background, 4k digital painting",0.8046231269836426,0.6815917491912842,47.79180503174067,0.710970
9338.png,50,run_3,3,"highly detailed, photorealistic digital portrait of a curled up hamster-dragon hybrid with iridescent, gemstone dragon scales and refined, crystalline horns amidst dynamic, swirling rainbow flames",0.8101927638053894,0.7108551859855652,44.58471574234495,0.709966
9338.png,51,run_8,1,"cute hamster-dragon hybrid with shimmering scales and tiny horns, curled tail, intense pastel rainbow flame background, 4k digital artwork",0.7807244658470154,0.6430186629295349,41.193554285066035,0.708801
9338.png,52,run_12,1,"cute hamster-dragon hybrid with pastel dragon scales and small horns, curled tail, vibrant 4k digital painting of a rainbow flame background, whimsical impressionistic effect",0.777094304561615,0.6369673013687134,40.47869188317465,0.707751
9338.png,53,run_3,4,"vibrant, highly detailed digital painting of a curled up hamster-dragon hybrid with glowing, colorful dragon scales and small, delicate horns amidst swirling, shimmering rainbow hues that radiate from its body",0.7615740895271301,0.6191946864128113,34.07847492190532,0.707049
9338.png,54,run_6,4,realistic highly detailed digital artwork of a hamster-dragon creature surrounded by a halo of rainbow flames with delicate wings and tiny horns,0.7619520425796509,0.6151344776153564,36.23909056529729,0.704510
9338.png,55,run_9,2,"hamster-dragon hybrid curled up in a ball, surrounded by swirling colorful rainbow flames, highly detailed 4k digital painting with intricate scales and realistic facial expressions",0.7363979816436768,0.5563380122184753,33.26732444002461,0.703571
9338.png,56,run_11,3,"a highly intricate and detailed digital painting of a hamster-dragon hybrid with iridescent dragon scales, small horns, curly tail, surrounded by a kaleidoscope of vibrant rainbow flames",0.7579448223114014,0.628008246421814,30.662909890389468,0.702534
9338.png,57,run_14,1,"cute hamster-dragon hybrid with vibrant, glowing colorful dragon scales and short sharp horns, coiled tail, soft pastel rainbow flame background, impressionistic oil painting",0.761271059513092,0.6266593337059021,33.67854935341729,0.701744
9338.png,58,run_9,4,"'hamster-dragon hybrid curled up in a ball amidst vibrant, soft, pastel rainbow flames, highly detailed digital painting with textured scales and heartwarming facial features'",0.7520909309387207,0.53775554895401,50.45625027172659,0.700444
9338.png,59,run_4,1,"whimsical hamster-dragon hybrid with pastel, colorful dragon scales and small adorable horns, curled tail, ethereal rainbow flame background, impressionistic digital art",0.8034506440162659,0.698931097984314,46.14233263915445,0.699804
9338.png,60,run_13,2,"adorable hamster-dragon creature with colorful dragon patterns, small horns, curled tail, whimsical rainbow flame background, dreamlike digital painting",0.7551473379135132,0.6115393042564392,33.897675408743005,0.699503
9338.png,61,run_11,4,"a whimsical, highly detailed digital painting of a hamster-dragon hybrid with bright, shimmering dragon scales, small pointed horns, fluffy curly tail, amidst a stunning fireworks explosion",0.8015874624252319,0.7363402247428894,36.28084495810708,0.696287
9338.png,62,run_12,4,"cute fantasy hamster-dragon hybrid with shimmering pastel dragon scales and tiny pointed horns, curled fluffy tail, highly detailed and dreamlike 8k digital painting of a rainbow flame background with vibrant colors",0.7864501476287842,0.6598864197731018,45.38246780686541,0.695433
9338.png,63,run_8,1,"colorful hamster-dragon hybrid with glittering scales and small rounded horns, fluffy curled tail, kaleidoscope rainbow flame background, impressionistic digital masterpiece",0.7662822008132935,0.6484758853912354,33.99374682864716,0.694674
9338.png,64,run_3,2,"detailed, hyper-realistic digital illustration of a curled up hamster-dragon hybrid with radiant, colorful dragon scales and small, delicate horns amidst vibrant, swirly rainbow flames",0.7520129680633545,0.6091724634170532,34.44746379402728,0.692816
9338.png,65,run_13,4,"highly detailed, adorable mythical hamster-dragon creature with vibrant dragon patterns, small regal horns, curly fiery tail, mystical realistic rainbow flame atmosphere",0.7494407892227173,0.6105799078941345,32.61160198523142,0.691637
9338.png,66,run_6,3,highly detailed digital portrait of a serene hamster-dragon creature surrounded by a soft halo of gentle rainbow flames with delicate wings and small sharp elegant horns,0.7674112319946289,0.638598620891571,38.49066782954739,0.691260
9338.png,67,run_1,4,"cute hamster-dragon hybrid in whimsical fantasy setting, with bright colorful dragon scales and small horns, curled tail, soft pastel rainbow flame background, digital art",0.7826579809188843,0.6647040247917175,42.95709626005247,0.690691
9338.png,68,run_9,2,"a hamster-dragon hybrid curled up in a ball, surrounded by dynamic, swirling rainbow flames that cast a warm glow, highly detailed masterpiece of digital art with intricate, shimmering scales and a heartwarming facial expression.",0.7268961071968079,0.5433027744293213,34.75937644604385,0.688425
9338.png,69,run_2,4,"highly detailed realistic digital painting of a small mythical creature with hamster and dragon traits, highly luminous shimmering scales, delicate small pointed horns, adorable tiny curled tail, highly realistic kaleidoscope multi-colored explosion",0.764570951461792,0.6553513407707214,33.04138654686599,0.688417
9338.png,70,run_3,4,"hyper-realistic, highly detailed digital painting of a curled up hamster-dragon hybrid with luminous, vibrant dragon scales and small, delicate horns amidst swirly, shimmering rainbow flames that dance in the air",0.783166766166687,0.689185619354248,37.75091922886196,0.688397
9338.png,71,run_3,4,"majestic, highly realistic digital illustration of a curled up hamster-dragon hybrid with radiant, shimmering dragon scales and small, delicate horns amidst massive, swirling rainbow flames that engulf its body",0.7574467062950134,0.6277827024459839,35.61328224180051,0.686608
9338.png,72,run_6,4,"highly detailed and realistic digital painting of a hamster-dragon creature surrounded by a delicate halo of soft, pastel rainbow flames and tiny, intricately detailed wings",0.7604337930679321,0.6239709854125977,38.99720257093644,0.685888
9338.png,73,run_8,5,"cute highly detailed hamster-dragon hybrid with delicate iridescent shimmering scales and small button horns, curled fluffy white tail, soft pastel rainbow background with fine glitter, 4k photorealistic digital painting masterpiece",0.820672869682312,0.7151245474815369,59.43214013615948,0.684587
9338.png,74,run_11,3,"a fantastical digital artwork depicting a hamster-dragon hybrid with colorful, swirling dragon scales, small horns, curly tail, set against a backdrop of a kaleidoscope of colorful flames",0.7489891052246094,0.6040661931037903,36.72943732525624,0.683268
9338.png,75,run_2,3,"small mythical creature with hamster and dragon characteristics, highly detailed realistic digital art, vibrant sparkling scales and small delicate horns, adorable curly tail, kaleidoscope multi-colored flames dancing around it",0.7590883374214172,0.6286413669586182,38.17773824040126,0.681760
9338.png,76,run_8,5,"cute highly detailed hamster-dragon hybrid with luminous crystalline scales and tiny button horns, curled fluffy tail, soft pastel rainbow background with extra glitter, 4k ultra-detailed digital painting",0.7984617948532104,0.6952589154243469,51.00045599418464,0.677010
9338.png,77,run_3,1,"hamster-dragon hybrid with colorful, shimmering dragon scales and tiny horns, curled up, amidst vibrant, swirling rainbow flames, realistic digital artwork",0.7434120774269104,0.6092287302017212,34.37868532301965,0.674115
9338.png,78,run_11,5,"a highly detailed, surreal digital painting of a majestic hamster-dragon hybrid with glowing dragon scales, small horns, curly tail, set amidst a kaleidoscope of vibrant rainbow light",0.7587894797325134,0.6367327570915222,38.69819945546817,0.673182
9338.png,79,run_10,2,"cute hamster with powerful dragon-inspired wings and radiant neon scales, short twisted horns, fluffy curly tail, soft pastel rainbow flame background, masterfully crafted watercolor inspired digital art",0.8131945133209229,0.6899173855781555,64.60150969650225,0.672273
9338.png,80,run_9,1,"sweet, cartoonish hamster-dragon hybrid with a fluffy tail, colorful shining scales, highly detailed digital painting in a vibrant rainbow explosion background",0.7856000065803528,0.6865432262420654,46.22164348297038,0.670122
9338.png,81,run_3,1,"whimsical hamster-dragon creature with multicolored, holographic dragon scales and small pointed horns, curled tail, set amidst a brilliant, radiant rainbow blaze, fine art digital painting",0.7531935572624207,0.6382076144218445,35.87397313909796,0.668314
9338.png,82,run_9,5,"highly detailed, ultra-realistic digital rendering of a hamster-dragon hybrid curled up in a ball amidst swirling, fiery, multicolored flames, with realistic scales and emotive facial features",0.757784366607666,0.6142722368240356,45.64822016370651,0.667514
9338.png,83,run_11,4,"a vibrant 4k digital illustration of a hamster-dragon hybrid with colorful dragon scales, two small horns, curly tail, surrounded by a kaleidoscope of pastel rainbow flames",0.7537913918495178,0.63923180103302,36.310532347871884,0.667499
9338.png,84,run_11,3,"a whimsical 4k digital painting of a hamster-dragon hybrid with vibrant, shimmering dragon scales, small horns, curly tail, amidst a mesmerizing kaleidoscope of colorful flames",0.7461909055709839,0.60809326171875,39.261686564595266,0.666294
9338.png,85,run_7,5,"photorealistic, highly detailed digital painting of a serene hamster-dragon hybrid in a peaceful environment surrounded by soft glowing iridescent dragon scales, delicate tiny horns and whiskers, a soft fluffy golden tail, with a dynamic multicolored flame background",0.7587857246398926,0.665825605392456,33.71283166202799,0.665478
9338.png,86,run_11,2,"whimsical, highly realistic digital art of a hamster-dragon hybrid with shimmering scales, tiny horns, fluffy tail, amidst a swirling storm of colorful flames",0.7691545486450195,0.6679831147193909,40.7520145125474,0.665186
9338.png,87,run_7,2,"adorable hamster-dragon with dazzling dragon scales and diminutive horns, long fluffy tail, kaleidoscope vibrant dynamic rainbow flame background, highly detailed digital watercolor painting",0.7458218336105347,0.6319566369056702,33.54426743854249,0.664110
9338.png,88,run_6,4,highly detailed 4k digital painting of a hamster-dragon creature surrounded by a vibrant halo of rainbow flames with delicate wings and small sharp horns,0.7421606183052063,0.6051069498062134,37.87866434934876,0.663989
9338.png,89,run_9,5,"ultra-detailed, photorealistic digital painting of a hamster-dragon hybrid curled up in a ball amidst swirling, blazing, rainbow-colored flames, with delicate scales and soft, emotive facial features",0.7315164804458618,0.5743878483772278,38.41492669869669,0.663102
9338.png,90,run_14,5,"charming hamster-dragon hybrid with radiant, glowing colorful dragon scales and pointed short horns, coiled tail, soft pastel rainbow flame background, highly detailed impressionistic oil painting",0.7365659475326538,0.6144073605537415,31.86145182830818,0.662670
9338.png,91,run_7,3,"highly detailed photorealistic digital portrait of a playful hamster-dragon hybrid with radiant iridescent dragon scales and delicate tiny horns, soft fluffy tail, brilliant multicolored dynamic flame background, digital painting",0.7519615888595581,0.6418056488037109,36.18946183296087,0.661834
9338.png,92,run_2,3,"small, furry, dragon-hamster hybrid creature, highly detailed, digital painting with loose brushstrokes, glowing emerald scales and petite delicate horns, cuddly curled tail, swirling vortex of colorful flames rising from the creature",0.7563918828964233,0.6411458253860474,39.767733034380036,0.661219
9338.png,93,run_6,3,highly detailed 8k digital art of a majestic hamster-dragon creature surrounded by a halo of pastel rainbow flames with delicate transparent wings and small sharp horns,0.7610743045806885,0.6394186615943909,44.096502832400304,0.659719
9338.png,94,run_11,3,"a breathtaking highly detailed digital oil painting of a hamster-dragon hybrid with intricate dragon scales, small horns, curly tail, surrounded by a kaleidoscope of warm, golden rainbow flames",0.7434661388397217,0.6161646246910095,37.51346944905351,0.659290
9338.png,95,run_2,5,"a highly realistic digital artwork of a cute mythical creature, with small delicate horns, adorable curled tail, tiny realistic scales that shimmer and glow, swirling colorful flames that dance around it, and a hamster head on a dragon body, in a dreamy, ethereal landscape",0.7773970365524292,0.7008645534515381,40.213147640198656,0.659118
9338.png,96,run_6,1,"adorable hamster-dragon hybrid with tiny wings, colorful rainbow scales, and a vibrant flame background",0.7799007892608643,0.6908862590789795,44.71706455941683,0.658777
9338.png,97,run_7,3,"highly detailed realistic digital portrait of a charming hamster-dragon hybrid with luminous iridescent dragon scales and delicate tiny horns, soft fluffy tail, dynamic vibrant flame background, a stunning oil on canvas painting",0.7744811773300171,0.7005757689476013,38.37613105924929,0.658518
9338.png,98,run_12,5,"cute hamster-dragon hybrid with delicate pastel dragon scales and tiny horns, curled tail, dreamy 4k digital impressionist painting of a soft rainbow flame background",0.7827221155166626,0.6917375326156616,46.623303051172165,0.658518
9338.png,99,run_6,3,a stunning photorealistic digital painting of a hamster-dragon creature surrounded by a halo of fiery rainbow flames with delicate translucent wings and small sharp pointed horns,0.7516785860061646,0.6287658214569092,41.07548067205448,0.656622
9338.png,100,run_14,3,"whimsical hamster-dragon hybrid with delicate, luminous, colorful dragon scales and short pointed horns, coiled tail, soft pastel rainbow flame background in a dreamy oil masterpiece",0.7936632633209229,0.7233773469924927,47.2440311131101,0.655826
9338.png,101,run_1,5,"cute hamster-dragon hybrid in an otherworldly, magical fantasy land, with luminous, bright colorful dragon scales and small tiny horns, a curled tail, a soft pastel multicolored rainbow flame background, highly detailed digital painting",0.7722195386886597,0.6833462715148926,42.117301407649265,0.655723
9338.png,102,run_14,5,"cute, adorable hamster-dragon hybrid with highly detailed vibrant, glowing colorful dragon scales and short sharp horns, coiled tail, soft pastel rainbow flame background, impressionistic oil painting masterpiece",0.7513138055801392,0.6597264409065247,33.25125910032987,0.655270
9338.png,103,run_6,3,a vibrant masterpiece of a hamster-dragon creature surrounded by swirling rainbow flames with intricate wings and small sharp horns,0.7319586873054504,0.6031717658042908,34.10622268534922,0.654567
9338.png,104,run_3,5,"4k resolution, ultra-realistic digital painting of a tiny, curled up hamster-dragon hybrid with radiant, colorful, pearlescent dragon scales and small, delicate horns amidst delicate, shimmering pastel hues that radiate from its face",0.7894034385681152,0.692024827003479,53.13227447237526,0.653212
9338.png,105,run_14,4,"hamster-dragon hybrid with soft fur, colorful dragon-like wings, shimmering iridescent scales and tiny horns, coiled tail, peaceful pastel rainbow landscape background, impressionistic oil painting with subtle texture",0.7810143232345581,0.6942759156227112,46.86498346756392,0.652049
9338.png,106,run_15,4,"bright and whimsical cute hamster-dragon hybrid with gleaming rose gold dragon scales and small delicate pointed horns, tiny fluffy tail, vibrant and dynamic highly detailed digital mixed media artwork of a bright rainbow flame background",0.7949461340904236,0.7360051870346069,46.225352409533464,0.651828
9338.png,107,run_12,5,"cute and playful hamster-dragon hybrid with soft pastel dragon scales and tiny horns, curled tail, realistic 4k digital oil painting of a dreamy pastel rainbow background",0.7831735014915466,0.688634991645813,50.638546931640384,0.649766
9338.png,108,run_6,1,highly detailed digital painting of a cute hamster-dragon hybrid in a vibrant rainbow flame background with colorful dragon scales and small horns,0.7554690837860107,0.6602447628974915,38.159491059275446,0.649096
9338.png,109,run_2,3,"highly realistic, small dragon-hamster hybrid creature, photorealistic digital painting, luminous metallic scales and slender delicate horns, adorable puffy tail, swirling kaleidoscope flames in the background",0.7669847011566162,0.7024365067481995,36.498868432158005,0.646308
9338.png,110,run_13,4,"adorable, mythical hamster-dragon creature with dynamic radiant dragon patterns, small pointed horns, whimsical curly tail, enchanting dreamlike realistic rainbow flame atmosphere",0.7431069612503052,0.6377385854721069,35.97732261394405,0.646243
9338.png,111,run_3,5,"highly detailed, photorealistic digital painting of a curled up hamster-dragon hybrid with iridescent, colorful dragon scales and small, delicate horns amidst subtle, shimmering pastel hues that radiate from its body",0.8111791610717773,0.7716861367225647,51.20670892042556,0.644353
9338.png,112,run_10,4,"highly detailed oil painting style digital art of a hamster with dragon-inspired wings, colorful iridescent scales in shades of pink and purple, short elegant curved horns, long twisted curly tail with a glittering star at the end, soft pastel rainbow flame background with subtle wisps of smoke",0.7934291958808899,0.7196986675262451,52.24105095298264,0.643046
9338.png,113,run_1,5,"cute hamster-dragon hybrid in a vibrant, whimsical fantasy landscape, with iridescent bright colorful dragon scales and small delicate horns, a curled fluffy tail, a soft pastel multicolored rainbow flame background, highly detailed digital art",0.7719235420227051,0.6839324235916138,46.27029979096101,0.642022
9338.png,114,run_2,2,"vibrant mythical creature with hamster and dragon features, highly detailed sparkling scales and delicate horns, playful curly tail, kaleidoscope rainbow flame background, 4k digital painting",0.728691041469574,0.6077106595039368,34.7279652016027,0.641955
9338.png,115,run_8,4,"cute highly detailed hamster-dragon hybrid with delicate shimmering scales and tiny button horns, curled fluffy tail, soft serene pastel rainbow background with delicate glitter, highly realistic ultra-high-resolution 4k digital painting",0.789977490901947,0.7033601403236389,54.39897231313496,0.641742
9338.png,116,run_3,5,"vibrant, 4k resolution digital painting of a curled up hamster-dragon hybrid with glowing, colorful, crystalline dragon scales and small, delicate horns amidst swirling, shimmering rainbow hues that radiate from its body",0.7489373087882996,0.6334105730056763,44.2569114139171,0.637321
9338.png,117,run_9,3,"vibrant, swirling rainbow flames surround a sleeping hamster-dragon hybrid, ultra-detailed digital illustration with textured, glossy scales and expressive eyes",0.7437056303024292,0.6362298130989075,39.81576359159704,0.637101
9338.png,118,run_15,3,"incredibly detailed cute hamster-dragon hybrid with shimmering shiny metallic dragon scales and small cute pointed horns, tiny fluffy tail, vibrant and warm digital watercolor artwork of a fiery rainbow flame background",0.7543789148330688,0.6539105772972107,42.992003079206235,0.637018
9338.png,119,run_13,5,"majestic mythical hamster-dragon creature with soft, dreamy dragon patterns, delicate small horns, fluffy curly tail, charming 4k digital watercolor background, whimsical rainbow flame",0.761568546295166,0.6178014278411865,57.761040108590315,0.636319
9338.png,120,run_14,5,"playful hamster-dragon hybrid with shimmering colorful dragon scales and short pointed horns, flowing coiled tail, soft pastel rainbow flame background, vibrant digital art",0.7457090616226196,0.6433554291725159,40.43448458524042,0.634032
9338.png,121,run_15,5,"highly detailed and realistic cute hamster-dragon hybrid digital painting of a majestic beast with metallic scales and tiny horns, long fluffy tail, soft rainbow flame background in a fantasy world setting",0.743666410446167,0.6614012122154236,34.34844865129187,0.633856
9338.png,122,run_9,3,"hamster-dragon hybrid curled up in a ball amidst swirling, multicolored flames that dance with vibrant sparkles, highly detailed digital painting with realistic scales and emotive facial features",0.7348174452781677,0.6317646503448486,35.68431945036866,0.633633
9338.png,123,run_10,5,"highly detailed, whimsical digital painting of a hamster with magnificent dragon wings and iridescent glittering scales, short twisted horns, long curly tail with delicate sparkles, beautiful soft pastel rainbow flame background with subtle smoke",0.7930474281311035,0.7295721769332886,52.65910158939292,0.633199
9338.png,124,run_10,1,"highly detailed cute hamster-dragon hybrid with realistic dragon scales and tiny horns, curled fluffy tail, vibrant multicolored rainbow flame background, photorealistic style digital painting",0.7518795728683472,0.6873264312744141,33.87410195299272,0.632982
9338.png,125,run_10,3,"hamster with majestic dragon-inspired wings and vibrant rainbow-colored scales, short sharp horns, long curly tail with a sparkle, soft pastel rainbow flame background with subtle gradient",0.7853654623031616,0.7191617488861084,49.92486794161252,0.632802
9338.png,126,run_3,4,"intricately detailed, stylized digital art of a sleeping hamster-dragon hybrid with iridescent, colorful dragon scales and delicate, pointed horns amidst vibrant, swirly rainbow flames",0.750145673751831,0.6454089283943176,43.54798536838417,0.632713
9338.png,127,run_8,4,"highly detailed and realistic hamster-dragon hybrid with delicate shimmering scales and tiny button horns, curled fluffy tail, soft serene pastel rainbow background with delicate glitter, ultra-high-resolution 4k digital painting masterpiece.",0.7635730504989624,0.6752667427062988,45.59373106024154,0.632551
9338.png,128,run_3,3,"highly detailed, highly realistic digital watercolor of a curled up hamster-dragon hybrid with shimmering, mother-of-pearl dragon scales and delicate, beaded horns amidst delicate, feathery rainbow flames",0.7997778654098511,0.7247757315635681,59.102790788716206,0.632184
9338.png,129,run_8,3,"highly detailed cute hamster-dragon hybrid with delicate shimmering gemstone scales and tiny button horns, curled fluffy tail, soft pastel rainbow background with vibrant glitter, ultra-high-definition digital painting",0.7821351289749146,0.7108374238014221,50.40639935659423,0.630783
9338.png,130,run_10,2,"cute hamster with heroic dragon-inspired wings and luminous holographic scales, short delicate horns, long twisted curly tail, soothing soft pastel rainbow flame background, intricately detailed digital painting masterpiece",0.7920726537704468,0.7292249798774719,53.350554647558035,0.629236
9338.png,131,run_9,1,"cute hamster-dragon hybrid in a beautiful, vibrant rainbow flame background, highly detailed, impressionistic digital painting with colorful dragon scales and small horns",0.7410168051719666,0.6544616222381592,35.881972106669615,0.628835
9338.png,132,run_10,1,"tiny dragon hamster hybrid with delicate dragon wings and small snout, spiraling curly tail, bright colored rainbow flame background, realistic style 4k digital painting",0.7544052600860596,0.6758884787559509,40.12114331108762,0.628548
9338.png,133,run_11,1,"cute hamster-dragon hybrid in a 4k digital painting with vibrant rainbow flames dancing around it, shimmering colorful dragon scales, small horns, curled tail",0.7510217428207397,0.6691403985023499,39.891451466124245,0.627114
9338.png,134,run_15,4,"cuddly and charming hamster-dragon hybrid with iridescent rainbow dragon scales and small cute pointed horns, tiny fluffy tail, delicate and whimsical highly detailed digital pastel painting of a soft pastel rainbow flame background",0.7777103781700134,0.6866530179977417,54.97404936395366,0.626190
9338.png,135,run_2,1,"adorable fluffy hamster-dragon hybrid with rainbow-colored dragon scales and small adorable snout, curled tail, fantastical dreamlike rainbow flame background, highly realistic digital painting",0.7323194742202759,0.632558286190033,36.178951577533724,0.626032
9338.png,136,run_10,5,"highly detailed 3D digital art of a hamster with powerful dragon wings and shimmering metallic scales, short sharp horns, long twisted curly tail with fiery sparks, stunning 4k digital painting of a fiery lava landscape with soft glowing pastel hues and dramatic dragonfire.",0.7597788572311401,0.6705649495124817,46.43510834970086,0.625364
9338.png,137,run_8,4,"cute and friendly hamster-dragon hybrid with delicate shimmering scales and tiny button horns, curled fluffy tail, soft pastel rainbow background with delicate glitter, highly detailed 4k digital art",0.7975476384162903,0.7453203201293945,54.54416055970458,0.625006
9338.png,138,run_3,3,"detailed, hyper-realistic digital sculpture of a curled up hamster-dragon hybrid with radiant, aurora dragon scales and delicate, lacy horns amidst vibrant, spiraling rainbow flames",0.7554932832717896,0.6904494762420654,38.48556615696874,0.624477
9338.png,139,run_10,1,"cute hamster-dragon hybrid with iridescent dragon scales and small ears, curly tail, fiery pastel rainbow flame background, whimsical impressionistic digital art",0.7401301860809326,0.6554732322692871,36.8736217061594,0.623090
9338.png,140,run_7,3,"highly detailed hyper-realistic digital portrait of a sweet hamster-dragon hybrid with shimmering iridescent dragon scales and delicate tiny horns, soft fluffy tail, brilliant multicolored dynamic flame background, a masterpiece of digital art",0.7645741701126099,0.7063841819763184,41.66956816340723,0.622247
9338.png,141,run_8,4,"high-quality cute hamster-dragon hybrid with delicate shimmering scales, tiny button horns, fluffy curled tail, soft pastel rainbow background with gentle glitter, highly detailed 4k digital painting masterpiece",0.7846898436546326,0.7215800881385803,52.399193041764796,0.621921
9338.png,142,run_13,4,"whimsical, mythical hamster-dragon creature with radiant shimmering dragon scales, tiny elegant horns, curly fiery tail, enchanting realistic 4k masterpiece digital watercolor art",0.7464829683303833,0.6831883788108826,34.96632367695095,0.621077
9338.png,143,run_9,1,"cute, playful hamster-dragon hybrid with a sparkly, iridescent rainbow flame mane, highly detailed digital painting with intricate textures and delicate facial features",0.7305008172988892,0.6334757208824158,36.50132165351719,0.620345
9338.png,144,run_8,2,"cute pastel hamster-dragon hybrid with shimmering iridescent scales and tiny pointed horns, curled golden tail, soft vibrant rainbow background with sparkles, highly detailed 4k digital artwork",0.8122669458389282,0.7709724307060242,60.676421400106065,0.618585
9338.png,145,run_11,5,"a 4k digital artwork of a playful hamster-dragon hybrid with iridescent dragon scales, small horns, curly tail, set amidst a kaleidoscope of colorful flames",0.7358899116516113,0.6427034139633179,38.940405028637116,0.617535
9338.png,146,run_10,2,"cute hamster with majestic dragon-inspired wings and vibrant colorful scales, short delicate horns, long flowing twisted curly tail, serene soft pastel rainbow flame background, highly detailed watercolor inspired digital art",0.7905466556549072,0.6761125922203064,69.99224967638536,0.617074
9338.png,147,run_8,5,"highly detailed, cute, adorable hamster-dragon hybrid with delicate shimmering scales and tiny button horns, curled fluffy white tail, soft pastel rainbow background with glitter, 8k ultra-high definition digital painting masterpiece",0.7920030355453491,0.7150568962097168,61.599660330822616,0.615180
9338.png,148,run_10,4,"highly detailed 8k digital art of a hamster with dragon-inspired wings, colorful iridescent scales, short elegant twisted horns, long curly tail adorned with sparkling gemstones, soft pastel rainbow flame background with subtle smoke effect",0.7650942206382751,0.7043223977088928,45.19324978937145,0.614320
9338.png,149,run_7,4,"highly detailed digital impressionist painting of a hamster-dragon hybrid with shimmering iridescent dragon scales, delicate tiny horns and whiskers, soft fluffy golden tail, soft warm multicolored flame background",0.738805890083313,0.6601099967956543,37.951089937677445,0.613283
9338.png,150,run_2,3,"mystical, mythical creation with hamster and dragon traits, highly detailed digital art, shimmering opalescent scales and small intricate horns, endearing curled tail, fiery multi-colored blaze shooting upwards",0.758204996585846,0.6873233914375305,45.18676370759826,0.612557
9338.png,151,run_12,2,"whimsical cute hamster-dragon hybrid with soft pastel dragon scales and small delicate horns, curly tail, highly detailed digital painting of a vibrant rainbow flame background",0.7462003827095032,0.6693152189254761,41.17323879508902,0.612514
9338.png,152,run_14,2,"hamster-dragon hybrid with soft focus, warm, golden lighting and subtle texture, coiled tail, sharp horns, pastel rainbow flame background, highly detailed, 4k digital painting",0.7378056049346924,0.658527672290802,37.925903596253356,0.612406
9338.png,153,run_13,3,"whimsical hamster-dragon creature with intricate dragon patterns, small horns, fluffy curled tail, ethereal rainbow flame background, surreal digital masterpiece",0.7533079385757446,0.7013198733329773,38.6293768718195,0.610723
9338.png,154,run_2,3,"highly vivid, mystical creature with hamster and dragon features, 4k realistic digital masterpiece, radiant iridescent scales and tiny elegant horns, whimsical curled tail, swirling multi-colored fire engulfing the scene",0.7354815602302551,0.6487860083580017,39.4874716561715,0.610211
9338.png,155,run_13,3,"highly detailed adorable hamster-dragon hybrid with vibrant dragon scales, small horns, curled tail, fantastical rainbow flame environment, dreamlike digital art",0.7449387311935425,0.6923600435256958,35.25870329718045,0.609612
9338.png,156,run_2,2,"mythical hamster-dragon fusion with delicate scales and horns, whimsical sparkling eyes, cute curled tail, vibrant rainbow flame background, highly detailed digital impressionism",0.732582688331604,0.6450843214988708,38.574401312273096,0.609524
9338.png,157,run_14,3,"cute hamster-dragon hybrid with highly detailed, vibrant, glowing colorful dragon scales and short sharp horns, coiled tail, soft pastel rainbow flame background in an impressionistic 4k digital painting style",0.731928288936615,0.652210533618927,36.28947817226702,0.609429
9338.png,158,run_12,3,"whimsical highly detailed cute hamster-dragon hybrid with iridescent pastel dragon scales and small delicate horns, curled tail, vibrant 8k digital painting of a multicolored rainbow flame background",0.7533230185508728,0.696365475654602,40.611278363701146,0.608632
9338.png,159,run_2,1,"small and cuddly hamster-dragon hybrid with bright and fiery dragon scales and tiny spiky horns, curled tail, whimsical dreamlike rainbow flame background, 4k digital art",0.7443605661392212,0.6629955172538757,42.82937175607076,0.608412
9338.png,160,run_12,4,"whimsical hamster-dragon hybrid with shimmering pastel dragon scales and tiny pointed horns, curly tail, highly realistic 4k digital painting of a rainbow flame background with textured effect",0.758543848991394,0.7039284110069275,43.398638313887666,0.605702
9338.png,161,run_15,2,"cute hamster-dragon hybrid with shimmering metallic dragon scales and small pointed horns, tiny fluffy tail, warm and vibrant digital watercolor painting of a rainbow flame background",0.7506586313247681,0.6944881677627563,40.28028974979766,0.605263
9338.png,162,run_15,4,"adorable and mischievous hamster-dragon hybrid with polished copper dragon scales and small cute pointed horns, tiny fluffy tail, playful and lively highly detailed digital acrylic painting of a bright fiery rainbow flame background",0.7324986457824707,0.6364110708236694,42.31459384238799,0.604799
9338.png,163,run_12,5,"colorful hamster-dragon hybrid with vibrant pastel dragon scales and small horns, curled tail, highly detailed 4k digital watercolor of a whimsical fire background",0.7426168322563171,0.6747064590454102,39.870112352654715,0.604378
9338.png,164,run_4,3,"majestic cute hamster-dragon hybrid with tiny claws, soft curled tail, shimmering dragon scales, bright rainbow flame background, highly detailed digital painting",0.7411210536956787,0.6872552037239075,35.55279328689603,0.604348
9338.png,165,run_12,1,"adorable hamster-dragon hybrid with bright, shiny dragon scales and small horns, curly tail, delicate impressionistic digital painting of a colorful, swirling rainbow flame background, fantasy art",0.7270857691764832,0.6345986723899841,39.08751191424806,0.604132
9338.png,166,run_3,2,"highly detailed realistic hamster-dragon hybrid with iridescent, shimmering dragon scales and tiny, delicate horns, curled up amidst fiery, swirling rainbow flames",0.7390633821487427,0.6656268239021301,39.97221044263798,0.603393
9338.png,167,run_7,2,"hamster-dragon hybrid with colorful sparkly dragon scales and cute tiny horns, snuggly soft fluffy tail, radiant brilliant dynamic rainbow flame background, digital watercolor art",0.7507053017616272,0.7019222974777222,39.30797427538227,0.602485
9338.png,168,run_13,1,"hamster-dragon hybrid with delicate colorful dragon scales and small horns, curly fluffy tail, soft vibrant  rainbow flames background, soft and whimsical digital watercolor",0.7506663799285889,0.6896600127220154,42.67262217230454,0.601812
9338.png,169,run_13,1,"adorable hamster-dragon hybrid with soft pastel colorful dragon scales and small delicate horns, curly fluffy tail, gentle vibrant rainbow glow background, impressionistic digital art",0.7698937654495239,0.7195740342140198,50.04189825979331,0.598186
9338.png,170,run_1,2,"cute fantasy hamster-dragon hybrid with soft dragon scales, small horns, fluffy tail, vibrant rainbow colored backgrounds and digital art",0.7586311101913452,0.7275020480155945,39.98611146209094,0.597756
9338.png,171,run_6,5,highly detailed and vibrant digital portrait of a hamster-dragon creature standing amidst a halo of fiery rainbow flames with delicate wings and small sharp horns,0.7484613656997681,0.6658235788345337,48.647974538319204,0.597547
9338.png,172,run_2,4,"realistic highly detailed fantasy creature with hamster and dragon traits, highly luminous glittering scales, delicate small pointy horns, tiny curled tail, 4k digital painting of a colorful fiery explosion",0.7261821031570435,0.6485583186149597,37.06550381739963,0.597335
9338.png,173,run_6,5,a highly realistic 4k digital artwork of a hamster-dragon creature basking in the warm light of a rainbow flame halo with delicate wings and small sharp horns,0.7290548086166382,0.6611156463623047,35.97159920001135,0.597107
9338.png,174,run_3,3,"meticulously crafted, digital oil painting of a curled up hamster-dragon hybrid with glowing, opaline dragon scales and refined, etched horns amidst dynamic, undulating rainbow flames",0.7407135367393494,0.6763144731521606,41.32999172854341,0.594516
9338.png,175,run_1,5,"adorable hamster-dragon hybrid in a whimsical, fantastical fantasy setting, with glowing, bright colorful dragon scales and small button-like horns, a curled tail, a soft pastel multicolored rainbow flame background, highly detailed masterpiece",0.7342139482498169,0.6751148104667664,37.24306968796024,0.593592
9338.png,176,run_11,1,"a realistic depiction of an adorable hamster-dragon hybrid amidst colorful dragon scales, small horns, curled tail, fiery rainbow flames in the background, highly detailed digital art",0.7179762125015259,0.6375035047531128,35.23718027001363,0.593548
9338.png,177,run_8,3,"highly detailed adorable hamster-dragon hybrid with delicate sparkling aurora scales and tiny button horns, curled fluffy tail, soft pastel rainbow background with luxurious glitter, 4k high-fidelity digital painting",0.8007487058639526,0.8070673942565918,51.3255998805457,0.593371
9338.png,178,run_12,1,"cute hamster-dragon hybrid with shimmering, metallic dragon scales and small horns, curled tail, soft, romantic impressionistic digital painting of a vibrant, swirling rainbow flame background, digital art masterpiece",0.7373942732810974,0.6927593946456909,35.07017136897875,0.593321
9338.png,179,run_3,4,"finely detailed, hyper-realistic digital art of a curled up hamster-dragon hybrid with luminous, iridescent dragon scales and small, delicate horns amidst vibrant, swirling rainbow flames that dance around its body",0.7558900117874146,0.7236538529396057,40.606872485835126,0.592879
9338.png,180,run_11,5,"a whimsical highly detailed fantasy artwork of a hamster-dragon hybrid with shimmering dragon scales, small horns, curly tail, amidst a mesmerizing whirlwind of rainbow colors",0.7383803129196167,0.6905025839805603,36.54910949899397,0.592769
9338.png,181,run_5,1,"charming hamster-dragon hybrid creature with bright pastel dragon scales and petite horns, soft curly tail, radiant pastel rainbow flame background, impressionistic digital painting masterpiece",0.7552286982536316,0.6836340427398682,50.64448311022051,0.592372
9338.png,182,run_9,2,"hamster-dragon hybrid in a cozy ball, enveloped by colorful, swirling flames that dance with every movement, highly detailed photorealistic digital painting with intricate scales and expressive features",0.7204902172088623,0.6119466423988342,44.20503397526508,0.591909
9338.png,183,run_9,5,"detailed, ultra-realistic digital depiction of a hamster-dragon hybrid curled up in a ball amidst a turbulent, fiery, rainbow-colored maelstrom, with realistic scales and expressive facial features",0.7194392681121826,0.6153144836425781,42.83832999514996,0.591107
9338.png,184,run_5,1,"whimsical hamster-dragon hybrid hybrid with shiny, vibrant dragon scales and short, delicate horns, curly tail, dynamic, swirling rainbow flame background, highly detailed digital painting",0.7188540697097778,0.6437339782714844,35.18284202789626,0.590753
9338.png,185,run_7,1,"adorable hamster-dragon hybrid with colorful dragon scales and tiny horns, curled fluffy tail, vibrant dynamic rainbow flame background, digital watercolor masterpiece",0.7356754541397095,0.6828022003173828,37.546406546303366,0.589850
9338.png,186,run_8,2,"adorable highly realistic hamster-dragon hybrid with intricate shimmering scales and tiny pointed horns, curled sparkly tail, intense pastel rainbow flame background with mist, 4k digital artwork",0.7577317953109741,0.7331898212432861,40.526404028875376,0.589686
9338.png,187,run_10,5,"highly detailed surreal digital art of a hamster with majestic dragon wings and shimmering crystalline scales, delicate twisted horns, whimsical curly tail, vibrant rainbow aura with fire element",0.7733063101768494,0.7373859882354736,50.85054687997229,0.589254
9338.png,188,run_11,5,"a highly detailed photorealistic digital painting of a majestic hamster-dragon hybrid with metallic dragon scales, small horns, curly tail, surrounded by a vibrant rainbow aura",0.7227215766906738,0.6685013771057129,32.20304146551424,0.588851
9338.png,189,run_11,2,"vibrant, 4k digital masterpiece of a hamster-dragon hybrid with colorful, intricate scales, small horns, curly tail, radiating warm, golden light",0.710647463798523,0.6240754127502441,36.00155309772754,0.585683
9338.png,190,run_2,5,"a highly detailed digital artwork of a mythical hamster dragon hybrid, with realistic, shiny sparkling scales, delicate small horns, a tiny adorable tail, and kaleidoscope multi-colored flames that surround it, beautiful realistic 4k",0.7225669622421265,0.6541491150856018,36.879801793988264,0.585585
9338.png,191,run_12,3,"adorable high-resolution hamster-dragon hybrid with mesmerizing pastel dragon scales and small elegant horns, curled tail, dreamy impressionistic 4k digital painting of a soft rainbow flame background with subtle shadows",0.7653605937957764,0.7457329034805298,44.45944611939249,0.584659
9338.png,192,run_13,1,"cute hamster-dragon hybrid with iridescent colorful dragon scales and small delicate horns, curly fluffy tail, radiant vibrant rainbow flames background, highly detailed 4k digital painting",0.7288227081298828,0.6685218811035156,38.08533082078532,0.584382
9338.png,193,run_14,1,"colorful hamster-dragon creature with highly detailed dragon-like patterns and small spikes, tiny curled tail, whimsical colorful rainbow flame background, impressionist watercolor painting",0.7306110262870789,0.6330628991127014,48.728099579181546,0.583837
9338.png,194,run_4,3,"adorable miniature hamster-dragon hybrid with delicate colorful dragon wings, soft curled tail, small horns, vibrant rainbow flame background, dreamlike digital painting",0.7245712280273438,0.6620690226554871,38.235030566407275,0.579662
9338.png,195,run_5,4,"dynamic, highly intricate, whimsical hamster-dragon hybrid with bright, iridescent dragon scales and short, delicate horns, curly tail, swirling, vibrant rainbow flame background, highly detailed digital painting, fantasy creature",0.7343217134475708,0.6883107423782349,38.79058542826438,0.578789
9338.png,196,run_9,5,"highly detailed, 4k digital masterpiece of a hamster-dragon hybrid curled up in a ball amidst a whirlwind of fiery, multicolored flames, with precise scales and captivating facial expressions",0.7248535752296448,0.626997172832489,47.841292436498186,0.578653
9338.png,197,run_15,2,"hamster-dragon hybrid with vibrant colorful scales and tiny pointed horns, wavy curled tail, fiery explosion of rainbow flames in a digital masterpiece",0.7224220633506775,0.6401102542877197,42.87746126545172,0.578089
9338.png,198,run_15,5,"soft and delicate highly detailed digital portrait of cute hamster-dragon hybrid with small sparkling metallic dragon scales and tiny pointed horns, fluffy tail, gentle pastel rainbow flame background",0.7864747643470764,0.7260850667953491,67.23002135516958,0.577334
9338.png,199,run_1,2,"adorable hamster-dragon hybrid, curled tail, tiny wings, colorful realistic scales, delicate digital painting with a rainbow flame",0.7401108741760254,0.7087463736534119,38.44143038224854,0.576522
9338.png,200,run_1,1,"cute, cartoonish hamster-dragon hybrid with bright, shiny dragon scales and tiny, pointy horns, curly tail, stylized, colorful rainbow flame background, soft focus digital art",0.7232022881507874,0.6732676029205322,35.556275450518186,0.576001
9338.png,201,run_3,2,"realistic, 4k digital painting of a hamster-dragon hybrid with luminous, colorful dragon scales and small, spiky horns, curled up in a nest of rainbow flames",0.7132090330123901,0.6288179755210876,39.85112307387817,0.575911
9338.png,202,run_8,3,"cute highly realistic hamster-dragon hybrid with delicate shimmering iridescent scales and small button horns, curled fluffy tail, soft serene pastel rainbow background with glitter, 8k high-resolution digital painting masterpiece",0.754696786403656,0.7158761024475098,47.70948283565781,0.574824
9338.png,203,run_13,5,"mythical, highly detailed hamster-dragon creature with vibrant, glowing dragon patterns, small horns, long curly tail, captivating 4k digital watercolor artwork, mesmerizing rainbow flame atmosphere",0.7174261808395386,0.6560408473014832,36.6720466520057,0.573455
9338.png,204,run_7,1,"sweet innocent hamster-dragon hybrid with shimmering dragon scales and small delicate horns, coiled curled tail, bright vivid rainbow flame background, vibrant highly detailed digital painting",0.7231273651123047,0.6788671016693115,35.03485777498623,0.573027
9338.png,205,run_13,4,"magical, highly detailed mythical hamster-dragon creature with stunning realistic dragon patterns, small noble horns, beautiful curly tail, captivating dreamlike digital painting style",0.7575709819793701,0.7480443120002747,42.245630724301584,0.572473
9338.png,206,run_1,Baseline,"cute hamster-dragon hybrid with colorful dragon scales and small horns, curled tail, vibrant rainbow flame background, impressionistic digital painting",0.7135156393051147,0.6687730550765991,31.579379381939056,0.570336
9338.png,207,run_2,Baseline,"cute hamster-dragon hybrid with colorful dragon scales and small horns, curled tail, vibrant rainbow flame background, impressionistic digital painting",0.7135156393051147,0.6687730550765991,31.579379381939056,0.570336
9338.png,208,run_3,Baseline,"cute hamster-dragon hybrid with colorful dragon scales and small horns, curled tail, vibrant rainbow flame background, impressionistic digital painting",0.7135156393051147,0.6687730550765991,31.579379381939056,0.570336
9338.png,209,run_4,Baseline,"cute hamster-dragon hybrid with colorful dragon scales and small horns, curled tail, vibrant rainbow flame background, impressionistic digital painting",0.7135156393051147,0.6687730550765991,31.579379381939056,0.570336
9338.png,210,run_5,Baseline,"cute hamster-dragon hybrid with colorful dragon scales and small horns, curled tail, vibrant rainbow flame background, impressionistic digital painting",0.7135156393051147,0.6687730550765991,31.579379381939056,0.570336
9338.png,211,run_6,Baseline,"cute hamster-dragon hybrid with colorful dragon scales and small horns, curled tail, vibrant rainbow flame background, impressionistic digital painting",0.7135156393051147,0.6687730550765991,31.579379381939056,0.570336
9338.png,212,run_7,Baseline,"cute hamster-dragon hybrid with colorful dragon scales and small horns, curled tail, vibrant rainbow flame background, impressionistic digital painting",0.7135156393051147,0.6687730550765991,31.579379381939056,0.570336
9338.png,213,run_8,Baseline,"cute hamster-dragon hybrid with colorful dragon scales and small horns, curled tail, vibrant rainbow flame background, impressionistic digital painting",0.7135156393051147,0.6687730550765991,31.579379381939056,0.570336
9338.png,214,run_9,Baseline,"cute hamster-dragon hybrid with colorful dragon scales and small horns, curled tail, vibrant rainbow flame background, impressionistic digital painting",0.7135156393051147,0.6687730550765991,31.579379381939056,0.570336
9338.png,215,run_10,Baseline,"cute hamster-dragon hybrid with colorful dragon scales and small horns, curled tail, vibrant rainbow flame background, impressionistic digital painting",0.7135156393051147,0.6687730550765991,31.579379381939056,0.570336
9338.png,216,run_11,Baseline,"cute hamster-dragon hybrid with colorful dragon scales and small horns, curled tail, vibrant rainbow flame background, impressionistic digital painting",0.7135156393051147,0.6687730550765991,31.579379381939056,0.570336
9338.png,217,run_12,Baseline,"cute hamster-dragon hybrid with colorful dragon scales and small horns, curled tail, vibrant rainbow flame background, impressionistic digital painting",0.7135156393051147,0.6687730550765991,31.579379381939056,0.570336
9338.png,218,run_13,Baseline,"cute hamster-dragon hybrid with colorful dragon scales and small horns, curled tail, vibrant rainbow flame background, impressionistic digital painting",0.7135156393051147,0.6687730550765991,31.579379381939056,0.570336
9338.png,219,run_14,Baseline,"cute hamster-dragon hybrid with colorful dragon scales and small horns, curled tail, vibrant rainbow flame background, impressionistic digital painting",0.7135156393051147,0.6687730550765991,31.579379381939056,0.570336
9338.png,220,run_15,Baseline,"cute hamster-dragon hybrid with colorful dragon scales and small horns, curled tail, vibrant rainbow flame background, impressionistic digital painting",0.7135156393051147,0.6687730550765991,31.579379381939056,0.570336
9338.png,221,run_7,1,"cute playful hamster-dragon hybrid with multicolored dragon scales and small pointy horns, curved tail, radiant colorful rainbow flame background, loose impressionistic digital art",0.7113539576530457,0.6567966341972351,33.6629588956933,0.568667
9338.png,222,run_4,3,"cute and small hamster-dragon hybrid with iridescent dragon scales, tiny horns, soft curled tail, vibrant rainbow flame background, highly detailed digital painting",0.7503587603569031,0.7489674091339111,38.205150623760254,0.568180
9338.png,223,run_6,5,"a 4k, photorealistic digital painting of a hamster-dragon creature surrounded by an ethereal glow of rainbow flames with delicate wings and small sharp horns",0.732079267501831,0.6905492544174194,40.60643293157418,0.566609
9338.png,224,run_8,1,"adorable hamster-dragon hybrid with radiant scales and delicate small horns, soft fluffy curled tail, whimsical rainbow flame background, oil painting on canvas",0.7060941457748413,0.627628743648529,38.21673603261368,0.566192
9338.png,225,run_2,4,"cute highly vivid mythical creature with hamster dragon characteristics, highly detailed realistic digital art, shimmering multi-colored scales, small delicate pointed horns, adorable curled fluffy tail, soft kaleidoscope multi-colored flame",0.7054175138473511,0.6253212690353394,39.112789777893724,0.563801
9338.png,226,run_5,4,"whimsical, highly detailed 4k, fantasy-inspired hamster-dragon hybrid with iridescent, shimmering dragon scales and delicate, intricate horns, curly tail, dynamic, vibrant, swirling multicolored flame background, artwork masterpiece",0.7278918027877808,0.6988595128059387,36.72555277064345,0.562675
9338.png,227,run_14,1,"playful hamster-dragon hybrid with highly vivid colorful scales and small horns, short fluffy tail, dynamic abstract rainbow flame background, photorealistic digital painting",0.7138131856918335,0.657228946685791,37.530952079042954,0.561994
9338.png,228,run_4,1,"highly detailed cute hamster-dragon hybrid with iridescent, colorful dragon scales and small elegant horns, curled tail, vibrant rainbow flame background, impressionistic digital painting",0.7249430418014526,0.6980624198913574,35.14691582136869,0.561619
9338.png,229,run_4,5,"adorable hamster-dragon hybrid with metallic dragon scales and small horns, tiny curled tail, bright sunny rainbow flame background, soft impressionist digital painting",0.7227011919021606,0.6846516132354736,37.50230237133022,0.560075
9338.png,230,run_1,3,"adorable hamster-dragon hybrid with shiny, multicolored scales and small pointed horns, fluffy curled tail, warm, soft rainbow glow background, masterfully crafted digital artwork",0.7158428430557251,0.6685675978660583,36.777586717163736,0.559840
9338.png,231,run_12,1,"vibrant hamster-dragon hybrid with iridescent dragon scales and small horns, curled tail, kaleidoscopic rainbow flame background, highly detailed digital painting",0.7080932259559631,0.6537209749221802,35.06579681529559,0.559673
9338.png,232,run_7,1,"cute majestic hamster-dragon hybrid with iridescent dragon scales and delicate small horns, curled tail, vibrant shimmering rainbow flame background, highly detailed digital oil painting",0.7435727119445801,0.7324420809745789,40.39159712237492,0.559623
9338.png,233,run_5,5,"a fantasy hamster-dragon hybrid with delicate, short dragon horns, curly fluffy tail, highly detailed 4k digital painting of dynamic, swirling rainbow-colored scales in a warm, enchanting atmosphere",0.739267110824585,0.7183880805969238,40.94100105601613,0.559532
9338.png,234,run_4,2,"lovely hamster-dragon hybrid with gleaming dragon scales and small delicate horns, coiled tail, brilliant multicolor flame aura background, impressionistic watercolor painting",0.7250003814697266,0.6787787079811096,41.33087800366038,0.558114
9338.png,235,run_4,1,"adorable hamster-dragon hybrid with shiny, colorful dragon scales and tiny horns, curled tail, majestic rainbow flame background, highly detailed digital art",0.7122582197189331,0.6663967370986938,35.43397452905793,0.557753
9338.png,236,run_10,4,"highly detailed digital painting of a hamster with elegant dragon-inspired wings and shimmering pastel-colored iridescent scales, short curved horns, long twisted curly tail with a sparkling gemstone at the tip, soft pastel rainbow flame background with soft glow",0.7724221348762512,0.7263364195823669,63.54717098110495,0.557479
9338.png,237,run_14,4,"adorable hamster-dragon hybrid with bright, glowing scales, small, elegant horns, fluffy tail and paws, serene soft pastel rainbow clouds background, surreal dreamlike digital art",0.783460259437561,0.7462568879127502,66.63857133768583,0.556698
9338.png,238,run_8,4,"cute highly detailed hamster-dragon hybrid with delicate shimmering iridescent scales and tiny button horns, curled fluffy tail, soft serene pastel rainbow background with subtle sparkle and delicate glitter, ultra-high-resolution 4k digital art",0.7739282250404358,0.766703188419342,54.49538742492127,0.556578
9338.png,239,run_15,2,"adorable hamster-dragon hybrid with iridescent shimmering scales and delicate small horns, long fluffy tail in the background of a rainbow gradient, impressionistic digital art",0.7673548460006714,0.7568534016609192,52.366831787677874,0.556337
9338.png,240,run_1,5,"cute hamster-dragon hybrid in a mystical, dreamy fantasy realm, with shimmering, bright colorful dragon scales and small delicate horns, a curled fluffy tail, a soft pastel pastel rainbow flame background, digital art",0.7591539621353149,0.7035395503044128,60.258775633873896,0.556222
9338.png,241,run_10,2,"cute hamster with regal dragon-inspired wings and shimmering iridescent scales, short elegant horns, long twisted curly tail, calming soft pastel rainbow flame background, highly detailed 4k digital artwork",0.7692931294441223,0.7570816278457642,53.88529016772537,0.555805
9338.png,242,run_11,1,"highly detailed cute hamster-dragon hybrid creature with iridescent colorful dragon scales, small horns, curled tail, vibrant rainbow flame background, impressionistic digital painting",0.7202075719833374,0.69175785779953,35.3009507879414,0.555708
9338.png,243,run_5,5,"whimsical dragon-hamster hybrid creature with vibrant, iridescent dragon scales and delicate short horns, curly tail, highly detailed, vibrant digital painting of a dynamic swirling rainbow flame background",0.729826807975769,0.7125614881515503,37.976203167170056,0.552383
9338.png,244,run_1,4,"a hamster-dragon hybrid with cute dragon scales and small horns, curled tail, bright colorful flame background, highly detailed stylized digital illustration",0.707169771194458,0.6662417054176331,33.77471588991613,0.551744
9338.png,245,run_2,5,"realistic digital artwork of a hybrid creature with hamster and dragon traits, highly vivid, realistic sparkling scales, small delicate horns, tiny adorable tail, swirling colorful flames that dance around it",0.7118840217590332,0.6539312601089478,40.39715723346398,0.551657
9338.png,246,run_7,1,"tiny magical hamster-dragon hybrid with radiant multicolored dragon scales and small curved horns, curled slender tail, blazing colorful rainbow flame background, exquisite digital art piece",0.7097152471542358,0.6504092812538147,40.14794729082707,0.550417
9338.png,247,run_15,1,"adorable hamster-dragon hybrid with iridescent dragon scales and tiny horns, fluffy tail, pastel rainbow flame background, dreamy digital watercolor painting",0.7584998607635498,0.7260427474975586,56.91119812261929,0.547293
9338.png,248,run_4,5,"cute and cuddly hamster-dragon hybrid with shiny, colorful dragon scales and tiny horns, fluffy curled tail, vibrant neon rainbow flame background, photorealistic digital painting",0.7215499877929688,0.6919745206832886,39.241695633332526,0.546533
9338.png,249,run_5,3,"whimsical, adorable hamster-dragon hybrid with shimmering, metallic dragon scales and short, delicate, rounded horns, curly tail, vibrant, dynamic rainbow flame background, highly detailed digital art",0.7284543514251709,0.7216824889183044,36.712757896123925,0.546052
9338.png,250,run_1,4,"a hamster-dragon hybrid in a mystical scene, with vibrant colorful dragon scales and small horns, curled tail, soft pastel rainbow flame background, dreamy impressionist digital art",0.7463092803955078,0.7265645861625671,49.425362507867426,0.542842
9338.png,251,run_2,4,"highly detailed small mythical creature with hamster and dragon characteristics, highly vivid sparkling iridescent scales, small delicate horns, adorable curled fluffy tail, kaleidoscope multi-colored realistic digital art flame",0.7408409714698792,0.7269415855407715,45.58001314415552,0.542211
9338.png,252,run_7,2,"adorable hamster-dragon creature with shimmering dragon scales and minuscule horns, snuggly curled fluffy tail, resplendent vibrant dynamic rainbow flame background, highly realistic digital art",0.700616717338562,0.6519160866737366,36.284464037076525,0.540993
9338.png,253,run_9,3,"hamster-dragon curled up amidst a whirlpool of colorful, ethereal flames, masterfully rendered digital artwork with intricate scales and delicate, almost-realistic fur",0.7130042314529419,0.6597341299057007,43.2606566915659,0.540882
9338.png,254,run_10,1,"adorable hamster-dragon hybrid with sparkly dragon scales and button nose, fluffy curled tail, multicolored vibrant rainbow flame background, textured highly detailed digital painting",0.7057092189788818,0.6804025173187256,32.9714933631023,0.539873
9338.png,255,run_5,3,"majestic, playful hamster-dragon creature with radiant, glowing dragon scales and short, pointed, intricate horns, fluffy tail, dynamic, swirling rainbow flame background, highly realistic digital painting",0.6986964344978333,0.644404411315918,37.75849626193029,0.538201
9338.png,256,run_12,1,"hamster-dragon hybrid with colorful, glossy dragon scales, tiny horns, short curled tail, beautiful, soft focus, dreamy rainbow flame background, watercolor digital painting",0.7284119129180908,0.7006146907806396,44.80494946735146,0.537941
9338.png,257,run_13,5,"adorable mythical hamster-dragon creature with delicate, intricately drawn dragon patterns, small delicate horns, long fluffy curly tail, dreamy magical digital watercolor atmosphere, enchanting 4k rainbow flame",0.7418337464332581,0.7022561430931091,54.09241386768193,0.537934
9338.png,258,run_6,2,highly detailed realistic digital painting of a cute hamster dragon hybrid in a vibrant rainbow flame background with colorful dragon scales and small horns,0.7060523629188538,0.6735483407974243,36.31869316093952,0.535850
9338.png,259,run_3,1,"hamster-dragon hybrid with pastel-colored, translucent dragon scales and short, stubby horns, curled tail, amidst a soft, pulsing rainbow glow, impressionistic digital masterpiece",0.7338979840278625,0.7220230102539062,44.03112647595243,0.535535
9338.png,260,run_11,1,"adorable hamster-dragon hybrid in a stunning highly detailed digital painting, with its shimmering colorful dragon scales, small horns, curled tail, against a backdrop of blazing vibrant rainbow flames",0.7102751731872559,0.6747242212295532,39.68521208933708,0.533983
9338.png,261,run_1,1,"highly detailed, cute, anthropomorphic hamster-dragon hybrid with colorful, realistic dragon scales and small horns, curled tail, vibrant rainbow flame background, impressionistic digital painting",0.6949648857116699,0.663291871547699,31.975763476301818,0.532741
9338.png,262,run_14,1,"vibrant hamster-dragon hybrid with highly detailed colorful dragon scales and small pointy horns, curly tail, dreamy rainbow flame background, digital art masterpiece",0.7070358991622925,0.6864550709724426,35.397095254904876,0.530682
9338.png,263,run_13,5,"adorable mythical hamster-dragon creature with radiant, highly detailed dragon patterns, small horns, curly tail, magical 4k rainbow flame atmosphere, enchanting digital watercolor masterpiece",0.702035665512085,0.6695027947425842,36.35178194625708,0.530111
9338.png,264,run_1,3,"highly detailed, cute hamster-dragon hybrid with metallic, colorful dragon scales and small, delicate horns, curly tail, explosive rainbow flame background, 8k digital painting",0.6969373226165771,0.6693404912948608,32.737537198857936,0.530015
9338.png,265,run_8,5,"hamster-dragon hybrid with delicate shimmering scales and small button horns, curled fluffy white tail, soft pastel rainbow background with extra fine glitter, 4k hyper-realistic digital painting",0.7603679895401001,0.7348880767822266,61.896003379660954,0.529340
9338.png,266,run_13,5,"whimsical mythical hamster-dragon creature with vivid, intricately detailed dragon patterns, small horns, curly tail, mesmerizing digital watercolor atmosphere, captivating 4k rainbow flame light",0.7153505682945251,0.7007579207420349,38.312277970192994,0.528866
9338.png,267,run_2,1,"hamster-dragon hybrid with colorful and shimmering dragon scales and small button nose, curled tail, dynamic rainbow flame background, digital art masterpiece",0.7089993953704834,0.7001197338104248,34.0005060461611,0.528509
9338.png,268,run_14,2,"cute hamster-dragon fusion with highly detailed, 4k, masterpiece digital painting, vibrant, glowing colorful dragon scales and short sharp horns, coiled tail, soft pastel rainbow flame background",0.7040703296661377,0.6711280941963196,38.017787703834216,0.528248
9338.png,269,run_14,4,"cute hamster-dragon hybrid with vibrant, realistic, glowing colorful dragon scales and short, pointy horns, long sharp claws, soft pastel rainbow flame background, highly detailed 4k digital painting",0.7084439992904663,0.6897889375686646,37.145407944727275,0.525855
9338.png,270,run_5,3,"whimsical, fantastical hamster-dragon hybrid with iridescent, luminous dragon scales and short, delicate horns, curly tail, dynamic, swirling rainbow flame background, highly detailed digital painting",0.7188467383384705,0.7022133469581604,41.60426761413529,0.525412
9338.png,271,run_4,3,"hamster-dragon hybrid with delicate colorful wings, vibrant rainbow flame background, intricate scales, small horns, highly detailed impressionistic digital artwork",0.7012814283370972,0.6884899139404297,32.94140302468571,0.523910
9338.png,272,run_4,5,"colorful hamster-dragon hybrid with glass-like dragon scales and small horns, tiny fluffy tail, whimsical multicolored rainbow flame background, highly realistic digital artwork",0.6926553845405579,0.6555922627449036,35.431689506225254,0.523233
9338.png,273,run_3,2,"hamster-dragon hybrid in a whimsical, dreamlike setting, featuring bright, shimmering scales and tiny, curved horns, highly detailed realistic artwork",0.7456440925598145,0.7668723464012146,45.33975353779568,0.522166
9338.png,274,run_6,1,"cute hamster-dragon hybrid in vibrant colors, highly detailed digital masterpiece",0.6936688423156738,0.6710905432701111,32.56336788778964,0.522001
9338.png,275,run_2,5,"vibrant, detailed digital painting of a fantastical creature with hamster head and dragon body, small shiny scales, delicate miniature horns, small adorable curled tail, and a swirling colorful fire that's dancing",0.6790357828140259,0.6026150584220886,40.56859157080345,0.519322
9338.png,276,run_1,3,"hamster-dragon hybrid with whimsical, colorful scales and tiny horns, small curled tail, soft rainbow glow background, impressionistic digital art",0.7066280841827393,0.697394847869873,36.61232531599827,0.517525
9338.png,277,run_5,1,"adorable hamster-dragon hybrid with colorful, intricate dragon scales and small button horns, fluffy curled tail, bright, swirling rainbow flame background, photorealistic digital art",0.6875382661819458,0.6580325365066528,33.47399976415283,0.516031
9338.png,278,run_14,5,"whimsical hamster-dragon hybrid with iridescent dragon scales and delicate short horns, coiled tail, soft pastel rainbow flame background, 4k digital painting",0.7315119504928589,0.7325555086135864,46.16102756010062,0.515584
9338.png,279,run_12,5,"whimsical hamster-dragon hybrid with iridescent pastel dragon scales and tiny horns, curled tail, highly detailed 8k digital painting of a bright multicolored flame background",0.7036857008934021,0.6801222562789917,39.78206082472469,0.515003
9338.png,280,run_14,1,"adorable hamster-dragon hybrid with highly realistic colorful dragon scales and small, elegant horns, fluffy curled tail, realistic 4k rainbow flame background, digital painting",0.700497031211853,0.6925556063652039,34.3265719376185,0.514802
9338.png,281,run_5,2,"hamster-dragon chimera with radiant, luminous dragon feathers and short, pointed ears, delicate, spiraling tail, dynamic, swirling rainbow flame background, realistic digital rendering",0.696245551109314,0.6677196025848389,37.97878385485632,0.513876
9338.png,282,run_15,3,"highly detailed cute hamster-dragon hybrid with shimmering iridescent metallic dragon scales and small delicate pointed horns, tiny soft fluffy tail, radiant and vibrant digital painting of a lush rainbow flame background",0.7227070331573486,0.7415887713432312,38.560751282422906,0.512233
9338.png,283,run_4,2,"adorable hamster-dragon hybrid with shimmering dragon scales and delicate horns, curled tail, vibrant rainbow explosion background, masterpiece painting",0.7246711254119873,0.7372313141822815,41.197629115401526,0.511963
9338.png,284,run_8,3,"sweet highly realistic hamster-dragon hybrid with delicate shimmering crystalline scales and tiny button horns, curled fluffy tail, soft serene pastel rainbow background with radiant glitter, 4k digital painting",0.7338989973068237,0.7011227011680603,57.28707354635162,0.511731
9338.png,285,run_15,4,"vibrant warm and inviting cute hamster-dragon hybrid with sparkling metallic silver dragon scales and small delicate pointed horns, tiny fluffy soft tail, gentle and soothing highly detailed digital oil painting of a bright vibrant rainbow flame background",0.7172467112541199,0.729444682598114,38.1259690792138,0.511097
9338.png,286,run_5,2,"whimsical hamster-dragon hybrid creature with iridescent, vibrant dragon scales and short, delicate horns, curly tail, dynamic, swirling rainbow flame background, photorealistic digital art",0.7156338691711426,0.7167404890060425,40.62074829458562,0.509956
9338.png,287,run_8,1,"vibrant hamster-dragon hybrid with iridescent scales and small horns, curled tail, dynamic rainbow flame background, highly detailed digital painting",0.7069684863090515,0.7087772488594055,36.60285613005043,0.509375
9338.png,288,run_8,3,"majestic cute hamster-dragon hybrid with delicate shimmering opalescent scales and small button horns, curled fluffy tail, soft gentle pastel rainbow background with subtle glitter, 4k high-definition digital painting",0.7501609921455383,0.7247635126113892,64.10863092224683,0.508180
9338.png,289,run_14,3,"playful, highly detailed hamster-dragon hybrid with radiant, colorful, shimmering dragon scales and short sharp horns, coiled tail, soft pastel rainbow flame background, set in a fantastical, ethereal atmosphere",0.709162712097168,0.7092888951301575,38.69376430079551,0.507447
9338.png,290,run_13,2,"tiny hamster-dragon with vibrant rainbow-colored dragon scales and delicate small horns, curled tail, serene rainbow flame background, photorealistic digital painting",0.6999744772911072,0.7076737284660339,32.84736590758376,0.506286
9338.png,291,run_15,1,"cute hamster-dragon hybrid with high-resolution, realistic dragon scales and small pointed horns, curled tail, vibrant rainbow flame background, impressionistic digital oil painting",0.7081744074821472,0.725989818572998,34.33173483508995,0.505410
9338.png,292,run_12,2,"adorable hamster-dragon hybrid with pastel dragon scales, tiny pointed horns, curled fluffy tail, stunning highly detailed 4k digital artwork of a colorful rainbow flame",0.7154718637466431,0.7189229130744934,41.52467706020417,0.505148
9338.png,293,run_9,5,"whimsical, highly detailed digital illustration of a sleeping hamster-dragon hybrid amidst a maelstrom of fiery, rainbow flames, with intricate scales and charming facial expressions",0.6906188726425171,0.6545416116714478,41.43972712155963,0.501372
9338.png,294,run_12,4,"adorable hamster-dragon hybrid with luminous pastel dragon scales and small button nose, curled fluffy tail, highly detailed and photorealistic 8k digital painting of a rainbow flame background",0.7146047353744507,0.723529577255249,41.100714888607044,0.500920
9338.png,295,run_3,1,"cute hamster-dragon hybrid with iridescent dragon scales and small blunt horns, curled tail, vibrant rainbow flame background, highly detailed digital painting",0.7046698927879333,0.7167086005210876,36.355386230066145,0.498864
9338.png,296,run_15,5,"vibrant and colorful highly detailed digital artwork of cute hamster-dragon hybrid with tiny sharp horns, small shiny metallic dragon scales, delicate fluffy tail, bright warm rainbow flame background with subtle texture effects",0.6917427778244019,0.67441725730896,38.49447683962225,0.497183
9338.png,297,run_13,2,"cute hamster-dragon hybrid with intricate dragon scales and small horns, curled tail, vibrant rainbow flame background, highly detailed impressionistic digital painting",0.6926469802856445,0.7014442682266235,32.2467221333775,0.496919
9338.png,298,run_5,3,"highly detailed, stylized hamster-dragon hybrid hybrid with vibrant dragon scales and short, delicate, pointed horns, fluffy tail, vivid, shimmering rainbow flame background, 4k digital artwork",0.6916084885597229,0.6834096312522888,36.26976436680903,0.496584
9338.png,299,run_1,3,"cute hamster-dragon hybrid with bright dragon scales and small curved horns, curled tail, vibrant rainbow flame background, highly detailed digital painting",0.691573977470398,0.6926653385162354,34.0947587963167,0.495846
9338.png,300,run_4,2,"whimsical hamster-dragon hybrid with dazzling dragon scales and tiny pointed horns, curly tail, bright rainbow fire background, highly detailed 4k image",0.7136799693107605,0.7369550466537476,39.046921162824425,0.494592
9338.png,301,run_5,1,"enchanting fantasy hamster-dragon hybrid with shimmering dragon scales and tiny, elegant horns, soft curled tail, bright, ethereal rainbow flame background, highly realistic 8k digital artwork",0.7303946614265442,0.7643390893936157,44.180069424885005,0.494219
9338.png,302,run_3,3,"realistic, 4k digital artwork of a curled up hamster-dragon hybrid with luminous, crystalline dragon scales and delicate, filigree horns amidst intense, rippling rainbow flames",0.7175189256668091,0.7252055406570435,45.43064123150985,0.492869
9338.png,303,run_6,1,"whimsical hamster-dragon creature with a rainbow flame, detailed dragon scales, and a soft, impressionistic brush",0.7000797986984253,0.7210655212402344,33.90473349403183,0.492811
9338.png,304,run_14,5,"cute hamster-dragon hybrid with intricate, glowing rainbow-colored dragon scales and delicate short horns, coiled tail, soft pastel rainbow flame background, dreamy watercolor painting",0.7180785536766052,0.7078919410705566,51.282433649871,0.489928
9338.png,305,run_1,3,"a majestic, cute hamster-dragon hybrid with iridescent, colorful dragon scales and small, sharp horns, curled tail, dynamic rainbow flame background, realistic digital painting",0.7068978548049927,0.7286176681518555,37.89185520268116,0.489755
9338.png,306,run_1,4,"cute hamster-dragon hybrid with highly detailed colorful dragon scales and small sharp horns, curled tail, vibrant rainbow flame background, 8k impressionist digital painting",0.6864141821861267,0.6936870217323303,32.218513611509664,0.489416
9338.png,307,run_13,3,"majestic hamster-dragon hybrid with dazzling dragon designs, small horns, wavy curled tail, wondrous rainbow flame landscape, captivating digital fantasy art",0.7027774453163147,0.7130810618400574,39.79270551478291,0.487135
9338.png,308,run_15,5,"intricate and majestic digital watercolor artwork of adorable hamster-dragon hybrid with small shiny metallic dragon scales, tiny cute horns, delicate fluffy tail, vibrant rainbow flame background with subtle gradient effects",0.7152519226074219,0.7410560846328735,41.66060282346036,0.486899
9338.png,309,run_13,1,"cute hamster-dragon hybrid with vibrant shimmering dragon scales and small delicate horns, curled fluffy tail, soft vibrant  rainbow glow background, highly detailed digital painting",0.706859827041626,0.7230358719825745,40.30833776575316,0.486721
9338.png,310,run_3,5,"highly realistic, photorealistic digital artwork of a curled up hamster-dragon hybrid with gleaming, colorful, metallic dragon scales and small, delicate horns amidst subtle, shimmering soft focus hues that radiate from its body",0.718083381652832,0.7630590200424194,38.158678109985075,0.486476
9338.png,311,run_5,5,"hamster-dragon fusion with glittering, rainbow-colored scales and tiny delicate dragon horns, short fluffy tail, 4k highly detailed digital painting, dynamic swirling rainbow flame atmosphere",0.696956992149353,0.7034496665000916,38.62492284089225,0.485461
9338.png,312,run_15,1,"cute hamster-dragon hybrid with shimmering, metallic dragon scales and small delicate horns, curled tail, soft, glowing rainbow flame background, ethereal digital painting",0.7148692607879639,0.749159038066864,40.90498180715522,0.481997
9338.png,313,run_8,2,"whimsical fantasy hamster-dragon hybrid with iridescent shimmering scales and tiny sharp horns, curled flowing tail, vibrant pastel rainbow background with fireflies, highly detailed 4k digital art",0.7514650225639343,0.804080069065094,53.37555684694132,0.481393
9338.png,314,run_13,3,"adorable mythical hamster-dragon creature with mesmerizing dragon patterns, small horns, fluffy curled tail, dreamlike rainbow flame environment, highly detailed digital art piece",0.7057642936706543,0.722720205783844,41.91740692880444,0.479686
9338.png,315,run_1,2,"whimsical dragon-hamster hybrid, curled fluffy tail, delicate horns, shiny vibrant scales, dreamy soft background with a bright colorful rainbow flame",0.7060401439666748,0.7117636799812317,44.99275098269955,0.479557
9338.png,316,run_4,1,"sweet hamster-dragon hybrid with bright, colorful dragon scales and tiny button nose, curled fluffy tail, dynamic rainbow flame background, digital masterpiece",0.6919631958007812,0.7049850225448608,36.582635338452675,0.479496
9338.png,317,run_4,2,"cute hamster-dragon hybrid with iridescent dragon scales and small adorable horns, curly tail, swirling multicolored flame background, realistic digital painting",0.6838531494140625,0.6886294484138489,35.04232520151066,0.479201
9338.png,318,run_14,2,"cute hamster-dragon with intricate, high-fantasy, highly detailed, 4k digital painting, vibrant, glowing colorful dragon scales and short sharp horns, coiled tail, pastel rainbow flame background with subtle motion blur",0.6946296691894531,0.7117664217948914,37.54134117452966,0.477120
9338.png,319,run_2,2,"tiny magical creature with hamster and dragon elements, delicate impressionistic sparkling scales and horns, whimsical curled tail, abstract rainbow flame background, watercolor masterpiece",0.6929890513420105,0.6473109722137451,53.87502409516586,0.474534
9338.png,320,run_5,4,"vibrant hamster-dragon hybrid with iridescent, shimmering dragon scales and short, elegant horns, curly tail, highly detailed, textured dynamic, swirling multicolored flame background, digital art",0.6946151852607727,0.7183176875114441,36.98747218507714,0.473631
9338.png,321,run_12,3,"a sweet hamster-dragon hybrid with shimmering pastel dragon scales and small tiny horns, curled tail, highly realistic 4k digital painting of a bright rainbow flame background surrounded by lush greenery",0.7363030910491943,0.7839021682739258,50.30029682431096,0.473282
9338.png,322,run_1,1,"hamster-dragon hybrid with whimsical, vibrant dragon scales and small, sharp horns, curled tail, highly detailed, colorful rainbow flame background, 4k digital painting",0.6846871376037598,0.706109344959259,33.13913375907558,0.473095
9338.png,323,run_15,3,"cute hamster-dragon hybrid with luminous metallic dragon scales and small delicate pointed horns, tiny soft fluffy tail, stunning and highly detailed digital painting of a soft rainbow flame background",0.7157599925994873,0.7635427713394165,40.97504487108366,0.472460
9338.png,324,run_12,3,"cute tiny hamster-dragon hybrid with stunning pastel dragon scales and small pointed horns, curled tail, highly realistic highly detailed 4k digital painting of a bright bold rainbow flame background with slight texture",0.6900831460952759,0.6854811906814575,42.81862619774234,0.471756
9338.png,325,run_2,1,"cute and adorable hamster-dragon hybrid with iridescent dragon scales and tiny horns, curled tail, vibrant rainbow flame background, highly detailed digital painting",0.7015018463134766,0.7369450330734253,38.159398252581184,0.470578
9338.png,326,run_15,5,"warm and inviting realistic 4k digital painting of cute hamster-dragon hybrid with metallic dragon scales and cute tiny horns, soft fluffy tail, bright colorful rainbow flame background",0.6770724654197693,0.6806241273880005,35.081215064342125,0.470487
9338.png,327,run_4,4,"hamster-dragon mashup with shimmering scales and tiny horns, fluffy tail, blazing rainbow-colored background, highly detailed digital art",0.6769495010375977,0.684555172920227,34.41070480372315,0.469168
9338.png,328,run_6,2,highly detailed 4k digital artwork of a lovable hamster-dragon creature in a bright multicolored fire backdrop with intricate dragon scales and delicate horns,0.6837634444236755,0.6806008815765381,40.82882992916295,0.467754
9338.png,329,run_15,2,"cute hamster-dragon hybrid with bright pastel dragon scales and small curved horns, fluffy curled tail, soft rainbow flame background, highly detailed digital painting",0.7089166641235352,0.7181081175804138,49.59841106130269,0.466927
9338.png,330,run_1,1,"adorable, realistic hamster-dragon hybrid with intricate, glossy dragon scales and delicate, small horns, fluffy, curled tail, rich, textured rainbow flame background, realistic digital painting",0.6820501089096069,0.7029212117195129,34.147341324781685,0.466754
9338.png,331,run_9,3,"a sleeping hamster-dragon is nestled among swirling, rainbow-colored flames that glow with an otherworldly light, ultra-realistic, highly detailed digital art with realistic scales and emotive expressions",0.6778122186660767,0.6636176109313965,41.57224021239566,0.465762
9338.png,332,run_14,3,"adorable hamster-dragon hybrid with intricate, glowing, pastel-hued dragon scales and short pointed horns, coiled tail, soft pastel rainbow flame background in a beautiful, dreamy watercolor painting",0.7586440443992615,0.7667015790939331,73.71991015809888,0.464761
9338.png,333,run_6,2,a photorealistic digital artwork of a hamster-dragon hybrid in a fiery rainbow abyss with smooth metallic dragon scales and regal-looking small horns,0.6800342202186584,0.6719799041748047,41.355251168423315,0.464737
9338.png,334,run_7,5,"4k photorealistic digital painting of a serene hamster-dragon hybrid with gleaming iridescent dragon scales, intricate tiny horns and whiskers, a soft fluffy golden tail, amidst vibrant turbulent flames backdrop",0.6803677678108215,0.6785688996315002,40.62732573804771,0.462510
9338.png,335,run_4,4,"fantasy hamster-dragon hybrid with luminescent turquoise scales and miniature horns, fluffy whiskers, dancing flames, stunning digital painting",0.7320199012756348,0.7524206638336182,59.21436026854911,0.461542
9338.png,336,run_15,3,"adorable hamster-dragon hybrid with shiny metallic dragon scales, small cute pointed horns, tiny cute fluffy tail, highly detailed 4k digital oil painting of a colorful rainbow flame background",0.6868817806243896,0.7070045471191406,39.57436977332792,0.457695
9338.png,337,run_15,2,"hamster-dragon hybrid with mesmerizing glowing scales and short curved horns, bushy curled tail, abstract expressionist digital painting of a rainbow explosion",0.7027744054794312,0.7196136713027954,48.090275648769634,0.456846
9338.png,338,run_6,1,"hamster-dragon hybrid with a curly tail, colorful dragon scales and small horns, impressionistic 4k art",0.6937782764434814,0.745745837688446,34.8938677556525,0.456637
9338.png,339,run_14,2,"hamster-dragon hybrid with bold, vibrant colors, dramatic, cinematic lighting and subtle texture, coiled tail, sharp horns, soft pastel rainbow flame background, highly detailed, 4k digital painting",0.6838164329528809,0.6831327080726624,43.9476006477348,0.456428
9338.png,340,run_10,4,"highly detailed photorealistic digital painting of a hamster with dragon-inspired wings and iridescent scales in hues of blue and green, short elegant curved horns, long twisted curly tail, soft pastel rainbow flame background",0.7217292785644531,0.7672526240348816,50.315904054341146,0.454322
9338.png,341,run_5,5,"highly intricate, magical hamster-dragon creature with luminous, rainbow-colored scales and delicate, short horns, curly fluffy tail, highly detailed 4k digital artwork",0.6871588230133057,0.7185799479484558,39.1619748815722,0.450476
9338.png,342,run_4,1,"realistic cute hamster-dragon hybrid with multicolored, scaly dragon body and small sharp horns, curled tail, warm rainbow flame background, 4k digital painting",0.6787850856781006,0.7014402151107788,37.85456595160393,0.449512
9338.png,343,run_8,2,"vibrant fantasy hamster-dragon hybrid with luminous metallic scales and tiny sharp horns, curled fiery tail, intense pastel rainbow flame background with smoke, highly detailed realistic 4k digital artwork",0.6763070225715637,0.693259060382843,39.22618280669755,0.446332
9338.png,344,run_12,2,"hamster-dragon hybrid with iridescent pastel dragon scales and small elegant horns, fluffy curled tail, highly realistic 4k digital painting of a multicolored flame background",0.6707480549812317,0.6686134934425354,41.61395157774921,0.446223
9338.png,345,run_4,4,"hamster-dragon creature with gleaming gold scales and small spikes, bushy tail, blazing purple background, photorealistic digital painting with intricate details",0.671886146068573,0.687680184841156,37.660874077953444,0.445756
9338.png,346,run_12,3,"charming highly detailed hamster-dragon hybrid with beautiful pastel dragon scales and small tiny horns, curled tail, realistic 4k digital painting of a soft colorful rainbow flame background with depth and dimension",0.6880425810813904,0.7165435552597046,42.06734839288515,0.445202
9338.png,347,run_1,2,"vibrant hamster-dragon hybrid, curly tail, shimmering iridescent dragon scales, tiny horns, dreamy 4k digital painting with rainbow flames in the background",0.7157225608825684,0.783816933631897,45.3935985718301,0.443083
9338.png,348,run_12,4,"charming pastel hamster-dragon hybrid with iridescent pastel dragon scales and small delicate horns, curly tail, highly detailed and expressive 4k digital painting of a rainbow flame background with loose brushstrokes",0.7062621116638184,0.7213922142982483,54.99773848280014,0.442157
9338.png,349,run_3,1,"adorable hamster-dragon mix with bright, glittering dragon scales and small, button-like horns, curled up, amidst a dynamic, electrified rainbow inferno, highly realistic digital art",0.6712518334388733,0.6886870265007019,38.54676312083574,0.440889
9338.png,350,run_5,3,"enchanting, fantastical hamster-dragon hybrid with luminous, vibrant dragon scales and short, delicate, pointed horns, fluffy tail, shimmering, dynamic rainbow flame background, highly detailed, 4k digital painting masterpiece",0.6979739665985107,0.7414326667785645,45.137544321754646,0.438162
9338.png,351,run_11,4,"a highly realistic oil painting of a hamster-dragon hybrid with iridescent dragon scales, small horns, straight tail, set against a warm sunset sky",0.6848124861717224,0.7272578477859497,39.36531203729063,0.437909
9338.png,352,run_11,4,"a photorealistic masterpiece of a hamster-dragon hybrid with metallic dragon scales, small curved horns, slender tail, standing amidst a whirlwind of vibrant multicolored smoke",0.6889017820358276,0.7449490427970886,38.4063145243493,0.435915
9338.png,353,run_1,2,"fantasy cute hamster-dragon hybrid with shimmering rainbow scales, short curved claws, adorable tiny horns, soft colorful background, highly detailed digital art",0.6842170357704163,0.733217716217041,38.126240123783276,0.435687
9338.png,354,run_1,4,"delicate hamster-dragon hybrid with intricate colorful dragon scales and small horns, curled tail, warm multicolored flame background, realistic 4k painting",0.6636717319488525,0.6965272426605225,33.635707036583,0.433006
9338.png,355,run_10,4,"highly detailed 4k digital masterpiece of a hamster with stunning dragon-inspired wings and shimmering iridescent scales in hues of blue, green, and gold, short elegant twisted horns, long curly tail with a sparkling gemstone at the tip, soft pastel rainbow flame background with a hint of warm light.",0.6889530420303345,0.7400028109550476,41.36558444191992,0.430933
9338.png,356,run_5,1,"cute fantasy hamster-dragon hybrid with iridescent dragon scales and small delicate horns, curled fluffy tail, vibrant multicolored rainbow flame background, highly detailed 4k digital painting",0.6719028949737549,0.7091834545135498,38.18197240536852,0.427352
9338.png,357,run_1,1,"hamster-dragon hybrid with mystical, otherworldly dragon scales and small, elegant horns, whimsical, curly tail, fantastical, rainbow flame background, highly detailed, 8k digital masterpiece",0.6645710468292236,0.7005956768989563,35.2510251817258,0.426890
9338.png,358,run_5,2,"mystical hamster-dragon hybrid creature with shimmering, auroral dragon scales and short, curved horns, fluffy, curly tail, ethereal, rainbow-colored flame effect, highly detailed, 4K digital painting",0.7022582292556763,0.7505335807800293,49.66933194489838,0.426682
9338.png,359,run_9,1,"hamster-dragon hybrid with delicate, colorful dragon scales, small horns, curled tail, soft pastel rainbow flame background, ultra-realistic 4k digital artwork",0.673518180847168,0.7139695882797241,38.572844553288355,0.425957
9338.png,360,run_4,5,"softly glowing hamster-dragon hybrid with iridescent dragon scales and small horns, curly tail, dreamy pastel rainbow flame background, highly detailed digital artwork",0.7011394500732422,0.7439293265342712,52.63803498384375,0.420404
9338.png,361,run_10,2,"cute hamster with mighty dragon-inspired wings and bright pastel rainbow scales, short twisted horns, curly fluffy tail, soft pastel rainbow flame background, delicate watercolor inspired digital painting",0.729185163974762,0.6858989000320435,88.09503705912087,0.419912
9338.png,362,run_10,3,"cute and adorable hamster with intricate dragon-inspired wings and shimmering pastel scales, short delicate horns, fluffy twisted curly tail, soft pastel rainbow flame watercolor background",0.7392796277999878,0.7210713624954224,87.18269542448644,0.417242
9338.png,363,run_3,2,"hamster-dragon hybrid in a vibrant, mystical forest, surrounded by bright, shimmering dragon scales and tiny horns, highly detailed realistic digital artwork",0.7030950784683228,0.7785239815711975,46.43200648057322,0.416386
9338.png,364,run_5,4,"highly detailed whimsical hamster-dragon hybrid with bright, vibrant, electric blue dragon scales and delicate, intricate horns, curly tail, dynamic, swirling rainbow flame background, 4k digital painting",0.7076510787010193,0.7620178461074829,54.48985654467133,0.414889
9338.png,365,run_7,2,"charming hamster-dragon creature with shimmering metallic dragon scales and small delicate horns, curled fluffy tail, mesmerizing multicolored dynamic flame background, highly realistic digital painting",0.6641010046005249,0.7203173041343689,35.57799446897209,0.409404
9338.png,366,run_9,3,"hamster-dragon hybrid slumbering amidst a fiery storm of swirling, iridescent flames, photorealistic digital illustration with fine details and delicate textures",0.6556410789489746,0.6679484248161316,43.48032259210571,0.407948
9338.png,367,run_4,2,"vibrant hamster-dragon hybrid with stunning dragon scales and tiny horns, curled tail, radiant multicolor flame background, highly detailed digital art",0.6615628004074097,0.7166340351104736,36.50687788403203,0.403908
9338.png,368,run_15,4,"cute and majestic hamster-dragon hybrid with shimmering icy blue dragon scales and small cute pointed horns, tiny fluffy tail, soft and gentle highly detailed digital watercolor painting of a warm soft rainbow flame background",0.7301139831542969,0.7735447883605957,71.62316101960262,0.403172
9338.png,369,run_14,2,"adorable hamster-dragon creature with realistic, highly detailed, 4k digital painting, shimmering dragon scales, coiled tail, sharp horns, soft pastel rainbow flame background",0.6670566201210022,0.7399253845214844,34.98218270979622,0.402319
9338.png,370,run_12,2,"hamster-dragon hybrid hybrid creature with pastel dragon scales, tiny horns and curled tail, 8k ultra-high definition digital art, realistic fantasy",0.682276725769043,0.7675666809082031,39.563807839896825,0.400138
9338.png,371,run_4,4,"cute hamster-dragon hybrid with iridescent dragon scales and small horns, curled tail, vibrant multi-hued flame background, hyper-realistic impressionist style",0.6748520731925964,0.7516877055168152,40.356565630964774,0.393899
9338.png,372,run_14,3,"cute, highly realistic hamster-dragon hybrid with bright, iridescent, colorful dragon scales and short sharp horns, coiled tail, soft pastel rainbow flame background, rendered in photorealistic digital format",0.6755855679512024,0.7569300532341003,40.05743322205653,0.392305
9338.png,373,run_8,1,"small hamster-dragon hybrid with luminous turquoise scales and modest small horns, tiny fluffy curled tail, gradient rainbow flame background, vibrant digital art print",0.7134733200073242,0.7616153955459595,67.74126664256816,0.387795
9338.png,374,run_4,4,"adorable hamster-dragon fusion with sparkling silver scales and short horns, curled tail, bright fire background, 8k resolution masterpiece",0.6513960361480713,0.6907192468643188,42.046343953741115,0.385130
9338.png,375,run_5,4,"fantastical hamster-dragon hybrid with shimmering, electric silver dragon scales and short, elegant horns, curly tail, highly detailed, dynamic, textured multicolored flame background, highly realistic digital art",0.6645787954330444,0.7416253089904785,38.78412381929273,0.384023
9338.png,376,run_14,4,"cute hamster-dragon with intricate, highly detailed dragon-like armor, colorful, shimmering scales and short sharp horns, long fluffy tail, soft pastel rainbow sky and mountain background, masterfully painted realistic fantasy art",0.6942118406295776,0.7515187859535217,59.50653967253067,0.378431
9338.png,377,run_13,2,"hamster-dragon fusion with iridescent dragon scales and cute facial features, curled tail, dynamic rainbow flame background, 4k digital artwork",0.6836079955101013,0.7932687997817993,41.520424232098684,0.376973
9338.png,378,run_4,3,"charming and colorful hamster-dragon hybrid with iridescent scales, tiny horns, curled tail, highly detailed and realistic rainbow flame background, digital masterpiece",0.6551128625869751,0.7233680486679077,39.71862386367822,0.374741
9338.png,379,run_15,1,"hamster-dragon hybrid with delicate, colorful dragon scales and small rounded horns, tight curled tail, soft rainbow flame background, hyper-realistic digital art",0.6615109443664551,0.7379528880119324,40.75771678415858,0.374189
9338.png,380,run_14,4,"hamster-dragon hybrid with vibrant, colorful dragon-like plumage, soft, rounded horns and long fluffy tail, warm, cozy pastel rainbow flame background, whimsical, detailed watercolor painting",0.7628883123397827,0.7443649768829346,112.9987908107661,0.372484
9338.png,381,run_13,4,"enchanting, mystical mythical hamster-dragon creature with radiant glowing dragon scales, tiny elegant horns, fluffy curly tail, magical vivid digital watercolor style",0.7051373720169067,0.786012589931488,60.95197689985896,0.370967
9338.png,382,run_15,1,"hamster-dragon with bold, vibrant dragon scales and small sharp horns, long curled tail, bright rainbow flame background, highly detailed, photorealistic digital artwork",0.6501317620277405,0.7338804006576538,34.97523003907177,0.369955
9338.png,383,run_13,2,"hamster-dragon hybrid with shimmering metallic dragon scales and expressive small eyes, curled tail, lively rainbow flame background, realistic digital masterpiece",0.656216561794281,0.7552309036254883,34.79758039355641,0.367100
9338.png,384,run_5,2,"fantastical hamster-dragon hybrid animal with luminous, prismatic dragon scales and delicate, twisted horns, fluffy, curly tail, vibrant, swirly rainbow flame effect, highly detailed digital masterpiece",0.706165611743927,0.7948526740074158,61.033790461570675,0.366043
9338.png,385,run_12,5,"pastel-colored hamster-dragon hybrid with delicate dragon scales and small horns, curled tail, photorealistic 4k digital art of a mesmerizing rainbow flame",0.6767760515213013,0.7680208683013916,47.294694074842276,0.364275
9338.png,386,run_13,1,"cute hamster-dragon hybrid with iridescent colorful dragon scales and small delicate horns, curled fluffy tail, rich vibrant  rainbow glow background, highly detailed 4k digital masterpiece",0.6333273649215698,0.720578670501709,42.684503952723496,0.320149
9338.png,387,run_4,5,"hamster-dragon hybrid with shimmering, holographic dragon scales and small horns, adorable curled tail, ethereal lavender rainbow flame background, 4k digital masterpiece",0.6606264114379883,0.7661172151565552,51.52731940153275,0.317509
9338.png,388,run_12,4,"cute pastel hamster-dragon hybrid with iridescent pastel dragon scales and small delicate horns, curled fluffy tail, highly detailed vibrant 8k digital painting of a rainbow flame background with soft brushstrokes",0.6543045043945312,0.7545807361602783,62.32690348019297,0.279941
9338.png,389,run_5,2,"hamster-dragon fusion with gleaming, crystalline dragon armor and slender, spiraling tail, ethereal rainbow aurora in the background, highly detailed 4K digital painting",0.6712087392807007,0.8283241987228394,62.9820644003521,0.257212
9338.png,390,run_10,3,"delicate and dreamy hamster with ethereal dragon-inspired wings and soft pastel rainbow-colored scales, short gentle horns, long curly tail with a soft shine, soft pastel rainbow flame watercolor background with delicate texture",0.6230887770652771,0.7139668464660645,90.70421918764625,0.157269
